ISO-10303-21;
HEADER;
FILE_DESCRIPTION(('KiCad electronic assembly'),'2;1');
FILE_NAME('splitkbd.step','2026-03-15T16:21:25',('Pcbnew'),('Kicad'),
  'Open CASCADE STEP processor 7.8','KiCad to STEP converter','Unknown'
  );
FILE_SCHEMA(('AUTOMOTIVE_DESIGN { 1 0 10303 214 1 1 1 1 }'));
ENDSEC;
DATA;
#1 = APPLICATION_PROTOCOL_DEFINITION('international standard',
  'automotive_design',2000,#2);
#2 = APPLICATION_CONTEXT(
  'core data for automotive mechanical design processes');
#3 = SHAPE_DEFINITION_REPRESENTATION(#4,#10);
#4 = PRODUCT_DEFINITION_SHAPE('','',#5);
#5 = PRODUCT_DEFINITION('design','',#6,#9);
#6 = PRODUCT_DEFINITION_FORMATION('','',#7);
#7 = PRODUCT('splitkbd 1','splitkbd 1','',(#8));
#8 = PRODUCT_CONTEXT('',#2,'mechanical');
#9 = PRODUCT_DEFINITION_CONTEXT('part definition',#2,'design');
#10 = SHAPE_REPRESENTATION('',(#11,#15),#19);
#11 = AXIS2_PLACEMENT_3D('',#12,#13,#14);
#12 = CARTESIAN_POINT('',(0.,0.,0.));
#13 = DIRECTION('',(0.,0.,1.));
#14 = DIRECTION('',(1.,0.,-0.));
#15 = AXIS2_PLACEMENT_3D('',#16,#17,#18);
#16 = CARTESIAN_POINT('',(0.,0.,0.));
#17 = DIRECTION('',(0.,0.,1.));
#18 = DIRECTION('',(1.,0.,-0.));
#19 = ( GEOMETRIC_REPRESENTATION_CONTEXT(3) 
GLOBAL_UNCERTAINTY_ASSIGNED_CONTEXT((#23)) GLOBAL_UNIT_ASSIGNED_CONTEXT(
(#20,#21,#22)) REPRESENTATION_CONTEXT('Context #1',
  '3D Context with UNIT and UNCERTAINTY') );
#20 = ( LENGTH_UNIT() NAMED_UNIT(*) SI_UNIT(.MILLI.,.METRE.) );
#21 = ( NAMED_UNIT(*) PLANE_ANGLE_UNIT() SI_UNIT($,.RADIAN.) );
#22 = ( NAMED_UNIT(*) SI_UNIT($,.STERADIAN.) SOLID_ANGLE_UNIT() );
#23 = UNCERTAINTY_MEASURE_WITH_UNIT(LENGTH_MEASURE(1.E-07),#20,
  'distance_accuracy_value','confusion accuracy');
#24 = PRODUCT_RELATED_PRODUCT_CATEGORY('part',$,(#7));
#25 = SHAPE_DEFINITION_REPRESENTATION(#26,#32);
#26 = PRODUCT_DEFINITION_SHAPE('','',#27);
#27 = PRODUCT_DEFINITION('design','',#28,#31);
#28 = PRODUCT_DEFINITION_FORMATION('','',#29);
#29 = PRODUCT('splitkbd_PCB','splitkbd_PCB','',(#30));
#30 = PRODUCT_CONTEXT('',#2,'mechanical');
#31 = PRODUCT_DEFINITION_CONTEXT('part definition',#2,'design');
#32 = ADVANCED_BREP_SHAPE_REPRESENTATION('',(#11,#33),#13180);
#33 = MANIFOLD_SOLID_BREP('',#34);
#34 = CLOSED_SHELL('',(#35,#75,#106,#137,#3754,#7371,#7388,#7405,#7422,
    #7439,#7456,#7473,#7490,#7507,#7524,#7541,#7558,#7575,#7592,#7609,
    #7626,#7643,#7660,#7677,#7694,#7711,#7728,#7745,#7762,#7779,#7796,
    #7813,#7830,#7847,#7864,#7881,#7898,#7915,#7932,#7949,#7966,#7983,
    #8000,#8017,#8034,#8051,#8068,#8085,#8102,#8119,#8136,#8148,#8165,
    #8182,#8199,#8216,#8233,#8250,#8267,#8284,#8301,#8318,#8335,#8352,
    #8369,#8386,#8403,#8420,#8437,#8454,#8471,#8488,#8505,#8522,#8539,
    #8556,#8573,#8590,#8607,#8624,#8641,#8658,#8675,#8692,#8709,#8726,
    #8743,#8760,#8777,#8794,#8811,#8828,#8845,#8862,#8879,#8896,#8913,
    #8930,#8947,#8964,#8981,#8998,#9015,#9032,#9049,#9066,#9083,#9100,
    #9117,#9134,#9151,#9168,#9185,#9202,#9219,#9236,#9253,#9270,#9287,
    #9304,#9321,#9338,#9355,#9372,#9389,#9406,#9423,#9440,#9457,#9474,
    #9491,#9508,#9525,#9542,#9559,#9576,#9593,#9610,#9632,#9649,#9666,
    #9683,#9700,#9717,#9734,#9751,#9768,#9780,#9797,#9814,#9831,#9848,
    #9865,#9882,#9899,#9916,#9933,#9950,#9967,#9984,#10001,#10018,#10035
    ,#10052,#10069,#10086,#10103,#10120,#10137,#10154,#10171,#10188,
    #10205,#10222,#10239,#10256,#10273,#10290,#10307,#10324,#10341,
    #10358,#10375,#10392,#10409,#10426,#10443,#10460,#10477,#10494,
    #10511,#10528,#10545,#10562,#10579,#10596,#10613,#10630,#10647,
    #10664,#10681,#10698,#10715,#10732,#10749,#10766,#10783,#10800,
    #10817,#10834,#10851,#10868,#10885,#10902,#10919,#10936,#10953,
    #10970,#10987,#11004,#11021,#11038,#11055,#11072,#11089,#11106,
    #11123,#11140,#11157,#11174,#11191,#11208,#11225,#11242,#11259,
    #11276,#11293,#11310,#11327,#11344,#11361,#11378,#11395,#11412,
    #11429,#11446,#11463,#11480,#11497,#11514,#11531,#11548,#11565,
    #11582,#11599,#11616,#11633,#11650,#11667,#11684,#11701,#11718,
    #11735,#11752,#11769,#11786,#11803,#11820,#11837,#11854,#11871,
    #11888,#11905,#11922,#11939,#11956,#11973,#11995,#12012,#12029,
    #12041,#12058,#12075,#12092,#12109,#12126,#12143,#12160,#12177,
    #12194,#12211,#12228,#12245,#12262,#12279,#12296,#12313,#12330,
    #12347,#12364,#12381,#12398,#12415,#12432,#12449,#12466,#12483,
    #12500,#12517,#12534,#12551,#12568,#12585,#12602,#12619,#12636,
    #12653,#12670,#12687,#12704,#12721,#12738,#12755,#12772,#12789,
    #12806,#12823,#12840,#12857,#12874,#12891,#12908,#12925,#12942,
    #12959,#12976,#12993,#13010,#13027,#13044,#13061,#13078,#13095,
    #13112,#13129,#13146,#13163));
#35 = ADVANCED_FACE('',(#36),#70,.T.);
#36 = FACE_BOUND('',#37,.T.);
#37 = EDGE_LOOP('',(#38,#48,#56,#64));
#38 = ORIENTED_EDGE('',*,*,#39,.T.);
#39 = EDGE_CURVE('',#40,#42,#44,.T.);
#40 = VERTEX_POINT('',#41);
#41 = CARTESIAN_POINT('',(327.96,-51.25,0.));
#42 = VERTEX_POINT('',#43);
#43 = CARTESIAN_POINT('',(327.96,-51.25,1.51));
#44 = LINE('',#45,#46);
#45 = CARTESIAN_POINT('',(327.96,-51.25,0.));
#46 = VECTOR('',#47,1.);
#47 = DIRECTION('',(0.,0.,1.));
#48 = ORIENTED_EDGE('',*,*,#49,.T.);
#49 = EDGE_CURVE('',#42,#50,#52,.T.);
#50 = VERTEX_POINT('',#51);
#51 = CARTESIAN_POINT('',(356.06,-51.25,1.51));
#52 = LINE('',#53,#54);
#53 = CARTESIAN_POINT('',(327.96,-51.25,1.51));
#54 = VECTOR('',#55,1.);
#55 = DIRECTION('',(1.,0.,0.));
#56 = ORIENTED_EDGE('',*,*,#57,.F.);
#57 = EDGE_CURVE('',#58,#50,#60,.T.);
#58 = VERTEX_POINT('',#59);
#59 = CARTESIAN_POINT('',(356.06,-51.25,0.));
#60 = LINE('',#61,#62);
#61 = CARTESIAN_POINT('',(356.06,-51.25,0.));
#62 = VECTOR('',#63,1.);
#63 = DIRECTION('',(0.,0.,1.));
#64 = ORIENTED_EDGE('',*,*,#65,.F.);
#65 = EDGE_CURVE('',#40,#58,#66,.T.);
#66 = LINE('',#67,#68);
#67 = CARTESIAN_POINT('',(327.96,-51.25,0.));
#68 = VECTOR('',#69,1.);
#69 = DIRECTION('',(1.,0.,0.));
#70 = PLANE('',#71);
#71 = AXIS2_PLACEMENT_3D('',#72,#73,#74);
#72 = CARTESIAN_POINT('',(327.96,-51.25,0.));
#73 = DIRECTION('',(0.,1.,0.));
#74 = DIRECTION('',(1.,0.,0.));
#75 = ADVANCED_FACE('',(#76),#101,.T.);
#76 = FACE_BOUND('',#77,.T.);
#77 = EDGE_LOOP('',(#78,#88,#94,#95));
#78 = ORIENTED_EDGE('',*,*,#79,.T.);
#79 = EDGE_CURVE('',#80,#82,#84,.T.);
#80 = VERTEX_POINT('',#81);
#81 = CARTESIAN_POINT('',(327.96,-42.26,0.));
#82 = VERTEX_POINT('',#83);
#83 = CARTESIAN_POINT('',(327.96,-42.26,1.51));
#84 = LINE('',#85,#86);
#85 = CARTESIAN_POINT('',(327.96,-42.26,0.));
#86 = VECTOR('',#87,1.);
#87 = DIRECTION('',(0.,0.,1.));
#88 = ORIENTED_EDGE('',*,*,#89,.T.);
#89 = EDGE_CURVE('',#82,#42,#90,.T.);
#90 = LINE('',#91,#92);
#91 = CARTESIAN_POINT('',(327.96,-42.26,1.51));
#92 = VECTOR('',#93,1.);
#93 = DIRECTION('',(0.,-1.,0.));
#94 = ORIENTED_EDGE('',*,*,#39,.F.);
#95 = ORIENTED_EDGE('',*,*,#96,.F.);
#96 = EDGE_CURVE('',#80,#40,#97,.T.);
#97 = LINE('',#98,#99);
#98 = CARTESIAN_POINT('',(327.96,-42.26,0.));
#99 = VECTOR('',#100,1.);
#100 = DIRECTION('',(0.,-1.,0.));
#101 = PLANE('',#102);
#102 = AXIS2_PLACEMENT_3D('',#103,#104,#105);
#103 = CARTESIAN_POINT('',(327.96,-42.26,0.));
#104 = DIRECTION('',(1.,0.,-0.));
#105 = DIRECTION('',(0.,-1.,0.));
#106 = ADVANCED_FACE('',(#107),#132,.T.);
#107 = FACE_BOUND('',#108,.T.);
#108 = EDGE_LOOP('',(#109,#110,#118,#126));
#109 = ORIENTED_EDGE('',*,*,#57,.T.);
#110 = ORIENTED_EDGE('',*,*,#111,.T.);
#111 = EDGE_CURVE('',#50,#112,#114,.T.);
#112 = VERTEX_POINT('',#113);
#113 = CARTESIAN_POINT('',(356.06,-61.37,1.51));
#114 = LINE('',#115,#116);
#115 = CARTESIAN_POINT('',(356.06,-51.25,1.51));
#116 = VECTOR('',#117,1.);
#117 = DIRECTION('',(0.,-1.,0.));
#118 = ORIENTED_EDGE('',*,*,#119,.F.);
#119 = EDGE_CURVE('',#120,#112,#122,.T.);
#120 = VERTEX_POINT('',#121);
#121 = CARTESIAN_POINT('',(356.06,-61.37,0.));
#122 = LINE('',#123,#124);
#123 = CARTESIAN_POINT('',(356.06,-61.37,0.));
#124 = VECTOR('',#125,1.);
#125 = DIRECTION('',(0.,0.,1.));
#126 = ORIENTED_EDGE('',*,*,#127,.F.);
#127 = EDGE_CURVE('',#58,#120,#128,.T.);
#128 = LINE('',#129,#130);
#129 = CARTESIAN_POINT('',(356.06,-51.25,0.));
#130 = VECTOR('',#131,1.);
#131 = DIRECTION('',(0.,-1.,0.));
#132 = PLANE('',#133);
#133 = AXIS2_PLACEMENT_3D('',#134,#135,#136);
#134 = CARTESIAN_POINT('',(356.06,-51.25,0.));
#135 = DIRECTION('',(1.,0.,-0.));
#136 = DIRECTION('',(0.,-1.,0.));
#137 = ADVANCED_FACE('',(#138,#521,#532,#543,#554,#565,#576,#587,#598,
    #609,#620,#631,#642,#653,#664,#675,#686,#697,#708,#719,#730,#741,
    #752,#763,#774,#785,#796,#807,#818,#829,#840,#851,#862,#873,#884,
    #895,#906,#917,#928,#939,#950,#961,#972,#983,#994,#1005,#1016,#1027,
    #1038,#1049,#1060,#1071,#1082,#1093,#1104,#1115,#1126,#1137,#1148,
    #1159,#1170,#1181,#1192,#1203,#1214,#1225,#1236,#1247,#1258,#1269,
    #1280,#1291,#1302,#1313,#1324,#1335,#1346,#1357,#1368,#1379,#1390,
    #1401,#1412,#1423,#1434,#1445,#1456,#1467,#1557,#1568,#1579,#1590,
    #1601,#1612,#1623,#1634,#1645,#1656,#1667,#1678,#1689,#1700,#1711,
    #1722,#1733,#1744,#1755,#1766,#1777,#1788,#1799,#1810,#1821,#1832,
    #1843,#1854,#1865,#1876,#1887,#1898,#1909,#1920,#1931,#1942,#1953,
    #1964,#1975,#1986,#1997,#2008,#2019,#2030,#2041,#2052,#2063,#2074,
    #2085,#2096,#2107,#2118,#2129,#2140,#2151,#2162,#2173,#2184,#2195,
    #2206,#2217,#2228,#2239,#2250,#2261,#2272,#2283,#2294,#2305,#2316,
    #2327,#2338,#2349,#2360,#2371,#2382,#2393,#2404,#2415,#2426,#2437,
    #2448,#2459,#2470,#2481,#2492,#2503,#2514,#2525,#2536,#2547,#2558,
    #2569,#2580,#2591,#2602,#2613,#2624,#2635,#2646,#2657,#2668,#2679,
    #2690,#2701,#2712,#2723,#2734,#2745,#2756,#2767,#2778,#2789,#2800,
    #2811,#2822,#2833,#2844,#2855,#2866,#2877,#2888,#2899,#2910,#2921,
    #2932,#2943,#2954,#2965,#2976,#3012,#3023,#3034,#3045,#3056,#3067,
    #3078,#3089,#3100,#3111,#3122,#3133,#3144,#3155,#3166,#3177,#3188,
    #3199,#3210,#3221,#3232,#3243,#3254,#3265,#3276,#3287,#3298,#3309,
    #3320,#3331,#3342,#3353,#3364,#3375,#3386,#3397,#3408,#3419,#3430,
    #3441,#3452,#3463,#3474,#3485,#3496,#3507,#3518,#3529,#3540,#3551,
    #3562,#3573,#3584,#3595,#3606,#3617,#3628,#3639,#3650,#3661,#3672,
    #3683,#3694,#3705,#3716,#3727,#3738),#3749,.F.);
#138 = FACE_BOUND('',#139,.F.);
#139 = EDGE_LOOP('',(#140,#141,#142,#150,#158,#166,#174,#182,#190,#198,
    #207,#216,#225,#234,#243,#252,#261,#269,#277,#285,#293,#301,#309,
    #317,#325,#333,#341,#349,#357,#365,#373,#381,#389,#397,#405,#413,
    #422,#431,#440,#449,#458,#466,#474,#482,#490,#498,#506,#514,#520));
#140 = ORIENTED_EDGE('',*,*,#65,.F.);
#141 = ORIENTED_EDGE('',*,*,#96,.F.);
#142 = ORIENTED_EDGE('',*,*,#143,.F.);
#143 = EDGE_CURVE('',#144,#80,#146,.T.);
#144 = VERTEX_POINT('',#145);
#145 = CARTESIAN_POINT('',(299.37,-42.26,0.));
#146 = LINE('',#147,#148);
#147 = CARTESIAN_POINT('',(299.37,-42.26,0.));
#148 = VECTOR('',#149,1.);
#149 = DIRECTION('',(1.,0.,0.));
#150 = ORIENTED_EDGE('',*,*,#151,.F.);
#151 = EDGE_CURVE('',#152,#144,#154,.T.);
#152 = VERTEX_POINT('',#153);
#153 = CARTESIAN_POINT('',(299.37,-50.76,0.));
#154 = LINE('',#155,#156);
#155 = CARTESIAN_POINT('',(299.37,-50.76,0.));
#156 = VECTOR('',#157,1.);
#157 = DIRECTION('',(0.,1.,0.));
#158 = ORIENTED_EDGE('',*,*,#159,.F.);
#159 = EDGE_CURVE('',#160,#152,#162,.T.);
#160 = VERTEX_POINT('',#161);
#161 = CARTESIAN_POINT('',(273.56,-50.76,0.));
#162 = LINE('',#163,#164);
#163 = CARTESIAN_POINT('',(273.56,-50.76,0.));
#164 = VECTOR('',#165,1.);
#165 = DIRECTION('',(1.,0.,0.));
#166 = ORIENTED_EDGE('',*,*,#167,.F.);
#167 = EDGE_CURVE('',#168,#160,#170,.T.);
#168 = VERTEX_POINT('',#169);
#169 = CARTESIAN_POINT('',(273.56,-58.27,0.));
#170 = LINE('',#171,#172);
#171 = CARTESIAN_POINT('',(273.56,-58.27,0.));
#172 = VECTOR('',#173,1.);
#173 = DIRECTION('',(0.,1.,0.));
#174 = ORIENTED_EDGE('',*,*,#175,.F.);
#175 = EDGE_CURVE('',#176,#168,#178,.T.);
#176 = VERTEX_POINT('',#177);
#177 = CARTESIAN_POINT('',(249.625,-58.27,0.));
#178 = LINE('',#179,#180);
#179 = CARTESIAN_POINT('',(249.625,-58.27,0.));
#180 = VECTOR('',#181,1.);
#181 = DIRECTION('',(1.,0.,0.));
#182 = ORIENTED_EDGE('',*,*,#183,.F.);
#183 = EDGE_CURVE('',#184,#176,#186,.T.);
#184 = VERTEX_POINT('',#185);
#185 = CARTESIAN_POINT('',(245.131973,-65.18,0.));
#186 = LINE('',#187,#188);
#187 = CARTESIAN_POINT('',(245.131973,-65.18,0.));
#188 = VECTOR('',#189,1.);
#189 = DIRECTION('',(0.545118582321,0.83835895129,0.));
#190 = ORIENTED_EDGE('',*,*,#191,.F.);
#191 = EDGE_CURVE('',#192,#184,#194,.T.);
#192 = VERTEX_POINT('',#193);
#193 = CARTESIAN_POINT('',(220.789877,-65.17,0.));
#194 = LINE('',#195,#196);
#195 = CARTESIAN_POINT('',(220.789877,-65.17,0.));
#196 = VECTOR('',#197,1.);
#197 = DIRECTION('',(0.999999915617,-4.108109324759E-04,0.));
#198 = ORIENTED_EDGE('',*,*,#199,.F.);
#199 = EDGE_CURVE('',#200,#192,#202,.T.);
#200 = VERTEX_POINT('',#201);
#201 = CARTESIAN_POINT('',(220.58561059185,-66.13843426542,0.));
#202 = CIRCLE('',#203,2.635351177177);
#203 = AXIS2_PLACEMENT_3D('',#204,#205,#206);
#204 = CARTESIAN_POINT('',(218.15500019074,-65.11999972894,0.));
#205 = DIRECTION('',(0.,0.,1.));
#206 = DIRECTION('',(-0.999885409416,1.513829704783E-02,-0.));
#207 = ORIENTED_EDGE('',*,*,#208,.T.);
#208 = EDGE_CURVE('',#200,#209,#211,.T.);
#209 = VERTEX_POINT('',#210);
#210 = CARTESIAN_POINT('',(220.65,-66.63,0.));
#211 = CIRCLE('',#212,0.25);
#212 = AXIS2_PLACEMENT_3D('',#213,#214,#215);
#213 = CARTESIAN_POINT('',(220.65,-66.38,0.));
#214 = DIRECTION('',(-0.,0.,-1.));
#215 = DIRECTION('',(-0.,-1.,0.));
#216 = ORIENTED_EDGE('',*,*,#217,.T.);
#217 = EDGE_CURVE('',#209,#218,#220,.T.);
#218 = VERTEX_POINT('',#219);
#219 = CARTESIAN_POINT('',(220.41737375484,-66.47156980981,0.));
#220 = CIRCLE('',#221,0.25);
#221 = AXIS2_PLACEMENT_3D('',#222,#223,#224);
#222 = CARTESIAN_POINT('',(220.65,-66.38,0.));
#223 = DIRECTION('',(-0.,0.,-1.));
#224 = DIRECTION('',(-0.,-1.,0.));
#225 = ORIENTED_EDGE('',*,*,#226,.F.);
#226 = EDGE_CURVE('',#227,#218,#229,.T.);
#227 = VERTEX_POINT('',#228);
#228 = CARTESIAN_POINT('',(215.88645231337,-66.46118068434,0.));
#229 = CIRCLE('',#230,2.635351177177);
#230 = AXIS2_PLACEMENT_3D('',#231,#232,#233);
#231 = CARTESIAN_POINT('',(218.15500019074,-65.11999972894,0.));
#232 = DIRECTION('',(0.,0.,1.));
#233 = DIRECTION('',(-0.999885409416,1.513829704783E-02,-0.));
#234 = ORIENTED_EDGE('',*,*,#235,.T.);
#235 = EDGE_CURVE('',#227,#236,#238,.T.);
#236 = VERTEX_POINT('',#237);
#237 = CARTESIAN_POINT('',(215.65,-66.63,0.));
#238 = CIRCLE('',#239,0.25);
#239 = AXIS2_PLACEMENT_3D('',#240,#241,#242);
#240 = CARTESIAN_POINT('',(215.65,-66.38,0.));
#241 = DIRECTION('',(-0.,0.,-1.));
#242 = DIRECTION('',(-0.,-1.,0.));
#243 = ORIENTED_EDGE('',*,*,#244,.T.);
#244 = EDGE_CURVE('',#236,#245,#247,.T.);
#245 = VERTEX_POINT('',#246);
#246 = CARTESIAN_POINT('',(215.72578780471,-66.14176438413,0.));
#247 = CIRCLE('',#248,0.25);
#248 = AXIS2_PLACEMENT_3D('',#249,#250,#251);
#249 = CARTESIAN_POINT('',(215.65,-66.38,0.));
#250 = DIRECTION('',(-0.,0.,-1.));
#251 = DIRECTION('',(-0.,-1.,0.));
#252 = ORIENTED_EDGE('',*,*,#253,.F.);
#253 = EDGE_CURVE('',#254,#245,#256,.T.);
#254 = VERTEX_POINT('',#255);
#255 = CARTESIAN_POINT('',(215.519951,-65.080105,0.));
#256 = CIRCLE('',#257,2.635351177177);
#257 = AXIS2_PLACEMENT_3D('',#258,#259,#260);
#258 = CARTESIAN_POINT('',(218.15500019074,-65.11999972894,0.));
#259 = DIRECTION('',(0.,0.,1.));
#260 = DIRECTION('',(-0.999885409416,1.513829704783E-02,-0.));
#261 = ORIENTED_EDGE('',*,*,#262,.F.);
#262 = EDGE_CURVE('',#263,#254,#265,.T.);
#263 = VERTEX_POINT('',#264);
#264 = CARTESIAN_POINT('',(210.52,-65.08,0.));
#265 = LINE('',#266,#267);
#266 = CARTESIAN_POINT('',(210.52,-65.08,0.));
#267 = VECTOR('',#268,1.);
#268 = DIRECTION('',(0.999999999779,-2.100020579837E-05,0.));
#269 = ORIENTED_EDGE('',*,*,#270,.F.);
#270 = EDGE_CURVE('',#271,#263,#273,.T.);
#271 = VERTEX_POINT('',#272);
#272 = CARTESIAN_POINT('',(191.,-65.08,0.));
#273 = LINE('',#274,#275);
#274 = CARTESIAN_POINT('',(191.,-65.08,0.));
#275 = VECTOR('',#276,1.);
#276 = DIRECTION('',(1.,0.,0.));
#277 = ORIENTED_EDGE('',*,*,#278,.F.);
#278 = EDGE_CURVE('',#279,#271,#281,.T.);
#279 = VERTEX_POINT('',#280);
#280 = CARTESIAN_POINT('',(186.585,-58.29,0.));
#281 = LINE('',#282,#283);
#282 = CARTESIAN_POINT('',(186.585,-58.29,0.));
#283 = VECTOR('',#284,1.);
#284 = DIRECTION('',(0.545118540501,-0.838358978483,0.));
#285 = ORIENTED_EDGE('',*,*,#286,.F.);
#286 = EDGE_CURVE('',#287,#279,#289,.T.);
#287 = VERTEX_POINT('',#288);
#288 = CARTESIAN_POINT('',(162.65,-58.29,0.));
#289 = LINE('',#290,#291);
#290 = CARTESIAN_POINT('',(162.65,-58.29,0.));
#291 = VECTOR('',#292,1.);
#292 = DIRECTION('',(1.,0.,0.));
#293 = ORIENTED_EDGE('',*,*,#294,.F.);
#294 = EDGE_CURVE('',#295,#287,#297,.T.);
#295 = VERTEX_POINT('',#296);
#296 = CARTESIAN_POINT('',(162.65,-50.78,0.));
#297 = LINE('',#298,#299);
#298 = CARTESIAN_POINT('',(162.65,-50.78,0.));
#299 = VECTOR('',#300,1.);
#300 = DIRECTION('',(0.,-1.,0.));
#301 = ORIENTED_EDGE('',*,*,#302,.F.);
#302 = EDGE_CURVE('',#303,#295,#305,.T.);
#303 = VERTEX_POINT('',#304);
#304 = CARTESIAN_POINT('',(136.84,-50.78,0.));
#305 = LINE('',#306,#307);
#306 = CARTESIAN_POINT('',(136.84,-50.78,0.));
#307 = VECTOR('',#308,1.);
#308 = DIRECTION('',(1.,0.,0.));
#309 = ORIENTED_EDGE('',*,*,#310,.F.);
#310 = EDGE_CURVE('',#311,#303,#313,.T.);
#311 = VERTEX_POINT('',#312);
#312 = CARTESIAN_POINT('',(136.84,-42.28,0.));
#313 = LINE('',#314,#315);
#314 = CARTESIAN_POINT('',(136.84,-42.28,0.));
#315 = VECTOR('',#316,1.);
#316 = DIRECTION('',(0.,-1.,0.));
#317 = ORIENTED_EDGE('',*,*,#318,.F.);
#318 = EDGE_CURVE('',#319,#311,#321,.T.);
#319 = VERTEX_POINT('',#320);
#320 = CARTESIAN_POINT('',(108.25,-42.28,0.));
#321 = LINE('',#322,#323);
#322 = CARTESIAN_POINT('',(108.25,-42.28,0.));
#323 = VECTOR('',#324,1.);
#324 = DIRECTION('',(1.,0.,0.));
#325 = ORIENTED_EDGE('',*,*,#326,.F.);
#326 = EDGE_CURVE('',#327,#319,#329,.T.);
#327 = VERTEX_POINT('',#328);
#328 = CARTESIAN_POINT('',(108.25,-51.27,0.));
#329 = LINE('',#330,#331);
#330 = CARTESIAN_POINT('',(108.25,-51.27,0.));
#331 = VECTOR('',#332,1.);
#332 = DIRECTION('',(0.,1.,0.));
#333 = ORIENTED_EDGE('',*,*,#334,.F.);
#334 = EDGE_CURVE('',#335,#327,#337,.T.);
#335 = VERTEX_POINT('',#336);
#336 = CARTESIAN_POINT('',(80.15,-51.27,0.));
#337 = LINE('',#338,#339);
#338 = CARTESIAN_POINT('',(80.15,-51.27,0.));
#339 = VECTOR('',#340,1.);
#340 = DIRECTION('',(1.,0.,0.));
#341 = ORIENTED_EDGE('',*,*,#342,.F.);
#342 = EDGE_CURVE('',#343,#335,#345,.T.);
#343 = VERTEX_POINT('',#344);
#344 = CARTESIAN_POINT('',(80.15,-61.39,0.));
#345 = LINE('',#346,#347);
#346 = CARTESIAN_POINT('',(80.15,-61.39,0.));
#347 = VECTOR('',#348,1.);
#348 = DIRECTION('',(0.,1.,0.));
#349 = ORIENTED_EDGE('',*,*,#350,.F.);
#350 = EDGE_CURVE('',#351,#343,#353,.T.);
#351 = VERTEX_POINT('',#352);
#352 = CARTESIAN_POINT('',(48.95,-61.39,0.));
#353 = LINE('',#354,#355);
#354 = CARTESIAN_POINT('',(48.95,-61.39,0.));
#355 = VECTOR('',#356,1.);
#356 = DIRECTION('',(1.,0.,0.));
#357 = ORIENTED_EDGE('',*,*,#358,.F.);
#358 = EDGE_CURVE('',#359,#351,#361,.T.);
#359 = VERTEX_POINT('',#360);
#360 = CARTESIAN_POINT('',(48.95,-169.54,0.));
#361 = LINE('',#362,#363);
#362 = CARTESIAN_POINT('',(48.95,-169.54,0.));
#363 = VECTOR('',#364,1.);
#364 = DIRECTION('',(0.,1.,0.));
#365 = ORIENTED_EDGE('',*,*,#366,.F.);
#366 = EDGE_CURVE('',#367,#359,#369,.T.);
#367 = VERTEX_POINT('',#368);
#368 = CARTESIAN_POINT('',(55.49,-169.54,0.));
#369 = LINE('',#370,#371);
#370 = CARTESIAN_POINT('',(55.49,-169.54,0.));
#371 = VECTOR('',#372,1.);
#372 = DIRECTION('',(-1.,0.,0.));
#373 = ORIENTED_EDGE('',*,*,#374,.F.);
#374 = EDGE_CURVE('',#375,#367,#377,.T.);
#375 = VERTEX_POINT('',#376);
#376 = CARTESIAN_POINT('',(86.53,-169.54,0.));
#377 = LINE('',#378,#379);
#378 = CARTESIAN_POINT('',(86.53,-169.54,0.));
#379 = VECTOR('',#380,1.);
#380 = DIRECTION('',(-1.,0.,0.));
#381 = ORIENTED_EDGE('',*,*,#382,.F.);
#382 = EDGE_CURVE('',#383,#375,#385,.T.);
#383 = VERTEX_POINT('',#384);
#384 = CARTESIAN_POINT('',(86.53,-163.01,0.));
#385 = LINE('',#386,#387);
#386 = CARTESIAN_POINT('',(86.53,-163.01,0.));
#387 = VECTOR('',#388,1.);
#388 = DIRECTION('',(0.,-1.,0.));
#389 = ORIENTED_EDGE('',*,*,#390,.F.);
#390 = EDGE_CURVE('',#391,#383,#393,.T.);
#391 = VERTEX_POINT('',#392);
#392 = CARTESIAN_POINT('',(183.56,-162.84,0.));
#393 = LINE('',#394,#395);
#394 = CARTESIAN_POINT('',(183.56,-162.84,0.));
#395 = VECTOR('',#396,1.);
#396 = DIRECTION('',(-0.999998465189,-1.75203276391E-03,0.));
#397 = ORIENTED_EDGE('',*,*,#398,.F.);
#398 = EDGE_CURVE('',#399,#391,#401,.T.);
#399 = VERTEX_POINT('',#400);
#400 = CARTESIAN_POINT('',(183.56,-171.99,0.));
#401 = LINE('',#402,#403);
#402 = CARTESIAN_POINT('',(183.56,-171.99,0.));
#403 = VECTOR('',#404,1.);
#404 = DIRECTION('',(0.,1.,0.));
#405 = ORIENTED_EDGE('',*,*,#406,.F.);
#406 = EDGE_CURVE('',#407,#399,#409,.T.);
#407 = VERTEX_POINT('',#408);
#408 = CARTESIAN_POINT('',(215.42,-171.99,0.));
#409 = LINE('',#410,#411);
#410 = CARTESIAN_POINT('',(215.42,-171.99,0.));
#411 = VECTOR('',#412,1.);
#412 = DIRECTION('',(-1.,0.,0.));
#413 = ORIENTED_EDGE('',*,*,#414,.F.);
#414 = EDGE_CURVE('',#415,#407,#417,.T.);
#415 = VERTEX_POINT('',#416);
#416 = CARTESIAN_POINT('',(215.61204315902,-170.9798733452,0.));
#417 = CIRCLE('',#418,2.700018259199);
#418 = AXIS2_PLACEMENT_3D('',#419,#420,#421);
#419 = CARTESIAN_POINT('',(218.11999973901,-171.9799995337,0.));
#420 = DIRECTION('',(0.,0.,1.));
#421 = DIRECTION('',(0.99999333404,3.651284094898E-03,-0.));
#422 = ORIENTED_EDGE('',*,*,#423,.T.);
#423 = EDGE_CURVE('',#415,#424,#426,.T.);
#424 = VERTEX_POINT('',#425);
#425 = CARTESIAN_POINT('',(215.81512453802,-170.5737104781,0.));
#426 = CIRCLE('',#427,0.25);
#427 = AXIS2_PLACEMENT_3D('',#428,#429,#430);
#428 = CARTESIAN_POINT('',(215.62,-170.73,0.));
#429 = DIRECTION('',(-0.,0.,-1.));
#430 = DIRECTION('',(-0.,-1.,0.));
#431 = ORIENTED_EDGE('',*,*,#432,.F.);
#432 = EDGE_CURVE('',#433,#424,#435,.T.);
#433 = VERTEX_POINT('',#434);
#434 = CARTESIAN_POINT('',(220.4248751657,-170.573710848,0.));
#435 = CIRCLE('',#436,2.700018259199);
#436 = AXIS2_PLACEMENT_3D('',#437,#438,#439);
#437 = CARTESIAN_POINT('',(218.11999973901,-171.9799995337,0.));
#438 = DIRECTION('',(0.,0.,1.));
#439 = DIRECTION('',(0.99999333404,3.651284094898E-03,-0.));
#440 = ORIENTED_EDGE('',*,*,#441,.T.);
#441 = EDGE_CURVE('',#433,#442,#444,.T.);
#442 = VERTEX_POINT('',#443);
#443 = CARTESIAN_POINT('',(220.62795632554,-170.9798733616,0.));
#444 = CIRCLE('',#445,0.25);
#445 = AXIS2_PLACEMENT_3D('',#446,#447,#448);
#446 = CARTESIAN_POINT('',(220.62,-170.73,0.));
#447 = DIRECTION('',(-0.,0.,-1.));
#448 = DIRECTION('',(-0.,-1.,0.));
#449 = ORIENTED_EDGE('',*,*,#450,.F.);
#450 = EDGE_CURVE('',#451,#442,#453,.T.);
#451 = VERTEX_POINT('',#452);
#452 = CARTESIAN_POINT('',(220.82,-171.970141,0.));
#453 = CIRCLE('',#454,2.700018259199);
#454 = AXIS2_PLACEMENT_3D('',#455,#456,#457);
#455 = CARTESIAN_POINT('',(218.11999973901,-171.9799995337,0.));
#456 = DIRECTION('',(0.,0.,1.));
#457 = DIRECTION('',(0.99999333404,3.651284094898E-03,-0.));
#458 = ORIENTED_EDGE('',*,*,#459,.F.);
#459 = EDGE_CURVE('',#460,#451,#462,.T.);
#460 = VERTEX_POINT('',#461);
#461 = CARTESIAN_POINT('',(252.65,-171.97,0.));
#462 = LINE('',#463,#464);
#463 = CARTESIAN_POINT('',(252.65,-171.97,0.));
#464 = VECTOR('',#465,1.);
#465 = DIRECTION('',(-0.99999999999,-4.429783223755E-06,0.));
#466 = ORIENTED_EDGE('',*,*,#467,.F.);
#467 = EDGE_CURVE('',#468,#460,#470,.T.);
#468 = VERTEX_POINT('',#469);
#469 = CARTESIAN_POINT('',(252.65,-162.82,0.));
#470 = LINE('',#471,#472);
#471 = CARTESIAN_POINT('',(252.65,-162.82,0.));
#472 = VECTOR('',#473,1.);
#473 = DIRECTION('',(0.,-1.,0.));
#474 = ORIENTED_EDGE('',*,*,#475,.F.);
#475 = EDGE_CURVE('',#476,#468,#478,.T.);
#476 = VERTEX_POINT('',#477);
#477 = CARTESIAN_POINT('',(349.68,-162.99,0.));
#478 = LINE('',#479,#480);
#479 = CARTESIAN_POINT('',(349.68,-162.99,0.));
#480 = VECTOR('',#481,1.);
#481 = DIRECTION('',(-0.999998465189,1.75203276391E-03,0.));
#482 = ORIENTED_EDGE('',*,*,#483,.F.);
#483 = EDGE_CURVE('',#484,#476,#486,.T.);
#484 = VERTEX_POINT('',#485);
#485 = CARTESIAN_POINT('',(349.68,-169.52,0.));
#486 = LINE('',#487,#488);
#487 = CARTESIAN_POINT('',(349.68,-169.52,0.));
#488 = VECTOR('',#489,1.);
#489 = DIRECTION('',(0.,1.,0.));
#490 = ORIENTED_EDGE('',*,*,#491,.F.);
#491 = EDGE_CURVE('',#492,#484,#494,.T.);
#492 = VERTEX_POINT('',#493);
#493 = CARTESIAN_POINT('',(380.72,-169.52,0.));
#494 = LINE('',#495,#496);
#495 = CARTESIAN_POINT('',(380.72,-169.52,0.));
#496 = VECTOR('',#497,1.);
#497 = DIRECTION('',(-1.,0.,0.));
#498 = ORIENTED_EDGE('',*,*,#499,.F.);
#499 = EDGE_CURVE('',#500,#492,#502,.T.);
#500 = VERTEX_POINT('',#501);
#501 = CARTESIAN_POINT('',(387.26,-169.52,0.));
#502 = LINE('',#503,#504);
#503 = CARTESIAN_POINT('',(387.26,-169.52,0.));
#504 = VECTOR('',#505,1.);
#505 = DIRECTION('',(-1.,0.,0.));
#506 = ORIENTED_EDGE('',*,*,#507,.F.);
#507 = EDGE_CURVE('',#508,#500,#510,.T.);
#508 = VERTEX_POINT('',#509);
#509 = CARTESIAN_POINT('',(387.26,-61.37,0.));
#510 = LINE('',#511,#512);
#511 = CARTESIAN_POINT('',(387.26,-61.37,0.));
#512 = VECTOR('',#513,1.);
#513 = DIRECTION('',(0.,-1.,0.));
#514 = ORIENTED_EDGE('',*,*,#515,.F.);
#515 = EDGE_CURVE('',#120,#508,#516,.T.);
#516 = LINE('',#517,#518);
#517 = CARTESIAN_POINT('',(356.06,-61.37,0.));
#518 = VECTOR('',#519,1.);
#519 = DIRECTION('',(1.,0.,0.));
#520 = ORIENTED_EDGE('',*,*,#127,.F.);
#521 = FACE_BOUND('',#522,.F.);
#522 = EDGE_LOOP('',(#523));
#523 = ORIENTED_EDGE('',*,*,#524,.T.);
#524 = EDGE_CURVE('',#525,#525,#527,.T.);
#525 = VERTEX_POINT('',#526);
#526 = CARTESIAN_POINT('',(53.566194,-166.523806,0.));
#527 = CIRCLE('',#528,1.6);
#528 = AXIS2_PLACEMENT_3D('',#529,#530,#531);
#529 = CARTESIAN_POINT('',(53.566194,-164.923806,0.));
#530 = DIRECTION('',(-0.,0.,-1.));
#531 = DIRECTION('',(4.440892098501E-15,-1.,-0.));
#532 = FACE_BOUND('',#533,.F.);
#533 = EDGE_LOOP('',(#534));
#534 = ORIENTED_EDGE('',*,*,#535,.T.);
#535 = EDGE_CURVE('',#536,#536,#538,.T.);
#536 = VERTEX_POINT('',#537);
#537 = CARTESIAN_POINT('',(66.35,-153.035,0.));
#538 = CIRCLE('',#539,0.875);
#539 = AXIS2_PLACEMENT_3D('',#540,#541,#542);
#540 = CARTESIAN_POINT('',(66.35,-152.16,0.));
#541 = DIRECTION('',(-0.,0.,-1.));
#542 = DIRECTION('',(-0.,-1.,0.));
#543 = FACE_BOUND('',#544,.F.);
#544 = EDGE_LOOP('',(#545));
#545 = ORIENTED_EDGE('',*,*,#546,.T.);
#546 = EDGE_CURVE('',#547,#547,#549,.T.);
#547 = VERTEX_POINT('',#548);
#548 = CARTESIAN_POINT('',(71.43,-154.1539,0.));
#549 = CIRCLE('',#550,1.9939);
#550 = AXIS2_PLACEMENT_3D('',#551,#552,#553);
#551 = CARTESIAN_POINT('',(71.43,-152.16,0.));
#552 = DIRECTION('',(-0.,0.,-1.));
#553 = DIRECTION('',(-0.,-1.,0.));
#554 = FACE_BOUND('',#555,.F.);
#555 = EDGE_LOOP('',(#556));
#556 = ORIENTED_EDGE('',*,*,#557,.T.);
#557 = EDGE_CURVE('',#558,#558,#560,.T.);
#558 = VERTEX_POINT('',#559);
#559 = CARTESIAN_POINT('',(67.62,-151.12,0.));
#560 = CIRCLE('',#561,1.5);
#561 = AXIS2_PLACEMENT_3D('',#562,#563,#564);
#562 = CARTESIAN_POINT('',(67.62,-149.62,0.));
#563 = DIRECTION('',(-0.,0.,-1.));
#564 = DIRECTION('',(-0.,-1.,0.));
#565 = FACE_BOUND('',#566,.F.);
#566 = EDGE_LOOP('',(#567));
#567 = ORIENTED_EDGE('',*,*,#568,.T.);
#568 = EDGE_CURVE('',#569,#569,#571,.T.);
#569 = VERTEX_POINT('',#570);
#570 = CARTESIAN_POINT('',(76.51,-153.035,0.));
#571 = CIRCLE('',#572,0.875);
#572 = AXIS2_PLACEMENT_3D('',#573,#574,#575);
#573 = CARTESIAN_POINT('',(76.51,-152.16,0.));
#574 = DIRECTION('',(-0.,0.,-1.));
#575 = DIRECTION('',(-0.,-1.,0.));
#576 = FACE_BOUND('',#577,.F.);
#577 = EDGE_LOOP('',(#578));
#578 = ORIENTED_EDGE('',*,*,#579,.T.);
#579 = EDGE_CURVE('',#580,#580,#582,.T.);
#580 = VERTEX_POINT('',#581);
#581 = CARTESIAN_POINT('',(73.97,-148.58,0.));
#582 = CIRCLE('',#583,1.5);
#583 = AXIS2_PLACEMENT_3D('',#584,#585,#586);
#584 = CARTESIAN_POINT('',(73.97,-147.08,0.));
#585 = DIRECTION('',(-0.,0.,-1.));
#586 = DIRECTION('',(-0.,-1.,0.));
#587 = FACE_BOUND('',#588,.F.);
#588 = EDGE_LOOP('',(#589));
#589 = ORIENTED_EDGE('',*,*,#590,.T.);
#590 = EDGE_CURVE('',#591,#591,#593,.T.);
#591 = VERTEX_POINT('',#592);
#592 = CARTESIAN_POINT('',(91.61,-141.435,0.));
#593 = CIRCLE('',#594,0.875);
#594 = AXIS2_PLACEMENT_3D('',#595,#596,#597);
#595 = CARTESIAN_POINT('',(91.61,-140.56,0.));
#596 = DIRECTION('',(-0.,0.,-1.));
#597 = DIRECTION('',(-0.,-1.,0.));
#598 = FACE_BOUND('',#599,.F.);
#599 = EDGE_LOOP('',(#600));
#600 = ORIENTED_EDGE('',*,*,#601,.T.);
#601 = EDGE_CURVE('',#602,#602,#604,.T.);
#602 = VERTEX_POINT('',#603);
#603 = CARTESIAN_POINT('',(96.69,-142.5539,0.));
#604 = CIRCLE('',#605,1.9939);
#605 = AXIS2_PLACEMENT_3D('',#606,#607,#608);
#606 = CARTESIAN_POINT('',(96.69,-140.56,0.));
#607 = DIRECTION('',(-0.,0.,-1.));
#608 = DIRECTION('',(-0.,-1.,0.));
#609 = FACE_BOUND('',#610,.F.);
#610 = EDGE_LOOP('',(#611));
#611 = ORIENTED_EDGE('',*,*,#612,.T.);
#612 = EDGE_CURVE('',#613,#613,#615,.T.);
#613 = VERTEX_POINT('',#614);
#614 = CARTESIAN_POINT('',(101.77,-141.435,0.));
#615 = CIRCLE('',#616,0.875);
#616 = AXIS2_PLACEMENT_3D('',#617,#618,#619);
#617 = CARTESIAN_POINT('',(101.77,-140.56,0.));
#618 = DIRECTION('',(-0.,0.,-1.));
#619 = DIRECTION('',(-0.,-1.,0.));
#620 = FACE_BOUND('',#621,.F.);
#621 = EDGE_LOOP('',(#622));
#622 = ORIENTED_EDGE('',*,*,#623,.T.);
#623 = EDGE_CURVE('',#624,#624,#626,.T.);
#624 = VERTEX_POINT('',#625);
#625 = CARTESIAN_POINT('',(215.62,-170.23,0.));
#626 = CIRCLE('',#627,0.25);
#627 = AXIS2_PLACEMENT_3D('',#628,#629,#630);
#628 = CARTESIAN_POINT('',(215.62,-169.98,0.));
#629 = DIRECTION('',(-0.,0.,-1.));
#630 = DIRECTION('',(-0.,-1.,0.));
#631 = FACE_BOUND('',#632,.F.);
#632 = EDGE_LOOP('',(#633));
#633 = ORIENTED_EDGE('',*,*,#634,.T.);
#634 = EDGE_CURVE('',#635,#635,#637,.T.);
#635 = VERTEX_POINT('',#636);
#636 = CARTESIAN_POINT('',(215.62,-169.48,0.));
#637 = CIRCLE('',#638,0.25);
#638 = AXIS2_PLACEMENT_3D('',#639,#640,#641);
#639 = CARTESIAN_POINT('',(215.62,-169.23,0.));
#640 = DIRECTION('',(-0.,0.,-1.));
#641 = DIRECTION('',(-0.,-1.,0.));
#642 = FACE_BOUND('',#643,.F.);
#643 = EDGE_LOOP('',(#644));
#644 = ORIENTED_EDGE('',*,*,#645,.T.);
#645 = EDGE_CURVE('',#646,#646,#648,.T.);
#646 = VERTEX_POINT('',#647);
#647 = CARTESIAN_POINT('',(215.62,-168.73,0.));
#648 = CIRCLE('',#649,0.25);
#649 = AXIS2_PLACEMENT_3D('',#650,#651,#652);
#650 = CARTESIAN_POINT('',(215.62,-168.48,0.));
#651 = DIRECTION('',(-0.,0.,-1.));
#652 = DIRECTION('',(-0.,-1.,0.));
#653 = FACE_BOUND('',#654,.F.);
#654 = EDGE_LOOP('',(#655));
#655 = ORIENTED_EDGE('',*,*,#656,.T.);
#656 = EDGE_CURVE('',#657,#657,#659,.T.);
#657 = VERTEX_POINT('',#658);
#658 = CARTESIAN_POINT('',(210.803806,-168.973806,0.));
#659 = CIRCLE('',#660,1.6);
#660 = AXIS2_PLACEMENT_3D('',#661,#662,#663);
#661 = CARTESIAN_POINT('',(210.803806,-167.373806,0.));
#662 = DIRECTION('',(-0.,0.,-1.));
#663 = DIRECTION('',(-0.,-1.,0.));
#664 = FACE_BOUND('',#665,.F.);
#665 = EDGE_LOOP('',(#666));
#666 = ORIENTED_EDGE('',*,*,#667,.T.);
#667 = EDGE_CURVE('',#668,#668,#670,.T.);
#668 = VERTEX_POINT('',#669);
#669 = CARTESIAN_POINT('',(215.62,-167.98,0.));
#670 = CIRCLE('',#671,0.25);
#671 = AXIS2_PLACEMENT_3D('',#672,#673,#674);
#672 = CARTESIAN_POINT('',(215.62,-167.73,0.));
#673 = DIRECTION('',(-0.,0.,-1.));
#674 = DIRECTION('',(-0.,-1.,0.));
#675 = FACE_BOUND('',#676,.F.);
#676 = EDGE_LOOP('',(#677));
#677 = ORIENTED_EDGE('',*,*,#678,.T.);
#678 = EDGE_CURVE('',#679,#679,#681,.T.);
#679 = VERTEX_POINT('',#680);
#680 = CARTESIAN_POINT('',(215.62,-167.23,0.));
#681 = CIRCLE('',#682,0.25);
#682 = AXIS2_PLACEMENT_3D('',#683,#684,#685);
#683 = CARTESIAN_POINT('',(215.62,-166.98,0.));
#684 = DIRECTION('',(-0.,0.,-1.));
#685 = DIRECTION('',(-0.,-1.,0.));
#686 = FACE_BOUND('',#687,.F.);
#687 = EDGE_LOOP('',(#688));
#688 = ORIENTED_EDGE('',*,*,#689,.T.);
#689 = EDGE_CURVE('',#690,#690,#692,.T.);
#690 = VERTEX_POINT('',#691);
#691 = CARTESIAN_POINT('',(215.62,-166.48,0.));
#692 = CIRCLE('',#693,0.25);
#693 = AXIS2_PLACEMENT_3D('',#694,#695,#696);
#694 = CARTESIAN_POINT('',(215.62,-166.23,0.));
#695 = DIRECTION('',(-0.,0.,-1.));
#696 = DIRECTION('',(-0.,-1.,0.));
#697 = FACE_BOUND('',#698,.F.);
#698 = EDGE_LOOP('',(#699));
#699 = ORIENTED_EDGE('',*,*,#700,.T.);
#700 = EDGE_CURVE('',#701,#701,#703,.T.);
#701 = VERTEX_POINT('',#702);
#702 = CARTESIAN_POINT('',(215.62,-165.73,0.));
#703 = CIRCLE('',#704,0.25);
#704 = AXIS2_PLACEMENT_3D('',#705,#706,#707);
#705 = CARTESIAN_POINT('',(215.62,-165.48,0.));
#706 = DIRECTION('',(-0.,0.,-1.));
#707 = DIRECTION('',(-0.,-1.,0.));
#708 = FACE_BOUND('',#709,.F.);
#709 = EDGE_LOOP('',(#710));
#710 = ORIENTED_EDGE('',*,*,#711,.T.);
#711 = EDGE_CURVE('',#712,#712,#714,.T.);
#712 = VERTEX_POINT('',#713);
#713 = CARTESIAN_POINT('',(215.62,-164.98,0.));
#714 = CIRCLE('',#715,0.25);
#715 = AXIS2_PLACEMENT_3D('',#716,#717,#718);
#716 = CARTESIAN_POINT('',(215.62,-164.73,0.));
#717 = DIRECTION('',(-0.,0.,-1.));
#718 = DIRECTION('',(-0.,-1.,0.));
#719 = FACE_BOUND('',#720,.F.);
#720 = EDGE_LOOP('',(#721));
#721 = ORIENTED_EDGE('',*,*,#722,.T.);
#722 = EDGE_CURVE('',#723,#723,#725,.T.);
#723 = VERTEX_POINT('',#724);
#724 = CARTESIAN_POINT('',(215.62,-164.23,0.));
#725 = CIRCLE('',#726,0.25);
#726 = AXIS2_PLACEMENT_3D('',#727,#728,#729);
#727 = CARTESIAN_POINT('',(215.62,-163.98,0.));
#728 = DIRECTION('',(-0.,0.,-1.));
#729 = DIRECTION('',(-0.,-1.,0.));
#730 = FACE_BOUND('',#731,.F.);
#731 = EDGE_LOOP('',(#732));
#732 = ORIENTED_EDGE('',*,*,#733,.T.);
#733 = EDGE_CURVE('',#734,#734,#736,.T.);
#734 = VERTEX_POINT('',#735);
#735 = CARTESIAN_POINT('',(193.35,-159.215,0.));
#736 = CIRCLE('',#737,0.875);
#737 = AXIS2_PLACEMENT_3D('',#738,#739,#740);
#738 = CARTESIAN_POINT('',(193.35,-158.34,0.));
#739 = DIRECTION('',(-0.,0.,-1.));
#740 = DIRECTION('',(-0.,-1.,0.));
#741 = FACE_BOUND('',#742,.F.);
#742 = EDGE_LOOP('',(#743));
#743 = ORIENTED_EDGE('',*,*,#744,.T.);
#744 = EDGE_CURVE('',#745,#745,#747,.T.);
#745 = VERTEX_POINT('',#746);
#746 = CARTESIAN_POINT('',(194.62,-157.3,0.));
#747 = CIRCLE('',#748,1.5);
#748 = AXIS2_PLACEMENT_3D('',#749,#750,#751);
#749 = CARTESIAN_POINT('',(194.62,-155.8,0.));
#750 = DIRECTION('',(-0.,0.,-1.));
#751 = DIRECTION('',(-0.,-1.,0.));
#752 = FACE_BOUND('',#753,.F.);
#753 = EDGE_LOOP('',(#754));
#754 = ORIENTED_EDGE('',*,*,#755,.T.);
#755 = EDGE_CURVE('',#756,#756,#758,.T.);
#756 = VERTEX_POINT('',#757);
#757 = CARTESIAN_POINT('',(198.43,-160.3339,0.));
#758 = CIRCLE('',#759,1.9939);
#759 = AXIS2_PLACEMENT_3D('',#760,#761,#762);
#760 = CARTESIAN_POINT('',(198.43,-158.34,0.));
#761 = DIRECTION('',(-0.,0.,-1.));
#762 = DIRECTION('',(-0.,-1.,0.));
#763 = FACE_BOUND('',#764,.F.);
#764 = EDGE_LOOP('',(#765));
#765 = ORIENTED_EDGE('',*,*,#766,.T.);
#766 = EDGE_CURVE('',#767,#767,#769,.T.);
#767 = VERTEX_POINT('',#768);
#768 = CARTESIAN_POINT('',(203.51,-159.215,0.));
#769 = CIRCLE('',#770,0.875);
#770 = AXIS2_PLACEMENT_3D('',#771,#772,#773);
#771 = CARTESIAN_POINT('',(203.51,-158.34,0.));
#772 = DIRECTION('',(-0.,0.,-1.));
#773 = DIRECTION('',(-0.,-1.,0.));
#774 = FACE_BOUND('',#775,.F.);
#775 = EDGE_LOOP('',(#776));
#776 = ORIENTED_EDGE('',*,*,#777,.T.);
#777 = EDGE_CURVE('',#778,#778,#780,.T.);
#778 = VERTEX_POINT('',#779);
#779 = CARTESIAN_POINT('',(167.72,-150.005,0.));
#780 = CIRCLE('',#781,0.875);
#781 = AXIS2_PLACEMENT_3D('',#782,#783,#784);
#782 = CARTESIAN_POINT('',(167.72,-149.13,0.));
#783 = DIRECTION('',(-0.,0.,-1.));
#784 = DIRECTION('',(-0.,-1.,0.));
#785 = FACE_BOUND('',#786,.F.);
#786 = EDGE_LOOP('',(#787));
#787 = ORIENTED_EDGE('',*,*,#788,.T.);
#788 = EDGE_CURVE('',#789,#789,#791,.T.);
#789 = VERTEX_POINT('',#790);
#790 = CARTESIAN_POINT('',(172.8,-151.1239,0.));
#791 = CIRCLE('',#792,1.9939);
#792 = AXIS2_PLACEMENT_3D('',#793,#794,#795);
#793 = CARTESIAN_POINT('',(172.8,-149.13,0.));
#794 = DIRECTION('',(-0.,0.,-1.));
#795 = DIRECTION('',(-0.,-1.,0.));
#796 = FACE_BOUND('',#797,.F.);
#797 = EDGE_LOOP('',(#798));
#798 = ORIENTED_EDGE('',*,*,#799,.T.);
#799 = EDGE_CURVE('',#800,#800,#802,.T.);
#800 = VERTEX_POINT('',#801);
#801 = CARTESIAN_POINT('',(142.404824,-141.655,0.));
#802 = CIRCLE('',#803,0.875);
#803 = AXIS2_PLACEMENT_3D('',#804,#805,#806);
#804 = CARTESIAN_POINT('',(142.404824,-140.78,0.));
#805 = DIRECTION('',(-0.,0.,-1.));
#806 = DIRECTION('',(-0.,-1.,0.));
#807 = FACE_BOUND('',#808,.F.);
#808 = EDGE_LOOP('',(#809));
#809 = ORIENTED_EDGE('',*,*,#810,.T.);
#810 = EDGE_CURVE('',#811,#811,#813,.T.);
#811 = VERTEX_POINT('',#812);
#812 = CARTESIAN_POINT('',(147.484824,-142.7739,0.));
#813 = CIRCLE('',#814,1.9939);
#814 = AXIS2_PLACEMENT_3D('',#815,#816,#817);
#815 = CARTESIAN_POINT('',(147.484824,-140.78,0.));
#816 = DIRECTION('',(-0.,0.,-1.));
#817 = DIRECTION('',(-0.,-1.,0.));
#818 = FACE_BOUND('',#819,.F.);
#819 = EDGE_LOOP('',(#820));
#820 = ORIENTED_EDGE('',*,*,#821,.T.);
#821 = EDGE_CURVE('',#822,#822,#824,.T.);
#822 = VERTEX_POINT('',#823);
#823 = CARTESIAN_POINT('',(152.564824,-141.655,0.));
#824 = CIRCLE('',#825,0.875);
#825 = AXIS2_PLACEMENT_3D('',#826,#827,#828);
#826 = CARTESIAN_POINT('',(152.564824,-140.78,0.));
#827 = DIRECTION('',(-0.,0.,-1.));
#828 = DIRECTION('',(-0.,-1.,0.));
#829 = FACE_BOUND('',#830,.F.);
#830 = EDGE_LOOP('',(#831));
#831 = ORIENTED_EDGE('',*,*,#832,.T.);
#832 = EDGE_CURVE('',#833,#833,#835,.T.);
#833 = VERTEX_POINT('',#834);
#834 = CARTESIAN_POINT('',(168.99,-148.09,0.));
#835 = CIRCLE('',#836,1.5);
#836 = AXIS2_PLACEMENT_3D('',#837,#838,#839);
#837 = CARTESIAN_POINT('',(168.99,-146.59,0.));
#838 = DIRECTION('',(-0.,0.,-1.));
#839 = DIRECTION('',(-0.,-1.,0.));
#840 = FACE_BOUND('',#841,.F.);
#841 = EDGE_LOOP('',(#842));
#842 = ORIENTED_EDGE('',*,*,#843,.T.);
#843 = EDGE_CURVE('',#844,#844,#846,.T.);
#844 = VERTEX_POINT('',#845);
#845 = CARTESIAN_POINT('',(175.34,-145.55,0.));
#846 = CIRCLE('',#847,1.5);
#847 = AXIS2_PLACEMENT_3D('',#848,#849,#850);
#848 = CARTESIAN_POINT('',(175.34,-144.05,0.));
#849 = DIRECTION('',(-0.,0.,-1.));
#850 = DIRECTION('',(-0.,-1.,0.));
#851 = FACE_BOUND('',#852,.F.);
#852 = EDGE_LOOP('',(#853));
#853 = ORIENTED_EDGE('',*,*,#854,.T.);
#854 = EDGE_CURVE('',#855,#855,#857,.T.);
#855 = VERTEX_POINT('',#856);
#856 = CARTESIAN_POINT('',(177.88,-150.005,0.));
#857 = CIRCLE('',#858,0.875);
#858 = AXIS2_PLACEMENT_3D('',#859,#860,#861);
#859 = CARTESIAN_POINT('',(177.88,-149.13,0.));
#860 = DIRECTION('',(-0.,0.,-1.));
#861 = DIRECTION('',(-0.,-1.,0.));
#862 = FACE_BOUND('',#863,.F.);
#863 = EDGE_LOOP('',(#864));
#864 = ORIENTED_EDGE('',*,*,#865,.T.);
#865 = EDGE_CURVE('',#866,#866,#868,.T.);
#866 = VERTEX_POINT('',#867);
#867 = CARTESIAN_POINT('',(200.97,-154.76,0.));
#868 = CIRCLE('',#869,1.5);
#869 = AXIS2_PLACEMENT_3D('',#870,#871,#872);
#870 = CARTESIAN_POINT('',(200.97,-153.26,0.));
#871 = DIRECTION('',(-0.,0.,-1.));
#872 = DIRECTION('',(-0.,-1.,0.));
#873 = FACE_BOUND('',#874,.F.);
#874 = EDGE_LOOP('',(#875));
#875 = ORIENTED_EDGE('',*,*,#876,.T.);
#876 = EDGE_CURVE('',#877,#877,#879,.T.);
#877 = VERTEX_POINT('',#878);
#878 = CARTESIAN_POINT('',(92.88,-139.52,0.));
#879 = CIRCLE('',#880,1.5);
#880 = AXIS2_PLACEMENT_3D('',#881,#882,#883);
#881 = CARTESIAN_POINT('',(92.88,-138.02,0.));
#882 = DIRECTION('',(-0.,0.,-1.));
#883 = DIRECTION('',(-0.,-1.,0.));
#884 = FACE_BOUND('',#885,.F.);
#885 = EDGE_LOOP('',(#886));
#886 = ORIENTED_EDGE('',*,*,#887,.T.);
#887 = EDGE_CURVE('',#888,#888,#890,.T.);
#888 = VERTEX_POINT('',#889);
#889 = CARTESIAN_POINT('',(66.39,-127.995,0.));
#890 = CIRCLE('',#891,0.875);
#891 = AXIS2_PLACEMENT_3D('',#892,#893,#894);
#892 = CARTESIAN_POINT('',(66.39,-127.12,0.));
#893 = DIRECTION('',(-0.,0.,-1.));
#894 = DIRECTION('',(-0.,-1.,0.));
#895 = FACE_BOUND('',#896,.F.);
#896 = EDGE_LOOP('',(#897));
#897 = ORIENTED_EDGE('',*,*,#898,.T.);
#898 = EDGE_CURVE('',#899,#899,#901,.T.);
#899 = VERTEX_POINT('',#900);
#900 = CARTESIAN_POINT('',(71.47,-129.1139,0.));
#901 = CIRCLE('',#902,1.9939);
#902 = AXIS2_PLACEMENT_3D('',#903,#904,#905);
#903 = CARTESIAN_POINT('',(71.47,-127.12,0.));
#904 = DIRECTION('',(-0.,0.,-1.));
#905 = DIRECTION('',(-0.,-1.,0.));
#906 = FACE_BOUND('',#907,.F.);
#907 = EDGE_LOOP('',(#908));
#908 = ORIENTED_EDGE('',*,*,#909,.T.);
#909 = EDGE_CURVE('',#910,#910,#912,.T.);
#910 = VERTEX_POINT('',#911);
#911 = CARTESIAN_POINT('',(76.55,-127.995,0.));
#912 = CIRCLE('',#913,0.875);
#913 = AXIS2_PLACEMENT_3D('',#914,#915,#916);
#914 = CARTESIAN_POINT('',(76.55,-127.12,0.));
#915 = DIRECTION('',(-0.,0.,-1.));
#916 = DIRECTION('',(-0.,-1.,0.));
#917 = FACE_BOUND('',#918,.F.);
#918 = EDGE_LOOP('',(#919));
#919 = ORIENTED_EDGE('',*,*,#920,.T.);
#920 = EDGE_CURVE('',#921,#921,#923,.T.);
#921 = VERTEX_POINT('',#922);
#922 = CARTESIAN_POINT('',(99.23,-136.98,0.));
#923 = CIRCLE('',#924,1.5);
#924 = AXIS2_PLACEMENT_3D('',#925,#926,#927);
#925 = CARTESIAN_POINT('',(99.23,-135.48,0.));
#926 = DIRECTION('',(-0.,0.,-1.));
#927 = DIRECTION('',(-0.,-1.,0.));
#928 = FACE_BOUND('',#929,.F.);
#929 = EDGE_LOOP('',(#930));
#930 = ORIENTED_EDGE('',*,*,#931,.T.);
#931 = EDGE_CURVE('',#932,#932,#934,.T.);
#932 = VERTEX_POINT('',#933);
#933 = CARTESIAN_POINT('',(117.03,-135.365,0.));
#934 = CIRCLE('',#935,0.875);
#935 = AXIS2_PLACEMENT_3D('',#936,#937,#938);
#936 = CARTESIAN_POINT('',(117.03,-134.49,0.));
#937 = DIRECTION('',(-0.,0.,-1.));
#938 = DIRECTION('',(-0.,-1.,0.));
#939 = FACE_BOUND('',#940,.F.);
#940 = EDGE_LOOP('',(#941));
#941 = ORIENTED_EDGE('',*,*,#942,.T.);
#942 = EDGE_CURVE('',#943,#943,#945,.T.);
#943 = VERTEX_POINT('',#944);
#944 = CARTESIAN_POINT('',(122.11,-136.4839,0.));
#945 = CIRCLE('',#946,1.9939);
#946 = AXIS2_PLACEMENT_3D('',#947,#948,#949);
#947 = CARTESIAN_POINT('',(122.11,-134.49,0.));
#948 = DIRECTION('',(-0.,0.,-1.));
#949 = DIRECTION('',(-0.,-1.,0.));
#950 = FACE_BOUND('',#951,.F.);
#951 = EDGE_LOOP('',(#952));
#952 = ORIENTED_EDGE('',*,*,#953,.T.);
#953 = EDGE_CURVE('',#954,#954,#956,.T.);
#954 = VERTEX_POINT('',#955);
#955 = CARTESIAN_POINT('',(127.19,-135.365,0.));
#956 = CIRCLE('',#957,0.875);
#957 = AXIS2_PLACEMENT_3D('',#958,#959,#960);
#958 = CARTESIAN_POINT('',(127.19,-134.49,0.));
#959 = DIRECTION('',(-0.,0.,-1.));
#960 = DIRECTION('',(-0.,-1.,0.));
#961 = FACE_BOUND('',#962,.F.);
#962 = EDGE_LOOP('',(#963));
#963 = ORIENTED_EDGE('',*,*,#964,.T.);
#964 = EDGE_CURVE('',#965,#965,#967,.T.);
#965 = VERTEX_POINT('',#966);
#966 = CARTESIAN_POINT('',(118.3,-133.45,0.));
#967 = CIRCLE('',#968,1.5);
#968 = AXIS2_PLACEMENT_3D('',#969,#970,#971);
#969 = CARTESIAN_POINT('',(118.3,-131.95,0.));
#970 = DIRECTION('',(-0.,0.,-1.));
#971 = DIRECTION('',(-0.,-1.,0.));
#972 = FACE_BOUND('',#973,.F.);
#973 = EDGE_LOOP('',(#974));
#974 = ORIENTED_EDGE('',*,*,#975,.T.);
#975 = EDGE_CURVE('',#976,#976,#978,.T.);
#976 = VERTEX_POINT('',#977);
#977 = CARTESIAN_POINT('',(124.65,-130.91,0.));
#978 = CIRCLE('',#979,1.5);
#979 = AXIS2_PLACEMENT_3D('',#980,#981,#982);
#980 = CARTESIAN_POINT('',(124.65,-129.41,0.));
#981 = DIRECTION('',(-0.,0.,-1.));
#982 = DIRECTION('',(-0.,-1.,0.));
#983 = FACE_BOUND('',#984,.F.);
#984 = EDGE_LOOP('',(#985));
#985 = ORIENTED_EDGE('',*,*,#986,.T.);
#986 = EDGE_CURVE('',#987,#987,#989,.T.);
#987 = VERTEX_POINT('',#988);
#988 = CARTESIAN_POINT('',(67.66,-126.08,0.));
#989 = CIRCLE('',#990,1.5);
#990 = AXIS2_PLACEMENT_3D('',#991,#992,#993);
#991 = CARTESIAN_POINT('',(67.66,-124.58,0.));
#992 = DIRECTION('',(-0.,0.,-1.));
#993 = DIRECTION('',(-0.,-1.,0.));
#994 = FACE_BOUND('',#995,.F.);
#995 = EDGE_LOOP('',(#996));
#996 = ORIENTED_EDGE('',*,*,#997,.T.);
#997 = EDGE_CURVE('',#998,#998,#1000,.T.);
#998 = VERTEX_POINT('',#999);
#999 = CARTESIAN_POINT('',(74.01,-123.54,0.));
#1000 = CIRCLE('',#1001,1.5);
#1001 = AXIS2_PLACEMENT_3D('',#1002,#1003,#1004);
#1002 = CARTESIAN_POINT('',(74.01,-122.04,0.));
#1003 = DIRECTION('',(-0.,0.,-1.));
#1004 = DIRECTION('',(-0.,-1.,0.));
#1005 = FACE_BOUND('',#1006,.F.);
#1006 = EDGE_LOOP('',(#1007));
#1007 = ORIENTED_EDGE('',*,*,#1008,.T.);
#1008 = EDGE_CURVE('',#1009,#1009,#1011,.T.);
#1009 = VERTEX_POINT('',#1010);
#1010 = CARTESIAN_POINT('',(91.58,-116.295,0.));
#1011 = CIRCLE('',#1012,0.875);
#1012 = AXIS2_PLACEMENT_3D('',#1013,#1014,#1015);
#1013 = CARTESIAN_POINT('',(91.58,-115.42,0.));
#1014 = DIRECTION('',(-0.,0.,-1.));
#1015 = DIRECTION('',(-0.,-1.,0.));
#1016 = FACE_BOUND('',#1017,.F.);
#1017 = EDGE_LOOP('',(#1018));
#1018 = ORIENTED_EDGE('',*,*,#1019,.T.);
#1019 = EDGE_CURVE('',#1020,#1020,#1022,.T.);
#1020 = VERTEX_POINT('',#1021);
#1021 = CARTESIAN_POINT('',(92.85,-114.38,0.));
#1022 = CIRCLE('',#1023,1.5);
#1023 = AXIS2_PLACEMENT_3D('',#1024,#1025,#1026);
#1024 = CARTESIAN_POINT('',(92.85,-112.88,0.));
#1025 = DIRECTION('',(-0.,0.,-1.));
#1026 = DIRECTION('',(-0.,-1.,0.));
#1027 = FACE_BOUND('',#1028,.F.);
#1028 = EDGE_LOOP('',(#1029));
#1029 = ORIENTED_EDGE('',*,*,#1030,.T.);
#1030 = EDGE_CURVE('',#1031,#1031,#1033,.T.);
#1031 = VERTEX_POINT('',#1032);
#1032 = CARTESIAN_POINT('',(96.66,-117.4139,0.));
#1033 = CIRCLE('',#1034,1.9939);
#1034 = AXIS2_PLACEMENT_3D('',#1035,#1036,#1037);
#1035 = CARTESIAN_POINT('',(96.66,-115.42,0.));
#1036 = DIRECTION('',(-0.,0.,-1.));
#1037 = DIRECTION('',(-0.,-1.,0.));
#1038 = FACE_BOUND('',#1039,.F.);
#1039 = EDGE_LOOP('',(#1040));
#1040 = ORIENTED_EDGE('',*,*,#1041,.T.);
#1041 = EDGE_CURVE('',#1042,#1042,#1044,.T.);
#1042 = VERTEX_POINT('',#1043);
#1043 = CARTESIAN_POINT('',(101.74,-116.295,0.));
#1044 = CIRCLE('',#1045,0.875);
#1045 = AXIS2_PLACEMENT_3D('',#1046,#1047,#1048);
#1046 = CARTESIAN_POINT('',(101.74,-115.42,0.));
#1047 = DIRECTION('',(-0.,0.,-1.));
#1048 = DIRECTION('',(-0.,-1.,0.));
#1049 = FACE_BOUND('',#1050,.F.);
#1050 = EDGE_LOOP('',(#1051));
#1051 = ORIENTED_EDGE('',*,*,#1052,.T.);
#1052 = EDGE_CURVE('',#1053,#1053,#1055,.T.);
#1053 = VERTEX_POINT('',#1054);
#1054 = CARTESIAN_POINT('',(143.674824,-139.74,0.));
#1055 = CIRCLE('',#1056,1.5);
#1056 = AXIS2_PLACEMENT_3D('',#1057,#1058,#1059);
#1057 = CARTESIAN_POINT('',(143.674824,-138.24,0.));
#1058 = DIRECTION('',(-0.,0.,-1.));
#1059 = DIRECTION('',(-0.,-1.,0.));
#1060 = FACE_BOUND('',#1061,.F.);
#1061 = EDGE_LOOP('',(#1062));
#1062 = ORIENTED_EDGE('',*,*,#1063,.T.);
#1063 = EDGE_CURVE('',#1064,#1064,#1066,.T.);
#1064 = VERTEX_POINT('',#1065);
#1065 = CARTESIAN_POINT('',(150.024824,-137.2,0.));
#1066 = CIRCLE('',#1067,1.5);
#1067 = AXIS2_PLACEMENT_3D('',#1068,#1069,#1070);
#1068 = CARTESIAN_POINT('',(150.024824,-135.7,0.));
#1069 = DIRECTION('',(-0.,0.,-1.));
#1070 = DIRECTION('',(-0.,-1.,0.));
#1071 = FACE_BOUND('',#1072,.F.);
#1072 = EDGE_LOOP('',(#1073));
#1073 = ORIENTED_EDGE('',*,*,#1074,.T.);
#1074 = EDGE_CURVE('',#1075,#1075,#1077,.T.);
#1075 = VERTEX_POINT('',#1076);
#1076 = CARTESIAN_POINT('',(167.734824,-124.415,0.));
#1077 = CIRCLE('',#1078,0.875);
#1078 = AXIS2_PLACEMENT_3D('',#1079,#1080,#1081);
#1079 = CARTESIAN_POINT('',(167.734824,-123.54,0.));
#1080 = DIRECTION('',(-0.,0.,-1.));
#1081 = DIRECTION('',(-0.,-1.,0.));
#1082 = FACE_BOUND('',#1083,.F.);
#1083 = EDGE_LOOP('',(#1084));
#1084 = ORIENTED_EDGE('',*,*,#1085,.T.);
#1085 = EDGE_CURVE('',#1086,#1086,#1088,.T.);
#1086 = VERTEX_POINT('',#1087);
#1087 = CARTESIAN_POINT('',(172.814824,-125.5339,0.));
#1088 = CIRCLE('',#1089,1.9939);
#1089 = AXIS2_PLACEMENT_3D('',#1090,#1091,#1092);
#1090 = CARTESIAN_POINT('',(172.814824,-123.54,0.));
#1091 = DIRECTION('',(-0.,0.,-1.));
#1092 = DIRECTION('',(-0.,-1.,0.));
#1093 = FACE_BOUND('',#1094,.F.);
#1094 = EDGE_LOOP('',(#1095));
#1095 = ORIENTED_EDGE('',*,*,#1096,.T.);
#1096 = EDGE_CURVE('',#1097,#1097,#1099,.T.);
#1097 = VERTEX_POINT('',#1098);
#1098 = CARTESIAN_POINT('',(169.004824,-122.5,0.));
#1099 = CIRCLE('',#1100,1.5);
#1100 = AXIS2_PLACEMENT_3D('',#1101,#1102,#1103);
#1101 = CARTESIAN_POINT('',(169.004824,-121.,0.));
#1102 = DIRECTION('',(-0.,0.,-1.));
#1103 = DIRECTION('',(-0.,-1.,0.));
#1104 = FACE_BOUND('',#1105,.F.);
#1105 = EDGE_LOOP('',(#1106));
#1106 = ORIENTED_EDGE('',*,*,#1107,.T.);
#1107 = EDGE_CURVE('',#1108,#1108,#1110,.T.);
#1108 = VERTEX_POINT('',#1109);
#1109 = CARTESIAN_POINT('',(175.354824,-119.96,0.));
#1110 = CIRCLE('',#1111,1.5);
#1111 = AXIS2_PLACEMENT_3D('',#1112,#1113,#1114);
#1112 = CARTESIAN_POINT('',(175.354824,-118.46,0.));
#1113 = DIRECTION('',(-0.,0.,-1.));
#1114 = DIRECTION('',(-0.,-1.,0.));
#1115 = FACE_BOUND('',#1116,.F.);
#1116 = EDGE_LOOP('',(#1117));
#1117 = ORIENTED_EDGE('',*,*,#1118,.T.);
#1118 = EDGE_CURVE('',#1119,#1119,#1121,.T.);
#1119 = VERTEX_POINT('',#1120);
#1120 = CARTESIAN_POINT('',(142.414824,-115.805,0.));
#1121 = CIRCLE('',#1122,0.875);
#1122 = AXIS2_PLACEMENT_3D('',#1123,#1124,#1125);
#1123 = CARTESIAN_POINT('',(142.414824,-114.93,0.));
#1124 = DIRECTION('',(-0.,0.,-1.));
#1125 = DIRECTION('',(-0.,-1.,0.));
#1126 = FACE_BOUND('',#1127,.F.);
#1127 = EDGE_LOOP('',(#1128));
#1128 = ORIENTED_EDGE('',*,*,#1129,.T.);
#1129 = EDGE_CURVE('',#1130,#1130,#1132,.T.);
#1130 = VERTEX_POINT('',#1131);
#1131 = CARTESIAN_POINT('',(147.494824,-116.9239,0.));
#1132 = CIRCLE('',#1133,1.9939);
#1133 = AXIS2_PLACEMENT_3D('',#1134,#1135,#1136);
#1134 = CARTESIAN_POINT('',(147.494824,-114.93,0.));
#1135 = DIRECTION('',(-0.,0.,-1.));
#1136 = DIRECTION('',(-0.,-1.,0.));
#1137 = FACE_BOUND('',#1138,.F.);
#1138 = EDGE_LOOP('',(#1139));
#1139 = ORIENTED_EDGE('',*,*,#1140,.T.);
#1140 = EDGE_CURVE('',#1141,#1141,#1143,.T.);
#1141 = VERTEX_POINT('',#1142);
#1142 = CARTESIAN_POINT('',(152.574824,-115.805,0.));
#1143 = CIRCLE('',#1144,0.875);
#1144 = AXIS2_PLACEMENT_3D('',#1145,#1146,#1147);
#1145 = CARTESIAN_POINT('',(152.574824,-114.93,0.));
#1146 = DIRECTION('',(-0.,0.,-1.));
#1147 = DIRECTION('',(-0.,-1.,0.));
#1148 = FACE_BOUND('',#1149,.F.);
#1149 = EDGE_LOOP('',(#1150));
#1150 = ORIENTED_EDGE('',*,*,#1151,.T.);
#1151 = EDGE_CURVE('',#1152,#1152,#1154,.T.);
#1152 = VERTEX_POINT('',#1153);
#1153 = CARTESIAN_POINT('',(143.684824,-113.89,0.));
#1154 = CIRCLE('',#1155,1.5);
#1155 = AXIS2_PLACEMENT_3D('',#1156,#1157,#1158);
#1156 = CARTESIAN_POINT('',(143.684824,-112.39,0.));
#1157 = DIRECTION('',(-0.,0.,-1.));
#1158 = DIRECTION('',(-0.,-1.,0.));
#1159 = FACE_BOUND('',#1160,.F.);
#1160 = EDGE_LOOP('',(#1161));
#1161 = ORIENTED_EDGE('',*,*,#1162,.T.);
#1162 = EDGE_CURVE('',#1163,#1163,#1165,.T.);
#1163 = VERTEX_POINT('',#1164);
#1164 = CARTESIAN_POINT('',(177.894824,-124.415,0.));
#1165 = CIRCLE('',#1166,0.875);
#1166 = AXIS2_PLACEMENT_3D('',#1167,#1168,#1169);
#1167 = CARTESIAN_POINT('',(177.894824,-123.54,0.));
#1168 = DIRECTION('',(-0.,0.,-1.));
#1169 = DIRECTION('',(-0.,-1.,0.));
#1170 = FACE_BOUND('',#1171,.F.);
#1171 = EDGE_LOOP('',(#1172));
#1172 = ORIENTED_EDGE('',*,*,#1173,.T.);
#1173 = EDGE_CURVE('',#1174,#1174,#1176,.T.);
#1174 = VERTEX_POINT('',#1175);
#1175 = CARTESIAN_POINT('',(215.6,-120.38,0.));
#1176 = CIRCLE('',#1177,0.25);
#1177 = AXIS2_PLACEMENT_3D('',#1178,#1179,#1180);
#1178 = CARTESIAN_POINT('',(215.6,-120.13,0.));
#1179 = DIRECTION('',(-0.,0.,-1.));
#1180 = DIRECTION('',(-0.,-1.,0.));
#1181 = FACE_BOUND('',#1182,.F.);
#1182 = EDGE_LOOP('',(#1183));
#1183 = ORIENTED_EDGE('',*,*,#1184,.T.);
#1184 = EDGE_CURVE('',#1185,#1185,#1187,.T.);
#1185 = VERTEX_POINT('',#1186);
#1186 = CARTESIAN_POINT('',(215.6,-119.63,0.));
#1187 = CIRCLE('',#1188,0.25);
#1188 = AXIS2_PLACEMENT_3D('',#1189,#1190,#1191);
#1189 = CARTESIAN_POINT('',(215.6,-119.38,0.));
#1190 = DIRECTION('',(-0.,0.,-1.));
#1191 = DIRECTION('',(-0.,-1.,0.));
#1192 = FACE_BOUND('',#1193,.F.);
#1193 = EDGE_LOOP('',(#1194));
#1194 = ORIENTED_EDGE('',*,*,#1195,.T.);
#1195 = EDGE_CURVE('',#1196,#1196,#1198,.T.);
#1196 = VERTEX_POINT('',#1197);
#1197 = CARTESIAN_POINT('',(215.6,-118.88,0.));
#1198 = CIRCLE('',#1199,0.25);
#1199 = AXIS2_PLACEMENT_3D('',#1200,#1201,#1202);
#1200 = CARTESIAN_POINT('',(215.6,-118.63,0.));
#1201 = DIRECTION('',(-0.,0.,-1.));
#1202 = DIRECTION('',(-0.,-1.,0.));
#1203 = FACE_BOUND('',#1204,.F.);
#1204 = EDGE_LOOP('',(#1205));
#1205 = ORIENTED_EDGE('',*,*,#1206,.T.);
#1206 = EDGE_CURVE('',#1207,#1207,#1209,.T.);
#1207 = VERTEX_POINT('',#1208);
#1208 = CARTESIAN_POINT('',(215.6,-118.13,0.));
#1209 = CIRCLE('',#1210,0.25);
#1210 = AXIS2_PLACEMENT_3D('',#1211,#1212,#1213);
#1211 = CARTESIAN_POINT('',(215.6,-117.88,0.));
#1212 = DIRECTION('',(-0.,0.,-1.));
#1213 = DIRECTION('',(-0.,-1.,0.));
#1214 = FACE_BOUND('',#1215,.F.);
#1215 = EDGE_LOOP('',(#1216));
#1216 = ORIENTED_EDGE('',*,*,#1217,.T.);
#1217 = EDGE_CURVE('',#1218,#1218,#1220,.T.);
#1218 = VERTEX_POINT('',#1219);
#1219 = CARTESIAN_POINT('',(215.6,-117.38,0.));
#1220 = CIRCLE('',#1221,0.25);
#1221 = AXIS2_PLACEMENT_3D('',#1222,#1223,#1224);
#1222 = CARTESIAN_POINT('',(215.6,-117.13,0.));
#1223 = DIRECTION('',(-0.,0.,-1.));
#1224 = DIRECTION('',(-0.,-1.,0.));
#1225 = FACE_BOUND('',#1226,.F.);
#1226 = EDGE_LOOP('',(#1227));
#1227 = ORIENTED_EDGE('',*,*,#1228,.T.);
#1228 = EDGE_CURVE('',#1229,#1229,#1231,.T.);
#1229 = VERTEX_POINT('',#1230);
#1230 = CARTESIAN_POINT('',(215.6,-116.63,0.));
#1231 = CIRCLE('',#1232,0.25);
#1232 = AXIS2_PLACEMENT_3D('',#1233,#1234,#1235);
#1233 = CARTESIAN_POINT('',(215.6,-116.38,0.));
#1234 = DIRECTION('',(-0.,0.,-1.));
#1235 = DIRECTION('',(-0.,-1.,0.));
#1236 = FACE_BOUND('',#1237,.F.);
#1237 = EDGE_LOOP('',(#1238));
#1238 = ORIENTED_EDGE('',*,*,#1239,.T.);
#1239 = EDGE_CURVE('',#1240,#1240,#1242,.T.);
#1240 = VERTEX_POINT('',#1241);
#1241 = CARTESIAN_POINT('',(215.6,-115.88,0.));
#1242 = CIRCLE('',#1243,0.25);
#1243 = AXIS2_PLACEMENT_3D('',#1244,#1245,#1246);
#1244 = CARTESIAN_POINT('',(215.6,-115.63,0.));
#1245 = DIRECTION('',(-0.,0.,-1.));
#1246 = DIRECTION('',(-0.,-1.,0.));
#1247 = FACE_BOUND('',#1248,.F.);
#1248 = EDGE_LOOP('',(#1249));
#1249 = ORIENTED_EDGE('',*,*,#1250,.T.);
#1250 = EDGE_CURVE('',#1251,#1251,#1253,.T.);
#1251 = VERTEX_POINT('',#1252);
#1252 = CARTESIAN_POINT('',(215.6,-115.13,0.));
#1253 = CIRCLE('',#1254,0.25);
#1254 = AXIS2_PLACEMENT_3D('',#1255,#1256,#1257);
#1255 = CARTESIAN_POINT('',(215.6,-114.88,0.));
#1256 = DIRECTION('',(-0.,0.,-1.));
#1257 = DIRECTION('',(-0.,-1.,0.));
#1258 = FACE_BOUND('',#1259,.F.);
#1259 = EDGE_LOOP('',(#1260));
#1260 = ORIENTED_EDGE('',*,*,#1261,.T.);
#1261 = EDGE_CURVE('',#1262,#1262,#1264,.T.);
#1262 = VERTEX_POINT('',#1263);
#1263 = CARTESIAN_POINT('',(215.6,-114.38,0.));
#1264 = CIRCLE('',#1265,0.25);
#1265 = AXIS2_PLACEMENT_3D('',#1266,#1267,#1268);
#1266 = CARTESIAN_POINT('',(215.6,-114.13,0.));
#1267 = DIRECTION('',(-0.,0.,-1.));
#1268 = DIRECTION('',(-0.,-1.,0.));
#1269 = FACE_BOUND('',#1270,.F.);
#1270 = EDGE_LOOP('',(#1271));
#1271 = ORIENTED_EDGE('',*,*,#1272,.T.);
#1272 = EDGE_CURVE('',#1273,#1273,#1275,.T.);
#1273 = VERTEX_POINT('',#1274);
#1274 = CARTESIAN_POINT('',(215.6,-113.63,0.));
#1275 = CIRCLE('',#1276,0.25);
#1276 = AXIS2_PLACEMENT_3D('',#1277,#1278,#1279);
#1277 = CARTESIAN_POINT('',(215.6,-113.38,0.));
#1278 = DIRECTION('',(-0.,0.,-1.));
#1279 = DIRECTION('',(-0.,-1.,0.));
#1280 = FACE_BOUND('',#1281,.F.);
#1281 = EDGE_LOOP('',(#1282));
#1282 = ORIENTED_EDGE('',*,*,#1283,.T.);
#1283 = EDGE_CURVE('',#1284,#1284,#1286,.T.);
#1284 = VERTEX_POINT('',#1285);
#1285 = CARTESIAN_POINT('',(215.6,-112.88,0.));
#1286 = CIRCLE('',#1287,0.25);
#1287 = AXIS2_PLACEMENT_3D('',#1288,#1289,#1290);
#1288 = CARTESIAN_POINT('',(215.6,-112.63,0.));
#1289 = DIRECTION('',(-0.,0.,-1.));
#1290 = DIRECTION('',(-0.,-1.,0.));
#1291 = FACE_BOUND('',#1292,.F.);
#1292 = EDGE_LOOP('',(#1293));
#1293 = ORIENTED_EDGE('',*,*,#1294,.T.);
#1294 = EDGE_CURVE('',#1295,#1295,#1297,.T.);
#1295 = VERTEX_POINT('',#1296);
#1296 = CARTESIAN_POINT('',(220.62,-170.23,0.));
#1297 = CIRCLE('',#1298,0.25);
#1298 = AXIS2_PLACEMENT_3D('',#1299,#1300,#1301);
#1299 = CARTESIAN_POINT('',(220.62,-169.98,0.));
#1300 = DIRECTION('',(-0.,0.,-1.));
#1301 = DIRECTION('',(-0.,-1.,0.));
#1302 = FACE_BOUND('',#1303,.F.);
#1303 = EDGE_LOOP('',(#1304));
#1304 = ORIENTED_EDGE('',*,*,#1305,.T.);
#1305 = EDGE_CURVE('',#1306,#1306,#1308,.T.);
#1306 = VERTEX_POINT('',#1307);
#1307 = CARTESIAN_POINT('',(220.62,-169.48,0.));
#1308 = CIRCLE('',#1309,0.25);
#1309 = AXIS2_PLACEMENT_3D('',#1310,#1311,#1312);
#1310 = CARTESIAN_POINT('',(220.62,-169.23,0.));
#1311 = DIRECTION('',(-0.,0.,-1.));
#1312 = DIRECTION('',(-0.,-1.,0.));
#1313 = FACE_BOUND('',#1314,.F.);
#1314 = EDGE_LOOP('',(#1315));
#1315 = ORIENTED_EDGE('',*,*,#1316,.T.);
#1316 = EDGE_CURVE('',#1317,#1317,#1319,.T.);
#1317 = VERTEX_POINT('',#1318);
#1318 = CARTESIAN_POINT('',(220.62,-168.73,0.));
#1319 = CIRCLE('',#1320,0.25);
#1320 = AXIS2_PLACEMENT_3D('',#1321,#1322,#1323);
#1321 = CARTESIAN_POINT('',(220.62,-168.48,0.));
#1322 = DIRECTION('',(-0.,0.,-1.));
#1323 = DIRECTION('',(-0.,-1.,0.));
#1324 = FACE_BOUND('',#1325,.F.);
#1325 = EDGE_LOOP('',(#1326));
#1326 = ORIENTED_EDGE('',*,*,#1327,.T.);
#1327 = EDGE_CURVE('',#1328,#1328,#1330,.T.);
#1328 = VERTEX_POINT('',#1329);
#1329 = CARTESIAN_POINT('',(220.62,-167.98,0.));
#1330 = CIRCLE('',#1331,0.25);
#1331 = AXIS2_PLACEMENT_3D('',#1332,#1333,#1334);
#1332 = CARTESIAN_POINT('',(220.62,-167.73,0.));
#1333 = DIRECTION('',(-0.,0.,-1.));
#1334 = DIRECTION('',(-0.,-1.,0.));
#1335 = FACE_BOUND('',#1336,.F.);
#1336 = EDGE_LOOP('',(#1337));
#1337 = ORIENTED_EDGE('',*,*,#1338,.T.);
#1338 = EDGE_CURVE('',#1339,#1339,#1341,.T.);
#1339 = VERTEX_POINT('',#1340);
#1340 = CARTESIAN_POINT('',(220.62,-167.23,0.));
#1341 = CIRCLE('',#1342,0.25);
#1342 = AXIS2_PLACEMENT_3D('',#1343,#1344,#1345);
#1343 = CARTESIAN_POINT('',(220.62,-166.98,0.));
#1344 = DIRECTION('',(-0.,0.,-1.));
#1345 = DIRECTION('',(-0.,-1.,0.));
#1346 = FACE_BOUND('',#1347,.F.);
#1347 = EDGE_LOOP('',(#1348));
#1348 = ORIENTED_EDGE('',*,*,#1349,.T.);
#1349 = EDGE_CURVE('',#1350,#1350,#1352,.T.);
#1350 = VERTEX_POINT('',#1351);
#1351 = CARTESIAN_POINT('',(225.436194,-168.953806,0.));
#1352 = CIRCLE('',#1353,1.6);
#1353 = AXIS2_PLACEMENT_3D('',#1354,#1355,#1356);
#1354 = CARTESIAN_POINT('',(225.436194,-167.353806,0.));
#1355 = DIRECTION('',(-0.,0.,-1.));
#1356 = DIRECTION('',(-0.,-1.,0.));
#1357 = FACE_BOUND('',#1358,.F.);
#1358 = EDGE_LOOP('',(#1359));
#1359 = ORIENTED_EDGE('',*,*,#1360,.T.);
#1360 = EDGE_CURVE('',#1361,#1361,#1363,.T.);
#1361 = VERTEX_POINT('',#1362);
#1362 = CARTESIAN_POINT('',(220.62,-166.48,0.));
#1363 = CIRCLE('',#1364,0.25);
#1364 = AXIS2_PLACEMENT_3D('',#1365,#1366,#1367);
#1365 = CARTESIAN_POINT('',(220.62,-166.23,0.));
#1366 = DIRECTION('',(-0.,0.,-1.));
#1367 = DIRECTION('',(-0.,-1.,0.));
#1368 = FACE_BOUND('',#1369,.F.);
#1369 = EDGE_LOOP('',(#1370));
#1370 = ORIENTED_EDGE('',*,*,#1371,.T.);
#1371 = EDGE_CURVE('',#1372,#1372,#1374,.T.);
#1372 = VERTEX_POINT('',#1373);
#1373 = CARTESIAN_POINT('',(220.62,-165.73,0.));
#1374 = CIRCLE('',#1375,0.25);
#1375 = AXIS2_PLACEMENT_3D('',#1376,#1377,#1378);
#1376 = CARTESIAN_POINT('',(220.62,-165.48,0.));
#1377 = DIRECTION('',(-0.,0.,-1.));
#1378 = DIRECTION('',(-0.,-1.,0.));
#1379 = FACE_BOUND('',#1380,.F.);
#1380 = EDGE_LOOP('',(#1381));
#1381 = ORIENTED_EDGE('',*,*,#1382,.T.);
#1382 = EDGE_CURVE('',#1383,#1383,#1385,.T.);
#1383 = VERTEX_POINT('',#1384);
#1384 = CARTESIAN_POINT('',(220.62,-164.98,0.));
#1385 = CIRCLE('',#1386,0.25);
#1386 = AXIS2_PLACEMENT_3D('',#1387,#1388,#1389);
#1387 = CARTESIAN_POINT('',(220.62,-164.73,0.));
#1388 = DIRECTION('',(-0.,0.,-1.));
#1389 = DIRECTION('',(-0.,-1.,0.));
#1390 = FACE_BOUND('',#1391,.F.);
#1391 = EDGE_LOOP('',(#1392));
#1392 = ORIENTED_EDGE('',*,*,#1393,.T.);
#1393 = EDGE_CURVE('',#1394,#1394,#1396,.T.);
#1394 = VERTEX_POINT('',#1395);
#1395 = CARTESIAN_POINT('',(220.62,-164.23,0.));
#1396 = CIRCLE('',#1397,0.25);
#1397 = AXIS2_PLACEMENT_3D('',#1398,#1399,#1400);
#1398 = CARTESIAN_POINT('',(220.62,-163.98,0.));
#1399 = DIRECTION('',(-0.,0.,-1.));
#1400 = DIRECTION('',(-0.,-1.,0.));
#1401 = FACE_BOUND('',#1402,.F.);
#1402 = EDGE_LOOP('',(#1403));
#1403 = ORIENTED_EDGE('',*,*,#1404,.T.);
#1404 = EDGE_CURVE('',#1405,#1405,#1407,.T.);
#1405 = VERTEX_POINT('',#1406);
#1406 = CARTESIAN_POINT('',(232.06,-158.715,0.));
#1407 = CIRCLE('',#1408,0.875);
#1408 = AXIS2_PLACEMENT_3D('',#1409,#1410,#1411);
#1409 = CARTESIAN_POINT('',(232.06,-157.84,0.));
#1410 = DIRECTION('',(-0.,0.,-1.));
#1411 = DIRECTION('',(-0.,-1.,0.));
#1412 = FACE_BOUND('',#1413,.F.);
#1413 = EDGE_LOOP('',(#1414));
#1414 = ORIENTED_EDGE('',*,*,#1415,.T.);
#1415 = EDGE_CURVE('',#1416,#1416,#1418,.T.);
#1416 = VERTEX_POINT('',#1417);
#1417 = CARTESIAN_POINT('',(237.14,-159.8339,0.));
#1418 = CIRCLE('',#1419,1.9939);
#1419 = AXIS2_PLACEMENT_3D('',#1420,#1421,#1422);
#1420 = CARTESIAN_POINT('',(237.14,-157.84,0.));
#1421 = DIRECTION('',(-0.,0.,-1.));
#1422 = DIRECTION('',(-0.,-1.,0.));
#1423 = FACE_BOUND('',#1424,.F.);
#1424 = EDGE_LOOP('',(#1425));
#1425 = ORIENTED_EDGE('',*,*,#1426,.T.);
#1426 = EDGE_CURVE('',#1427,#1427,#1429,.T.);
#1427 = VERTEX_POINT('',#1428);
#1428 = CARTESIAN_POINT('',(242.22,-158.715,0.));
#1429 = CIRCLE('',#1430,0.875);
#1430 = AXIS2_PLACEMENT_3D('',#1431,#1432,#1433);
#1431 = CARTESIAN_POINT('',(242.22,-157.84,0.));
#1432 = DIRECTION('',(-0.,0.,-1.));
#1433 = DIRECTION('',(-0.,-1.,0.));
#1434 = FACE_BOUND('',#1435,.F.);
#1435 = EDGE_LOOP('',(#1436));
#1436 = ORIENTED_EDGE('',*,*,#1437,.T.);
#1437 = EDGE_CURVE('',#1438,#1438,#1440,.T.);
#1438 = VERTEX_POINT('',#1439);
#1439 = CARTESIAN_POINT('',(233.33,-156.8,0.));
#1440 = CIRCLE('',#1441,1.5);
#1441 = AXIS2_PLACEMENT_3D('',#1442,#1443,#1444);
#1442 = CARTESIAN_POINT('',(233.33,-155.3,0.));
#1443 = DIRECTION('',(-0.,0.,-1.));
#1444 = DIRECTION('',(-0.,-1.,0.));
#1445 = FACE_BOUND('',#1446,.F.);
#1446 = EDGE_LOOP('',(#1447));
#1447 = ORIENTED_EDGE('',*,*,#1448,.T.);
#1448 = EDGE_CURVE('',#1449,#1449,#1451,.T.);
#1449 = VERTEX_POINT('',#1450);
#1450 = CARTESIAN_POINT('',(239.68,-154.26,0.));
#1451 = CIRCLE('',#1452,1.5);
#1452 = AXIS2_PLACEMENT_3D('',#1453,#1454,#1455);
#1453 = CARTESIAN_POINT('',(239.68,-152.76,0.));
#1454 = DIRECTION('',(-0.,0.,-1.));
#1455 = DIRECTION('',(-0.,-1.,0.));
#1456 = FACE_BOUND('',#1457,.F.);
#1457 = EDGE_LOOP('',(#1458));
#1458 = ORIENTED_EDGE('',*,*,#1459,.T.);
#1459 = EDGE_CURVE('',#1460,#1460,#1462,.T.);
#1460 = VERTEX_POINT('',#1461);
#1461 = CARTESIAN_POINT('',(257.32,-149.065,0.));
#1462 = CIRCLE('',#1463,0.875);
#1463 = AXIS2_PLACEMENT_3D('',#1464,#1465,#1466);
#1464 = CARTESIAN_POINT('',(257.32,-148.19,0.));
#1465 = DIRECTION('',(-0.,0.,-1.));
#1466 = DIRECTION('',(-0.,-1.,0.));
#1467 = FACE_BOUND('',#1468,.F.);
#1468 = EDGE_LOOP('',(#1469,#1480,#1488,#1497,#1506,#1515,#1524,#1533,
    #1542,#1551));
#1469 = ORIENTED_EDGE('',*,*,#1470,.F.);
#1470 = EDGE_CURVE('',#1471,#1473,#1475,.T.);
#1471 = VERTEX_POINT('',#1472);
#1472 = CARTESIAN_POINT('',(220.63,-121.400011,0.));
#1473 = VERTEX_POINT('',#1474);
#1474 = CARTESIAN_POINT('',(215.569822,-121.37,0.));
#1475 = CIRCLE('',#1476,2.530177997669);
#1476 = AXIS2_PLACEMENT_3D('',#1477,#1478,#1479);
#1477 = CARTESIAN_POINT('',(218.09999999766,-121.3699995339,0.));
#1478 = DIRECTION('',(0.,0.,1.));
#1479 = DIRECTION('',(0.999929651061,-1.186140502298E-02,0.));
#1480 = ORIENTED_EDGE('',*,*,#1481,.F.);
#1481 = EDGE_CURVE('',#1482,#1471,#1484,.T.);
#1482 = VERTEX_POINT('',#1483);
#1483 = CARTESIAN_POINT('',(220.77,-162.01,0.));
#1484 = LINE('',#1485,#1486);
#1485 = CARTESIAN_POINT('',(220.77,-162.01,0.));
#1486 = VECTOR('',#1487,1.);
#1487 = DIRECTION('',(-3.447407190246E-03,0.999994057674,0.));
#1488 = ORIENTED_EDGE('',*,*,#1489,.F.);
#1489 = EDGE_CURVE('',#1490,#1482,#1492,.T.);
#1490 = VERTEX_POINT('',#1491);
#1491 = CARTESIAN_POINT('',(220.57239263297,-162.98457478,0.));
#1492 = CIRCLE('',#1493,2.65017001816);
#1493 = AXIS2_PLACEMENT_3D('',#1494,#1495,#1496);
#1494 = CARTESIAN_POINT('',(218.11999978752,-161.9800000158,0.));
#1495 = DIRECTION('',(0.,0.,1.));
#1496 = DIRECTION('',(-0.999982178263,5.970188989195E-03,-0.));
#1497 = ORIENTED_EDGE('',*,*,#1498,.T.);
#1498 = EDGE_CURVE('',#1490,#1499,#1501,.T.);
#1499 = VERTEX_POINT('',#1500);
#1500 = CARTESIAN_POINT('',(220.62,-163.48,0.));
#1501 = CIRCLE('',#1502,0.25);
#1502 = AXIS2_PLACEMENT_3D('',#1503,#1504,#1505);
#1503 = CARTESIAN_POINT('',(220.62,-163.23,0.));
#1504 = DIRECTION('',(-0.,0.,-1.));
#1505 = DIRECTION('',(-0.,-1.,0.));
#1506 = ORIENTED_EDGE('',*,*,#1507,.T.);
#1507 = EDGE_CURVE('',#1499,#1508,#1510,.T.);
#1508 = VERTEX_POINT('',#1509);
#1509 = CARTESIAN_POINT('',(220.39509541232,-163.3391692559,0.));
#1510 = CIRCLE('',#1511,0.25);
#1511 = AXIS2_PLACEMENT_3D('',#1512,#1513,#1514);
#1512 = CARTESIAN_POINT('',(220.62,-163.23,0.));
#1513 = DIRECTION('',(-0.,0.,-1.));
#1514 = DIRECTION('',(-0.,-1.,0.));
#1515 = ORIENTED_EDGE('',*,*,#1516,.F.);
#1516 = EDGE_CURVE('',#1517,#1508,#1519,.T.);
#1517 = VERTEX_POINT('',#1518);
#1518 = CARTESIAN_POINT('',(215.84490439721,-163.3391696484,0.));
#1519 = CIRCLE('',#1520,2.65017001816);
#1520 = AXIS2_PLACEMENT_3D('',#1521,#1522,#1523);
#1521 = CARTESIAN_POINT('',(218.11999978752,-161.9800000158,0.));
#1522 = DIRECTION('',(0.,0.,1.));
#1523 = DIRECTION('',(-0.999982178263,5.970188989195E-03,-0.));
#1524 = ORIENTED_EDGE('',*,*,#1525,.T.);
#1525 = EDGE_CURVE('',#1517,#1526,#1528,.T.);
#1526 = VERTEX_POINT('',#1527);
#1527 = CARTESIAN_POINT('',(215.62,-163.48,0.));
#1528 = CIRCLE('',#1529,0.25);
#1529 = AXIS2_PLACEMENT_3D('',#1530,#1531,#1532);
#1530 = CARTESIAN_POINT('',(215.62,-163.23,0.));
#1531 = DIRECTION('',(-0.,0.,-1.));
#1532 = DIRECTION('',(-0.,-1.,0.));
#1533 = ORIENTED_EDGE('',*,*,#1534,.T.);
#1534 = EDGE_CURVE('',#1526,#1535,#1537,.T.);
#1535 = VERTEX_POINT('',#1536);
#1536 = CARTESIAN_POINT('',(215.66760690538,-162.9845746904,0.));
#1537 = CIRCLE('',#1538,0.25);
#1538 = AXIS2_PLACEMENT_3D('',#1539,#1540,#1541);
#1539 = CARTESIAN_POINT('',(215.62,-163.23,0.));
#1540 = DIRECTION('',(-0.,0.,-1.));
#1541 = DIRECTION('',(-0.,-1.,0.));
#1542 = ORIENTED_EDGE('',*,*,#1543,.F.);
#1543 = EDGE_CURVE('',#1544,#1535,#1546,.T.);
#1544 = VERTEX_POINT('',#1545);
#1545 = CARTESIAN_POINT('',(215.469877,-161.964178,0.));
#1546 = CIRCLE('',#1547,2.65017001816);
#1547 = AXIS2_PLACEMENT_3D('',#1548,#1549,#1550);
#1548 = CARTESIAN_POINT('',(218.11999978752,-161.9800000158,0.));
#1549 = DIRECTION('',(0.,0.,1.));
#1550 = DIRECTION('',(-0.999982178263,5.970188989195E-03,-0.));
#1551 = ORIENTED_EDGE('',*,*,#1552,.F.);
#1552 = EDGE_CURVE('',#1473,#1544,#1553,.T.);
#1553 = LINE('',#1554,#1555);
#1554 = CARTESIAN_POINT('',(215.569822,-121.37,0.));
#1555 = VECTOR('',#1556,1.);
#1556 = DIRECTION('',(-2.462045101219E-03,-0.999996969162,0.));
#1557 = FACE_BOUND('',#1558,.F.);
#1558 = EDGE_LOOP('',(#1559));
#1559 = ORIENTED_EDGE('',*,*,#1560,.T.);
#1560 = EDGE_CURVE('',#1561,#1561,#1563,.T.);
#1561 = VERTEX_POINT('',#1562);
#1562 = CARTESIAN_POINT('',(258.59,-147.15,0.));
#1563 = CIRCLE('',#1564,1.5);
#1564 = AXIS2_PLACEMENT_3D('',#1565,#1566,#1567);
#1565 = CARTESIAN_POINT('',(258.59,-145.65,0.));
#1566 = DIRECTION('',(-0.,0.,-1.));
#1567 = DIRECTION('',(-0.,-1.,0.));
#1568 = FACE_BOUND('',#1569,.F.);
#1569 = EDGE_LOOP('',(#1570));
#1570 = ORIENTED_EDGE('',*,*,#1571,.T.);
#1571 = EDGE_CURVE('',#1572,#1572,#1574,.T.);
#1572 = VERTEX_POINT('',#1573);
#1573 = CARTESIAN_POINT('',(262.4,-150.1839,0.));
#1574 = CIRCLE('',#1575,1.9939);
#1575 = AXIS2_PLACEMENT_3D('',#1576,#1577,#1578);
#1576 = CARTESIAN_POINT('',(262.4,-148.19,0.));
#1577 = DIRECTION('',(-0.,0.,-1.));
#1578 = DIRECTION('',(-0.,-1.,0.));
#1579 = FACE_BOUND('',#1580,.F.);
#1580 = EDGE_LOOP('',(#1581));
#1581 = ORIENTED_EDGE('',*,*,#1582,.T.);
#1582 = EDGE_CURVE('',#1583,#1583,#1585,.T.);
#1583 = VERTEX_POINT('',#1584);
#1584 = CARTESIAN_POINT('',(267.48,-149.065,0.));
#1585 = CIRCLE('',#1586,0.875);
#1586 = AXIS2_PLACEMENT_3D('',#1587,#1588,#1589);
#1587 = CARTESIAN_POINT('',(267.48,-148.19,0.));
#1588 = DIRECTION('',(-0.,0.,-1.));
#1589 = DIRECTION('',(-0.,-1.,0.));
#1590 = FACE_BOUND('',#1591,.F.);
#1591 = EDGE_LOOP('',(#1592));
#1592 = ORIENTED_EDGE('',*,*,#1593,.T.);
#1593 = EDGE_CURVE('',#1594,#1594,#1596,.T.);
#1594 = VERTEX_POINT('',#1595);
#1595 = CARTESIAN_POINT('',(264.94,-144.61,0.));
#1596 = CIRCLE('',#1597,1.5);
#1597 = AXIS2_PLACEMENT_3D('',#1598,#1599,#1600);
#1598 = CARTESIAN_POINT('',(264.94,-143.11,0.));
#1599 = DIRECTION('',(-0.,0.,-1.));
#1600 = DIRECTION('',(-0.,-1.,0.));
#1601 = FACE_BOUND('',#1602,.F.);
#1602 = EDGE_LOOP('',(#1603));
#1603 = ORIENTED_EDGE('',*,*,#1604,.T.);
#1604 = EDGE_CURVE('',#1605,#1605,#1607,.T.);
#1605 = VERTEX_POINT('',#1606);
#1606 = CARTESIAN_POINT('',(382.643806,-166.503806,0.));
#1607 = CIRCLE('',#1608,1.6);
#1608 = AXIS2_PLACEMENT_3D('',#1609,#1610,#1611);
#1609 = CARTESIAN_POINT('',(382.643806,-164.903806,0.));
#1610 = DIRECTION('',(-0.,0.,-1.));
#1611 = DIRECTION('',(-3.552713678801E-14,-1.,0.));
#1612 = FACE_BOUND('',#1613,.F.);
#1613 = EDGE_LOOP('',(#1614));
#1614 = ORIENTED_EDGE('',*,*,#1615,.T.);
#1615 = EDGE_CURVE('',#1616,#1616,#1618,.T.);
#1616 = VERTEX_POINT('',#1617);
#1617 = CARTESIAN_POINT('',(359.,-153.575,0.));
#1618 = CIRCLE('',#1619,0.875);
#1619 = AXIS2_PLACEMENT_3D('',#1620,#1621,#1622);
#1620 = CARTESIAN_POINT('',(359.,-152.7,0.));
#1621 = DIRECTION('',(-0.,0.,-1.));
#1622 = DIRECTION('',(-0.,-1.,0.));
#1623 = FACE_BOUND('',#1624,.F.);
#1624 = EDGE_LOOP('',(#1625));
#1625 = ORIENTED_EDGE('',*,*,#1626,.T.);
#1626 = EDGE_CURVE('',#1627,#1627,#1629,.T.);
#1627 = VERTEX_POINT('',#1628);
#1628 = CARTESIAN_POINT('',(360.27,-151.66,0.));
#1629 = CIRCLE('',#1630,1.5);
#1630 = AXIS2_PLACEMENT_3D('',#1631,#1632,#1633);
#1631 = CARTESIAN_POINT('',(360.27,-150.16,0.));
#1632 = DIRECTION('',(-0.,0.,-1.));
#1633 = DIRECTION('',(-0.,-1.,0.));
#1634 = FACE_BOUND('',#1635,.F.);
#1635 = EDGE_LOOP('',(#1636));
#1636 = ORIENTED_EDGE('',*,*,#1637,.T.);
#1637 = EDGE_CURVE('',#1638,#1638,#1640,.T.);
#1638 = VERTEX_POINT('',#1639);
#1639 = CARTESIAN_POINT('',(364.08,-154.6939,0.));
#1640 = CIRCLE('',#1641,1.9939);
#1641 = AXIS2_PLACEMENT_3D('',#1642,#1643,#1644);
#1642 = CARTESIAN_POINT('',(364.08,-152.7,0.));
#1643 = DIRECTION('',(-0.,0.,-1.));
#1644 = DIRECTION('',(-0.,-1.,0.));
#1645 = FACE_BOUND('',#1646,.F.);
#1646 = EDGE_LOOP('',(#1647));
#1647 = ORIENTED_EDGE('',*,*,#1648,.T.);
#1648 = EDGE_CURVE('',#1649,#1649,#1651,.T.);
#1649 = VERTEX_POINT('',#1650);
#1650 = CARTESIAN_POINT('',(369.16,-153.575,0.));
#1651 = CIRCLE('',#1652,0.875);
#1652 = AXIS2_PLACEMENT_3D('',#1653,#1654,#1655);
#1653 = CARTESIAN_POINT('',(369.16,-152.7,0.));
#1654 = DIRECTION('',(-0.,0.,-1.));
#1655 = DIRECTION('',(-0.,-1.,0.));
#1656 = FACE_BOUND('',#1657,.F.);
#1657 = EDGE_LOOP('',(#1658));
#1658 = ORIENTED_EDGE('',*,*,#1659,.T.);
#1659 = EDGE_CURVE('',#1660,#1660,#1662,.T.);
#1660 = VERTEX_POINT('',#1661);
#1661 = CARTESIAN_POINT('',(366.62,-149.12,0.));
#1662 = CIRCLE('',#1663,1.5);
#1663 = AXIS2_PLACEMENT_3D('',#1664,#1665,#1666);
#1664 = CARTESIAN_POINT('',(366.62,-147.62,0.));
#1665 = DIRECTION('',(-0.,0.,-1.));
#1666 = DIRECTION('',(-0.,-1.,0.));
#1667 = FACE_BOUND('',#1668,.F.);
#1668 = EDGE_LOOP('',(#1669));
#1669 = ORIENTED_EDGE('',*,*,#1670,.T.);
#1670 = EDGE_CURVE('',#1671,#1671,#1673,.T.);
#1671 = VERTEX_POINT('',#1672);
#1672 = CARTESIAN_POINT('',(282.89,-141.355,0.));
#1673 = CIRCLE('',#1674,0.875);
#1674 = AXIS2_PLACEMENT_3D('',#1675,#1676,#1677);
#1675 = CARTESIAN_POINT('',(282.89,-140.48,0.));
#1676 = DIRECTION('',(-0.,0.,-1.));
#1677 = DIRECTION('',(-0.,-1.,0.));
#1678 = FACE_BOUND('',#1679,.F.);
#1679 = EDGE_LOOP('',(#1680));
#1680 = ORIENTED_EDGE('',*,*,#1681,.T.);
#1681 = EDGE_CURVE('',#1682,#1682,#1684,.T.);
#1682 = VERTEX_POINT('',#1683);
#1683 = CARTESIAN_POINT('',(287.97,-142.4739,0.));
#1684 = CIRCLE('',#1685,1.9939);
#1685 = AXIS2_PLACEMENT_3D('',#1686,#1687,#1688);
#1686 = CARTESIAN_POINT('',(287.97,-140.48,0.));
#1687 = DIRECTION('',(-0.,0.,-1.));
#1688 = DIRECTION('',(-0.,-1.,0.));
#1689 = FACE_BOUND('',#1690,.F.);
#1690 = EDGE_LOOP('',(#1691));
#1691 = ORIENTED_EDGE('',*,*,#1692,.T.);
#1692 = EDGE_CURVE('',#1693,#1693,#1695,.T.);
#1693 = VERTEX_POINT('',#1694);
#1694 = CARTESIAN_POINT('',(284.16,-139.44,0.));
#1695 = CIRCLE('',#1696,1.5);
#1696 = AXIS2_PLACEMENT_3D('',#1697,#1698,#1699);
#1697 = CARTESIAN_POINT('',(284.16,-137.94,0.));
#1698 = DIRECTION('',(-0.,0.,-1.));
#1699 = DIRECTION('',(-0.,-1.,0.));
#1700 = FACE_BOUND('',#1701,.F.);
#1701 = EDGE_LOOP('',(#1702));
#1702 = ORIENTED_EDGE('',*,*,#1703,.T.);
#1703 = EDGE_CURVE('',#1704,#1704,#1706,.T.);
#1704 = VERTEX_POINT('',#1705);
#1705 = CARTESIAN_POINT('',(293.05,-141.355,0.));
#1706 = CIRCLE('',#1707,0.875);
#1707 = AXIS2_PLACEMENT_3D('',#1708,#1709,#1710);
#1708 = CARTESIAN_POINT('',(293.05,-140.48,0.));
#1709 = DIRECTION('',(-0.,0.,-1.));
#1710 = DIRECTION('',(-0.,-1.,0.));
#1711 = FACE_BOUND('',#1712,.F.);
#1712 = EDGE_LOOP('',(#1713));
#1713 = ORIENTED_EDGE('',*,*,#1714,.T.);
#1714 = EDGE_CURVE('',#1715,#1715,#1717,.T.);
#1715 = VERTEX_POINT('',#1716);
#1716 = CARTESIAN_POINT('',(290.51,-136.9,0.));
#1717 = CIRCLE('',#1718,1.5);
#1718 = AXIS2_PLACEMENT_3D('',#1719,#1720,#1721);
#1719 = CARTESIAN_POINT('',(290.51,-135.4,0.));
#1720 = DIRECTION('',(-0.,0.,-1.));
#1721 = DIRECTION('',(-0.,-1.,0.));
#1722 = FACE_BOUND('',#1723,.F.);
#1723 = EDGE_LOOP('',(#1724));
#1724 = ORIENTED_EDGE('',*,*,#1725,.T.);
#1725 = EDGE_CURVE('',#1726,#1726,#1728,.T.);
#1726 = VERTEX_POINT('',#1727);
#1727 = CARTESIAN_POINT('',(220.6,-120.38,0.));
#1728 = CIRCLE('',#1729,0.25);
#1729 = AXIS2_PLACEMENT_3D('',#1730,#1731,#1732);
#1730 = CARTESIAN_POINT('',(220.6,-120.13,0.));
#1731 = DIRECTION('',(-0.,0.,-1.));
#1732 = DIRECTION('',(-0.,-1.,0.));
#1733 = FACE_BOUND('',#1734,.F.);
#1734 = EDGE_LOOP('',(#1735));
#1735 = ORIENTED_EDGE('',*,*,#1736,.T.);
#1736 = EDGE_CURVE('',#1737,#1737,#1739,.T.);
#1737 = VERTEX_POINT('',#1738);
#1738 = CARTESIAN_POINT('',(220.6,-119.63,0.));
#1739 = CIRCLE('',#1740,0.25);
#1740 = AXIS2_PLACEMENT_3D('',#1741,#1742,#1743);
#1741 = CARTESIAN_POINT('',(220.6,-119.38,0.));
#1742 = DIRECTION('',(-0.,0.,-1.));
#1743 = DIRECTION('',(-0.,-1.,0.));
#1744 = FACE_BOUND('',#1745,.F.);
#1745 = EDGE_LOOP('',(#1746));
#1746 = ORIENTED_EDGE('',*,*,#1747,.T.);
#1747 = EDGE_CURVE('',#1748,#1748,#1750,.T.);
#1748 = VERTEX_POINT('',#1749);
#1749 = CARTESIAN_POINT('',(220.6,-118.88,0.));
#1750 = CIRCLE('',#1751,0.25);
#1751 = AXIS2_PLACEMENT_3D('',#1752,#1753,#1754);
#1752 = CARTESIAN_POINT('',(220.6,-118.63,0.));
#1753 = DIRECTION('',(-0.,0.,-1.));
#1754 = DIRECTION('',(-0.,-1.,0.));
#1755 = FACE_BOUND('',#1756,.F.);
#1756 = EDGE_LOOP('',(#1757));
#1757 = ORIENTED_EDGE('',*,*,#1758,.T.);
#1758 = EDGE_CURVE('',#1759,#1759,#1761,.T.);
#1759 = VERTEX_POINT('',#1760);
#1760 = CARTESIAN_POINT('',(257.53,-124.105,0.));
#1761 = CIRCLE('',#1762,0.875);
#1762 = AXIS2_PLACEMENT_3D('',#1763,#1764,#1765);
#1763 = CARTESIAN_POINT('',(257.53,-123.23,0.));
#1764 = DIRECTION('',(-0.,0.,-1.));
#1765 = DIRECTION('',(-0.,-1.,0.));
#1766 = FACE_BOUND('',#1767,.F.);
#1767 = EDGE_LOOP('',(#1768));
#1768 = ORIENTED_EDGE('',*,*,#1769,.T.);
#1769 = EDGE_CURVE('',#1770,#1770,#1772,.T.);
#1770 = VERTEX_POINT('',#1771);
#1771 = CARTESIAN_POINT('',(258.8,-122.19,0.));
#1772 = CIRCLE('',#1773,1.5);
#1773 = AXIS2_PLACEMENT_3D('',#1774,#1775,#1776);
#1774 = CARTESIAN_POINT('',(258.8,-120.69,0.));
#1775 = DIRECTION('',(-0.,0.,-1.));
#1776 = DIRECTION('',(-0.,-1.,0.));
#1777 = FACE_BOUND('',#1778,.F.);
#1778 = EDGE_LOOP('',(#1779));
#1779 = ORIENTED_EDGE('',*,*,#1780,.T.);
#1780 = EDGE_CURVE('',#1781,#1781,#1783,.T.);
#1781 = VERTEX_POINT('',#1782);
#1782 = CARTESIAN_POINT('',(220.6,-118.13,0.));
#1783 = CIRCLE('',#1784,0.25);
#1784 = AXIS2_PLACEMENT_3D('',#1785,#1786,#1787);
#1785 = CARTESIAN_POINT('',(220.6,-117.88,0.));
#1786 = DIRECTION('',(-0.,0.,-1.));
#1787 = DIRECTION('',(-0.,-1.,0.));
#1788 = FACE_BOUND('',#1789,.F.);
#1789 = EDGE_LOOP('',(#1790));
#1790 = ORIENTED_EDGE('',*,*,#1791,.T.);
#1791 = EDGE_CURVE('',#1792,#1792,#1794,.T.);
#1792 = VERTEX_POINT('',#1793);
#1793 = CARTESIAN_POINT('',(220.6,-117.38,0.));
#1794 = CIRCLE('',#1795,0.25);
#1795 = AXIS2_PLACEMENT_3D('',#1796,#1797,#1798);
#1796 = CARTESIAN_POINT('',(220.6,-117.13,0.));
#1797 = DIRECTION('',(-0.,0.,-1.));
#1798 = DIRECTION('',(-0.,-1.,0.));
#1799 = FACE_BOUND('',#1800,.F.);
#1800 = EDGE_LOOP('',(#1801));
#1801 = ORIENTED_EDGE('',*,*,#1802,.T.);
#1802 = EDGE_CURVE('',#1803,#1803,#1805,.T.);
#1803 = VERTEX_POINT('',#1804);
#1804 = CARTESIAN_POINT('',(220.6,-116.63,0.));
#1805 = CIRCLE('',#1806,0.25);
#1806 = AXIS2_PLACEMENT_3D('',#1807,#1808,#1809);
#1807 = CARTESIAN_POINT('',(220.6,-116.38,0.));
#1808 = DIRECTION('',(-0.,0.,-1.));
#1809 = DIRECTION('',(-0.,-1.,0.));
#1810 = FACE_BOUND('',#1811,.F.);
#1811 = EDGE_LOOP('',(#1812));
#1812 = ORIENTED_EDGE('',*,*,#1813,.T.);
#1813 = EDGE_CURVE('',#1814,#1814,#1816,.T.);
#1814 = VERTEX_POINT('',#1815);
#1815 = CARTESIAN_POINT('',(220.6,-115.88,0.));
#1816 = CIRCLE('',#1817,0.25);
#1817 = AXIS2_PLACEMENT_3D('',#1818,#1819,#1820);
#1818 = CARTESIAN_POINT('',(220.6,-115.63,0.));
#1819 = DIRECTION('',(-0.,0.,-1.));
#1820 = DIRECTION('',(-0.,-1.,0.));
#1821 = FACE_BOUND('',#1822,.F.);
#1822 = EDGE_LOOP('',(#1823));
#1823 = ORIENTED_EDGE('',*,*,#1824,.T.);
#1824 = EDGE_CURVE('',#1825,#1825,#1827,.T.);
#1825 = VERTEX_POINT('',#1826);
#1826 = CARTESIAN_POINT('',(220.6,-115.13,0.));
#1827 = CIRCLE('',#1828,0.25);
#1828 = AXIS2_PLACEMENT_3D('',#1829,#1830,#1831);
#1829 = CARTESIAN_POINT('',(220.6,-114.88,0.));
#1830 = DIRECTION('',(-0.,0.,-1.));
#1831 = DIRECTION('',(-0.,-1.,0.));
#1832 = FACE_BOUND('',#1833,.F.);
#1833 = EDGE_LOOP('',(#1834));
#1834 = ORIENTED_EDGE('',*,*,#1835,.T.);
#1835 = EDGE_CURVE('',#1836,#1836,#1838,.T.);
#1836 = VERTEX_POINT('',#1837);
#1837 = CARTESIAN_POINT('',(220.6,-114.38,0.));
#1838 = CIRCLE('',#1839,0.25);
#1839 = AXIS2_PLACEMENT_3D('',#1840,#1841,#1842);
#1840 = CARTESIAN_POINT('',(220.6,-114.13,0.));
#1841 = DIRECTION('',(-0.,0.,-1.));
#1842 = DIRECTION('',(-0.,-1.,0.));
#1843 = FACE_BOUND('',#1844,.F.);
#1844 = EDGE_LOOP('',(#1845));
#1845 = ORIENTED_EDGE('',*,*,#1846,.T.);
#1846 = EDGE_CURVE('',#1847,#1847,#1849,.T.);
#1847 = VERTEX_POINT('',#1848);
#1848 = CARTESIAN_POINT('',(220.6,-113.63,0.));
#1849 = CIRCLE('',#1850,0.25);
#1850 = AXIS2_PLACEMENT_3D('',#1851,#1852,#1853);
#1851 = CARTESIAN_POINT('',(220.6,-113.38,0.));
#1852 = DIRECTION('',(-0.,0.,-1.));
#1853 = DIRECTION('',(-0.,-1.,0.));
#1854 = FACE_BOUND('',#1855,.F.);
#1855 = EDGE_LOOP('',(#1856));
#1856 = ORIENTED_EDGE('',*,*,#1857,.T.);
#1857 = EDGE_CURVE('',#1858,#1858,#1860,.T.);
#1858 = VERTEX_POINT('',#1859);
#1859 = CARTESIAN_POINT('',(220.6,-112.88,0.));
#1860 = CIRCLE('',#1861,0.25);
#1861 = AXIS2_PLACEMENT_3D('',#1862,#1863,#1864);
#1862 = CARTESIAN_POINT('',(220.6,-112.63,0.));
#1863 = DIRECTION('',(-0.,0.,-1.));
#1864 = DIRECTION('',(-0.,-1.,0.));
#1865 = FACE_BOUND('',#1866,.F.);
#1866 = EDGE_LOOP('',(#1867));
#1867 = ORIENTED_EDGE('',*,*,#1868,.T.);
#1868 = EDGE_CURVE('',#1869,#1869,#1871,.T.);
#1869 = VERTEX_POINT('',#1870);
#1870 = CARTESIAN_POINT('',(262.61,-125.2239,0.));
#1871 = CIRCLE('',#1872,1.9939);
#1872 = AXIS2_PLACEMENT_3D('',#1873,#1874,#1875);
#1873 = CARTESIAN_POINT('',(262.61,-123.23,0.));
#1874 = DIRECTION('',(-0.,0.,-1.));
#1875 = DIRECTION('',(-0.,-1.,0.));
#1876 = FACE_BOUND('',#1877,.F.);
#1877 = EDGE_LOOP('',(#1878));
#1878 = ORIENTED_EDGE('',*,*,#1879,.T.);
#1879 = EDGE_CURVE('',#1880,#1880,#1882,.T.);
#1880 = VERTEX_POINT('',#1881);
#1881 = CARTESIAN_POINT('',(267.69,-124.105,0.));
#1882 = CIRCLE('',#1883,0.875);
#1883 = AXIS2_PLACEMENT_3D('',#1884,#1885,#1886);
#1884 = CARTESIAN_POINT('',(267.69,-123.23,0.));
#1885 = DIRECTION('',(-0.,0.,-1.));
#1886 = DIRECTION('',(-0.,-1.,0.));
#1887 = FACE_BOUND('',#1888,.F.);
#1888 = EDGE_LOOP('',(#1889));
#1889 = ORIENTED_EDGE('',*,*,#1890,.T.);
#1890 = EDGE_CURVE('',#1891,#1891,#1893,.T.);
#1891 = VERTEX_POINT('',#1892);
#1892 = CARTESIAN_POINT('',(265.15,-119.65,0.));
#1893 = CIRCLE('',#1894,1.5);
#1894 = AXIS2_PLACEMENT_3D('',#1895,#1896,#1897);
#1895 = CARTESIAN_POINT('',(265.15,-118.15,0.));
#1896 = DIRECTION('',(-0.,0.,-1.));
#1897 = DIRECTION('',(-0.,-1.,0.));
#1898 = FACE_BOUND('',#1899,.F.);
#1899 = EDGE_LOOP('',(#1900));
#1900 = ORIENTED_EDGE('',*,*,#1901,.T.);
#1901 = EDGE_CURVE('',#1902,#1902,#1904,.T.);
#1902 = VERTEX_POINT('',#1903);
#1903 = CARTESIAN_POINT('',(282.874824,-116.095,0.));
#1904 = CIRCLE('',#1905,0.875);
#1905 = AXIS2_PLACEMENT_3D('',#1906,#1907,#1908);
#1906 = CARTESIAN_POINT('',(282.874824,-115.22,0.));
#1907 = DIRECTION('',(-0.,0.,-1.));
#1908 = DIRECTION('',(-0.,-1.,0.));
#1909 = FACE_BOUND('',#1910,.F.);
#1910 = EDGE_LOOP('',(#1911));
#1911 = ORIENTED_EDGE('',*,*,#1912,.T.);
#1912 = EDGE_CURVE('',#1913,#1913,#1915,.T.);
#1913 = VERTEX_POINT('',#1914);
#1914 = CARTESIAN_POINT('',(287.954824,-117.2139,0.));
#1915 = CIRCLE('',#1916,1.9939);
#1916 = AXIS2_PLACEMENT_3D('',#1917,#1918,#1919);
#1917 = CARTESIAN_POINT('',(287.954824,-115.22,0.));
#1918 = DIRECTION('',(-0.,0.,-1.));
#1919 = DIRECTION('',(-2.850866084598E-14,-1.,0.));
#1920 = FACE_BOUND('',#1921,.F.);
#1921 = EDGE_LOOP('',(#1922));
#1922 = ORIENTED_EDGE('',*,*,#1923,.T.);
#1923 = EDGE_CURVE('',#1924,#1924,#1926,.T.);
#1924 = VERTEX_POINT('',#1925);
#1925 = CARTESIAN_POINT('',(293.034824,-116.095,0.));
#1926 = CIRCLE('',#1927,0.875);
#1927 = AXIS2_PLACEMENT_3D('',#1928,#1929,#1930);
#1928 = CARTESIAN_POINT('',(293.034824,-115.22,0.));
#1929 = DIRECTION('',(-0.,0.,-1.));
#1930 = DIRECTION('',(-0.,-1.,0.));
#1931 = FACE_BOUND('',#1932,.F.);
#1932 = EDGE_LOOP('',(#1933));
#1933 = ORIENTED_EDGE('',*,*,#1934,.T.);
#1934 = EDGE_CURVE('',#1935,#1935,#1937,.T.);
#1935 = VERTEX_POINT('',#1936);
#1936 = CARTESIAN_POINT('',(284.144824,-114.18,0.));
#1937 = CIRCLE('',#1938,1.5);
#1938 = AXIS2_PLACEMENT_3D('',#1939,#1940,#1941);
#1939 = CARTESIAN_POINT('',(284.144824,-112.68,0.));
#1940 = DIRECTION('',(-0.,0.,-1.));
#1941 = DIRECTION('',(-0.,-1.,0.));
#1942 = FACE_BOUND('',#1943,.F.);
#1943 = EDGE_LOOP('',(#1944));
#1944 = ORIENTED_EDGE('',*,*,#1945,.T.);
#1945 = EDGE_CURVE('',#1946,#1946,#1948,.T.);
#1946 = VERTEX_POINT('',#1947);
#1947 = CARTESIAN_POINT('',(308.24,-134.425,0.));
#1948 = CIRCLE('',#1949,0.875);
#1949 = AXIS2_PLACEMENT_3D('',#1950,#1951,#1952);
#1950 = CARTESIAN_POINT('',(308.24,-133.55,0.));
#1951 = DIRECTION('',(-0.,0.,-1.));
#1952 = DIRECTION('',(-0.,-1.,0.));
#1953 = FACE_BOUND('',#1954,.F.);
#1954 = EDGE_LOOP('',(#1955));
#1955 = ORIENTED_EDGE('',*,*,#1956,.T.);
#1956 = EDGE_CURVE('',#1957,#1957,#1959,.T.);
#1957 = VERTEX_POINT('',#1958);
#1958 = CARTESIAN_POINT('',(313.32,-135.5439,0.));
#1959 = CIRCLE('',#1960,1.9939);
#1960 = AXIS2_PLACEMENT_3D('',#1961,#1962,#1963);
#1961 = CARTESIAN_POINT('',(313.32,-133.55,0.));
#1962 = DIRECTION('',(-0.,0.,-1.));
#1963 = DIRECTION('',(-0.,-1.,0.));
#1964 = FACE_BOUND('',#1965,.F.);
#1965 = EDGE_LOOP('',(#1966));
#1966 = ORIENTED_EDGE('',*,*,#1967,.T.);
#1967 = EDGE_CURVE('',#1968,#1968,#1970,.T.);
#1968 = VERTEX_POINT('',#1969);
#1969 = CARTESIAN_POINT('',(318.4,-134.425,0.));
#1970 = CIRCLE('',#1971,0.875);
#1971 = AXIS2_PLACEMENT_3D('',#1972,#1973,#1974);
#1972 = CARTESIAN_POINT('',(318.4,-133.55,0.));
#1973 = DIRECTION('',(-0.,0.,-1.));
#1974 = DIRECTION('',(-0.,-1.,0.));
#1975 = FACE_BOUND('',#1976,.F.);
#1976 = EDGE_LOOP('',(#1977));
#1977 = ORIENTED_EDGE('',*,*,#1978,.T.);
#1978 = EDGE_CURVE('',#1979,#1979,#1981,.T.);
#1979 = VERTEX_POINT('',#1980);
#1980 = CARTESIAN_POINT('',(333.54,-140.925,0.));
#1981 = CIRCLE('',#1982,0.875);
#1982 = AXIS2_PLACEMENT_3D('',#1983,#1984,#1985);
#1983 = CARTESIAN_POINT('',(333.54,-140.05,0.));
#1984 = DIRECTION('',(-0.,0.,-1.));
#1985 = DIRECTION('',(-0.,-1.,0.));
#1986 = FACE_BOUND('',#1987,.F.);
#1987 = EDGE_LOOP('',(#1988));
#1988 = ORIENTED_EDGE('',*,*,#1989,.T.);
#1989 = EDGE_CURVE('',#1990,#1990,#1992,.T.);
#1990 = VERTEX_POINT('',#1991);
#1991 = CARTESIAN_POINT('',(338.62,-142.0439,0.));
#1992 = CIRCLE('',#1993,1.9939);
#1993 = AXIS2_PLACEMENT_3D('',#1994,#1995,#1996);
#1994 = CARTESIAN_POINT('',(338.62,-140.05,0.));
#1995 = DIRECTION('',(-0.,0.,-1.));
#1996 = DIRECTION('',(-0.,-1.,0.));
#1997 = FACE_BOUND('',#1998,.F.);
#1998 = EDGE_LOOP('',(#1999));
#1999 = ORIENTED_EDGE('',*,*,#2000,.T.);
#2000 = EDGE_CURVE('',#2001,#2001,#2003,.T.);
#2001 = VERTEX_POINT('',#2002);
#2002 = CARTESIAN_POINT('',(334.81,-139.01,0.));
#2003 = CIRCLE('',#2004,1.5);
#2004 = AXIS2_PLACEMENT_3D('',#2005,#2006,#2007);
#2005 = CARTESIAN_POINT('',(334.81,-137.51,0.));
#2006 = DIRECTION('',(-0.,0.,-1.));
#2007 = DIRECTION('',(-0.,-1.,0.));
#2008 = FACE_BOUND('',#2009,.F.);
#2009 = EDGE_LOOP('',(#2010));
#2010 = ORIENTED_EDGE('',*,*,#2011,.T.);
#2011 = EDGE_CURVE('',#2012,#2012,#2014,.T.);
#2012 = VERTEX_POINT('',#2013);
#2013 = CARTESIAN_POINT('',(341.16,-136.47,0.));
#2014 = CIRCLE('',#2015,1.5);
#2015 = AXIS2_PLACEMENT_3D('',#2016,#2017,#2018);
#2016 = CARTESIAN_POINT('',(341.16,-134.97,0.));
#2017 = DIRECTION('',(-0.,0.,-1.));
#2018 = DIRECTION('',(-0.,-1.,0.));
#2019 = FACE_BOUND('',#2020,.F.);
#2020 = EDGE_LOOP('',(#2021));
#2021 = ORIENTED_EDGE('',*,*,#2022,.T.);
#2022 = EDGE_CURVE('',#2023,#2023,#2025,.T.);
#2023 = VERTEX_POINT('',#2024);
#2024 = CARTESIAN_POINT('',(309.51,-132.51,0.));
#2025 = CIRCLE('',#2026,1.5);
#2026 = AXIS2_PLACEMENT_3D('',#2027,#2028,#2029);
#2027 = CARTESIAN_POINT('',(309.51,-131.01,0.));
#2028 = DIRECTION('',(-0.,0.,-1.));
#2029 = DIRECTION('',(-0.,-1.,0.));
#2030 = FACE_BOUND('',#2031,.F.);
#2031 = EDGE_LOOP('',(#2032));
#2032 = ORIENTED_EDGE('',*,*,#2033,.T.);
#2033 = EDGE_CURVE('',#2034,#2034,#2036,.T.);
#2034 = VERTEX_POINT('',#2035);
#2035 = CARTESIAN_POINT('',(315.86,-129.97,0.));
#2036 = CIRCLE('',#2037,1.5);
#2037 = AXIS2_PLACEMENT_3D('',#2038,#2039,#2040);
#2038 = CARTESIAN_POINT('',(315.86,-128.47,0.));
#2039 = DIRECTION('',(-0.,0.,-1.));
#2040 = DIRECTION('',(-0.,-1.,0.));
#2041 = FACE_BOUND('',#2042,.F.);
#2042 = EDGE_LOOP('',(#2043));
#2043 = ORIENTED_EDGE('',*,*,#2044,.T.);
#2044 = EDGE_CURVE('',#2045,#2045,#2047,.T.);
#2045 = VERTEX_POINT('',#2046);
#2046 = CARTESIAN_POINT('',(343.7,-140.925,0.));
#2047 = CIRCLE('',#2048,0.875);
#2048 = AXIS2_PLACEMENT_3D('',#2049,#2050,#2051);
#2049 = CARTESIAN_POINT('',(343.7,-140.05,0.));
#2050 = DIRECTION('',(-0.,0.,-1.));
#2051 = DIRECTION('',(-0.,-1.,0.));
#2052 = FACE_BOUND('',#2053,.F.);
#2053 = EDGE_LOOP('',(#2054));
#2054 = ORIENTED_EDGE('',*,*,#2055,.T.);
#2055 = EDGE_CURVE('',#2056,#2056,#2058,.T.);
#2056 = VERTEX_POINT('',#2057);
#2057 = CARTESIAN_POINT('',(359.04,-128.005,0.));
#2058 = CIRCLE('',#2059,0.875);
#2059 = AXIS2_PLACEMENT_3D('',#2060,#2061,#2062);
#2060 = CARTESIAN_POINT('',(359.04,-127.13,0.));
#2061 = DIRECTION('',(-0.,0.,-1.));
#2062 = DIRECTION('',(-0.,-1.,0.));
#2063 = FACE_BOUND('',#2064,.F.);
#2064 = EDGE_LOOP('',(#2065));
#2065 = ORIENTED_EDGE('',*,*,#2066,.T.);
#2066 = EDGE_CURVE('',#2067,#2067,#2069,.T.);
#2067 = VERTEX_POINT('',#2068);
#2068 = CARTESIAN_POINT('',(364.12,-129.1239,0.));
#2069 = CIRCLE('',#2070,1.9939);
#2070 = AXIS2_PLACEMENT_3D('',#2071,#2072,#2073);
#2071 = CARTESIAN_POINT('',(364.12,-127.13,0.));
#2072 = DIRECTION('',(-0.,0.,-1.));
#2073 = DIRECTION('',(-0.,-1.,0.));
#2074 = FACE_BOUND('',#2075,.F.);
#2075 = EDGE_LOOP('',(#2076));
#2076 = ORIENTED_EDGE('',*,*,#2077,.T.);
#2077 = EDGE_CURVE('',#2078,#2078,#2080,.T.);
#2078 = VERTEX_POINT('',#2079);
#2079 = CARTESIAN_POINT('',(369.2,-128.005,0.));
#2080 = CIRCLE('',#2081,0.875);
#2081 = AXIS2_PLACEMENT_3D('',#2082,#2083,#2084);
#2082 = CARTESIAN_POINT('',(369.2,-127.13,0.));
#2083 = DIRECTION('',(-0.,0.,-1.));
#2084 = DIRECTION('',(-0.,-1.,0.));
#2085 = FACE_BOUND('',#2086,.F.);
#2086 = EDGE_LOOP('',(#2087));
#2087 = ORIENTED_EDGE('',*,*,#2088,.T.);
#2088 = EDGE_CURVE('',#2089,#2089,#2091,.T.);
#2089 = VERTEX_POINT('',#2090);
#2090 = CARTESIAN_POINT('',(333.514824,-116.075,0.));
#2091 = CIRCLE('',#2092,0.875);
#2092 = AXIS2_PLACEMENT_3D('',#2093,#2094,#2095);
#2093 = CARTESIAN_POINT('',(333.514824,-115.2,0.));
#2094 = DIRECTION('',(-0.,0.,-1.));
#2095 = DIRECTION('',(-0.,-1.,0.));
#2096 = FACE_BOUND('',#2097,.F.);
#2097 = EDGE_LOOP('',(#2098));
#2098 = ORIENTED_EDGE('',*,*,#2099,.T.);
#2099 = EDGE_CURVE('',#2100,#2100,#2102,.T.);
#2100 = VERTEX_POINT('',#2101);
#2101 = CARTESIAN_POINT('',(338.594824,-117.1939,0.));
#2102 = CIRCLE('',#2103,1.9939);
#2103 = AXIS2_PLACEMENT_3D('',#2104,#2105,#2106);
#2104 = CARTESIAN_POINT('',(338.594824,-115.2,0.));
#2105 = DIRECTION('',(-0.,0.,-1.));
#2106 = DIRECTION('',(-0.,-1.,0.));
#2107 = FACE_BOUND('',#2108,.F.);
#2108 = EDGE_LOOP('',(#2109));
#2109 = ORIENTED_EDGE('',*,*,#2110,.T.);
#2110 = EDGE_CURVE('',#2111,#2111,#2113,.T.);
#2111 = VERTEX_POINT('',#2112);
#2112 = CARTESIAN_POINT('',(334.784824,-114.16,0.));
#2113 = CIRCLE('',#2114,1.5);
#2114 = AXIS2_PLACEMENT_3D('',#2115,#2116,#2117);
#2115 = CARTESIAN_POINT('',(334.784824,-112.66,0.));
#2116 = DIRECTION('',(-0.,0.,-1.));
#2117 = DIRECTION('',(-0.,-1.,0.));
#2118 = FACE_BOUND('',#2119,.F.);
#2119 = EDGE_LOOP('',(#2120));
#2120 = ORIENTED_EDGE('',*,*,#2121,.T.);
#2121 = EDGE_CURVE('',#2122,#2122,#2124,.T.);
#2122 = VERTEX_POINT('',#2123);
#2123 = CARTESIAN_POINT('',(360.31,-126.09,0.));
#2124 = CIRCLE('',#2125,1.5);
#2125 = AXIS2_PLACEMENT_3D('',#2126,#2127,#2128);
#2126 = CARTESIAN_POINT('',(360.31,-124.59,0.));
#2127 = DIRECTION('',(-0.,0.,-1.));
#2128 = DIRECTION('',(-0.,-1.,0.));
#2129 = FACE_BOUND('',#2130,.F.);
#2130 = EDGE_LOOP('',(#2131));
#2131 = ORIENTED_EDGE('',*,*,#2132,.T.);
#2132 = EDGE_CURVE('',#2133,#2133,#2135,.T.);
#2133 = VERTEX_POINT('',#2134);
#2134 = CARTESIAN_POINT('',(366.66,-123.55,0.));
#2135 = CIRCLE('',#2136,1.5);
#2136 = AXIS2_PLACEMENT_3D('',#2137,#2138,#2139);
#2137 = CARTESIAN_POINT('',(366.66,-122.05,0.));
#2138 = DIRECTION('',(-0.,0.,-1.));
#2139 = DIRECTION('',(-0.,-1.,0.));
#2140 = FACE_BOUND('',#2141,.F.);
#2141 = EDGE_LOOP('',(#2142));
#2142 = ORIENTED_EDGE('',*,*,#2143,.T.);
#2143 = EDGE_CURVE('',#2144,#2144,#2146,.T.);
#2144 = VERTEX_POINT('',#2145);
#2145 = CARTESIAN_POINT('',(343.674824,-116.075,0.));
#2146 = CIRCLE('',#2147,0.875);
#2147 = AXIS2_PLACEMENT_3D('',#2148,#2149,#2150);
#2148 = CARTESIAN_POINT('',(343.674824,-115.2,0.));
#2149 = DIRECTION('',(-0.,0.,-1.));
#2150 = DIRECTION('',(-0.,-1.,0.));
#2151 = FACE_BOUND('',#2152,.F.);
#2152 = EDGE_LOOP('',(#2153));
#2153 = ORIENTED_EDGE('',*,*,#2154,.T.);
#2154 = EDGE_CURVE('',#2155,#2155,#2157,.T.);
#2155 = VERTEX_POINT('',#2156);
#2156 = CARTESIAN_POINT('',(66.35,-102.655,0.));
#2157 = CIRCLE('',#2158,0.875);
#2158 = AXIS2_PLACEMENT_3D('',#2159,#2160,#2161);
#2159 = CARTESIAN_POINT('',(66.35,-101.78,0.));
#2160 = DIRECTION('',(-0.,0.,-1.));
#2161 = DIRECTION('',(-0.,-1.,0.));
#2162 = FACE_BOUND('',#2163,.F.);
#2163 = EDGE_LOOP('',(#2164));
#2164 = ORIENTED_EDGE('',*,*,#2165,.T.);
#2165 = EDGE_CURVE('',#2166,#2166,#2168,.T.);
#2166 = VERTEX_POINT('',#2167);
#2167 = CARTESIAN_POINT('',(71.43,-103.7739,0.));
#2168 = CIRCLE('',#2169,1.9939);
#2169 = AXIS2_PLACEMENT_3D('',#2170,#2171,#2172);
#2170 = CARTESIAN_POINT('',(71.43,-101.78,0.));
#2171 = DIRECTION('',(-0.,0.,-1.));
#2172 = DIRECTION('',(-0.,-1.,0.));
#2173 = FACE_BOUND('',#2174,.F.);
#2174 = EDGE_LOOP('',(#2175));
#2175 = ORIENTED_EDGE('',*,*,#2176,.T.);
#2176 = EDGE_CURVE('',#2177,#2177,#2179,.T.);
#2177 = VERTEX_POINT('',#2178);
#2178 = CARTESIAN_POINT('',(67.62,-100.74,0.));
#2179 = CIRCLE('',#2180,1.5);
#2180 = AXIS2_PLACEMENT_3D('',#2181,#2182,#2183);
#2181 = CARTESIAN_POINT('',(67.62,-99.24,0.));
#2182 = DIRECTION('',(-0.,0.,-1.));
#2183 = DIRECTION('',(-0.,-1.,0.));
#2184 = FACE_BOUND('',#2185,.F.);
#2185 = EDGE_LOOP('',(#2186));
#2186 = ORIENTED_EDGE('',*,*,#2187,.T.);
#2187 = EDGE_CURVE('',#2188,#2188,#2190,.T.);
#2188 = VERTEX_POINT('',#2189);
#2189 = CARTESIAN_POINT('',(76.51,-102.655,0.));
#2190 = CIRCLE('',#2191,0.875);
#2191 = AXIS2_PLACEMENT_3D('',#2192,#2193,#2194);
#2192 = CARTESIAN_POINT('',(76.51,-101.78,0.));
#2193 = DIRECTION('',(-0.,0.,-1.));
#2194 = DIRECTION('',(-0.,-1.,0.));
#2195 = FACE_BOUND('',#2196,.F.);
#2196 = EDGE_LOOP('',(#2197));
#2197 = ORIENTED_EDGE('',*,*,#2198,.T.);
#2198 = EDGE_CURVE('',#2199,#2199,#2201,.T.);
#2199 = VERTEX_POINT('',#2200);
#2200 = CARTESIAN_POINT('',(73.97,-98.2,0.));
#2201 = CIRCLE('',#2202,1.5);
#2202 = AXIS2_PLACEMENT_3D('',#2203,#2204,#2205);
#2203 = CARTESIAN_POINT('',(73.97,-96.7,0.));
#2204 = DIRECTION('',(-0.,0.,-1.));
#2205 = DIRECTION('',(-0.,-1.,0.));
#2206 = FACE_BOUND('',#2207,.F.);
#2207 = EDGE_LOOP('',(#2208));
#2208 = ORIENTED_EDGE('',*,*,#2209,.T.);
#2209 = EDGE_CURVE('',#2210,#2210,#2212,.T.);
#2210 = VERTEX_POINT('',#2211);
#2211 = CARTESIAN_POINT('',(99.2,-111.84,0.));
#2212 = CIRCLE('',#2213,1.5);
#2213 = AXIS2_PLACEMENT_3D('',#2214,#2215,#2216);
#2214 = CARTESIAN_POINT('',(99.2,-110.34,0.));
#2215 = DIRECTION('',(-0.,0.,-1.));
#2216 = DIRECTION('',(-0.,-1.,0.));
#2217 = FACE_BOUND('',#2218,.F.);
#2218 = EDGE_LOOP('',(#2219));
#2219 = ORIENTED_EDGE('',*,*,#2220,.T.);
#2220 = EDGE_CURVE('',#2221,#2221,#2223,.T.);
#2221 = VERTEX_POINT('',#2222);
#2222 = CARTESIAN_POINT('',(117.02,-109.435,0.));
#2223 = CIRCLE('',#2224,0.875);
#2224 = AXIS2_PLACEMENT_3D('',#2225,#2226,#2227);
#2225 = CARTESIAN_POINT('',(117.02,-108.56,0.));
#2226 = DIRECTION('',(-0.,0.,-1.));
#2227 = DIRECTION('',(-0.,-1.,0.));
#2228 = FACE_BOUND('',#2229,.F.);
#2229 = EDGE_LOOP('',(#2230));
#2230 = ORIENTED_EDGE('',*,*,#2231,.T.);
#2231 = EDGE_CURVE('',#2232,#2232,#2234,.T.);
#2232 = VERTEX_POINT('',#2233);
#2233 = CARTESIAN_POINT('',(122.1,-110.5539,0.));
#2234 = CIRCLE('',#2235,1.9939);
#2235 = AXIS2_PLACEMENT_3D('',#2236,#2237,#2238);
#2236 = CARTESIAN_POINT('',(122.1,-108.56,0.));
#2237 = DIRECTION('',(-0.,0.,-1.));
#2238 = DIRECTION('',(-0.,-1.,0.));
#2239 = FACE_BOUND('',#2240,.F.);
#2240 = EDGE_LOOP('',(#2241));
#2241 = ORIENTED_EDGE('',*,*,#2242,.T.);
#2242 = EDGE_CURVE('',#2243,#2243,#2245,.T.);
#2243 = VERTEX_POINT('',#2244);
#2244 = CARTESIAN_POINT('',(127.18,-109.435,0.));
#2245 = CIRCLE('',#2246,0.875);
#2246 = AXIS2_PLACEMENT_3D('',#2247,#2248,#2249);
#2247 = CARTESIAN_POINT('',(127.18,-108.56,0.));
#2248 = DIRECTION('',(-0.,0.,-1.));
#2249 = DIRECTION('',(-0.,-1.,0.));
#2250 = FACE_BOUND('',#2251,.F.);
#2251 = EDGE_LOOP('',(#2252));
#2252 = ORIENTED_EDGE('',*,*,#2253,.T.);
#2253 = EDGE_CURVE('',#2254,#2254,#2256,.T.);
#2254 = VERTEX_POINT('',#2255);
#2255 = CARTESIAN_POINT('',(118.29,-107.52,0.));
#2256 = CIRCLE('',#2257,1.5);
#2257 = AXIS2_PLACEMENT_3D('',#2258,#2259,#2260);
#2258 = CARTESIAN_POINT('',(118.29,-106.02,0.));
#2259 = DIRECTION('',(-0.,0.,-1.));
#2260 = DIRECTION('',(-0.,-1.,0.));
#2261 = FACE_BOUND('',#2262,.F.);
#2262 = EDGE_LOOP('',(#2263));
#2263 = ORIENTED_EDGE('',*,*,#2264,.T.);
#2264 = EDGE_CURVE('',#2265,#2265,#2267,.T.);
#2265 = VERTEX_POINT('',#2266);
#2266 = CARTESIAN_POINT('',(124.64,-104.98,0.));
#2267 = CIRCLE('',#2268,1.5);
#2268 = AXIS2_PLACEMENT_3D('',#2269,#2270,#2271);
#2269 = CARTESIAN_POINT('',(124.64,-103.48,0.));
#2270 = DIRECTION('',(-0.,0.,-1.));
#2271 = DIRECTION('',(-0.,-1.,0.));
#2272 = FACE_BOUND('',#2273,.F.);
#2273 = EDGE_LOOP('',(#2274));
#2274 = ORIENTED_EDGE('',*,*,#2275,.T.);
#2275 = EDGE_CURVE('',#2276,#2276,#2278,.T.);
#2276 = VERTEX_POINT('',#2277);
#2277 = CARTESIAN_POINT('',(91.59,-90.925,0.));
#2278 = CIRCLE('',#2279,0.875);
#2279 = AXIS2_PLACEMENT_3D('',#2280,#2281,#2282);
#2280 = CARTESIAN_POINT('',(91.59,-90.05,0.));
#2281 = DIRECTION('',(-0.,0.,-1.));
#2282 = DIRECTION('',(-0.,-1.,0.));
#2283 = FACE_BOUND('',#2284,.F.);
#2284 = EDGE_LOOP('',(#2285));
#2285 = ORIENTED_EDGE('',*,*,#2286,.T.);
#2286 = EDGE_CURVE('',#2287,#2287,#2289,.T.);
#2287 = VERTEX_POINT('',#2288);
#2288 = CARTESIAN_POINT('',(92.86,-89.01,0.));
#2289 = CIRCLE('',#2290,1.5);
#2290 = AXIS2_PLACEMENT_3D('',#2291,#2292,#2293);
#2291 = CARTESIAN_POINT('',(92.86,-87.51,0.));
#2292 = DIRECTION('',(-0.,0.,-1.));
#2293 = DIRECTION('',(-0.,-1.,0.));
#2294 = FACE_BOUND('',#2295,.F.);
#2295 = EDGE_LOOP('',(#2296));
#2296 = ORIENTED_EDGE('',*,*,#2297,.T.);
#2297 = EDGE_CURVE('',#2298,#2298,#2300,.T.);
#2298 = VERTEX_POINT('',#2299);
#2299 = CARTESIAN_POINT('',(96.67,-92.0439,0.));
#2300 = CIRCLE('',#2301,1.9939);
#2301 = AXIS2_PLACEMENT_3D('',#2302,#2303,#2304);
#2302 = CARTESIAN_POINT('',(96.67,-90.05,0.));
#2303 = DIRECTION('',(-0.,0.,-1.));
#2304 = DIRECTION('',(-0.,-1.,0.));
#2305 = FACE_BOUND('',#2306,.F.);
#2306 = EDGE_LOOP('',(#2307));
#2307 = ORIENTED_EDGE('',*,*,#2308,.T.);
#2308 = EDGE_CURVE('',#2309,#2309,#2311,.T.);
#2309 = VERTEX_POINT('',#2310);
#2310 = CARTESIAN_POINT('',(101.75,-90.925,0.));
#2311 = CIRCLE('',#2312,0.875);
#2312 = AXIS2_PLACEMENT_3D('',#2313,#2314,#2315);
#2313 = CARTESIAN_POINT('',(101.75,-90.05,0.));
#2314 = DIRECTION('',(-0.,0.,-1.));
#2315 = DIRECTION('',(-0.,-1.,0.));
#2316 = FACE_BOUND('',#2317,.F.);
#2317 = EDGE_LOOP('',(#2318));
#2318 = ORIENTED_EDGE('',*,*,#2319,.T.);
#2319 = EDGE_CURVE('',#2320,#2320,#2322,.T.);
#2320 = VERTEX_POINT('',#2321);
#2321 = CARTESIAN_POINT('',(99.21,-86.47,0.));
#2322 = CIRCLE('',#2323,1.5);
#2323 = AXIS2_PLACEMENT_3D('',#2324,#2325,#2326);
#2324 = CARTESIAN_POINT('',(99.21,-84.97,0.));
#2325 = DIRECTION('',(-0.,0.,-1.));
#2326 = DIRECTION('',(-0.,-1.,0.));
#2327 = FACE_BOUND('',#2328,.F.);
#2328 = EDGE_LOOP('',(#2329));
#2329 = ORIENTED_EDGE('',*,*,#2330,.T.);
#2330 = EDGE_CURVE('',#2331,#2331,#2333,.T.);
#2331 = VERTEX_POINT('',#2332);
#2332 = CARTESIAN_POINT('',(117.01,-84.075,0.));
#2333 = CIRCLE('',#2334,0.875);
#2334 = AXIS2_PLACEMENT_3D('',#2335,#2336,#2337);
#2335 = CARTESIAN_POINT('',(117.01,-83.2,0.));
#2336 = DIRECTION('',(-0.,0.,-1.));
#2337 = DIRECTION('',(-0.,-1.,0.));
#2338 = FACE_BOUND('',#2339,.F.);
#2339 = EDGE_LOOP('',(#2340));
#2340 = ORIENTED_EDGE('',*,*,#2341,.T.);
#2341 = EDGE_CURVE('',#2342,#2342,#2344,.T.);
#2342 = VERTEX_POINT('',#2343);
#2343 = CARTESIAN_POINT('',(122.09,-85.1939,0.));
#2344 = CIRCLE('',#2345,1.9939);
#2345 = AXIS2_PLACEMENT_3D('',#2346,#2347,#2348);
#2346 = CARTESIAN_POINT('',(122.09,-83.2,0.));
#2347 = DIRECTION('',(-0.,0.,-1.));
#2348 = DIRECTION('',(-0.,-1.,0.));
#2349 = FACE_BOUND('',#2350,.F.);
#2350 = EDGE_LOOP('',(#2351));
#2351 = ORIENTED_EDGE('',*,*,#2352,.T.);
#2352 = EDGE_CURVE('',#2353,#2353,#2355,.T.);
#2353 = VERTEX_POINT('',#2354);
#2354 = CARTESIAN_POINT('',(127.17,-84.075,0.));
#2355 = CIRCLE('',#2356,0.875);
#2356 = AXIS2_PLACEMENT_3D('',#2357,#2358,#2359);
#2357 = CARTESIAN_POINT('',(127.17,-83.2,0.));
#2358 = DIRECTION('',(-0.,0.,-1.));
#2359 = DIRECTION('',(1.624097681737E-14,-1.,-0.));
#2360 = FACE_BOUND('',#2361,.F.);
#2361 = EDGE_LOOP('',(#2362));
#2362 = ORIENTED_EDGE('',*,*,#2363,.T.);
#2363 = EDGE_CURVE('',#2364,#2364,#2366,.T.);
#2364 = VERTEX_POINT('',#2365);
#2365 = CARTESIAN_POINT('',(150.034824,-111.35,0.));
#2366 = CIRCLE('',#2367,1.5);
#2367 = AXIS2_PLACEMENT_3D('',#2368,#2369,#2370);
#2368 = CARTESIAN_POINT('',(150.034824,-109.85,0.));
#2369 = DIRECTION('',(-0.,0.,-1.));
#2370 = DIRECTION('',(-0.,-1.,0.));
#2371 = FACE_BOUND('',#2372,.F.);
#2372 = EDGE_LOOP('',(#2373));
#2373 = ORIENTED_EDGE('',*,*,#2374,.T.);
#2374 = EDGE_CURVE('',#2375,#2375,#2377,.T.);
#2375 = VERTEX_POINT('',#2376);
#2376 = CARTESIAN_POINT('',(167.72,-98.965,0.));
#2377 = CIRCLE('',#2378,0.875);
#2378 = AXIS2_PLACEMENT_3D('',#2379,#2380,#2381);
#2379 = CARTESIAN_POINT('',(167.72,-98.09,0.));
#2380 = DIRECTION('',(-0.,0.,-1.));
#2381 = DIRECTION('',(-0.,-1.,0.));
#2382 = FACE_BOUND('',#2383,.F.);
#2383 = EDGE_LOOP('',(#2384));
#2384 = ORIENTED_EDGE('',*,*,#2385,.T.);
#2385 = EDGE_CURVE('',#2386,#2386,#2388,.T.);
#2386 = VERTEX_POINT('',#2387);
#2387 = CARTESIAN_POINT('',(172.8,-100.0839,0.));
#2388 = CIRCLE('',#2389,1.9939);
#2389 = AXIS2_PLACEMENT_3D('',#2390,#2391,#2392);
#2390 = CARTESIAN_POINT('',(172.8,-98.09,0.));
#2391 = DIRECTION('',(-0.,0.,-1.));
#2392 = DIRECTION('',(-0.,-1.,0.));
#2393 = FACE_BOUND('',#2394,.F.);
#2394 = EDGE_LOOP('',(#2395));
#2395 = ORIENTED_EDGE('',*,*,#2396,.T.);
#2396 = EDGE_CURVE('',#2397,#2397,#2399,.T.);
#2397 = VERTEX_POINT('',#2398);
#2398 = CARTESIAN_POINT('',(177.88,-98.965,0.));
#2399 = CIRCLE('',#2400,0.875);
#2400 = AXIS2_PLACEMENT_3D('',#2401,#2402,#2403);
#2401 = CARTESIAN_POINT('',(177.88,-98.09,0.));
#2402 = DIRECTION('',(-0.,0.,-1.));
#2403 = DIRECTION('',(-0.,-1.,0.));
#2404 = FACE_BOUND('',#2405,.F.);
#2405 = EDGE_LOOP('',(#2406));
#2406 = ORIENTED_EDGE('',*,*,#2407,.T.);
#2407 = EDGE_CURVE('',#2408,#2408,#2410,.T.);
#2408 = VERTEX_POINT('',#2409);
#2409 = CARTESIAN_POINT('',(142.39,-90.875,0.));
#2410 = CIRCLE('',#2411,0.875);
#2411 = AXIS2_PLACEMENT_3D('',#2412,#2413,#2414);
#2412 = CARTESIAN_POINT('',(142.39,-90.,0.));
#2413 = DIRECTION('',(-0.,0.,-1.));
#2414 = DIRECTION('',(-0.,-1.,0.));
#2415 = FACE_BOUND('',#2416,.F.);
#2416 = EDGE_LOOP('',(#2417));
#2417 = ORIENTED_EDGE('',*,*,#2418,.T.);
#2418 = EDGE_CURVE('',#2419,#2419,#2421,.T.);
#2419 = VERTEX_POINT('',#2420);
#2420 = CARTESIAN_POINT('',(147.47,-91.9939,0.));
#2421 = CIRCLE('',#2422,1.9939);
#2422 = AXIS2_PLACEMENT_3D('',#2423,#2424,#2425);
#2423 = CARTESIAN_POINT('',(147.47,-90.,0.));
#2424 = DIRECTION('',(-0.,0.,-1.));
#2425 = DIRECTION('',(-0.,-1.,0.));
#2426 = FACE_BOUND('',#2427,.F.);
#2427 = EDGE_LOOP('',(#2428));
#2428 = ORIENTED_EDGE('',*,*,#2429,.T.);
#2429 = EDGE_CURVE('',#2430,#2430,#2432,.T.);
#2430 = VERTEX_POINT('',#2431);
#2431 = CARTESIAN_POINT('',(152.55,-90.875,0.));
#2432 = CIRCLE('',#2433,0.875);
#2433 = AXIS2_PLACEMENT_3D('',#2434,#2435,#2436);
#2434 = CARTESIAN_POINT('',(152.55,-90.,0.));
#2435 = DIRECTION('',(-0.,0.,-1.));
#2436 = DIRECTION('',(-0.,-1.,0.));
#2437 = FACE_BOUND('',#2438,.F.);
#2438 = EDGE_LOOP('',(#2439));
#2439 = ORIENTED_EDGE('',*,*,#2440,.T.);
#2440 = EDGE_CURVE('',#2441,#2441,#2443,.T.);
#2441 = VERTEX_POINT('',#2442);
#2442 = CARTESIAN_POINT('',(168.99,-97.05,0.));
#2443 = CIRCLE('',#2444,1.5);
#2444 = AXIS2_PLACEMENT_3D('',#2445,#2446,#2447);
#2445 = CARTESIAN_POINT('',(168.99,-95.55,0.));
#2446 = DIRECTION('',(-0.,0.,-1.));
#2447 = DIRECTION('',(-0.,-1.,0.));
#2448 = FACE_BOUND('',#2449,.F.);
#2449 = EDGE_LOOP('',(#2450));
#2450 = ORIENTED_EDGE('',*,*,#2451,.T.);
#2451 = EDGE_CURVE('',#2452,#2452,#2454,.T.);
#2452 = VERTEX_POINT('',#2453);
#2453 = CARTESIAN_POINT('',(175.34,-94.51,0.));
#2454 = CIRCLE('',#2455,1.5);
#2455 = AXIS2_PLACEMENT_3D('',#2456,#2457,#2458);
#2456 = CARTESIAN_POINT('',(175.34,-93.01,0.));
#2457 = DIRECTION('',(-0.,0.,-1.));
#2458 = DIRECTION('',(-0.,-1.,0.));
#2459 = FACE_BOUND('',#2460,.F.);
#2460 = EDGE_LOOP('',(#2461));
#2461 = ORIENTED_EDGE('',*,*,#2462,.T.);
#2462 = EDGE_CURVE('',#2463,#2463,#2465,.T.);
#2463 = VERTEX_POINT('',#2464);
#2464 = CARTESIAN_POINT('',(143.66,-88.96,0.));
#2465 = CIRCLE('',#2466,1.5);
#2466 = AXIS2_PLACEMENT_3D('',#2467,#2468,#2469);
#2467 = CARTESIAN_POINT('',(143.66,-87.46,0.));
#2468 = DIRECTION('',(-0.,0.,-1.));
#2469 = DIRECTION('',(-0.,-1.,0.));
#2470 = FACE_BOUND('',#2471,.F.);
#2471 = EDGE_LOOP('',(#2472));
#2472 = ORIENTED_EDGE('',*,*,#2473,.T.);
#2473 = EDGE_CURVE('',#2474,#2474,#2476,.T.);
#2474 = VERTEX_POINT('',#2475);
#2475 = CARTESIAN_POINT('',(150.01,-86.42,0.));
#2476 = CIRCLE('',#2477,1.5);
#2477 = AXIS2_PLACEMENT_3D('',#2478,#2479,#2480);
#2478 = CARTESIAN_POINT('',(150.01,-84.92,0.));
#2479 = DIRECTION('',(-0.,0.,-1.));
#2480 = DIRECTION('',(-0.,-1.,0.));
#2481 = FACE_BOUND('',#2482,.F.);
#2482 = EDGE_LOOP('',(#2483));
#2483 = ORIENTED_EDGE('',*,*,#2484,.T.);
#2484 = EDGE_CURVE('',#2485,#2485,#2487,.T.);
#2485 = VERTEX_POINT('',#2486);
#2486 = CARTESIAN_POINT('',(66.36,-77.485,0.));
#2487 = CIRCLE('',#2488,0.875);
#2488 = AXIS2_PLACEMENT_3D('',#2489,#2490,#2491);
#2489 = CARTESIAN_POINT('',(66.36,-76.61,0.));
#2490 = DIRECTION('',(-0.,0.,-1.));
#2491 = DIRECTION('',(-0.,-1.,0.));
#2492 = FACE_BOUND('',#2493,.F.);
#2493 = EDGE_LOOP('',(#2494));
#2494 = ORIENTED_EDGE('',*,*,#2495,.T.);
#2495 = EDGE_CURVE('',#2496,#2496,#2498,.T.);
#2496 = VERTEX_POINT('',#2497);
#2497 = CARTESIAN_POINT('',(71.44,-78.6039,0.));
#2498 = CIRCLE('',#2499,1.9939);
#2499 = AXIS2_PLACEMENT_3D('',#2500,#2501,#2502);
#2500 = CARTESIAN_POINT('',(71.44,-76.61,0.));
#2501 = DIRECTION('',(-0.,0.,-1.));
#2502 = DIRECTION('',(-0.,-1.,0.));
#2503 = FACE_BOUND('',#2504,.F.);
#2504 = EDGE_LOOP('',(#2505));
#2505 = ORIENTED_EDGE('',*,*,#2506,.T.);
#2506 = EDGE_CURVE('',#2507,#2507,#2509,.T.);
#2507 = VERTEX_POINT('',#2508);
#2508 = CARTESIAN_POINT('',(67.63,-75.57,0.));
#2509 = CIRCLE('',#2510,1.5);
#2510 = AXIS2_PLACEMENT_3D('',#2511,#2512,#2513);
#2511 = CARTESIAN_POINT('',(67.63,-74.07,0.));
#2512 = DIRECTION('',(-0.,0.,-1.));
#2513 = DIRECTION('',(-0.,-1.,0.));
#2514 = FACE_BOUND('',#2515,.F.);
#2515 = EDGE_LOOP('',(#2516));
#2516 = ORIENTED_EDGE('',*,*,#2517,.T.);
#2517 = EDGE_CURVE('',#2518,#2518,#2520,.T.);
#2518 = VERTEX_POINT('',#2519);
#2519 = CARTESIAN_POINT('',(76.52,-77.485,0.));
#2520 = CIRCLE('',#2521,0.875);
#2521 = AXIS2_PLACEMENT_3D('',#2522,#2523,#2524);
#2522 = CARTESIAN_POINT('',(76.52,-76.61,0.));
#2523 = DIRECTION('',(-0.,0.,-1.));
#2524 = DIRECTION('',(-0.,-1.,0.));
#2525 = FACE_BOUND('',#2526,.F.);
#2526 = EDGE_LOOP('',(#2527));
#2527 = ORIENTED_EDGE('',*,*,#2528,.T.);
#2528 = EDGE_CURVE('',#2529,#2529,#2531,.T.);
#2529 = VERTEX_POINT('',#2530);
#2530 = CARTESIAN_POINT('',(73.98,-73.03,0.));
#2531 = CIRCLE('',#2532,1.5);
#2532 = AXIS2_PLACEMENT_3D('',#2533,#2534,#2535);
#2533 = CARTESIAN_POINT('',(73.98,-71.53,0.));
#2534 = DIRECTION('',(-0.,0.,-1.));
#2535 = DIRECTION('',(-0.,-1.,0.));
#2536 = FACE_BOUND('',#2537,.F.);
#2537 = EDGE_LOOP('',(#2538));
#2538 = ORIENTED_EDGE('',*,*,#2539,.T.);
#2539 = EDGE_CURVE('',#2540,#2540,#2542,.T.);
#2540 = VERTEX_POINT('',#2541);
#2541 = CARTESIAN_POINT('',(118.28,-82.16,0.));
#2542 = CIRCLE('',#2543,1.5);
#2543 = AXIS2_PLACEMENT_3D('',#2544,#2545,#2546);
#2544 = CARTESIAN_POINT('',(118.28,-80.66,0.));
#2545 = DIRECTION('',(-0.,0.,-1.));
#2546 = DIRECTION('',(-0.,-1.,0.));
#2547 = FACE_BOUND('',#2548,.F.);
#2548 = EDGE_LOOP('',(#2549));
#2549 = ORIENTED_EDGE('',*,*,#2550,.T.);
#2550 = EDGE_CURVE('',#2551,#2551,#2553,.T.);
#2551 = VERTEX_POINT('',#2552);
#2552 = CARTESIAN_POINT('',(124.63,-79.62,0.));
#2553 = CIRCLE('',#2554,1.5);
#2554 = AXIS2_PLACEMENT_3D('',#2555,#2556,#2557);
#2555 = CARTESIAN_POINT('',(124.63,-78.12,0.));
#2556 = DIRECTION('',(-0.,0.,-1.));
#2557 = DIRECTION('',(-0.,-1.,0.));
#2558 = FACE_BOUND('',#2559,.F.);
#2559 = EDGE_LOOP('',(#2560));
#2560 = ORIENTED_EDGE('',*,*,#2561,.T.);
#2561 = EDGE_CURVE('',#2562,#2562,#2564,.T.);
#2562 = VERTEX_POINT('',#2563);
#2563 = CARTESIAN_POINT('',(53.566193,-67.606193,0.));
#2564 = CIRCLE('',#2565,1.6);
#2565 = AXIS2_PLACEMENT_3D('',#2566,#2567,#2568);
#2566 = CARTESIAN_POINT('',(53.566193,-66.006193,0.));
#2567 = DIRECTION('',(-0.,0.,-1.));
#2568 = DIRECTION('',(-0.,-1.,0.));
#2569 = FACE_BOUND('',#2570,.F.);
#2570 = EDGE_LOOP('',(#2571));
#2571 = ORIENTED_EDGE('',*,*,#2572,.T.);
#2572 = EDGE_CURVE('',#2573,#2573,#2575,.T.);
#2573 = VERTEX_POINT('',#2574);
#2574 = CARTESIAN_POINT('',(91.55,-65.305,0.));
#2575 = CIRCLE('',#2576,0.875);
#2576 = AXIS2_PLACEMENT_3D('',#2577,#2578,#2579);
#2577 = CARTESIAN_POINT('',(91.55,-64.43,0.));
#2578 = DIRECTION('',(-0.,0.,-1.));
#2579 = DIRECTION('',(-0.,-1.,0.));
#2580 = FACE_BOUND('',#2581,.F.);
#2581 = EDGE_LOOP('',(#2582));
#2582 = ORIENTED_EDGE('',*,*,#2583,.T.);
#2583 = EDGE_CURVE('',#2584,#2584,#2586,.T.);
#2584 = VERTEX_POINT('',#2585);
#2585 = CARTESIAN_POINT('',(92.82,-63.39,0.));
#2586 = CIRCLE('',#2587,1.5);
#2587 = AXIS2_PLACEMENT_3D('',#2588,#2589,#2590);
#2588 = CARTESIAN_POINT('',(92.82,-61.89,0.));
#2589 = DIRECTION('',(-0.,0.,-1.));
#2590 = DIRECTION('',(-0.,-1.,0.));
#2591 = FACE_BOUND('',#2592,.F.);
#2592 = EDGE_LOOP('',(#2593));
#2593 = ORIENTED_EDGE('',*,*,#2594,.T.);
#2594 = EDGE_CURVE('',#2595,#2595,#2597,.T.);
#2595 = VERTEX_POINT('',#2596);
#2596 = CARTESIAN_POINT('',(96.63,-66.4239,0.));
#2597 = CIRCLE('',#2598,1.9939);
#2598 = AXIS2_PLACEMENT_3D('',#2599,#2600,#2601);
#2599 = CARTESIAN_POINT('',(96.63,-64.43,0.));
#2600 = DIRECTION('',(-0.,0.,-1.));
#2601 = DIRECTION('',(-0.,-1.,0.));
#2602 = FACE_BOUND('',#2603,.F.);
#2603 = EDGE_LOOP('',(#2604));
#2604 = ORIENTED_EDGE('',*,*,#2605,.T.);
#2605 = EDGE_CURVE('',#2606,#2606,#2608,.T.);
#2606 = VERTEX_POINT('',#2607);
#2607 = CARTESIAN_POINT('',(101.71,-65.305,0.));
#2608 = CIRCLE('',#2609,0.875);
#2609 = AXIS2_PLACEMENT_3D('',#2610,#2611,#2612);
#2610 = CARTESIAN_POINT('',(101.71,-64.43,0.));
#2611 = DIRECTION('',(-0.,0.,-1.));
#2612 = DIRECTION('',(-0.,-1.,0.));
#2613 = FACE_BOUND('',#2614,.F.);
#2614 = EDGE_LOOP('',(#2615));
#2615 = ORIENTED_EDGE('',*,*,#2616,.T.);
#2616 = EDGE_CURVE('',#2617,#2617,#2619,.T.);
#2617 = VERTEX_POINT('',#2618);
#2618 = CARTESIAN_POINT('',(99.17,-60.85,0.));
#2619 = CIRCLE('',#2620,1.5);
#2620 = AXIS2_PLACEMENT_3D('',#2621,#2622,#2623);
#2621 = CARTESIAN_POINT('',(99.17,-59.35,0.));
#2622 = DIRECTION('',(-0.,0.,-1.));
#2623 = DIRECTION('',(-0.,-1.,0.));
#2624 = FACE_BOUND('',#2625,.F.);
#2625 = EDGE_LOOP('',(#2626));
#2626 = ORIENTED_EDGE('',*,*,#2627,.T.);
#2627 = EDGE_CURVE('',#2628,#2628,#2630,.T.);
#2628 = VERTEX_POINT('',#2629);
#2629 = CARTESIAN_POINT('',(116.984824,-58.895,0.));
#2630 = CIRCLE('',#2631,0.875);
#2631 = AXIS2_PLACEMENT_3D('',#2632,#2633,#2634);
#2632 = CARTESIAN_POINT('',(116.984824,-58.02,0.));
#2633 = DIRECTION('',(-0.,0.,-1.));
#2634 = DIRECTION('',(-0.,-1.,0.));
#2635 = FACE_BOUND('',#2636,.F.);
#2636 = EDGE_LOOP('',(#2637));
#2637 = ORIENTED_EDGE('',*,*,#2638,.T.);
#2638 = EDGE_CURVE('',#2639,#2639,#2641,.T.);
#2639 = VERTEX_POINT('',#2640);
#2640 = CARTESIAN_POINT('',(122.064824,-60.0139,0.));
#2641 = CIRCLE('',#2642,1.9939);
#2642 = AXIS2_PLACEMENT_3D('',#2643,#2644,#2645);
#2643 = CARTESIAN_POINT('',(122.064824,-58.02,0.));
#2644 = DIRECTION('',(-0.,0.,-1.));
#2645 = DIRECTION('',(-0.,-1.,0.));
#2646 = FACE_BOUND('',#2647,.F.);
#2647 = EDGE_LOOP('',(#2648));
#2648 = ORIENTED_EDGE('',*,*,#2649,.T.);
#2649 = EDGE_CURVE('',#2650,#2650,#2652,.T.);
#2650 = VERTEX_POINT('',#2651);
#2651 = CARTESIAN_POINT('',(118.254824,-56.98,0.));
#2652 = CIRCLE('',#2653,1.5);
#2653 = AXIS2_PLACEMENT_3D('',#2654,#2655,#2656);
#2654 = CARTESIAN_POINT('',(118.254824,-55.48,0.));
#2655 = DIRECTION('',(-0.,0.,-1.));
#2656 = DIRECTION('',(-0.,-1.,0.));
#2657 = FACE_BOUND('',#2658,.F.);
#2658 = EDGE_LOOP('',(#2659));
#2659 = ORIENTED_EDGE('',*,*,#2660,.T.);
#2660 = EDGE_CURVE('',#2661,#2661,#2663,.T.);
#2661 = VERTEX_POINT('',#2662);
#2662 = CARTESIAN_POINT('',(127.144824,-58.895,0.));
#2663 = CIRCLE('',#2664,0.875);
#2664 = AXIS2_PLACEMENT_3D('',#2665,#2666,#2667);
#2665 = CARTESIAN_POINT('',(127.144824,-58.02,0.));
#2666 = DIRECTION('',(-0.,0.,-1.));
#2667 = DIRECTION('',(-0.,-1.,0.));
#2668 = FACE_BOUND('',#2669,.F.);
#2669 = EDGE_LOOP('',(#2670));
#2670 = ORIENTED_EDGE('',*,*,#2671,.T.);
#2671 = EDGE_CURVE('',#2672,#2672,#2674,.T.);
#2672 = VERTEX_POINT('',#2673);
#2673 = CARTESIAN_POINT('',(124.604824,-54.44,0.));
#2674 = CIRCLE('',#2675,1.5);
#2675 = AXIS2_PLACEMENT_3D('',#2676,#2677,#2678);
#2676 = CARTESIAN_POINT('',(124.604824,-52.94,0.));
#2677 = DIRECTION('',(-0.,0.,-1.));
#2678 = DIRECTION('',(-0.,-1.,0.));
#2679 = FACE_BOUND('',#2680,.F.);
#2680 = EDGE_LOOP('',(#2681));
#2681 = ORIENTED_EDGE('',*,*,#2682,.T.);
#2682 = EDGE_CURVE('',#2683,#2683,#2685,.T.);
#2683 = VERTEX_POINT('',#2684);
#2684 = CARTESIAN_POINT('',(167.704824,-73.625,0.));
#2685 = CIRCLE('',#2686,0.875);
#2686 = AXIS2_PLACEMENT_3D('',#2687,#2688,#2689);
#2687 = CARTESIAN_POINT('',(167.704824,-72.75,0.));
#2688 = DIRECTION('',(-0.,0.,-1.));
#2689 = DIRECTION('',(-0.,-1.,0.));
#2690 = FACE_BOUND('',#2691,.F.);
#2691 = EDGE_LOOP('',(#2692));
#2692 = ORIENTED_EDGE('',*,*,#2693,.T.);
#2693 = EDGE_CURVE('',#2694,#2694,#2696,.T.);
#2694 = VERTEX_POINT('',#2695);
#2695 = CARTESIAN_POINT('',(172.784824,-74.7439,0.));
#2696 = CIRCLE('',#2697,1.9939);
#2697 = AXIS2_PLACEMENT_3D('',#2698,#2699,#2700);
#2698 = CARTESIAN_POINT('',(172.784824,-72.75,0.));
#2699 = DIRECTION('',(-0.,0.,-1.));
#2700 = DIRECTION('',(-1.425433042299E-14,-1.,0.));
#2701 = FACE_BOUND('',#2702,.F.);
#2702 = EDGE_LOOP('',(#2703));
#2703 = ORIENTED_EDGE('',*,*,#2704,.T.);
#2704 = EDGE_CURVE('',#2705,#2705,#2707,.T.);
#2705 = VERTEX_POINT('',#2706);
#2706 = CARTESIAN_POINT('',(168.974824,-71.71,0.));
#2707 = CIRCLE('',#2708,1.5);
#2708 = AXIS2_PLACEMENT_3D('',#2709,#2710,#2711);
#2709 = CARTESIAN_POINT('',(168.974824,-70.21,0.));
#2710 = DIRECTION('',(-0.,0.,-1.));
#2711 = DIRECTION('',(-0.,-1.,0.));
#2712 = FACE_BOUND('',#2713,.F.);
#2713 = EDGE_LOOP('',(#2714));
#2714 = ORIENTED_EDGE('',*,*,#2715,.T.);
#2715 = EDGE_CURVE('',#2716,#2716,#2718,.T.);
#2716 = VERTEX_POINT('',#2717);
#2717 = CARTESIAN_POINT('',(175.324824,-69.17,0.));
#2718 = CIRCLE('',#2719,1.5);
#2719 = AXIS2_PLACEMENT_3D('',#2720,#2721,#2722);
#2720 = CARTESIAN_POINT('',(175.324824,-67.67,0.));
#2721 = DIRECTION('',(-0.,0.,-1.));
#2722 = DIRECTION('',(-0.,-1.,0.));
#2723 = FACE_BOUND('',#2724,.F.);
#2724 = EDGE_LOOP('',(#2725));
#2725 = ORIENTED_EDGE('',*,*,#2726,.T.);
#2726 = EDGE_CURVE('',#2727,#2727,#2729,.T.);
#2727 = VERTEX_POINT('',#2728);
#2728 = CARTESIAN_POINT('',(202.32,-77.24,0.));
#2729 = CIRCLE('',#2730,1.25);
#2730 = AXIS2_PLACEMENT_3D('',#2731,#2732,#2733);
#2731 = CARTESIAN_POINT('',(202.32,-75.99,0.));
#2732 = DIRECTION('',(-0.,0.,-1.));
#2733 = DIRECTION('',(-0.,-1.,0.));
#2734 = FACE_BOUND('',#2735,.F.);
#2735 = EDGE_LOOP('',(#2736));
#2736 = ORIENTED_EDGE('',*,*,#2737,.T.);
#2737 = EDGE_CURVE('',#2738,#2738,#2740,.T.);
#2738 = VERTEX_POINT('',#2739);
#2739 = CARTESIAN_POINT('',(215.65,-74.13,0.));
#2740 = CIRCLE('',#2741,0.25);
#2741 = AXIS2_PLACEMENT_3D('',#2742,#2743,#2744);
#2742 = CARTESIAN_POINT('',(215.65,-73.88,0.));
#2743 = DIRECTION('',(-0.,0.,-1.));
#2744 = DIRECTION('',(-0.,-1.,0.));
#2745 = FACE_BOUND('',#2746,.F.);
#2746 = EDGE_LOOP('',(#2747));
#2747 = ORIENTED_EDGE('',*,*,#2748,.T.);
#2748 = EDGE_CURVE('',#2749,#2749,#2751,.T.);
#2749 = VERTEX_POINT('',#2750);
#2750 = CARTESIAN_POINT('',(177.864824,-73.625,0.));
#2751 = CIRCLE('',#2752,0.875);
#2752 = AXIS2_PLACEMENT_3D('',#2753,#2754,#2755);
#2753 = CARTESIAN_POINT('',(177.864824,-72.75,0.));
#2754 = DIRECTION('',(-0.,0.,-1.));
#2755 = DIRECTION('',(-0.,-1.,0.));
#2756 = FACE_BOUND('',#2757,.F.);
#2757 = EDGE_LOOP('',(#2758));
#2758 = ORIENTED_EDGE('',*,*,#2759,.T.);
#2759 = EDGE_CURVE('',#2760,#2760,#2762,.T.);
#2760 = VERTEX_POINT('',#2761);
#2761 = CARTESIAN_POINT('',(202.32,-73.84,0.));
#2762 = CIRCLE('',#2763,1.25);
#2763 = AXIS2_PLACEMENT_3D('',#2764,#2765,#2766);
#2764 = CARTESIAN_POINT('',(202.32,-72.59,0.));
#2765 = DIRECTION('',(-0.,0.,-1.));
#2766 = DIRECTION('',(-0.,-1.,0.));
#2767 = FACE_BOUND('',#2768,.F.);
#2768 = EDGE_LOOP('',(#2769));
#2769 = ORIENTED_EDGE('',*,*,#2770,.T.);
#2770 = EDGE_CURVE('',#2771,#2771,#2773,.T.);
#2771 = VERTEX_POINT('',#2772);
#2772 = CARTESIAN_POINT('',(215.65,-73.38,0.));
#2773 = CIRCLE('',#2774,0.25);
#2774 = AXIS2_PLACEMENT_3D('',#2775,#2776,#2777);
#2775 = CARTESIAN_POINT('',(215.65,-73.13,0.));
#2776 = DIRECTION('',(-0.,0.,-1.));
#2777 = DIRECTION('',(-0.,-1.,0.));
#2778 = FACE_BOUND('',#2779,.F.);
#2779 = EDGE_LOOP('',(#2780));
#2780 = ORIENTED_EDGE('',*,*,#2781,.T.);
#2781 = EDGE_CURVE('',#2782,#2782,#2784,.T.);
#2782 = VERTEX_POINT('',#2783);
#2783 = CARTESIAN_POINT('',(215.65,-72.63,0.));
#2784 = CIRCLE('',#2785,0.25);
#2785 = AXIS2_PLACEMENT_3D('',#2786,#2787,#2788);
#2786 = CARTESIAN_POINT('',(215.65,-72.38,0.));
#2787 = DIRECTION('',(-0.,0.,-1.));
#2788 = DIRECTION('',(-0.,-1.,0.));
#2789 = FACE_BOUND('',#2790,.F.);
#2790 = EDGE_LOOP('',(#2791));
#2791 = ORIENTED_EDGE('',*,*,#2792,.T.);
#2792 = EDGE_CURVE('',#2793,#2793,#2795,.T.);
#2793 = VERTEX_POINT('',#2794);
#2794 = CARTESIAN_POINT('',(215.65,-71.88,0.));
#2795 = CIRCLE('',#2796,0.25);
#2796 = AXIS2_PLACEMENT_3D('',#2797,#2798,#2799);
#2797 = CARTESIAN_POINT('',(215.65,-71.63,0.));
#2798 = DIRECTION('',(-0.,0.,-1.));
#2799 = DIRECTION('',(-0.,-1.,0.));
#2800 = FACE_BOUND('',#2801,.F.);
#2801 = EDGE_LOOP('',(#2802));
#2802 = ORIENTED_EDGE('',*,*,#2803,.T.);
#2803 = EDGE_CURVE('',#2804,#2804,#2806,.T.);
#2804 = VERTEX_POINT('',#2805);
#2805 = CARTESIAN_POINT('',(215.65,-71.13,0.));
#2806 = CIRCLE('',#2807,0.25);
#2807 = AXIS2_PLACEMENT_3D('',#2808,#2809,#2810);
#2808 = CARTESIAN_POINT('',(215.65,-70.88,0.));
#2809 = DIRECTION('',(-0.,0.,-1.));
#2810 = DIRECTION('',(-0.,-1.,0.));
#2811 = FACE_BOUND('',#2812,.F.);
#2812 = EDGE_LOOP('',(#2813));
#2813 = ORIENTED_EDGE('',*,*,#2814,.T.);
#2814 = EDGE_CURVE('',#2815,#2815,#2817,.T.);
#2815 = VERTEX_POINT('',#2816);
#2816 = CARTESIAN_POINT('',(215.65,-70.38,0.));
#2817 = CIRCLE('',#2818,0.25);
#2818 = AXIS2_PLACEMENT_3D('',#2819,#2820,#2821);
#2819 = CARTESIAN_POINT('',(215.65,-70.13,0.));
#2820 = DIRECTION('',(-0.,0.,-1.));
#2821 = DIRECTION('',(-0.,-1.,0.));
#2822 = FACE_BOUND('',#2823,.F.);
#2823 = EDGE_LOOP('',(#2824));
#2824 = ORIENTED_EDGE('',*,*,#2825,.T.);
#2825 = EDGE_CURVE('',#2826,#2826,#2828,.T.);
#2826 = VERTEX_POINT('',#2827);
#2827 = CARTESIAN_POINT('',(210.903806,-71.296194,0.));
#2828 = CIRCLE('',#2829,1.6);
#2829 = AXIS2_PLACEMENT_3D('',#2830,#2831,#2832);
#2830 = CARTESIAN_POINT('',(210.903806,-69.696194,0.));
#2831 = DIRECTION('',(-0.,0.,-1.));
#2832 = DIRECTION('',(-0.,-1.,0.));
#2833 = FACE_BOUND('',#2834,.F.);
#2834 = EDGE_LOOP('',(#2835));
#2835 = ORIENTED_EDGE('',*,*,#2836,.T.);
#2836 = EDGE_CURVE('',#2837,#2837,#2839,.T.);
#2837 = VERTEX_POINT('',#2838);
#2838 = CARTESIAN_POINT('',(215.65,-69.63,0.));
#2839 = CIRCLE('',#2840,0.25);
#2840 = AXIS2_PLACEMENT_3D('',#2841,#2842,#2843);
#2841 = CARTESIAN_POINT('',(215.65,-69.38,0.));
#2842 = DIRECTION('',(-0.,0.,-1.));
#2843 = DIRECTION('',(-0.,-1.,0.));
#2844 = FACE_BOUND('',#2845,.F.);
#2845 = EDGE_LOOP('',(#2846));
#2846 = ORIENTED_EDGE('',*,*,#2847,.T.);
#2847 = EDGE_CURVE('',#2848,#2848,#2850,.T.);
#2848 = VERTEX_POINT('',#2849);
#2849 = CARTESIAN_POINT('',(215.65,-68.88,0.));
#2850 = CIRCLE('',#2851,0.25);
#2851 = AXIS2_PLACEMENT_3D('',#2852,#2853,#2854);
#2852 = CARTESIAN_POINT('',(215.65,-68.63,0.));
#2853 = DIRECTION('',(-0.,0.,-1.));
#2854 = DIRECTION('',(-0.,-1.,0.));
#2855 = FACE_BOUND('',#2856,.F.);
#2856 = EDGE_LOOP('',(#2857));
#2857 = ORIENTED_EDGE('',*,*,#2858,.T.);
#2858 = EDGE_CURVE('',#2859,#2859,#2861,.T.);
#2859 = VERTEX_POINT('',#2860);
#2860 = CARTESIAN_POINT('',(215.65,-68.13,0.));
#2861 = CIRCLE('',#2862,0.25);
#2862 = AXIS2_PLACEMENT_3D('',#2863,#2864,#2865);
#2863 = CARTESIAN_POINT('',(215.65,-67.88,0.));
#2864 = DIRECTION('',(-0.,0.,-1.));
#2865 = DIRECTION('',(-0.,-1.,0.));
#2866 = FACE_BOUND('',#2867,.F.);
#2867 = EDGE_LOOP('',(#2868));
#2868 = ORIENTED_EDGE('',*,*,#2869,.T.);
#2869 = EDGE_CURVE('',#2870,#2870,#2872,.T.);
#2870 = VERTEX_POINT('',#2871);
#2871 = CARTESIAN_POINT('',(215.65,-67.38,0.));
#2872 = CIRCLE('',#2873,0.25);
#2873 = AXIS2_PLACEMENT_3D('',#2874,#2875,#2876);
#2874 = CARTESIAN_POINT('',(215.65,-67.13,0.));
#2875 = DIRECTION('',(-0.,0.,-1.));
#2876 = DIRECTION('',(-0.,-1.,0.));
#2877 = FACE_BOUND('',#2878,.F.);
#2878 = EDGE_LOOP('',(#2879));
#2879 = ORIENTED_EDGE('',*,*,#2880,.T.);
#2880 = EDGE_CURVE('',#2881,#2881,#2883,.T.);
#2881 = VERTEX_POINT('',#2882);
#2882 = CARTESIAN_POINT('',(142.4,-65.615,0.));
#2883 = CIRCLE('',#2884,0.875);
#2884 = AXIS2_PLACEMENT_3D('',#2885,#2886,#2887);
#2885 = CARTESIAN_POINT('',(142.4,-64.74,0.));
#2886 = DIRECTION('',(-0.,0.,-1.));
#2887 = DIRECTION('',(-0.,-1.,0.));
#2888 = FACE_BOUND('',#2889,.F.);
#2889 = EDGE_LOOP('',(#2890));
#2890 = ORIENTED_EDGE('',*,*,#2891,.T.);
#2891 = EDGE_CURVE('',#2892,#2892,#2894,.T.);
#2892 = VERTEX_POINT('',#2893);
#2893 = CARTESIAN_POINT('',(147.48,-66.7339,0.));
#2894 = CIRCLE('',#2895,1.9939);
#2895 = AXIS2_PLACEMENT_3D('',#2896,#2897,#2898);
#2896 = CARTESIAN_POINT('',(147.48,-64.74,0.));
#2897 = DIRECTION('',(-0.,0.,-1.));
#2898 = DIRECTION('',(-0.,-1.,0.));
#2899 = FACE_BOUND('',#2900,.F.);
#2900 = EDGE_LOOP('',(#2901));
#2901 = ORIENTED_EDGE('',*,*,#2902,.T.);
#2902 = EDGE_CURVE('',#2903,#2903,#2905,.T.);
#2903 = VERTEX_POINT('',#2904);
#2904 = CARTESIAN_POINT('',(152.56,-65.615,0.));
#2905 = CIRCLE('',#2906,0.875);
#2906 = AXIS2_PLACEMENT_3D('',#2907,#2908,#2909);
#2907 = CARTESIAN_POINT('',(152.56,-64.74,0.));
#2908 = DIRECTION('',(-0.,0.,-1.));
#2909 = DIRECTION('',(-0.,-1.,0.));
#2910 = FACE_BOUND('',#2911,.F.);
#2911 = EDGE_LOOP('',(#2912));
#2912 = ORIENTED_EDGE('',*,*,#2913,.T.);
#2913 = EDGE_CURVE('',#2914,#2914,#2916,.T.);
#2914 = VERTEX_POINT('',#2915);
#2915 = CARTESIAN_POINT('',(143.67,-63.7,0.));
#2916 = CIRCLE('',#2917,1.5);
#2917 = AXIS2_PLACEMENT_3D('',#2918,#2919,#2920);
#2918 = CARTESIAN_POINT('',(143.67,-62.2,0.));
#2919 = DIRECTION('',(-0.,0.,-1.));
#2920 = DIRECTION('',(-0.,-1.,0.));
#2921 = FACE_BOUND('',#2922,.F.);
#2922 = EDGE_LOOP('',(#2923));
#2923 = ORIENTED_EDGE('',*,*,#2924,.T.);
#2924 = EDGE_CURVE('',#2925,#2925,#2927,.T.);
#2925 = VERTEX_POINT('',#2926);
#2926 = CARTESIAN_POINT('',(150.02,-61.16,0.));
#2927 = CIRCLE('',#2928,1.5);
#2928 = AXIS2_PLACEMENT_3D('',#2929,#2930,#2931);
#2929 = CARTESIAN_POINT('',(150.02,-59.66,0.));
#2930 = DIRECTION('',(-0.,0.,-1.));
#2931 = DIRECTION('',(-0.,-1.,0.));
#2932 = FACE_BOUND('',#2933,.F.);
#2933 = EDGE_LOOP('',(#2934));
#2934 = ORIENTED_EDGE('',*,*,#2935,.T.);
#2935 = EDGE_CURVE('',#2936,#2936,#2938,.T.);
#2936 = VERTEX_POINT('',#2937);
#2937 = CARTESIAN_POINT('',(257.404824,-98.535,0.));
#2938 = CIRCLE('',#2939,0.875);
#2939 = AXIS2_PLACEMENT_3D('',#2940,#2941,#2942);
#2940 = CARTESIAN_POINT('',(257.404824,-97.66,0.));
#2941 = DIRECTION('',(-0.,0.,-1.));
#2942 = DIRECTION('',(-0.,-1.,0.));
#2943 = FACE_BOUND('',#2944,.F.);
#2944 = EDGE_LOOP('',(#2945));
#2945 = ORIENTED_EDGE('',*,*,#2946,.T.);
#2946 = EDGE_CURVE('',#2947,#2947,#2949,.T.);
#2947 = VERTEX_POINT('',#2948);
#2948 = CARTESIAN_POINT('',(290.494824,-111.64,0.));
#2949 = CIRCLE('',#2950,1.5);
#2950 = AXIS2_PLACEMENT_3D('',#2951,#2952,#2953);
#2951 = CARTESIAN_POINT('',(290.494824,-110.14,0.));
#2952 = DIRECTION('',(-0.,0.,-1.));
#2953 = DIRECTION('',(-0.,-1.,0.));
#2954 = FACE_BOUND('',#2955,.F.);
#2955 = EDGE_LOOP('',(#2956));
#2956 = ORIENTED_EDGE('',*,*,#2957,.T.);
#2957 = EDGE_CURVE('',#2958,#2958,#2960,.T.);
#2958 = VERTEX_POINT('',#2959);
#2959 = CARTESIAN_POINT('',(262.484824,-99.6539,0.));
#2960 = CIRCLE('',#2961,1.9939);
#2961 = AXIS2_PLACEMENT_3D('',#2962,#2963,#2964);
#2962 = CARTESIAN_POINT('',(262.484824,-97.66,0.));
#2963 = DIRECTION('',(-0.,0.,-1.));
#2964 = DIRECTION('',(-0.,-1.,0.));
#2965 = FACE_BOUND('',#2966,.F.);
#2966 = EDGE_LOOP('',(#2967));
#2967 = ORIENTED_EDGE('',*,*,#2968,.T.);
#2968 = EDGE_CURVE('',#2969,#2969,#2971,.T.);
#2969 = VERTEX_POINT('',#2970);
#2970 = CARTESIAN_POINT('',(267.564824,-98.535,0.));
#2971 = CIRCLE('',#2972,0.875);
#2972 = AXIS2_PLACEMENT_3D('',#2973,#2974,#2975);
#2973 = CARTESIAN_POINT('',(267.564824,-97.66,0.));
#2974 = DIRECTION('',(-0.,0.,-1.));
#2975 = DIRECTION('',(-0.,-1.,0.));
#2976 = FACE_BOUND('',#2977,.F.);
#2977 = EDGE_LOOP('',(#2978,#2989,#2997,#3006));
#2978 = ORIENTED_EDGE('',*,*,#2979,.F.);
#2979 = EDGE_CURVE('',#2980,#2982,#2984,.T.);
#2980 = VERTEX_POINT('',#2981);
#2981 = CARTESIAN_POINT('',(220.68,-75.14,0.));
#2982 = VERTEX_POINT('',#2983);
#2983 = CARTESIAN_POINT('',(215.61998,-75.13,0.));
#2984 = CIRCLE('',#2985,2.530019881501);
#2985 = AXIS2_PLACEMENT_3D('',#2986,#2987,#2988);
#2986 = CARTESIAN_POINT('',(218.1499998815,-75.12999994059,0.));
#2987 = DIRECTION('',(0.,0.,1.));
#2988 = DIRECTION('',(0.999992188598,-3.952561591898E-03,0.));
#2989 = ORIENTED_EDGE('',*,*,#2990,.F.);
#2990 = EDGE_CURVE('',#2991,#2980,#2993,.T.);
#2991 = VERTEX_POINT('',#2992);
#2992 = CARTESIAN_POINT('',(220.64011,-111.27,0.));
#2993 = LINE('',#2994,#2995);
#2994 = CARTESIAN_POINT('',(220.64011,-111.27,0.));
#2995 = VECTOR('',#2996,1.);
#2996 = DIRECTION('',(1.104067968108E-03,0.999999390517,0.));
#2997 = ORIENTED_EDGE('',*,*,#2998,.F.);
#2998 = EDGE_CURVE('',#2999,#2991,#3001,.T.);
#2999 = VERTEX_POINT('',#3000);
#3000 = CARTESIAN_POINT('',(215.557509,-111.38,0.));
#3001 = CIRCLE('',#3002,2.542490822889);
#3002 = AXIS2_PLACEMENT_3D('',#3003,#3004,#3005);
#3003 = CARTESIAN_POINT('',(218.09999982288,-111.3799994209,0.));
#3004 = DIRECTION('',(0.,0.,1.));
#3005 = DIRECTION('',(-1.,-2.277508993113E-07,0.));
#3006 = ORIENTED_EDGE('',*,*,#3007,.F.);
#3007 = EDGE_CURVE('',#2982,#2999,#3008,.T.);
#3008 = LINE('',#3009,#3010);
#3009 = CARTESIAN_POINT('',(215.61998,-75.13,0.));
#3010 = VECTOR('',#3011,1.);
#3011 = DIRECTION('',(-1.723335371975E-03,-0.999998515056,0.));
#3012 = FACE_BOUND('',#3013,.F.);
#3013 = EDGE_LOOP('',(#3014));
#3014 = ORIENTED_EDGE('',*,*,#3015,.T.);
#3015 = EDGE_CURVE('',#3016,#3016,#3018,.T.);
#3016 = VERTEX_POINT('',#3017);
#3017 = CARTESIAN_POINT('',(258.674824,-96.62,0.));
#3018 = CIRCLE('',#3019,1.5);
#3019 = AXIS2_PLACEMENT_3D('',#3020,#3021,#3022);
#3020 = CARTESIAN_POINT('',(258.674824,-95.12,0.));
#3021 = DIRECTION('',(-0.,0.,-1.));
#3022 = DIRECTION('',(-0.,-1.,0.));
#3023 = FACE_BOUND('',#3024,.F.);
#3024 = EDGE_LOOP('',(#3025));
#3025 = ORIENTED_EDGE('',*,*,#3026,.T.);
#3026 = EDGE_CURVE('',#3027,#3027,#3029,.T.);
#3027 = VERTEX_POINT('',#3028);
#3028 = CARTESIAN_POINT('',(265.024824,-94.08,0.));
#3029 = CIRCLE('',#3030,1.5);
#3030 = AXIS2_PLACEMENT_3D('',#3031,#3032,#3033);
#3031 = CARTESIAN_POINT('',(265.024824,-92.58,0.));
#3032 = DIRECTION('',(-0.,0.,-1.));
#3033 = DIRECTION('',(-0.,-1.,0.));
#3034 = FACE_BOUND('',#3035,.F.);
#3035 = EDGE_LOOP('',(#3036));
#3036 = ORIENTED_EDGE('',*,*,#3037,.T.);
#3037 = EDGE_CURVE('',#3038,#3038,#3040,.T.);
#3038 = VERTEX_POINT('',#3039);
#3039 = CARTESIAN_POINT('',(282.874824,-90.525,0.));
#3040 = CIRCLE('',#3041,0.875);
#3041 = AXIS2_PLACEMENT_3D('',#3042,#3043,#3044);
#3042 = CARTESIAN_POINT('',(282.874824,-89.65,0.));
#3043 = DIRECTION('',(-0.,0.,-1.));
#3044 = DIRECTION('',(-0.,-1.,0.));
#3045 = FACE_BOUND('',#3046,.F.);
#3046 = EDGE_LOOP('',(#3047));
#3047 = ORIENTED_EDGE('',*,*,#3048,.T.);
#3048 = EDGE_CURVE('',#3049,#3049,#3051,.T.);
#3049 = VERTEX_POINT('',#3050);
#3050 = CARTESIAN_POINT('',(287.954824,-91.6439,0.));
#3051 = CIRCLE('',#3052,1.9939);
#3052 = AXIS2_PLACEMENT_3D('',#3053,#3054,#3055);
#3053 = CARTESIAN_POINT('',(287.954824,-89.65,0.));
#3054 = DIRECTION('',(-0.,0.,-1.));
#3055 = DIRECTION('',(-2.850866084598E-14,-1.,0.));
#3056 = FACE_BOUND('',#3057,.F.);
#3057 = EDGE_LOOP('',(#3058));
#3058 = ORIENTED_EDGE('',*,*,#3059,.T.);
#3059 = EDGE_CURVE('',#3060,#3060,#3062,.T.);
#3060 = VERTEX_POINT('',#3061);
#3061 = CARTESIAN_POINT('',(293.034824,-90.525,0.));
#3062 = CIRCLE('',#3063,0.875);
#3063 = AXIS2_PLACEMENT_3D('',#3064,#3065,#3066);
#3064 = CARTESIAN_POINT('',(293.034824,-89.65,0.));
#3065 = DIRECTION('',(-0.,0.,-1.));
#3066 = DIRECTION('',(-0.,-1.,0.));
#3067 = FACE_BOUND('',#3068,.F.);
#3068 = EDGE_LOOP('',(#3069));
#3069 = ORIENTED_EDGE('',*,*,#3070,.T.);
#3070 = EDGE_CURVE('',#3071,#3071,#3073,.T.);
#3071 = VERTEX_POINT('',#3072);
#3072 = CARTESIAN_POINT('',(284.144824,-88.61,0.));
#3073 = CIRCLE('',#3074,1.5);
#3074 = AXIS2_PLACEMENT_3D('',#3075,#3076,#3077);
#3075 = CARTESIAN_POINT('',(284.144824,-87.11,0.));
#3076 = DIRECTION('',(-0.,0.,-1.));
#3077 = DIRECTION('',(-0.,-1.,0.));
#3078 = FACE_BOUND('',#3079,.F.);
#3079 = EDGE_LOOP('',(#3080));
#3080 = ORIENTED_EDGE('',*,*,#3081,.T.);
#3081 = EDGE_CURVE('',#3082,#3082,#3084,.T.);
#3082 = VERTEX_POINT('',#3083);
#3083 = CARTESIAN_POINT('',(290.494824,-86.07,0.));
#3084 = CIRCLE('',#3085,1.5);
#3085 = AXIS2_PLACEMENT_3D('',#3086,#3087,#3088);
#3086 = CARTESIAN_POINT('',(290.494824,-84.57,0.));
#3087 = DIRECTION('',(-0.,0.,-1.));
#3088 = DIRECTION('',(-0.,-1.,0.));
#3089 = FACE_BOUND('',#3090,.F.);
#3090 = EDGE_LOOP('',(#3091));
#3091 = ORIENTED_EDGE('',*,*,#3092,.T.);
#3092 = EDGE_CURVE('',#3093,#3093,#3095,.T.);
#3093 = VERTEX_POINT('',#3094);
#3094 = CARTESIAN_POINT('',(308.14,-109.055,0.));
#3095 = CIRCLE('',#3096,0.875);
#3096 = AXIS2_PLACEMENT_3D('',#3097,#3098,#3099);
#3097 = CARTESIAN_POINT('',(308.14,-108.18,0.));
#3098 = DIRECTION('',(-0.,0.,-1.));
#3099 = DIRECTION('',(-0.,-1.,0.));
#3100 = FACE_BOUND('',#3101,.F.);
#3101 = EDGE_LOOP('',(#3102));
#3102 = ORIENTED_EDGE('',*,*,#3103,.T.);
#3103 = EDGE_CURVE('',#3104,#3104,#3106,.T.);
#3104 = VERTEX_POINT('',#3105);
#3105 = CARTESIAN_POINT('',(313.22,-110.1739,0.));
#3106 = CIRCLE('',#3107,1.9939);
#3107 = AXIS2_PLACEMENT_3D('',#3108,#3109,#3110);
#3108 = CARTESIAN_POINT('',(313.22,-108.18,0.));
#3109 = DIRECTION('',(-0.,0.,-1.));
#3110 = DIRECTION('',(-0.,-1.,0.));
#3111 = FACE_BOUND('',#3112,.F.);
#3112 = EDGE_LOOP('',(#3113));
#3113 = ORIENTED_EDGE('',*,*,#3114,.T.);
#3114 = EDGE_CURVE('',#3115,#3115,#3117,.T.);
#3115 = VERTEX_POINT('',#3116);
#3116 = CARTESIAN_POINT('',(318.3,-109.055,0.));
#3117 = CIRCLE('',#3118,0.875);
#3118 = AXIS2_PLACEMENT_3D('',#3119,#3120,#3121);
#3119 = CARTESIAN_POINT('',(318.3,-108.18,0.));
#3120 = DIRECTION('',(-0.,0.,-1.));
#3121 = DIRECTION('',(-0.,-1.,0.));
#3122 = FACE_BOUND('',#3123,.F.);
#3123 = EDGE_LOOP('',(#3124));
#3124 = ORIENTED_EDGE('',*,*,#3125,.T.);
#3125 = EDGE_CURVE('',#3126,#3126,#3128,.T.);
#3126 = VERTEX_POINT('',#3127);
#3127 = CARTESIAN_POINT('',(309.41,-107.14,0.));
#3128 = CIRCLE('',#3129,1.5);
#3129 = AXIS2_PLACEMENT_3D('',#3130,#3131,#3132);
#3130 = CARTESIAN_POINT('',(309.41,-105.64,0.));
#3131 = DIRECTION('',(-0.,0.,-1.));
#3132 = DIRECTION('',(-0.,-1.,0.));
#3133 = FACE_BOUND('',#3134,.F.);
#3134 = EDGE_LOOP('',(#3135));
#3135 = ORIENTED_EDGE('',*,*,#3136,.T.);
#3136 = EDGE_CURVE('',#3137,#3137,#3139,.T.);
#3137 = VERTEX_POINT('',#3138);
#3138 = CARTESIAN_POINT('',(341.134824,-111.62,0.));
#3139 = CIRCLE('',#3140,1.5);
#3140 = AXIS2_PLACEMENT_3D('',#3141,#3142,#3143);
#3141 = CARTESIAN_POINT('',(341.134824,-110.12,0.));
#3142 = DIRECTION('',(-0.,0.,-1.));
#3143 = DIRECTION('',(-0.,-1.,0.));
#3144 = FACE_BOUND('',#3145,.F.);
#3145 = EDGE_LOOP('',(#3146));
#3146 = ORIENTED_EDGE('',*,*,#3147,.T.);
#3147 = EDGE_CURVE('',#3148,#3148,#3150,.T.);
#3148 = VERTEX_POINT('',#3149);
#3149 = CARTESIAN_POINT('',(315.76,-104.6,0.));
#3150 = CIRCLE('',#3151,1.5);
#3151 = AXIS2_PLACEMENT_3D('',#3152,#3153,#3154);
#3152 = CARTESIAN_POINT('',(315.76,-103.1,0.));
#3153 = DIRECTION('',(-0.,0.,-1.));
#3154 = DIRECTION('',(-0.,-1.,0.));
#3155 = FACE_BOUND('',#3156,.F.);
#3156 = EDGE_LOOP('',(#3157));
#3157 = ORIENTED_EDGE('',*,*,#3158,.T.);
#3158 = EDGE_CURVE('',#3159,#3159,#3161,.T.);
#3159 = VERTEX_POINT('',#3160);
#3160 = CARTESIAN_POINT('',(359.04,-102.945,0.));
#3161 = CIRCLE('',#3162,0.875);
#3162 = AXIS2_PLACEMENT_3D('',#3163,#3164,#3165);
#3163 = CARTESIAN_POINT('',(359.04,-102.07,0.));
#3164 = DIRECTION('',(-0.,0.,-1.));
#3165 = DIRECTION('',(-0.,-1.,0.));
#3166 = FACE_BOUND('',#3167,.F.);
#3167 = EDGE_LOOP('',(#3168));
#3168 = ORIENTED_EDGE('',*,*,#3169,.T.);
#3169 = EDGE_CURVE('',#3170,#3170,#3172,.T.);
#3170 = VERTEX_POINT('',#3171);
#3171 = CARTESIAN_POINT('',(360.31,-101.03,0.));
#3172 = CIRCLE('',#3173,1.5);
#3173 = AXIS2_PLACEMENT_3D('',#3174,#3175,#3176);
#3174 = CARTESIAN_POINT('',(360.31,-99.53,0.));
#3175 = DIRECTION('',(-0.,0.,-1.));
#3176 = DIRECTION('',(-0.,-1.,0.));
#3177 = FACE_BOUND('',#3178,.F.);
#3178 = EDGE_LOOP('',(#3179));
#3179 = ORIENTED_EDGE('',*,*,#3180,.T.);
#3180 = EDGE_CURVE('',#3181,#3181,#3183,.T.);
#3181 = VERTEX_POINT('',#3182);
#3182 = CARTESIAN_POINT('',(364.12,-104.0639,0.));
#3183 = CIRCLE('',#3184,1.9939);
#3184 = AXIS2_PLACEMENT_3D('',#3185,#3186,#3187);
#3185 = CARTESIAN_POINT('',(364.12,-102.07,0.));
#3186 = DIRECTION('',(-0.,0.,-1.));
#3187 = DIRECTION('',(-0.,-1.,0.));
#3188 = FACE_BOUND('',#3189,.F.);
#3189 = EDGE_LOOP('',(#3190));
#3190 = ORIENTED_EDGE('',*,*,#3191,.T.);
#3191 = EDGE_CURVE('',#3192,#3192,#3194,.T.);
#3192 = VERTEX_POINT('',#3193);
#3193 = CARTESIAN_POINT('',(369.2,-102.945,0.));
#3194 = CIRCLE('',#3195,0.875);
#3195 = AXIS2_PLACEMENT_3D('',#3196,#3197,#3198);
#3196 = CARTESIAN_POINT('',(369.2,-102.07,0.));
#3197 = DIRECTION('',(-0.,0.,-1.));
#3198 = DIRECTION('',(-0.,-1.,0.));
#3199 = FACE_BOUND('',#3200,.F.);
#3200 = EDGE_LOOP('',(#3201));
#3201 = ORIENTED_EDGE('',*,*,#3202,.T.);
#3202 = EDGE_CURVE('',#3203,#3203,#3205,.T.);
#3203 = VERTEX_POINT('',#3204);
#3204 = CARTESIAN_POINT('',(366.66,-98.49,0.));
#3205 = CIRCLE('',#3206,1.5);
#3206 = AXIS2_PLACEMENT_3D('',#3207,#3208,#3209);
#3207 = CARTESIAN_POINT('',(366.66,-96.99,0.));
#3208 = DIRECTION('',(-0.,0.,-1.));
#3209 = DIRECTION('',(-0.,-1.,0.));
#3210 = FACE_BOUND('',#3211,.F.);
#3211 = EDGE_LOOP('',(#3212));
#3212 = ORIENTED_EDGE('',*,*,#3213,.T.);
#3213 = EDGE_CURVE('',#3214,#3214,#3216,.T.);
#3214 = VERTEX_POINT('',#3215);
#3215 = CARTESIAN_POINT('',(333.514824,-90.495,0.));
#3216 = CIRCLE('',#3217,0.875);
#3217 = AXIS2_PLACEMENT_3D('',#3218,#3219,#3220);
#3218 = CARTESIAN_POINT('',(333.514824,-89.62,0.));
#3219 = DIRECTION('',(-0.,0.,-1.));
#3220 = DIRECTION('',(-0.,-1.,0.));
#3221 = FACE_BOUND('',#3222,.F.);
#3222 = EDGE_LOOP('',(#3223));
#3223 = ORIENTED_EDGE('',*,*,#3224,.T.);
#3224 = EDGE_CURVE('',#3225,#3225,#3227,.T.);
#3225 = VERTEX_POINT('',#3226);
#3226 = CARTESIAN_POINT('',(338.594824,-91.6139,0.));
#3227 = CIRCLE('',#3228,1.9939);
#3228 = AXIS2_PLACEMENT_3D('',#3229,#3230,#3231);
#3229 = CARTESIAN_POINT('',(338.594824,-89.62,0.));
#3230 = DIRECTION('',(-0.,0.,-1.));
#3231 = DIRECTION('',(-0.,-1.,0.));
#3232 = FACE_BOUND('',#3233,.F.);
#3233 = EDGE_LOOP('',(#3234));
#3234 = ORIENTED_EDGE('',*,*,#3235,.T.);
#3235 = EDGE_CURVE('',#3236,#3236,#3238,.T.);
#3236 = VERTEX_POINT('',#3237);
#3237 = CARTESIAN_POINT('',(308.324824,-83.785,0.));
#3238 = CIRCLE('',#3239,0.875);
#3239 = AXIS2_PLACEMENT_3D('',#3240,#3241,#3242);
#3240 = CARTESIAN_POINT('',(308.324824,-82.91,0.));
#3241 = DIRECTION('',(-0.,0.,-1.));
#3242 = DIRECTION('',(-0.,-1.,0.));
#3243 = FACE_BOUND('',#3244,.F.);
#3244 = EDGE_LOOP('',(#3245));
#3245 = ORIENTED_EDGE('',*,*,#3246,.T.);
#3246 = EDGE_CURVE('',#3247,#3247,#3249,.T.);
#3247 = VERTEX_POINT('',#3248);
#3248 = CARTESIAN_POINT('',(313.404824,-84.9039,0.));
#3249 = CIRCLE('',#3250,1.9939);
#3250 = AXIS2_PLACEMENT_3D('',#3251,#3252,#3253);
#3251 = CARTESIAN_POINT('',(313.404824,-82.91,0.));
#3252 = DIRECTION('',(-0.,0.,-1.));
#3253 = DIRECTION('',(-0.,-1.,0.));
#3254 = FACE_BOUND('',#3255,.F.);
#3255 = EDGE_LOOP('',(#3256));
#3256 = ORIENTED_EDGE('',*,*,#3257,.T.);
#3257 = EDGE_CURVE('',#3258,#3258,#3260,.T.);
#3258 = VERTEX_POINT('',#3259);
#3259 = CARTESIAN_POINT('',(318.484824,-83.785,0.));
#3260 = CIRCLE('',#3261,0.875);
#3261 = AXIS2_PLACEMENT_3D('',#3262,#3263,#3264);
#3262 = CARTESIAN_POINT('',(318.484824,-82.91,0.));
#3263 = DIRECTION('',(-0.,0.,-1.));
#3264 = DIRECTION('',(-0.,-1.,0.));
#3265 = FACE_BOUND('',#3266,.F.);
#3266 = EDGE_LOOP('',(#3267));
#3267 = ORIENTED_EDGE('',*,*,#3268,.T.);
#3268 = EDGE_CURVE('',#3269,#3269,#3271,.T.);
#3269 = VERTEX_POINT('',#3270);
#3270 = CARTESIAN_POINT('',(334.784824,-88.58,0.));
#3271 = CIRCLE('',#3272,1.5);
#3272 = AXIS2_PLACEMENT_3D('',#3273,#3274,#3275);
#3273 = CARTESIAN_POINT('',(334.784824,-87.08,0.));
#3274 = DIRECTION('',(-0.,0.,-1.));
#3275 = DIRECTION('',(-0.,-1.,0.));
#3276 = FACE_BOUND('',#3277,.F.);
#3277 = EDGE_LOOP('',(#3278));
#3278 = ORIENTED_EDGE('',*,*,#3279,.T.);
#3279 = EDGE_CURVE('',#3280,#3280,#3282,.T.);
#3280 = VERTEX_POINT('',#3281);
#3281 = CARTESIAN_POINT('',(341.134824,-86.04,0.));
#3282 = CIRCLE('',#3283,1.5);
#3283 = AXIS2_PLACEMENT_3D('',#3284,#3285,#3286);
#3284 = CARTESIAN_POINT('',(341.134824,-84.54,0.));
#3285 = DIRECTION('',(-0.,0.,-1.));
#3286 = DIRECTION('',(-0.,-1.,0.));
#3287 = FACE_BOUND('',#3288,.F.);
#3288 = EDGE_LOOP('',(#3289));
#3289 = ORIENTED_EDGE('',*,*,#3290,.T.);
#3290 = EDGE_CURVE('',#3291,#3291,#3293,.T.);
#3291 = VERTEX_POINT('',#3292);
#3292 = CARTESIAN_POINT('',(343.674824,-90.495,0.));
#3293 = CIRCLE('',#3294,0.875);
#3294 = AXIS2_PLACEMENT_3D('',#3295,#3296,#3297);
#3295 = CARTESIAN_POINT('',(343.674824,-89.62,0.));
#3296 = DIRECTION('',(-0.,0.,-1.));
#3297 = DIRECTION('',(-0.,-1.,0.));
#3298 = FACE_BOUND('',#3299,.F.);
#3299 = EDGE_LOOP('',(#3300));
#3300 = ORIENTED_EDGE('',*,*,#3301,.T.);
#3301 = EDGE_CURVE('',#3302,#3302,#3304,.T.);
#3302 = VERTEX_POINT('',#3303);
#3303 = CARTESIAN_POINT('',(220.65,-74.13,0.));
#3304 = CIRCLE('',#3305,0.25);
#3305 = AXIS2_PLACEMENT_3D('',#3306,#3307,#3308);
#3306 = CARTESIAN_POINT('',(220.65,-73.88,0.));
#3307 = DIRECTION('',(-0.,0.,-1.));
#3308 = DIRECTION('',(-0.,-1.,0.));
#3309 = FACE_BOUND('',#3310,.F.);
#3310 = EDGE_LOOP('',(#3311));
#3311 = ORIENTED_EDGE('',*,*,#3312,.T.);
#3312 = EDGE_CURVE('',#3313,#3313,#3315,.T.);
#3313 = VERTEX_POINT('',#3314);
#3314 = CARTESIAN_POINT('',(241.655,-77.4231,0.));
#3315 = CIRCLE('',#3316,1.25);
#3316 = AXIS2_PLACEMENT_3D('',#3317,#3318,#3319);
#3317 = CARTESIAN_POINT('',(241.655,-76.1731,0.));
#3318 = DIRECTION('',(-0.,0.,-1.));
#3319 = DIRECTION('',(-0.,-1.,0.));
#3320 = FACE_BOUND('',#3321,.F.);
#3321 = EDGE_LOOP('',(#3322));
#3322 = ORIENTED_EDGE('',*,*,#3323,.T.);
#3323 = EDGE_CURVE('',#3324,#3324,#3326,.T.);
#3324 = VERTEX_POINT('',#3325);
#3325 = CARTESIAN_POINT('',(220.65,-73.38,0.));
#3326 = CIRCLE('',#3327,0.25);
#3327 = AXIS2_PLACEMENT_3D('',#3328,#3329,#3330);
#3328 = CARTESIAN_POINT('',(220.65,-73.13,0.));
#3329 = DIRECTION('',(-0.,0.,-1.));
#3330 = DIRECTION('',(-0.,-1.,0.));
#3331 = FACE_BOUND('',#3332,.F.);
#3332 = EDGE_LOOP('',(#3333));
#3333 = ORIENTED_EDGE('',*,*,#3334,.T.);
#3334 = EDGE_CURVE('',#3335,#3335,#3337,.T.);
#3335 = VERTEX_POINT('',#3336);
#3336 = CARTESIAN_POINT('',(220.65,-72.63,0.));
#3337 = CIRCLE('',#3338,0.25);
#3338 = AXIS2_PLACEMENT_3D('',#3339,#3340,#3341);
#3339 = CARTESIAN_POINT('',(220.65,-72.38,0.));
#3340 = DIRECTION('',(-0.,0.,-1.));
#3341 = DIRECTION('',(-0.,-1.,0.));
#3342 = FACE_BOUND('',#3343,.F.);
#3343 = EDGE_LOOP('',(#3344));
#3344 = ORIENTED_EDGE('',*,*,#3345,.T.);
#3345 = EDGE_CURVE('',#3346,#3346,#3348,.T.);
#3346 = VERTEX_POINT('',#3347);
#3347 = CARTESIAN_POINT('',(220.65,-71.88,0.));
#3348 = CIRCLE('',#3349,0.25);
#3349 = AXIS2_PLACEMENT_3D('',#3350,#3351,#3352);
#3350 = CARTESIAN_POINT('',(220.65,-71.63,0.));
#3351 = DIRECTION('',(-0.,0.,-1.));
#3352 = DIRECTION('',(-0.,-1.,0.));
#3353 = FACE_BOUND('',#3354,.F.);
#3354 = EDGE_LOOP('',(#3355));
#3355 = ORIENTED_EDGE('',*,*,#3356,.T.);
#3356 = EDGE_CURVE('',#3357,#3357,#3359,.T.);
#3357 = VERTEX_POINT('',#3358);
#3358 = CARTESIAN_POINT('',(220.65,-71.13,0.));
#3359 = CIRCLE('',#3360,0.25);
#3360 = AXIS2_PLACEMENT_3D('',#3361,#3362,#3363);
#3361 = CARTESIAN_POINT('',(220.65,-70.88,0.));
#3362 = DIRECTION('',(-0.,0.,-1.));
#3363 = DIRECTION('',(-0.,-1.,0.));
#3364 = FACE_BOUND('',#3365,.F.);
#3365 = EDGE_LOOP('',(#3366));
#3366 = ORIENTED_EDGE('',*,*,#3367,.T.);
#3367 = EDGE_CURVE('',#3368,#3368,#3370,.T.);
#3368 = VERTEX_POINT('',#3369);
#3369 = CARTESIAN_POINT('',(220.65,-70.38,0.));
#3370 = CIRCLE('',#3371,0.25);
#3371 = AXIS2_PLACEMENT_3D('',#3372,#3373,#3374);
#3372 = CARTESIAN_POINT('',(220.65,-70.13,0.));
#3373 = DIRECTION('',(-0.,0.,-1.));
#3374 = DIRECTION('',(-0.,-1.,0.));
#3375 = FACE_BOUND('',#3376,.F.);
#3376 = EDGE_LOOP('',(#3377));
#3377 = ORIENTED_EDGE('',*,*,#3378,.T.);
#3378 = EDGE_CURVE('',#3379,#3379,#3381,.T.);
#3379 = VERTEX_POINT('',#3380);
#3380 = CARTESIAN_POINT('',(220.65,-69.63,0.));
#3381 = CIRCLE('',#3382,0.25);
#3382 = AXIS2_PLACEMENT_3D('',#3383,#3384,#3385);
#3383 = CARTESIAN_POINT('',(220.65,-69.38,0.));
#3384 = DIRECTION('',(-0.,0.,-1.));
#3385 = DIRECTION('',(-0.,-1.,0.));
#3386 = FACE_BOUND('',#3387,.F.);
#3387 = EDGE_LOOP('',(#3388));
#3388 = ORIENTED_EDGE('',*,*,#3389,.T.);
#3389 = EDGE_CURVE('',#3390,#3390,#3392,.T.);
#3390 = VERTEX_POINT('',#3391);
#3391 = CARTESIAN_POINT('',(220.65,-68.88,0.));
#3392 = CIRCLE('',#3393,0.25);
#3393 = AXIS2_PLACEMENT_3D('',#3394,#3395,#3396);
#3394 = CARTESIAN_POINT('',(220.65,-68.63,0.));
#3395 = DIRECTION('',(-0.,0.,-1.));
#3396 = DIRECTION('',(-0.,-1.,0.));
#3397 = FACE_BOUND('',#3398,.F.);
#3398 = EDGE_LOOP('',(#3399));
#3399 = ORIENTED_EDGE('',*,*,#3400,.T.);
#3400 = EDGE_CURVE('',#3401,#3401,#3403,.T.);
#3401 = VERTEX_POINT('',#3402);
#3402 = CARTESIAN_POINT('',(225.406194,-71.386194,0.));
#3403 = CIRCLE('',#3404,1.6);
#3404 = AXIS2_PLACEMENT_3D('',#3405,#3406,#3407);
#3405 = CARTESIAN_POINT('',(225.406194,-69.786194,0.));
#3406 = DIRECTION('',(-0.,0.,-1.));
#3407 = DIRECTION('',(-0.,-1.,0.));
#3408 = FACE_BOUND('',#3409,.F.);
#3409 = EDGE_LOOP('',(#3410));
#3410 = ORIENTED_EDGE('',*,*,#3411,.T.);
#3411 = EDGE_CURVE('',#3412,#3412,#3414,.T.);
#3412 = VERTEX_POINT('',#3413);
#3413 = CARTESIAN_POINT('',(220.65,-68.13,0.));
#3414 = CIRCLE('',#3415,0.25);
#3415 = AXIS2_PLACEMENT_3D('',#3416,#3417,#3418);
#3416 = CARTESIAN_POINT('',(220.65,-67.88,0.));
#3417 = DIRECTION('',(-0.,0.,-1.));
#3418 = DIRECTION('',(-0.,-1.,0.));
#3419 = FACE_BOUND('',#3420,.F.);
#3420 = EDGE_LOOP('',(#3421));
#3421 = ORIENTED_EDGE('',*,*,#3422,.T.);
#3422 = EDGE_CURVE('',#3423,#3423,#3425,.T.);
#3423 = VERTEX_POINT('',#3424);
#3424 = CARTESIAN_POINT('',(220.65,-67.38,0.));
#3425 = CIRCLE('',#3426,0.25);
#3426 = AXIS2_PLACEMENT_3D('',#3427,#3428,#3429);
#3427 = CARTESIAN_POINT('',(220.65,-67.13,0.));
#3428 = DIRECTION('',(-0.,0.,-1.));
#3429 = DIRECTION('',(-0.,-1.,0.));
#3430 = FACE_BOUND('',#3431,.F.);
#3431 = EDGE_LOOP('',(#3432));
#3432 = ORIENTED_EDGE('',*,*,#3433,.T.);
#3433 = EDGE_CURVE('',#3434,#3434,#3436,.T.);
#3434 = VERTEX_POINT('',#3435);
#3435 = CARTESIAN_POINT('',(241.655,-74.0231,0.));
#3436 = CIRCLE('',#3437,1.25);
#3437 = AXIS2_PLACEMENT_3D('',#3438,#3439,#3440);
#3438 = CARTESIAN_POINT('',(241.655,-72.7731,0.));
#3439 = DIRECTION('',(-0.,0.,-1.));
#3440 = DIRECTION('',(-0.,-1.,0.));
#3441 = FACE_BOUND('',#3442,.F.);
#3442 = EDGE_LOOP('',(#3443));
#3443 = ORIENTED_EDGE('',*,*,#3444,.T.);
#3444 = EDGE_CURVE('',#3445,#3445,#3447,.T.);
#3445 = VERTEX_POINT('',#3446);
#3446 = CARTESIAN_POINT('',(257.42,-73.265,0.));
#3447 = CIRCLE('',#3448,0.875);
#3448 = AXIS2_PLACEMENT_3D('',#3449,#3450,#3451);
#3449 = CARTESIAN_POINT('',(257.42,-72.39,0.));
#3450 = DIRECTION('',(-0.,0.,-1.));
#3451 = DIRECTION('',(-0.,-1.,0.));
#3452 = FACE_BOUND('',#3453,.F.);
#3453 = EDGE_LOOP('',(#3454));
#3454 = ORIENTED_EDGE('',*,*,#3455,.T.);
#3455 = EDGE_CURVE('',#3456,#3456,#3458,.T.);
#3456 = VERTEX_POINT('',#3457);
#3457 = CARTESIAN_POINT('',(258.69,-71.35,0.));
#3458 = CIRCLE('',#3459,1.5);
#3459 = AXIS2_PLACEMENT_3D('',#3460,#3461,#3462);
#3460 = CARTESIAN_POINT('',(258.69,-69.85,0.));
#3461 = DIRECTION('',(-0.,0.,-1.));
#3462 = DIRECTION('',(-0.,-1.,0.));
#3463 = FACE_BOUND('',#3464,.F.);
#3464 = EDGE_LOOP('',(#3465));
#3465 = ORIENTED_EDGE('',*,*,#3466,.T.);
#3466 = EDGE_CURVE('',#3467,#3467,#3469,.T.);
#3467 = VERTEX_POINT('',#3468);
#3468 = CARTESIAN_POINT('',(262.5,-74.3839,0.));
#3469 = CIRCLE('',#3470,1.9939);
#3470 = AXIS2_PLACEMENT_3D('',#3471,#3472,#3473);
#3471 = CARTESIAN_POINT('',(262.5,-72.39,0.));
#3472 = DIRECTION('',(-0.,0.,-1.));
#3473 = DIRECTION('',(-0.,-1.,0.));
#3474 = FACE_BOUND('',#3475,.F.);
#3475 = EDGE_LOOP('',(#3476));
#3476 = ORIENTED_EDGE('',*,*,#3477,.T.);
#3477 = EDGE_CURVE('',#3478,#3478,#3480,.T.);
#3478 = VERTEX_POINT('',#3479);
#3479 = CARTESIAN_POINT('',(267.58,-73.265,0.));
#3480 = CIRCLE('',#3481,0.875);
#3481 = AXIS2_PLACEMENT_3D('',#3482,#3483,#3484);
#3482 = CARTESIAN_POINT('',(267.58,-72.39,0.));
#3483 = DIRECTION('',(-0.,0.,-1.));
#3484 = DIRECTION('',(-0.,-1.,0.));
#3485 = FACE_BOUND('',#3486,.F.);
#3486 = EDGE_LOOP('',(#3487));
#3487 = ORIENTED_EDGE('',*,*,#3488,.T.);
#3488 = EDGE_CURVE('',#3489,#3489,#3491,.T.);
#3489 = VERTEX_POINT('',#3490);
#3490 = CARTESIAN_POINT('',(265.04,-68.81,0.));
#3491 = CIRCLE('',#3492,1.5);
#3492 = AXIS2_PLACEMENT_3D('',#3493,#3494,#3495);
#3493 = CARTESIAN_POINT('',(265.04,-67.31,0.));
#3494 = DIRECTION('',(-0.,0.,-1.));
#3495 = DIRECTION('',(-0.,-1.,0.));
#3496 = FACE_BOUND('',#3497,.F.);
#3497 = EDGE_LOOP('',(#3498));
#3498 = ORIENTED_EDGE('',*,*,#3499,.T.);
#3499 = EDGE_CURVE('',#3500,#3500,#3502,.T.);
#3500 = VERTEX_POINT('',#3501);
#3501 = CARTESIAN_POINT('',(282.744824,-64.795,0.));
#3502 = CIRCLE('',#3503,0.875);
#3503 = AXIS2_PLACEMENT_3D('',#3504,#3505,#3506);
#3504 = CARTESIAN_POINT('',(282.744824,-63.92,0.));
#3505 = DIRECTION('',(-0.,0.,-1.));
#3506 = DIRECTION('',(-0.,-1.,0.));
#3507 = FACE_BOUND('',#3508,.F.);
#3508 = EDGE_LOOP('',(#3509));
#3509 = ORIENTED_EDGE('',*,*,#3510,.T.);
#3510 = EDGE_CURVE('',#3511,#3511,#3513,.T.);
#3511 = VERTEX_POINT('',#3512);
#3512 = CARTESIAN_POINT('',(287.824824,-65.9139,0.));
#3513 = CIRCLE('',#3514,1.9939);
#3514 = AXIS2_PLACEMENT_3D('',#3515,#3516,#3517);
#3515 = CARTESIAN_POINT('',(287.824824,-63.92,0.));
#3516 = DIRECTION('',(-0.,0.,-1.));
#3517 = DIRECTION('',(-0.,-1.,0.));
#3518 = FACE_BOUND('',#3519,.F.);
#3519 = EDGE_LOOP('',(#3520));
#3520 = ORIENTED_EDGE('',*,*,#3521,.T.);
#3521 = EDGE_CURVE('',#3522,#3522,#3524,.T.);
#3522 = VERTEX_POINT('',#3523);
#3523 = CARTESIAN_POINT('',(292.904824,-64.795,0.));
#3524 = CIRCLE('',#3525,0.875);
#3525 = AXIS2_PLACEMENT_3D('',#3526,#3527,#3528);
#3526 = CARTESIAN_POINT('',(292.904824,-63.92,0.));
#3527 = DIRECTION('',(-0.,0.,-1.));
#3528 = DIRECTION('',(-0.,-1.,0.));
#3529 = FACE_BOUND('',#3530,.F.);
#3530 = EDGE_LOOP('',(#3531));
#3531 = ORIENTED_EDGE('',*,*,#3532,.T.);
#3532 = EDGE_CURVE('',#3533,#3533,#3535,.T.);
#3533 = VERTEX_POINT('',#3534);
#3534 = CARTESIAN_POINT('',(284.014824,-62.88,0.));
#3535 = CIRCLE('',#3536,1.5);
#3536 = AXIS2_PLACEMENT_3D('',#3537,#3538,#3539);
#3537 = CARTESIAN_POINT('',(284.014824,-61.38,0.));
#3538 = DIRECTION('',(-0.,0.,-1.));
#3539 = DIRECTION('',(-0.,-1.,0.));
#3540 = FACE_BOUND('',#3541,.F.);
#3541 = EDGE_LOOP('',(#3542));
#3542 = ORIENTED_EDGE('',*,*,#3543,.T.);
#3543 = EDGE_CURVE('',#3544,#3544,#3546,.T.);
#3544 = VERTEX_POINT('',#3545);
#3545 = CARTESIAN_POINT('',(290.364824,-60.34,0.));
#3546 = CIRCLE('',#3547,1.5);
#3547 = AXIS2_PLACEMENT_3D('',#3548,#3549,#3550);
#3548 = CARTESIAN_POINT('',(290.364824,-58.84,0.));
#3549 = DIRECTION('',(-0.,0.,-1.));
#3550 = DIRECTION('',(-0.,-1.,0.));
#3551 = FACE_BOUND('',#3552,.F.);
#3552 = EDGE_LOOP('',(#3553));
#3553 = ORIENTED_EDGE('',*,*,#3554,.T.);
#3554 = EDGE_CURVE('',#3555,#3555,#3557,.T.);
#3555 = VERTEX_POINT('',#3556);
#3556 = CARTESIAN_POINT('',(309.594824,-81.87,0.));
#3557 = CIRCLE('',#3558,1.5);
#3558 = AXIS2_PLACEMENT_3D('',#3559,#3560,#3561);
#3559 = CARTESIAN_POINT('',(309.594824,-80.37,0.));
#3560 = DIRECTION('',(-0.,0.,-1.));
#3561 = DIRECTION('',(-0.,-1.,0.));
#3562 = FACE_BOUND('',#3563,.F.);
#3563 = EDGE_LOOP('',(#3564));
#3564 = ORIENTED_EDGE('',*,*,#3565,.T.);
#3565 = EDGE_CURVE('',#3566,#3566,#3568,.T.);
#3566 = VERTEX_POINT('',#3567);
#3567 = CARTESIAN_POINT('',(315.944824,-79.33,0.));
#3568 = CIRCLE('',#3569,1.5);
#3569 = AXIS2_PLACEMENT_3D('',#3570,#3571,#3572);
#3570 = CARTESIAN_POINT('',(315.944824,-77.83,0.));
#3571 = DIRECTION('',(-0.,0.,-1.));
#3572 = DIRECTION('',(-0.,-1.,0.));
#3573 = FACE_BOUND('',#3574,.F.);
#3574 = EDGE_LOOP('',(#3575));
#3575 = ORIENTED_EDGE('',*,*,#3576,.T.);
#3576 = EDGE_CURVE('',#3577,#3577,#3579,.T.);
#3577 = VERTEX_POINT('',#3578);
#3578 = CARTESIAN_POINT('',(359.04,-77.825,0.));
#3579 = CIRCLE('',#3580,0.875);
#3580 = AXIS2_PLACEMENT_3D('',#3581,#3582,#3583);
#3581 = CARTESIAN_POINT('',(359.04,-76.95,0.));
#3582 = DIRECTION('',(-0.,0.,-1.));
#3583 = DIRECTION('',(-0.,-1.,0.));
#3584 = FACE_BOUND('',#3585,.F.);
#3585 = EDGE_LOOP('',(#3586));
#3586 = ORIENTED_EDGE('',*,*,#3587,.T.);
#3587 = EDGE_CURVE('',#3588,#3588,#3590,.T.);
#3588 = VERTEX_POINT('',#3589);
#3589 = CARTESIAN_POINT('',(360.31,-75.91,0.));
#3590 = CIRCLE('',#3591,1.5);
#3591 = AXIS2_PLACEMENT_3D('',#3592,#3593,#3594);
#3592 = CARTESIAN_POINT('',(360.31,-74.41,0.));
#3593 = DIRECTION('',(-0.,0.,-1.));
#3594 = DIRECTION('',(-0.,-1.,0.));
#3595 = FACE_BOUND('',#3596,.F.);
#3596 = EDGE_LOOP('',(#3597));
#3597 = ORIENTED_EDGE('',*,*,#3598,.T.);
#3598 = EDGE_CURVE('',#3599,#3599,#3601,.T.);
#3599 = VERTEX_POINT('',#3600);
#3600 = CARTESIAN_POINT('',(364.12,-78.9439,0.));
#3601 = CIRCLE('',#3602,1.9939);
#3602 = AXIS2_PLACEMENT_3D('',#3603,#3604,#3605);
#3603 = CARTESIAN_POINT('',(364.12,-76.95,0.));
#3604 = DIRECTION('',(-0.,0.,-1.));
#3605 = DIRECTION('',(-0.,-1.,0.));
#3606 = FACE_BOUND('',#3607,.F.);
#3607 = EDGE_LOOP('',(#3608));
#3608 = ORIENTED_EDGE('',*,*,#3609,.T.);
#3609 = EDGE_CURVE('',#3610,#3610,#3612,.T.);
#3610 = VERTEX_POINT('',#3611);
#3611 = CARTESIAN_POINT('',(369.2,-77.825,0.));
#3612 = CIRCLE('',#3613,0.875);
#3613 = AXIS2_PLACEMENT_3D('',#3614,#3615,#3616);
#3614 = CARTESIAN_POINT('',(369.2,-76.95,0.));
#3615 = DIRECTION('',(-0.,0.,-1.));
#3616 = DIRECTION('',(-0.,-1.,0.));
#3617 = FACE_BOUND('',#3618,.F.);
#3618 = EDGE_LOOP('',(#3619));
#3619 = ORIENTED_EDGE('',*,*,#3620,.T.);
#3620 = EDGE_CURVE('',#3621,#3621,#3623,.T.);
#3621 = VERTEX_POINT('',#3622);
#3622 = CARTESIAN_POINT('',(366.66,-73.37,0.));
#3623 = CIRCLE('',#3624,1.5);
#3624 = AXIS2_PLACEMENT_3D('',#3625,#3626,#3627);
#3625 = CARTESIAN_POINT('',(366.66,-71.87,0.));
#3626 = DIRECTION('',(-0.,0.,-1.));
#3627 = DIRECTION('',(-0.,-1.,0.));
#3628 = FACE_BOUND('',#3629,.F.);
#3629 = EDGE_LOOP('',(#3630));
#3630 = ORIENTED_EDGE('',*,*,#3631,.T.);
#3631 = EDGE_CURVE('',#3632,#3632,#3634,.T.);
#3632 = VERTEX_POINT('',#3633);
#3633 = CARTESIAN_POINT('',(333.64,-65.025,0.));
#3634 = CIRCLE('',#3635,0.875);
#3635 = AXIS2_PLACEMENT_3D('',#3636,#3637,#3638);
#3636 = CARTESIAN_POINT('',(333.64,-64.15,0.));
#3637 = DIRECTION('',(-0.,0.,-1.));
#3638 = DIRECTION('',(-0.,-1.,0.));
#3639 = FACE_BOUND('',#3640,.F.);
#3640 = EDGE_LOOP('',(#3641));
#3641 = ORIENTED_EDGE('',*,*,#3642,.T.);
#3642 = EDGE_CURVE('',#3643,#3643,#3645,.T.);
#3643 = VERTEX_POINT('',#3644);
#3644 = CARTESIAN_POINT('',(338.72,-66.1439,0.));
#3645 = CIRCLE('',#3646,1.9939);
#3646 = AXIS2_PLACEMENT_3D('',#3647,#3648,#3649);
#3647 = CARTESIAN_POINT('',(338.72,-64.15,0.));
#3648 = DIRECTION('',(-0.,0.,-1.));
#3649 = DIRECTION('',(-0.,-1.,0.));
#3650 = FACE_BOUND('',#3651,.F.);
#3651 = EDGE_LOOP('',(#3652));
#3652 = ORIENTED_EDGE('',*,*,#3653,.T.);
#3653 = EDGE_CURVE('',#3654,#3654,#3656,.T.);
#3654 = VERTEX_POINT('',#3655);
#3655 = CARTESIAN_POINT('',(334.91,-63.11,0.));
#3656 = CIRCLE('',#3657,1.5);
#3657 = AXIS2_PLACEMENT_3D('',#3658,#3659,#3660);
#3658 = CARTESIAN_POINT('',(334.91,-61.61,0.));
#3659 = DIRECTION('',(-0.,0.,-1.));
#3660 = DIRECTION('',(-0.,-1.,0.));
#3661 = FACE_BOUND('',#3662,.F.);
#3662 = EDGE_LOOP('',(#3663));
#3663 = ORIENTED_EDGE('',*,*,#3664,.T.);
#3664 = EDGE_CURVE('',#3665,#3665,#3667,.T.);
#3665 = VERTEX_POINT('',#3666);
#3666 = CARTESIAN_POINT('',(341.26,-60.57,0.));
#3667 = CIRCLE('',#3668,1.5);
#3668 = AXIS2_PLACEMENT_3D('',#3669,#3670,#3671);
#3669 = CARTESIAN_POINT('',(341.26,-59.07,0.));
#3670 = DIRECTION('',(-0.,0.,-1.));
#3671 = DIRECTION('',(-0.,-1.,0.));
#3672 = FACE_BOUND('',#3673,.F.);
#3673 = EDGE_LOOP('',(#3674));
#3674 = ORIENTED_EDGE('',*,*,#3675,.T.);
#3675 = EDGE_CURVE('',#3676,#3676,#3678,.T.);
#3676 = VERTEX_POINT('',#3677);
#3677 = CARTESIAN_POINT('',(308.14,-58.735,0.));
#3678 = CIRCLE('',#3679,0.875);
#3679 = AXIS2_PLACEMENT_3D('',#3680,#3681,#3682);
#3680 = CARTESIAN_POINT('',(308.14,-57.86,0.));
#3681 = DIRECTION('',(-0.,0.,-1.));
#3682 = DIRECTION('',(-0.,-1.,0.));
#3683 = FACE_BOUND('',#3684,.F.);
#3684 = EDGE_LOOP('',(#3685));
#3685 = ORIENTED_EDGE('',*,*,#3686,.T.);
#3686 = EDGE_CURVE('',#3687,#3687,#3689,.T.);
#3687 = VERTEX_POINT('',#3688);
#3688 = CARTESIAN_POINT('',(309.41,-56.82,0.));
#3689 = CIRCLE('',#3690,1.5);
#3690 = AXIS2_PLACEMENT_3D('',#3691,#3692,#3693);
#3691 = CARTESIAN_POINT('',(309.41,-55.32,0.));
#3692 = DIRECTION('',(-0.,0.,-1.));
#3693 = DIRECTION('',(-0.,-1.,0.));
#3694 = FACE_BOUND('',#3695,.F.);
#3695 = EDGE_LOOP('',(#3696));
#3696 = ORIENTED_EDGE('',*,*,#3697,.T.);
#3697 = EDGE_CURVE('',#3698,#3698,#3700,.T.);
#3698 = VERTEX_POINT('',#3699);
#3699 = CARTESIAN_POINT('',(313.22,-59.8539,0.));
#3700 = CIRCLE('',#3701,1.9939);
#3701 = AXIS2_PLACEMENT_3D('',#3702,#3703,#3704);
#3702 = CARTESIAN_POINT('',(313.22,-57.86,0.));
#3703 = DIRECTION('',(-0.,0.,-1.));
#3704 = DIRECTION('',(-0.,-1.,0.));
#3705 = FACE_BOUND('',#3706,.F.);
#3706 = EDGE_LOOP('',(#3707));
#3707 = ORIENTED_EDGE('',*,*,#3708,.T.);
#3708 = EDGE_CURVE('',#3709,#3709,#3711,.T.);
#3709 = VERTEX_POINT('',#3710);
#3710 = CARTESIAN_POINT('',(318.3,-58.735,0.));
#3711 = CIRCLE('',#3712,0.875);
#3712 = AXIS2_PLACEMENT_3D('',#3713,#3714,#3715);
#3713 = CARTESIAN_POINT('',(318.3,-57.86,0.));
#3714 = DIRECTION('',(-0.,0.,-1.));
#3715 = DIRECTION('',(-0.,-1.,0.));
#3716 = FACE_BOUND('',#3717,.F.);
#3717 = EDGE_LOOP('',(#3718));
#3718 = ORIENTED_EDGE('',*,*,#3719,.T.);
#3719 = EDGE_CURVE('',#3720,#3720,#3722,.T.);
#3720 = VERTEX_POINT('',#3721);
#3721 = CARTESIAN_POINT('',(315.76,-54.28,0.));
#3722 = CIRCLE('',#3723,1.5);
#3723 = AXIS2_PLACEMENT_3D('',#3724,#3725,#3726);
#3724 = CARTESIAN_POINT('',(315.76,-52.78,0.));
#3725 = DIRECTION('',(-0.,0.,-1.));
#3726 = DIRECTION('',(-0.,-1.,0.));
#3727 = FACE_BOUND('',#3728,.F.);
#3728 = EDGE_LOOP('',(#3729));
#3729 = ORIENTED_EDGE('',*,*,#3730,.T.);
#3730 = EDGE_CURVE('',#3731,#3731,#3733,.T.);
#3731 = VERTEX_POINT('',#3732);
#3732 = CARTESIAN_POINT('',(343.8,-65.025,0.));
#3733 = CIRCLE('',#3734,0.875);
#3734 = AXIS2_PLACEMENT_3D('',#3735,#3736,#3737);
#3735 = CARTESIAN_POINT('',(343.8,-64.15,0.));
#3736 = DIRECTION('',(-0.,0.,-1.));
#3737 = DIRECTION('',(-0.,-1.,0.));
#3738 = FACE_BOUND('',#3739,.F.);
#3739 = EDGE_LOOP('',(#3740));
#3740 = ORIENTED_EDGE('',*,*,#3741,.T.);
#3741 = EDGE_CURVE('',#3742,#3742,#3744,.T.);
#3742 = VERTEX_POINT('',#3743);
#3743 = CARTESIAN_POINT('',(382.643806,-67.586194,0.));
#3744 = CIRCLE('',#3745,1.6);
#3745 = AXIS2_PLACEMENT_3D('',#3746,#3747,#3748);
#3746 = CARTESIAN_POINT('',(382.643806,-65.986194,0.));
#3747 = DIRECTION('',(-0.,0.,-1.));
#3748 = DIRECTION('',(-3.552713678801E-14,-1.,0.));
#3749 = PLANE('',#3750);
#3750 = AXIS2_PLACEMENT_3D('',#3751,#3752,#3753);
#3751 = CARTESIAN_POINT('',(0.,0.,0.));
#3752 = DIRECTION('',(0.,0.,1.));
#3753 = DIRECTION('',(1.,0.,-0.));
#3754 = ADVANCED_FACE('',(#3755,#4138,#4149,#4160,#4171,#4182,#4193,
    #4204,#4215,#4226,#4237,#4248,#4259,#4270,#4281,#4292,#4303,#4314,
    #4325,#4336,#4347,#4358,#4369,#4380,#4391,#4402,#4413,#4424,#4435,
    #4446,#4457,#4468,#4479,#4490,#4501,#4512,#4523,#4534,#4545,#4556,
    #4567,#4578,#4589,#4600,#4611,#4622,#4633,#4644,#4655,#4666,#4677,
    #4688,#4699,#4710,#4721,#4732,#4743,#4754,#4765,#4776,#4787,#4798,
    #4809,#4820,#4831,#4842,#4853,#4864,#4875,#4886,#4897,#4908,#4919,
    #4930,#4941,#4952,#4963,#4974,#4985,#4996,#5007,#5018,#5029,#5040,
    #5051,#5062,#5073,#5084,#5174,#5185,#5196,#5207,#5218,#5229,#5240,
    #5251,#5262,#5273,#5284,#5295,#5306,#5317,#5328,#5339,#5350,#5361,
    #5372,#5383,#5394,#5405,#5416,#5427,#5438,#5449,#5460,#5471,#5482,
    #5493,#5504,#5515,#5526,#5537,#5548,#5559,#5570,#5581,#5592,#5603,
    #5614,#5625,#5636,#5647,#5658,#5669,#5680,#5691,#5702,#5713,#5724,
    #5735,#5746,#5757,#5768,#5779,#5790,#5801,#5812,#5823,#5834,#5845,
    #5856,#5867,#5878,#5889,#5900,#5911,#5922,#5933,#5944,#5955,#5966,
    #5977,#5988,#5999,#6010,#6021,#6032,#6043,#6054,#6065,#6076,#6087,
    #6098,#6109,#6120,#6131,#6142,#6153,#6164,#6175,#6186,#6197,#6208,
    #6219,#6230,#6241,#6252,#6263,#6274,#6285,#6296,#6307,#6318,#6329,
    #6340,#6351,#6362,#6373,#6384,#6395,#6406,#6417,#6428,#6439,#6450,
    #6461,#6472,#6483,#6494,#6505,#6516,#6527,#6538,#6549,#6560,#6571,
    #6582,#6593,#6629,#6640,#6651,#6662,#6673,#6684,#6695,#6706,#6717,
    #6728,#6739,#6750,#6761,#6772,#6783,#6794,#6805,#6816,#6827,#6838,
    #6849,#6860,#6871,#6882,#6893,#6904,#6915,#6926,#6937,#6948,#6959,
    #6970,#6981,#6992,#7003,#7014,#7025,#7036,#7047,#7058,#7069,#7080,
    #7091,#7102,#7113,#7124,#7135,#7146,#7157,#7168,#7179,#7190,#7201,
    #7212,#7223,#7234,#7245,#7256,#7267,#7278,#7289,#7300,#7311,#7322,
    #7333,#7344,#7355),#7366,.T.);
#3755 = FACE_BOUND('',#3756,.T.);
#3756 = EDGE_LOOP('',(#3757,#3758,#3759,#3767,#3775,#3783,#3791,#3799,
    #3807,#3815,#3824,#3833,#3842,#3851,#3860,#3869,#3878,#3886,#3894,
    #3902,#3910,#3918,#3926,#3934,#3942,#3950,#3958,#3966,#3974,#3982,
    #3990,#3998,#4006,#4014,#4022,#4030,#4039,#4048,#4057,#4066,#4075,
    #4083,#4091,#4099,#4107,#4115,#4123,#4131,#4137));
#3757 = ORIENTED_EDGE('',*,*,#49,.F.);
#3758 = ORIENTED_EDGE('',*,*,#89,.F.);
#3759 = ORIENTED_EDGE('',*,*,#3760,.F.);
#3760 = EDGE_CURVE('',#3761,#82,#3763,.T.);
#3761 = VERTEX_POINT('',#3762);
#3762 = CARTESIAN_POINT('',(299.37,-42.26,1.51));
#3763 = LINE('',#3764,#3765);
#3764 = CARTESIAN_POINT('',(299.37,-42.26,1.51));
#3765 = VECTOR('',#3766,1.);
#3766 = DIRECTION('',(1.,0.,0.));
#3767 = ORIENTED_EDGE('',*,*,#3768,.F.);
#3768 = EDGE_CURVE('',#3769,#3761,#3771,.T.);
#3769 = VERTEX_POINT('',#3770);
#3770 = CARTESIAN_POINT('',(299.37,-50.76,1.51));
#3771 = LINE('',#3772,#3773);
#3772 = CARTESIAN_POINT('',(299.37,-50.76,1.51));
#3773 = VECTOR('',#3774,1.);
#3774 = DIRECTION('',(0.,1.,0.));
#3775 = ORIENTED_EDGE('',*,*,#3776,.F.);
#3776 = EDGE_CURVE('',#3777,#3769,#3779,.T.);
#3777 = VERTEX_POINT('',#3778);
#3778 = CARTESIAN_POINT('',(273.56,-50.76,1.51));
#3779 = LINE('',#3780,#3781);
#3780 = CARTESIAN_POINT('',(273.56,-50.76,1.51));
#3781 = VECTOR('',#3782,1.);
#3782 = DIRECTION('',(1.,0.,0.));
#3783 = ORIENTED_EDGE('',*,*,#3784,.F.);
#3784 = EDGE_CURVE('',#3785,#3777,#3787,.T.);
#3785 = VERTEX_POINT('',#3786);
#3786 = CARTESIAN_POINT('',(273.56,-58.27,1.51));
#3787 = LINE('',#3788,#3789);
#3788 = CARTESIAN_POINT('',(273.56,-58.27,1.51));
#3789 = VECTOR('',#3790,1.);
#3790 = DIRECTION('',(0.,1.,0.));
#3791 = ORIENTED_EDGE('',*,*,#3792,.F.);
#3792 = EDGE_CURVE('',#3793,#3785,#3795,.T.);
#3793 = VERTEX_POINT('',#3794);
#3794 = CARTESIAN_POINT('',(249.625,-58.27,1.51));
#3795 = LINE('',#3796,#3797);
#3796 = CARTESIAN_POINT('',(249.625,-58.27,1.51));
#3797 = VECTOR('',#3798,1.);
#3798 = DIRECTION('',(1.,0.,0.));
#3799 = ORIENTED_EDGE('',*,*,#3800,.F.);
#3800 = EDGE_CURVE('',#3801,#3793,#3803,.T.);
#3801 = VERTEX_POINT('',#3802);
#3802 = CARTESIAN_POINT('',(245.131973,-65.18,1.51));
#3803 = LINE('',#3804,#3805);
#3804 = CARTESIAN_POINT('',(245.131973,-65.18,1.51));
#3805 = VECTOR('',#3806,1.);
#3806 = DIRECTION('',(0.545118582321,0.83835895129,0.));
#3807 = ORIENTED_EDGE('',*,*,#3808,.F.);
#3808 = EDGE_CURVE('',#3809,#3801,#3811,.T.);
#3809 = VERTEX_POINT('',#3810);
#3810 = CARTESIAN_POINT('',(220.789877,-65.17,1.51));
#3811 = LINE('',#3812,#3813);
#3812 = CARTESIAN_POINT('',(220.789877,-65.17,1.51));
#3813 = VECTOR('',#3814,1.);
#3814 = DIRECTION('',(0.999999915617,-4.108109324759E-04,0.));
#3815 = ORIENTED_EDGE('',*,*,#3816,.F.);
#3816 = EDGE_CURVE('',#3817,#3809,#3819,.T.);
#3817 = VERTEX_POINT('',#3818);
#3818 = CARTESIAN_POINT('',(220.58561059185,-66.13843426542,1.51));
#3819 = CIRCLE('',#3820,2.635351177177);
#3820 = AXIS2_PLACEMENT_3D('',#3821,#3822,#3823);
#3821 = CARTESIAN_POINT('',(218.15500019074,-65.11999972894,1.51));
#3822 = DIRECTION('',(0.,0.,1.));
#3823 = DIRECTION('',(-0.999885409416,1.513829704783E-02,-0.));
#3824 = ORIENTED_EDGE('',*,*,#3825,.T.);
#3825 = EDGE_CURVE('',#3817,#3826,#3828,.T.);
#3826 = VERTEX_POINT('',#3827);
#3827 = CARTESIAN_POINT('',(220.65,-66.63,1.51));
#3828 = CIRCLE('',#3829,0.25);
#3829 = AXIS2_PLACEMENT_3D('',#3830,#3831,#3832);
#3830 = CARTESIAN_POINT('',(220.65,-66.38,1.51));
#3831 = DIRECTION('',(-0.,0.,-1.));
#3832 = DIRECTION('',(-0.,-1.,0.));
#3833 = ORIENTED_EDGE('',*,*,#3834,.T.);
#3834 = EDGE_CURVE('',#3826,#3835,#3837,.T.);
#3835 = VERTEX_POINT('',#3836);
#3836 = CARTESIAN_POINT('',(220.41737375484,-66.47156980981,1.51));
#3837 = CIRCLE('',#3838,0.25);
#3838 = AXIS2_PLACEMENT_3D('',#3839,#3840,#3841);
#3839 = CARTESIAN_POINT('',(220.65,-66.38,1.51));
#3840 = DIRECTION('',(-0.,0.,-1.));
#3841 = DIRECTION('',(-0.,-1.,0.));
#3842 = ORIENTED_EDGE('',*,*,#3843,.F.);
#3843 = EDGE_CURVE('',#3844,#3835,#3846,.T.);
#3844 = VERTEX_POINT('',#3845);
#3845 = CARTESIAN_POINT('',(215.88645231337,-66.46118068434,1.51));
#3846 = CIRCLE('',#3847,2.635351177177);
#3847 = AXIS2_PLACEMENT_3D('',#3848,#3849,#3850);
#3848 = CARTESIAN_POINT('',(218.15500019074,-65.11999972894,1.51));
#3849 = DIRECTION('',(0.,0.,1.));
#3850 = DIRECTION('',(-0.999885409416,1.513829704783E-02,-0.));
#3851 = ORIENTED_EDGE('',*,*,#3852,.T.);
#3852 = EDGE_CURVE('',#3844,#3853,#3855,.T.);
#3853 = VERTEX_POINT('',#3854);
#3854 = CARTESIAN_POINT('',(215.65,-66.63,1.51));
#3855 = CIRCLE('',#3856,0.25);
#3856 = AXIS2_PLACEMENT_3D('',#3857,#3858,#3859);
#3857 = CARTESIAN_POINT('',(215.65,-66.38,1.51));
#3858 = DIRECTION('',(-0.,0.,-1.));
#3859 = DIRECTION('',(-0.,-1.,0.));
#3860 = ORIENTED_EDGE('',*,*,#3861,.T.);
#3861 = EDGE_CURVE('',#3853,#3862,#3864,.T.);
#3862 = VERTEX_POINT('',#3863);
#3863 = CARTESIAN_POINT('',(215.72578780471,-66.14176438413,1.51));
#3864 = CIRCLE('',#3865,0.25);
#3865 = AXIS2_PLACEMENT_3D('',#3866,#3867,#3868);
#3866 = CARTESIAN_POINT('',(215.65,-66.38,1.51));
#3867 = DIRECTION('',(-0.,0.,-1.));
#3868 = DIRECTION('',(-0.,-1.,0.));
#3869 = ORIENTED_EDGE('',*,*,#3870,.F.);
#3870 = EDGE_CURVE('',#3871,#3862,#3873,.T.);
#3871 = VERTEX_POINT('',#3872);
#3872 = CARTESIAN_POINT('',(215.519951,-65.080105,1.51));
#3873 = CIRCLE('',#3874,2.635351177177);
#3874 = AXIS2_PLACEMENT_3D('',#3875,#3876,#3877);
#3875 = CARTESIAN_POINT('',(218.15500019074,-65.11999972894,1.51));
#3876 = DIRECTION('',(0.,0.,1.));
#3877 = DIRECTION('',(-0.999885409416,1.513829704783E-02,-0.));
#3878 = ORIENTED_EDGE('',*,*,#3879,.F.);
#3879 = EDGE_CURVE('',#3880,#3871,#3882,.T.);
#3880 = VERTEX_POINT('',#3881);
#3881 = CARTESIAN_POINT('',(210.52,-65.08,1.51));
#3882 = LINE('',#3883,#3884);
#3883 = CARTESIAN_POINT('',(210.52,-65.08,1.51));
#3884 = VECTOR('',#3885,1.);
#3885 = DIRECTION('',(0.999999999779,-2.100020579837E-05,0.));
#3886 = ORIENTED_EDGE('',*,*,#3887,.F.);
#3887 = EDGE_CURVE('',#3888,#3880,#3890,.T.);
#3888 = VERTEX_POINT('',#3889);
#3889 = CARTESIAN_POINT('',(191.,-65.08,1.51));
#3890 = LINE('',#3891,#3892);
#3891 = CARTESIAN_POINT('',(191.,-65.08,1.51));
#3892 = VECTOR('',#3893,1.);
#3893 = DIRECTION('',(1.,0.,0.));
#3894 = ORIENTED_EDGE('',*,*,#3895,.F.);
#3895 = EDGE_CURVE('',#3896,#3888,#3898,.T.);
#3896 = VERTEX_POINT('',#3897);
#3897 = CARTESIAN_POINT('',(186.585,-58.29,1.51));
#3898 = LINE('',#3899,#3900);
#3899 = CARTESIAN_POINT('',(186.585,-58.29,1.51));
#3900 = VECTOR('',#3901,1.);
#3901 = DIRECTION('',(0.545118540501,-0.838358978483,0.));
#3902 = ORIENTED_EDGE('',*,*,#3903,.F.);
#3903 = EDGE_CURVE('',#3904,#3896,#3906,.T.);
#3904 = VERTEX_POINT('',#3905);
#3905 = CARTESIAN_POINT('',(162.65,-58.29,1.51));
#3906 = LINE('',#3907,#3908);
#3907 = CARTESIAN_POINT('',(162.65,-58.29,1.51));
#3908 = VECTOR('',#3909,1.);
#3909 = DIRECTION('',(1.,0.,0.));
#3910 = ORIENTED_EDGE('',*,*,#3911,.F.);
#3911 = EDGE_CURVE('',#3912,#3904,#3914,.T.);
#3912 = VERTEX_POINT('',#3913);
#3913 = CARTESIAN_POINT('',(162.65,-50.78,1.51));
#3914 = LINE('',#3915,#3916);
#3915 = CARTESIAN_POINT('',(162.65,-50.78,1.51));
#3916 = VECTOR('',#3917,1.);
#3917 = DIRECTION('',(0.,-1.,0.));
#3918 = ORIENTED_EDGE('',*,*,#3919,.F.);
#3919 = EDGE_CURVE('',#3920,#3912,#3922,.T.);
#3920 = VERTEX_POINT('',#3921);
#3921 = CARTESIAN_POINT('',(136.84,-50.78,1.51));
#3922 = LINE('',#3923,#3924);
#3923 = CARTESIAN_POINT('',(136.84,-50.78,1.51));
#3924 = VECTOR('',#3925,1.);
#3925 = DIRECTION('',(1.,0.,0.));
#3926 = ORIENTED_EDGE('',*,*,#3927,.F.);
#3927 = EDGE_CURVE('',#3928,#3920,#3930,.T.);
#3928 = VERTEX_POINT('',#3929);
#3929 = CARTESIAN_POINT('',(136.84,-42.28,1.51));
#3930 = LINE('',#3931,#3932);
#3931 = CARTESIAN_POINT('',(136.84,-42.28,1.51));
#3932 = VECTOR('',#3933,1.);
#3933 = DIRECTION('',(0.,-1.,0.));
#3934 = ORIENTED_EDGE('',*,*,#3935,.F.);
#3935 = EDGE_CURVE('',#3936,#3928,#3938,.T.);
#3936 = VERTEX_POINT('',#3937);
#3937 = CARTESIAN_POINT('',(108.25,-42.28,1.51));
#3938 = LINE('',#3939,#3940);
#3939 = CARTESIAN_POINT('',(108.25,-42.28,1.51));
#3940 = VECTOR('',#3941,1.);
#3941 = DIRECTION('',(1.,0.,0.));
#3942 = ORIENTED_EDGE('',*,*,#3943,.F.);
#3943 = EDGE_CURVE('',#3944,#3936,#3946,.T.);
#3944 = VERTEX_POINT('',#3945);
#3945 = CARTESIAN_POINT('',(108.25,-51.27,1.51));
#3946 = LINE('',#3947,#3948);
#3947 = CARTESIAN_POINT('',(108.25,-51.27,1.51));
#3948 = VECTOR('',#3949,1.);
#3949 = DIRECTION('',(0.,1.,0.));
#3950 = ORIENTED_EDGE('',*,*,#3951,.F.);
#3951 = EDGE_CURVE('',#3952,#3944,#3954,.T.);
#3952 = VERTEX_POINT('',#3953);
#3953 = CARTESIAN_POINT('',(80.15,-51.27,1.51));
#3954 = LINE('',#3955,#3956);
#3955 = CARTESIAN_POINT('',(80.15,-51.27,1.51));
#3956 = VECTOR('',#3957,1.);
#3957 = DIRECTION('',(1.,0.,0.));
#3958 = ORIENTED_EDGE('',*,*,#3959,.F.);
#3959 = EDGE_CURVE('',#3960,#3952,#3962,.T.);
#3960 = VERTEX_POINT('',#3961);
#3961 = CARTESIAN_POINT('',(80.15,-61.39,1.51));
#3962 = LINE('',#3963,#3964);
#3963 = CARTESIAN_POINT('',(80.15,-61.39,1.51));
#3964 = VECTOR('',#3965,1.);
#3965 = DIRECTION('',(0.,1.,0.));
#3966 = ORIENTED_EDGE('',*,*,#3967,.F.);
#3967 = EDGE_CURVE('',#3968,#3960,#3970,.T.);
#3968 = VERTEX_POINT('',#3969);
#3969 = CARTESIAN_POINT('',(48.95,-61.39,1.51));
#3970 = LINE('',#3971,#3972);
#3971 = CARTESIAN_POINT('',(48.95,-61.39,1.51));
#3972 = VECTOR('',#3973,1.);
#3973 = DIRECTION('',(1.,0.,0.));
#3974 = ORIENTED_EDGE('',*,*,#3975,.F.);
#3975 = EDGE_CURVE('',#3976,#3968,#3978,.T.);
#3976 = VERTEX_POINT('',#3977);
#3977 = CARTESIAN_POINT('',(48.95,-169.54,1.51));
#3978 = LINE('',#3979,#3980);
#3979 = CARTESIAN_POINT('',(48.95,-169.54,1.51));
#3980 = VECTOR('',#3981,1.);
#3981 = DIRECTION('',(0.,1.,0.));
#3982 = ORIENTED_EDGE('',*,*,#3983,.F.);
#3983 = EDGE_CURVE('',#3984,#3976,#3986,.T.);
#3984 = VERTEX_POINT('',#3985);
#3985 = CARTESIAN_POINT('',(55.49,-169.54,1.51));
#3986 = LINE('',#3987,#3988);
#3987 = CARTESIAN_POINT('',(55.49,-169.54,1.51));
#3988 = VECTOR('',#3989,1.);
#3989 = DIRECTION('',(-1.,0.,0.));
#3990 = ORIENTED_EDGE('',*,*,#3991,.F.);
#3991 = EDGE_CURVE('',#3992,#3984,#3994,.T.);
#3992 = VERTEX_POINT('',#3993);
#3993 = CARTESIAN_POINT('',(86.53,-169.54,1.51));
#3994 = LINE('',#3995,#3996);
#3995 = CARTESIAN_POINT('',(86.53,-169.54,1.51));
#3996 = VECTOR('',#3997,1.);
#3997 = DIRECTION('',(-1.,0.,0.));
#3998 = ORIENTED_EDGE('',*,*,#3999,.F.);
#3999 = EDGE_CURVE('',#4000,#3992,#4002,.T.);
#4000 = VERTEX_POINT('',#4001);
#4001 = CARTESIAN_POINT('',(86.53,-163.01,1.51));
#4002 = LINE('',#4003,#4004);
#4003 = CARTESIAN_POINT('',(86.53,-163.01,1.51));
#4004 = VECTOR('',#4005,1.);
#4005 = DIRECTION('',(0.,-1.,0.));
#4006 = ORIENTED_EDGE('',*,*,#4007,.F.);
#4007 = EDGE_CURVE('',#4008,#4000,#4010,.T.);
#4008 = VERTEX_POINT('',#4009);
#4009 = CARTESIAN_POINT('',(183.56,-162.84,1.51));
#4010 = LINE('',#4011,#4012);
#4011 = CARTESIAN_POINT('',(183.56,-162.84,1.51));
#4012 = VECTOR('',#4013,1.);
#4013 = DIRECTION('',(-0.999998465189,-1.75203276391E-03,0.));
#4014 = ORIENTED_EDGE('',*,*,#4015,.F.);
#4015 = EDGE_CURVE('',#4016,#4008,#4018,.T.);
#4016 = VERTEX_POINT('',#4017);
#4017 = CARTESIAN_POINT('',(183.56,-171.99,1.51));
#4018 = LINE('',#4019,#4020);
#4019 = CARTESIAN_POINT('',(183.56,-171.99,1.51));
#4020 = VECTOR('',#4021,1.);
#4021 = DIRECTION('',(0.,1.,0.));
#4022 = ORIENTED_EDGE('',*,*,#4023,.F.);
#4023 = EDGE_CURVE('',#4024,#4016,#4026,.T.);
#4024 = VERTEX_POINT('',#4025);
#4025 = CARTESIAN_POINT('',(215.42,-171.99,1.51));
#4026 = LINE('',#4027,#4028);
#4027 = CARTESIAN_POINT('',(215.42,-171.99,1.51));
#4028 = VECTOR('',#4029,1.);
#4029 = DIRECTION('',(-1.,0.,0.));
#4030 = ORIENTED_EDGE('',*,*,#4031,.F.);
#4031 = EDGE_CURVE('',#4032,#4024,#4034,.T.);
#4032 = VERTEX_POINT('',#4033);
#4033 = CARTESIAN_POINT('',(215.61204315902,-170.9798733452,1.51));
#4034 = CIRCLE('',#4035,2.700018259199);
#4035 = AXIS2_PLACEMENT_3D('',#4036,#4037,#4038);
#4036 = CARTESIAN_POINT('',(218.11999973901,-171.9799995337,1.51));
#4037 = DIRECTION('',(0.,0.,1.));
#4038 = DIRECTION('',(0.99999333404,3.651284094898E-03,-0.));
#4039 = ORIENTED_EDGE('',*,*,#4040,.T.);
#4040 = EDGE_CURVE('',#4032,#4041,#4043,.T.);
#4041 = VERTEX_POINT('',#4042);
#4042 = CARTESIAN_POINT('',(215.81512453802,-170.5737104781,1.51));
#4043 = CIRCLE('',#4044,0.25);
#4044 = AXIS2_PLACEMENT_3D('',#4045,#4046,#4047);
#4045 = CARTESIAN_POINT('',(215.62,-170.73,1.51));
#4046 = DIRECTION('',(-0.,0.,-1.));
#4047 = DIRECTION('',(-0.,-1.,0.));
#4048 = ORIENTED_EDGE('',*,*,#4049,.F.);
#4049 = EDGE_CURVE('',#4050,#4041,#4052,.T.);
#4050 = VERTEX_POINT('',#4051);
#4051 = CARTESIAN_POINT('',(220.4248751657,-170.573710848,1.51));
#4052 = CIRCLE('',#4053,2.700018259199);
#4053 = AXIS2_PLACEMENT_3D('',#4054,#4055,#4056);
#4054 = CARTESIAN_POINT('',(218.11999973901,-171.9799995337,1.51));
#4055 = DIRECTION('',(0.,0.,1.));
#4056 = DIRECTION('',(0.99999333404,3.651284094898E-03,-0.));
#4057 = ORIENTED_EDGE('',*,*,#4058,.T.);
#4058 = EDGE_CURVE('',#4050,#4059,#4061,.T.);
#4059 = VERTEX_POINT('',#4060);
#4060 = CARTESIAN_POINT('',(220.62795632554,-170.9798733616,1.51));
#4061 = CIRCLE('',#4062,0.25);
#4062 = AXIS2_PLACEMENT_3D('',#4063,#4064,#4065);
#4063 = CARTESIAN_POINT('',(220.62,-170.73,1.51));
#4064 = DIRECTION('',(-0.,0.,-1.));
#4065 = DIRECTION('',(-0.,-1.,0.));
#4066 = ORIENTED_EDGE('',*,*,#4067,.F.);
#4067 = EDGE_CURVE('',#4068,#4059,#4070,.T.);
#4068 = VERTEX_POINT('',#4069);
#4069 = CARTESIAN_POINT('',(220.82,-171.970141,1.51));
#4070 = CIRCLE('',#4071,2.700018259199);
#4071 = AXIS2_PLACEMENT_3D('',#4072,#4073,#4074);
#4072 = CARTESIAN_POINT('',(218.11999973901,-171.9799995337,1.51));
#4073 = DIRECTION('',(0.,0.,1.));
#4074 = DIRECTION('',(0.99999333404,3.651284094898E-03,-0.));
#4075 = ORIENTED_EDGE('',*,*,#4076,.F.);
#4076 = EDGE_CURVE('',#4077,#4068,#4079,.T.);
#4077 = VERTEX_POINT('',#4078);
#4078 = CARTESIAN_POINT('',(252.65,-171.97,1.51));
#4079 = LINE('',#4080,#4081);
#4080 = CARTESIAN_POINT('',(252.65,-171.97,1.51));
#4081 = VECTOR('',#4082,1.);
#4082 = DIRECTION('',(-0.99999999999,-4.429783223755E-06,0.));
#4083 = ORIENTED_EDGE('',*,*,#4084,.F.);
#4084 = EDGE_CURVE('',#4085,#4077,#4087,.T.);
#4085 = VERTEX_POINT('',#4086);
#4086 = CARTESIAN_POINT('',(252.65,-162.82,1.51));
#4087 = LINE('',#4088,#4089);
#4088 = CARTESIAN_POINT('',(252.65,-162.82,1.51));
#4089 = VECTOR('',#4090,1.);
#4090 = DIRECTION('',(0.,-1.,0.));
#4091 = ORIENTED_EDGE('',*,*,#4092,.F.);
#4092 = EDGE_CURVE('',#4093,#4085,#4095,.T.);
#4093 = VERTEX_POINT('',#4094);
#4094 = CARTESIAN_POINT('',(349.68,-162.99,1.51));
#4095 = LINE('',#4096,#4097);
#4096 = CARTESIAN_POINT('',(349.68,-162.99,1.51));
#4097 = VECTOR('',#4098,1.);
#4098 = DIRECTION('',(-0.999998465189,1.75203276391E-03,0.));
#4099 = ORIENTED_EDGE('',*,*,#4100,.F.);
#4100 = EDGE_CURVE('',#4101,#4093,#4103,.T.);
#4101 = VERTEX_POINT('',#4102);
#4102 = CARTESIAN_POINT('',(349.68,-169.52,1.51));
#4103 = LINE('',#4104,#4105);
#4104 = CARTESIAN_POINT('',(349.68,-169.52,1.51));
#4105 = VECTOR('',#4106,1.);
#4106 = DIRECTION('',(0.,1.,0.));
#4107 = ORIENTED_EDGE('',*,*,#4108,.F.);
#4108 = EDGE_CURVE('',#4109,#4101,#4111,.T.);
#4109 = VERTEX_POINT('',#4110);
#4110 = CARTESIAN_POINT('',(380.72,-169.52,1.51));
#4111 = LINE('',#4112,#4113);
#4112 = CARTESIAN_POINT('',(380.72,-169.52,1.51));
#4113 = VECTOR('',#4114,1.);
#4114 = DIRECTION('',(-1.,0.,0.));
#4115 = ORIENTED_EDGE('',*,*,#4116,.F.);
#4116 = EDGE_CURVE('',#4117,#4109,#4119,.T.);
#4117 = VERTEX_POINT('',#4118);
#4118 = CARTESIAN_POINT('',(387.26,-169.52,1.51));
#4119 = LINE('',#4120,#4121);
#4120 = CARTESIAN_POINT('',(387.26,-169.52,1.51));
#4121 = VECTOR('',#4122,1.);
#4122 = DIRECTION('',(-1.,0.,0.));
#4123 = ORIENTED_EDGE('',*,*,#4124,.F.);
#4124 = EDGE_CURVE('',#4125,#4117,#4127,.T.);
#4125 = VERTEX_POINT('',#4126);
#4126 = CARTESIAN_POINT('',(387.26,-61.37,1.51));
#4127 = LINE('',#4128,#4129);
#4128 = CARTESIAN_POINT('',(387.26,-61.37,1.51));
#4129 = VECTOR('',#4130,1.);
#4130 = DIRECTION('',(0.,-1.,0.));
#4131 = ORIENTED_EDGE('',*,*,#4132,.F.);
#4132 = EDGE_CURVE('',#112,#4125,#4133,.T.);
#4133 = LINE('',#4134,#4135);
#4134 = CARTESIAN_POINT('',(356.06,-61.37,1.51));
#4135 = VECTOR('',#4136,1.);
#4136 = DIRECTION('',(1.,0.,0.));
#4137 = ORIENTED_EDGE('',*,*,#111,.F.);
#4138 = FACE_BOUND('',#4139,.T.);
#4139 = EDGE_LOOP('',(#4140));
#4140 = ORIENTED_EDGE('',*,*,#4141,.T.);
#4141 = EDGE_CURVE('',#4142,#4142,#4144,.T.);
#4142 = VERTEX_POINT('',#4143);
#4143 = CARTESIAN_POINT('',(53.566194,-166.523806,1.51));
#4144 = CIRCLE('',#4145,1.6);
#4145 = AXIS2_PLACEMENT_3D('',#4146,#4147,#4148);
#4146 = CARTESIAN_POINT('',(53.566194,-164.923806,1.51));
#4147 = DIRECTION('',(-0.,0.,-1.));
#4148 = DIRECTION('',(4.440892098501E-15,-1.,-0.));
#4149 = FACE_BOUND('',#4150,.T.);
#4150 = EDGE_LOOP('',(#4151));
#4151 = ORIENTED_EDGE('',*,*,#4152,.T.);
#4152 = EDGE_CURVE('',#4153,#4153,#4155,.T.);
#4153 = VERTEX_POINT('',#4154);
#4154 = CARTESIAN_POINT('',(66.35,-153.035,1.51));
#4155 = CIRCLE('',#4156,0.875);
#4156 = AXIS2_PLACEMENT_3D('',#4157,#4158,#4159);
#4157 = CARTESIAN_POINT('',(66.35,-152.16,1.51));
#4158 = DIRECTION('',(-0.,0.,-1.));
#4159 = DIRECTION('',(-0.,-1.,0.));
#4160 = FACE_BOUND('',#4161,.T.);
#4161 = EDGE_LOOP('',(#4162));
#4162 = ORIENTED_EDGE('',*,*,#4163,.T.);
#4163 = EDGE_CURVE('',#4164,#4164,#4166,.T.);
#4164 = VERTEX_POINT('',#4165);
#4165 = CARTESIAN_POINT('',(71.43,-154.1539,1.51));
#4166 = CIRCLE('',#4167,1.9939);
#4167 = AXIS2_PLACEMENT_3D('',#4168,#4169,#4170);
#4168 = CARTESIAN_POINT('',(71.43,-152.16,1.51));
#4169 = DIRECTION('',(-0.,0.,-1.));
#4170 = DIRECTION('',(-0.,-1.,0.));
#4171 = FACE_BOUND('',#4172,.T.);
#4172 = EDGE_LOOP('',(#4173));
#4173 = ORIENTED_EDGE('',*,*,#4174,.T.);
#4174 = EDGE_CURVE('',#4175,#4175,#4177,.T.);
#4175 = VERTEX_POINT('',#4176);
#4176 = CARTESIAN_POINT('',(67.62,-151.12,1.51));
#4177 = CIRCLE('',#4178,1.5);
#4178 = AXIS2_PLACEMENT_3D('',#4179,#4180,#4181);
#4179 = CARTESIAN_POINT('',(67.62,-149.62,1.51));
#4180 = DIRECTION('',(-0.,0.,-1.));
#4181 = DIRECTION('',(-0.,-1.,0.));
#4182 = FACE_BOUND('',#4183,.T.);
#4183 = EDGE_LOOP('',(#4184));
#4184 = ORIENTED_EDGE('',*,*,#4185,.T.);
#4185 = EDGE_CURVE('',#4186,#4186,#4188,.T.);
#4186 = VERTEX_POINT('',#4187);
#4187 = CARTESIAN_POINT('',(76.51,-153.035,1.51));
#4188 = CIRCLE('',#4189,0.875);
#4189 = AXIS2_PLACEMENT_3D('',#4190,#4191,#4192);
#4190 = CARTESIAN_POINT('',(76.51,-152.16,1.51));
#4191 = DIRECTION('',(-0.,0.,-1.));
#4192 = DIRECTION('',(-0.,-1.,0.));
#4193 = FACE_BOUND('',#4194,.T.);
#4194 = EDGE_LOOP('',(#4195));
#4195 = ORIENTED_EDGE('',*,*,#4196,.T.);
#4196 = EDGE_CURVE('',#4197,#4197,#4199,.T.);
#4197 = VERTEX_POINT('',#4198);
#4198 = CARTESIAN_POINT('',(73.97,-148.58,1.51));
#4199 = CIRCLE('',#4200,1.5);
#4200 = AXIS2_PLACEMENT_3D('',#4201,#4202,#4203);
#4201 = CARTESIAN_POINT('',(73.97,-147.08,1.51));
#4202 = DIRECTION('',(-0.,0.,-1.));
#4203 = DIRECTION('',(-0.,-1.,0.));
#4204 = FACE_BOUND('',#4205,.T.);
#4205 = EDGE_LOOP('',(#4206));
#4206 = ORIENTED_EDGE('',*,*,#4207,.T.);
#4207 = EDGE_CURVE('',#4208,#4208,#4210,.T.);
#4208 = VERTEX_POINT('',#4209);
#4209 = CARTESIAN_POINT('',(91.61,-141.435,1.51));
#4210 = CIRCLE('',#4211,0.875);
#4211 = AXIS2_PLACEMENT_3D('',#4212,#4213,#4214);
#4212 = CARTESIAN_POINT('',(91.61,-140.56,1.51));
#4213 = DIRECTION('',(-0.,0.,-1.));
#4214 = DIRECTION('',(-0.,-1.,0.));
#4215 = FACE_BOUND('',#4216,.T.);
#4216 = EDGE_LOOP('',(#4217));
#4217 = ORIENTED_EDGE('',*,*,#4218,.T.);
#4218 = EDGE_CURVE('',#4219,#4219,#4221,.T.);
#4219 = VERTEX_POINT('',#4220);
#4220 = CARTESIAN_POINT('',(96.69,-142.5539,1.51));
#4221 = CIRCLE('',#4222,1.9939);
#4222 = AXIS2_PLACEMENT_3D('',#4223,#4224,#4225);
#4223 = CARTESIAN_POINT('',(96.69,-140.56,1.51));
#4224 = DIRECTION('',(-0.,0.,-1.));
#4225 = DIRECTION('',(-0.,-1.,0.));
#4226 = FACE_BOUND('',#4227,.T.);
#4227 = EDGE_LOOP('',(#4228));
#4228 = ORIENTED_EDGE('',*,*,#4229,.T.);
#4229 = EDGE_CURVE('',#4230,#4230,#4232,.T.);
#4230 = VERTEX_POINT('',#4231);
#4231 = CARTESIAN_POINT('',(101.77,-141.435,1.51));
#4232 = CIRCLE('',#4233,0.875);
#4233 = AXIS2_PLACEMENT_3D('',#4234,#4235,#4236);
#4234 = CARTESIAN_POINT('',(101.77,-140.56,1.51));
#4235 = DIRECTION('',(-0.,0.,-1.));
#4236 = DIRECTION('',(-0.,-1.,0.));
#4237 = FACE_BOUND('',#4238,.T.);
#4238 = EDGE_LOOP('',(#4239));
#4239 = ORIENTED_EDGE('',*,*,#4240,.T.);
#4240 = EDGE_CURVE('',#4241,#4241,#4243,.T.);
#4241 = VERTEX_POINT('',#4242);
#4242 = CARTESIAN_POINT('',(215.62,-170.23,1.51));
#4243 = CIRCLE('',#4244,0.25);
#4244 = AXIS2_PLACEMENT_3D('',#4245,#4246,#4247);
#4245 = CARTESIAN_POINT('',(215.62,-169.98,1.51));
#4246 = DIRECTION('',(-0.,0.,-1.));
#4247 = DIRECTION('',(-0.,-1.,0.));
#4248 = FACE_BOUND('',#4249,.T.);
#4249 = EDGE_LOOP('',(#4250));
#4250 = ORIENTED_EDGE('',*,*,#4251,.T.);
#4251 = EDGE_CURVE('',#4252,#4252,#4254,.T.);
#4252 = VERTEX_POINT('',#4253);
#4253 = CARTESIAN_POINT('',(215.62,-169.48,1.51));
#4254 = CIRCLE('',#4255,0.25);
#4255 = AXIS2_PLACEMENT_3D('',#4256,#4257,#4258);
#4256 = CARTESIAN_POINT('',(215.62,-169.23,1.51));
#4257 = DIRECTION('',(-0.,0.,-1.));
#4258 = DIRECTION('',(-0.,-1.,0.));
#4259 = FACE_BOUND('',#4260,.T.);
#4260 = EDGE_LOOP('',(#4261));
#4261 = ORIENTED_EDGE('',*,*,#4262,.T.);
#4262 = EDGE_CURVE('',#4263,#4263,#4265,.T.);
#4263 = VERTEX_POINT('',#4264);
#4264 = CARTESIAN_POINT('',(215.62,-168.73,1.51));
#4265 = CIRCLE('',#4266,0.25);
#4266 = AXIS2_PLACEMENT_3D('',#4267,#4268,#4269);
#4267 = CARTESIAN_POINT('',(215.62,-168.48,1.51));
#4268 = DIRECTION('',(-0.,0.,-1.));
#4269 = DIRECTION('',(-0.,-1.,0.));
#4270 = FACE_BOUND('',#4271,.T.);
#4271 = EDGE_LOOP('',(#4272));
#4272 = ORIENTED_EDGE('',*,*,#4273,.T.);
#4273 = EDGE_CURVE('',#4274,#4274,#4276,.T.);
#4274 = VERTEX_POINT('',#4275);
#4275 = CARTESIAN_POINT('',(210.803806,-168.973806,1.51));
#4276 = CIRCLE('',#4277,1.6);
#4277 = AXIS2_PLACEMENT_3D('',#4278,#4279,#4280);
#4278 = CARTESIAN_POINT('',(210.803806,-167.373806,1.51));
#4279 = DIRECTION('',(-0.,0.,-1.));
#4280 = DIRECTION('',(-0.,-1.,0.));
#4281 = FACE_BOUND('',#4282,.T.);
#4282 = EDGE_LOOP('',(#4283));
#4283 = ORIENTED_EDGE('',*,*,#4284,.T.);
#4284 = EDGE_CURVE('',#4285,#4285,#4287,.T.);
#4285 = VERTEX_POINT('',#4286);
#4286 = CARTESIAN_POINT('',(215.62,-167.98,1.51));
#4287 = CIRCLE('',#4288,0.25);
#4288 = AXIS2_PLACEMENT_3D('',#4289,#4290,#4291);
#4289 = CARTESIAN_POINT('',(215.62,-167.73,1.51));
#4290 = DIRECTION('',(-0.,0.,-1.));
#4291 = DIRECTION('',(-0.,-1.,0.));
#4292 = FACE_BOUND('',#4293,.T.);
#4293 = EDGE_LOOP('',(#4294));
#4294 = ORIENTED_EDGE('',*,*,#4295,.T.);
#4295 = EDGE_CURVE('',#4296,#4296,#4298,.T.);
#4296 = VERTEX_POINT('',#4297);
#4297 = CARTESIAN_POINT('',(215.62,-167.23,1.51));
#4298 = CIRCLE('',#4299,0.25);
#4299 = AXIS2_PLACEMENT_3D('',#4300,#4301,#4302);
#4300 = CARTESIAN_POINT('',(215.62,-166.98,1.51));
#4301 = DIRECTION('',(-0.,0.,-1.));
#4302 = DIRECTION('',(-0.,-1.,0.));
#4303 = FACE_BOUND('',#4304,.T.);
#4304 = EDGE_LOOP('',(#4305));
#4305 = ORIENTED_EDGE('',*,*,#4306,.T.);
#4306 = EDGE_CURVE('',#4307,#4307,#4309,.T.);
#4307 = VERTEX_POINT('',#4308);
#4308 = CARTESIAN_POINT('',(215.62,-166.48,1.51));
#4309 = CIRCLE('',#4310,0.25);
#4310 = AXIS2_PLACEMENT_3D('',#4311,#4312,#4313);
#4311 = CARTESIAN_POINT('',(215.62,-166.23,1.51));
#4312 = DIRECTION('',(-0.,0.,-1.));
#4313 = DIRECTION('',(-0.,-1.,0.));
#4314 = FACE_BOUND('',#4315,.T.);
#4315 = EDGE_LOOP('',(#4316));
#4316 = ORIENTED_EDGE('',*,*,#4317,.T.);
#4317 = EDGE_CURVE('',#4318,#4318,#4320,.T.);
#4318 = VERTEX_POINT('',#4319);
#4319 = CARTESIAN_POINT('',(215.62,-165.73,1.51));
#4320 = CIRCLE('',#4321,0.25);
#4321 = AXIS2_PLACEMENT_3D('',#4322,#4323,#4324);
#4322 = CARTESIAN_POINT('',(215.62,-165.48,1.51));
#4323 = DIRECTION('',(-0.,0.,-1.));
#4324 = DIRECTION('',(-0.,-1.,0.));
#4325 = FACE_BOUND('',#4326,.T.);
#4326 = EDGE_LOOP('',(#4327));
#4327 = ORIENTED_EDGE('',*,*,#4328,.T.);
#4328 = EDGE_CURVE('',#4329,#4329,#4331,.T.);
#4329 = VERTEX_POINT('',#4330);
#4330 = CARTESIAN_POINT('',(215.62,-164.98,1.51));
#4331 = CIRCLE('',#4332,0.25);
#4332 = AXIS2_PLACEMENT_3D('',#4333,#4334,#4335);
#4333 = CARTESIAN_POINT('',(215.62,-164.73,1.51));
#4334 = DIRECTION('',(-0.,0.,-1.));
#4335 = DIRECTION('',(-0.,-1.,0.));
#4336 = FACE_BOUND('',#4337,.T.);
#4337 = EDGE_LOOP('',(#4338));
#4338 = ORIENTED_EDGE('',*,*,#4339,.T.);
#4339 = EDGE_CURVE('',#4340,#4340,#4342,.T.);
#4340 = VERTEX_POINT('',#4341);
#4341 = CARTESIAN_POINT('',(215.62,-164.23,1.51));
#4342 = CIRCLE('',#4343,0.25);
#4343 = AXIS2_PLACEMENT_3D('',#4344,#4345,#4346);
#4344 = CARTESIAN_POINT('',(215.62,-163.98,1.51));
#4345 = DIRECTION('',(-0.,0.,-1.));
#4346 = DIRECTION('',(-0.,-1.,0.));
#4347 = FACE_BOUND('',#4348,.T.);
#4348 = EDGE_LOOP('',(#4349));
#4349 = ORIENTED_EDGE('',*,*,#4350,.T.);
#4350 = EDGE_CURVE('',#4351,#4351,#4353,.T.);
#4351 = VERTEX_POINT('',#4352);
#4352 = CARTESIAN_POINT('',(193.35,-159.215,1.51));
#4353 = CIRCLE('',#4354,0.875);
#4354 = AXIS2_PLACEMENT_3D('',#4355,#4356,#4357);
#4355 = CARTESIAN_POINT('',(193.35,-158.34,1.51));
#4356 = DIRECTION('',(-0.,0.,-1.));
#4357 = DIRECTION('',(-0.,-1.,0.));
#4358 = FACE_BOUND('',#4359,.T.);
#4359 = EDGE_LOOP('',(#4360));
#4360 = ORIENTED_EDGE('',*,*,#4361,.T.);
#4361 = EDGE_CURVE('',#4362,#4362,#4364,.T.);
#4362 = VERTEX_POINT('',#4363);
#4363 = CARTESIAN_POINT('',(194.62,-157.3,1.51));
#4364 = CIRCLE('',#4365,1.5);
#4365 = AXIS2_PLACEMENT_3D('',#4366,#4367,#4368);
#4366 = CARTESIAN_POINT('',(194.62,-155.8,1.51));
#4367 = DIRECTION('',(-0.,0.,-1.));
#4368 = DIRECTION('',(-0.,-1.,0.));
#4369 = FACE_BOUND('',#4370,.T.);
#4370 = EDGE_LOOP('',(#4371));
#4371 = ORIENTED_EDGE('',*,*,#4372,.T.);
#4372 = EDGE_CURVE('',#4373,#4373,#4375,.T.);
#4373 = VERTEX_POINT('',#4374);
#4374 = CARTESIAN_POINT('',(198.43,-160.3339,1.51));
#4375 = CIRCLE('',#4376,1.9939);
#4376 = AXIS2_PLACEMENT_3D('',#4377,#4378,#4379);
#4377 = CARTESIAN_POINT('',(198.43,-158.34,1.51));
#4378 = DIRECTION('',(-0.,0.,-1.));
#4379 = DIRECTION('',(-0.,-1.,0.));
#4380 = FACE_BOUND('',#4381,.T.);
#4381 = EDGE_LOOP('',(#4382));
#4382 = ORIENTED_EDGE('',*,*,#4383,.T.);
#4383 = EDGE_CURVE('',#4384,#4384,#4386,.T.);
#4384 = VERTEX_POINT('',#4385);
#4385 = CARTESIAN_POINT('',(203.51,-159.215,1.51));
#4386 = CIRCLE('',#4387,0.875);
#4387 = AXIS2_PLACEMENT_3D('',#4388,#4389,#4390);
#4388 = CARTESIAN_POINT('',(203.51,-158.34,1.51));
#4389 = DIRECTION('',(-0.,0.,-1.));
#4390 = DIRECTION('',(-0.,-1.,0.));
#4391 = FACE_BOUND('',#4392,.T.);
#4392 = EDGE_LOOP('',(#4393));
#4393 = ORIENTED_EDGE('',*,*,#4394,.T.);
#4394 = EDGE_CURVE('',#4395,#4395,#4397,.T.);
#4395 = VERTEX_POINT('',#4396);
#4396 = CARTESIAN_POINT('',(167.72,-150.005,1.51));
#4397 = CIRCLE('',#4398,0.875);
#4398 = AXIS2_PLACEMENT_3D('',#4399,#4400,#4401);
#4399 = CARTESIAN_POINT('',(167.72,-149.13,1.51));
#4400 = DIRECTION('',(-0.,0.,-1.));
#4401 = DIRECTION('',(-0.,-1.,0.));
#4402 = FACE_BOUND('',#4403,.T.);
#4403 = EDGE_LOOP('',(#4404));
#4404 = ORIENTED_EDGE('',*,*,#4405,.T.);
#4405 = EDGE_CURVE('',#4406,#4406,#4408,.T.);
#4406 = VERTEX_POINT('',#4407);
#4407 = CARTESIAN_POINT('',(172.8,-151.1239,1.51));
#4408 = CIRCLE('',#4409,1.9939);
#4409 = AXIS2_PLACEMENT_3D('',#4410,#4411,#4412);
#4410 = CARTESIAN_POINT('',(172.8,-149.13,1.51));
#4411 = DIRECTION('',(-0.,0.,-1.));
#4412 = DIRECTION('',(-0.,-1.,0.));
#4413 = FACE_BOUND('',#4414,.T.);
#4414 = EDGE_LOOP('',(#4415));
#4415 = ORIENTED_EDGE('',*,*,#4416,.T.);
#4416 = EDGE_CURVE('',#4417,#4417,#4419,.T.);
#4417 = VERTEX_POINT('',#4418);
#4418 = CARTESIAN_POINT('',(142.404824,-141.655,1.51));
#4419 = CIRCLE('',#4420,0.875);
#4420 = AXIS2_PLACEMENT_3D('',#4421,#4422,#4423);
#4421 = CARTESIAN_POINT('',(142.404824,-140.78,1.51));
#4422 = DIRECTION('',(-0.,0.,-1.));
#4423 = DIRECTION('',(-0.,-1.,0.));
#4424 = FACE_BOUND('',#4425,.T.);
#4425 = EDGE_LOOP('',(#4426));
#4426 = ORIENTED_EDGE('',*,*,#4427,.T.);
#4427 = EDGE_CURVE('',#4428,#4428,#4430,.T.);
#4428 = VERTEX_POINT('',#4429);
#4429 = CARTESIAN_POINT('',(147.484824,-142.7739,1.51));
#4430 = CIRCLE('',#4431,1.9939);
#4431 = AXIS2_PLACEMENT_3D('',#4432,#4433,#4434);
#4432 = CARTESIAN_POINT('',(147.484824,-140.78,1.51));
#4433 = DIRECTION('',(-0.,0.,-1.));
#4434 = DIRECTION('',(-0.,-1.,0.));
#4435 = FACE_BOUND('',#4436,.T.);
#4436 = EDGE_LOOP('',(#4437));
#4437 = ORIENTED_EDGE('',*,*,#4438,.T.);
#4438 = EDGE_CURVE('',#4439,#4439,#4441,.T.);
#4439 = VERTEX_POINT('',#4440);
#4440 = CARTESIAN_POINT('',(152.564824,-141.655,1.51));
#4441 = CIRCLE('',#4442,0.875);
#4442 = AXIS2_PLACEMENT_3D('',#4443,#4444,#4445);
#4443 = CARTESIAN_POINT('',(152.564824,-140.78,1.51));
#4444 = DIRECTION('',(-0.,0.,-1.));
#4445 = DIRECTION('',(-0.,-1.,0.));
#4446 = FACE_BOUND('',#4447,.T.);
#4447 = EDGE_LOOP('',(#4448));
#4448 = ORIENTED_EDGE('',*,*,#4449,.T.);
#4449 = EDGE_CURVE('',#4450,#4450,#4452,.T.);
#4450 = VERTEX_POINT('',#4451);
#4451 = CARTESIAN_POINT('',(168.99,-148.09,1.51));
#4452 = CIRCLE('',#4453,1.5);
#4453 = AXIS2_PLACEMENT_3D('',#4454,#4455,#4456);
#4454 = CARTESIAN_POINT('',(168.99,-146.59,1.51));
#4455 = DIRECTION('',(-0.,0.,-1.));
#4456 = DIRECTION('',(-0.,-1.,0.));
#4457 = FACE_BOUND('',#4458,.T.);
#4458 = EDGE_LOOP('',(#4459));
#4459 = ORIENTED_EDGE('',*,*,#4460,.T.);
#4460 = EDGE_CURVE('',#4461,#4461,#4463,.T.);
#4461 = VERTEX_POINT('',#4462);
#4462 = CARTESIAN_POINT('',(175.34,-145.55,1.51));
#4463 = CIRCLE('',#4464,1.5);
#4464 = AXIS2_PLACEMENT_3D('',#4465,#4466,#4467);
#4465 = CARTESIAN_POINT('',(175.34,-144.05,1.51));
#4466 = DIRECTION('',(-0.,0.,-1.));
#4467 = DIRECTION('',(-0.,-1.,0.));
#4468 = FACE_BOUND('',#4469,.T.);
#4469 = EDGE_LOOP('',(#4470));
#4470 = ORIENTED_EDGE('',*,*,#4471,.T.);
#4471 = EDGE_CURVE('',#4472,#4472,#4474,.T.);
#4472 = VERTEX_POINT('',#4473);
#4473 = CARTESIAN_POINT('',(177.88,-150.005,1.51));
#4474 = CIRCLE('',#4475,0.875);
#4475 = AXIS2_PLACEMENT_3D('',#4476,#4477,#4478);
#4476 = CARTESIAN_POINT('',(177.88,-149.13,1.51));
#4477 = DIRECTION('',(-0.,0.,-1.));
#4478 = DIRECTION('',(-0.,-1.,0.));
#4479 = FACE_BOUND('',#4480,.T.);
#4480 = EDGE_LOOP('',(#4481));
#4481 = ORIENTED_EDGE('',*,*,#4482,.T.);
#4482 = EDGE_CURVE('',#4483,#4483,#4485,.T.);
#4483 = VERTEX_POINT('',#4484);
#4484 = CARTESIAN_POINT('',(200.97,-154.76,1.51));
#4485 = CIRCLE('',#4486,1.5);
#4486 = AXIS2_PLACEMENT_3D('',#4487,#4488,#4489);
#4487 = CARTESIAN_POINT('',(200.97,-153.26,1.51));
#4488 = DIRECTION('',(-0.,0.,-1.));
#4489 = DIRECTION('',(-0.,-1.,0.));
#4490 = FACE_BOUND('',#4491,.T.);
#4491 = EDGE_LOOP('',(#4492));
#4492 = ORIENTED_EDGE('',*,*,#4493,.T.);
#4493 = EDGE_CURVE('',#4494,#4494,#4496,.T.);
#4494 = VERTEX_POINT('',#4495);
#4495 = CARTESIAN_POINT('',(92.88,-139.52,1.51));
#4496 = CIRCLE('',#4497,1.5);
#4497 = AXIS2_PLACEMENT_3D('',#4498,#4499,#4500);
#4498 = CARTESIAN_POINT('',(92.88,-138.02,1.51));
#4499 = DIRECTION('',(-0.,0.,-1.));
#4500 = DIRECTION('',(-0.,-1.,0.));
#4501 = FACE_BOUND('',#4502,.T.);
#4502 = EDGE_LOOP('',(#4503));
#4503 = ORIENTED_EDGE('',*,*,#4504,.T.);
#4504 = EDGE_CURVE('',#4505,#4505,#4507,.T.);
#4505 = VERTEX_POINT('',#4506);
#4506 = CARTESIAN_POINT('',(66.39,-127.995,1.51));
#4507 = CIRCLE('',#4508,0.875);
#4508 = AXIS2_PLACEMENT_3D('',#4509,#4510,#4511);
#4509 = CARTESIAN_POINT('',(66.39,-127.12,1.51));
#4510 = DIRECTION('',(-0.,0.,-1.));
#4511 = DIRECTION('',(-0.,-1.,0.));
#4512 = FACE_BOUND('',#4513,.T.);
#4513 = EDGE_LOOP('',(#4514));
#4514 = ORIENTED_EDGE('',*,*,#4515,.T.);
#4515 = EDGE_CURVE('',#4516,#4516,#4518,.T.);
#4516 = VERTEX_POINT('',#4517);
#4517 = CARTESIAN_POINT('',(71.47,-129.1139,1.51));
#4518 = CIRCLE('',#4519,1.9939);
#4519 = AXIS2_PLACEMENT_3D('',#4520,#4521,#4522);
#4520 = CARTESIAN_POINT('',(71.47,-127.12,1.51));
#4521 = DIRECTION('',(-0.,0.,-1.));
#4522 = DIRECTION('',(-0.,-1.,0.));
#4523 = FACE_BOUND('',#4524,.T.);
#4524 = EDGE_LOOP('',(#4525));
#4525 = ORIENTED_EDGE('',*,*,#4526,.T.);
#4526 = EDGE_CURVE('',#4527,#4527,#4529,.T.);
#4527 = VERTEX_POINT('',#4528);
#4528 = CARTESIAN_POINT('',(76.55,-127.995,1.51));
#4529 = CIRCLE('',#4530,0.875);
#4530 = AXIS2_PLACEMENT_3D('',#4531,#4532,#4533);
#4531 = CARTESIAN_POINT('',(76.55,-127.12,1.51));
#4532 = DIRECTION('',(-0.,0.,-1.));
#4533 = DIRECTION('',(-0.,-1.,0.));
#4534 = FACE_BOUND('',#4535,.T.);
#4535 = EDGE_LOOP('',(#4536));
#4536 = ORIENTED_EDGE('',*,*,#4537,.T.);
#4537 = EDGE_CURVE('',#4538,#4538,#4540,.T.);
#4538 = VERTEX_POINT('',#4539);
#4539 = CARTESIAN_POINT('',(99.23,-136.98,1.51));
#4540 = CIRCLE('',#4541,1.5);
#4541 = AXIS2_PLACEMENT_3D('',#4542,#4543,#4544);
#4542 = CARTESIAN_POINT('',(99.23,-135.48,1.51));
#4543 = DIRECTION('',(-0.,0.,-1.));
#4544 = DIRECTION('',(-0.,-1.,0.));
#4545 = FACE_BOUND('',#4546,.T.);
#4546 = EDGE_LOOP('',(#4547));
#4547 = ORIENTED_EDGE('',*,*,#4548,.T.);
#4548 = EDGE_CURVE('',#4549,#4549,#4551,.T.);
#4549 = VERTEX_POINT('',#4550);
#4550 = CARTESIAN_POINT('',(117.03,-135.365,1.51));
#4551 = CIRCLE('',#4552,0.875);
#4552 = AXIS2_PLACEMENT_3D('',#4553,#4554,#4555);
#4553 = CARTESIAN_POINT('',(117.03,-134.49,1.51));
#4554 = DIRECTION('',(-0.,0.,-1.));
#4555 = DIRECTION('',(-0.,-1.,0.));
#4556 = FACE_BOUND('',#4557,.T.);
#4557 = EDGE_LOOP('',(#4558));
#4558 = ORIENTED_EDGE('',*,*,#4559,.T.);
#4559 = EDGE_CURVE('',#4560,#4560,#4562,.T.);
#4560 = VERTEX_POINT('',#4561);
#4561 = CARTESIAN_POINT('',(122.11,-136.4839,1.51));
#4562 = CIRCLE('',#4563,1.9939);
#4563 = AXIS2_PLACEMENT_3D('',#4564,#4565,#4566);
#4564 = CARTESIAN_POINT('',(122.11,-134.49,1.51));
#4565 = DIRECTION('',(-0.,0.,-1.));
#4566 = DIRECTION('',(-0.,-1.,0.));
#4567 = FACE_BOUND('',#4568,.T.);
#4568 = EDGE_LOOP('',(#4569));
#4569 = ORIENTED_EDGE('',*,*,#4570,.T.);
#4570 = EDGE_CURVE('',#4571,#4571,#4573,.T.);
#4571 = VERTEX_POINT('',#4572);
#4572 = CARTESIAN_POINT('',(127.19,-135.365,1.51));
#4573 = CIRCLE('',#4574,0.875);
#4574 = AXIS2_PLACEMENT_3D('',#4575,#4576,#4577);
#4575 = CARTESIAN_POINT('',(127.19,-134.49,1.51));
#4576 = DIRECTION('',(-0.,0.,-1.));
#4577 = DIRECTION('',(-0.,-1.,0.));
#4578 = FACE_BOUND('',#4579,.T.);
#4579 = EDGE_LOOP('',(#4580));
#4580 = ORIENTED_EDGE('',*,*,#4581,.T.);
#4581 = EDGE_CURVE('',#4582,#4582,#4584,.T.);
#4582 = VERTEX_POINT('',#4583);
#4583 = CARTESIAN_POINT('',(118.3,-133.45,1.51));
#4584 = CIRCLE('',#4585,1.5);
#4585 = AXIS2_PLACEMENT_3D('',#4586,#4587,#4588);
#4586 = CARTESIAN_POINT('',(118.3,-131.95,1.51));
#4587 = DIRECTION('',(-0.,0.,-1.));
#4588 = DIRECTION('',(-0.,-1.,0.));
#4589 = FACE_BOUND('',#4590,.T.);
#4590 = EDGE_LOOP('',(#4591));
#4591 = ORIENTED_EDGE('',*,*,#4592,.T.);
#4592 = EDGE_CURVE('',#4593,#4593,#4595,.T.);
#4593 = VERTEX_POINT('',#4594);
#4594 = CARTESIAN_POINT('',(124.65,-130.91,1.51));
#4595 = CIRCLE('',#4596,1.5);
#4596 = AXIS2_PLACEMENT_3D('',#4597,#4598,#4599);
#4597 = CARTESIAN_POINT('',(124.65,-129.41,1.51));
#4598 = DIRECTION('',(-0.,0.,-1.));
#4599 = DIRECTION('',(-0.,-1.,0.));
#4600 = FACE_BOUND('',#4601,.T.);
#4601 = EDGE_LOOP('',(#4602));
#4602 = ORIENTED_EDGE('',*,*,#4603,.T.);
#4603 = EDGE_CURVE('',#4604,#4604,#4606,.T.);
#4604 = VERTEX_POINT('',#4605);
#4605 = CARTESIAN_POINT('',(67.66,-126.08,1.51));
#4606 = CIRCLE('',#4607,1.5);
#4607 = AXIS2_PLACEMENT_3D('',#4608,#4609,#4610);
#4608 = CARTESIAN_POINT('',(67.66,-124.58,1.51));
#4609 = DIRECTION('',(-0.,0.,-1.));
#4610 = DIRECTION('',(-0.,-1.,0.));
#4611 = FACE_BOUND('',#4612,.T.);
#4612 = EDGE_LOOP('',(#4613));
#4613 = ORIENTED_EDGE('',*,*,#4614,.T.);
#4614 = EDGE_CURVE('',#4615,#4615,#4617,.T.);
#4615 = VERTEX_POINT('',#4616);
#4616 = CARTESIAN_POINT('',(74.01,-123.54,1.51));
#4617 = CIRCLE('',#4618,1.5);
#4618 = AXIS2_PLACEMENT_3D('',#4619,#4620,#4621);
#4619 = CARTESIAN_POINT('',(74.01,-122.04,1.51));
#4620 = DIRECTION('',(-0.,0.,-1.));
#4621 = DIRECTION('',(-0.,-1.,0.));
#4622 = FACE_BOUND('',#4623,.T.);
#4623 = EDGE_LOOP('',(#4624));
#4624 = ORIENTED_EDGE('',*,*,#4625,.T.);
#4625 = EDGE_CURVE('',#4626,#4626,#4628,.T.);
#4626 = VERTEX_POINT('',#4627);
#4627 = CARTESIAN_POINT('',(91.58,-116.295,1.51));
#4628 = CIRCLE('',#4629,0.875);
#4629 = AXIS2_PLACEMENT_3D('',#4630,#4631,#4632);
#4630 = CARTESIAN_POINT('',(91.58,-115.42,1.51));
#4631 = DIRECTION('',(-0.,0.,-1.));
#4632 = DIRECTION('',(-0.,-1.,0.));
#4633 = FACE_BOUND('',#4634,.T.);
#4634 = EDGE_LOOP('',(#4635));
#4635 = ORIENTED_EDGE('',*,*,#4636,.T.);
#4636 = EDGE_CURVE('',#4637,#4637,#4639,.T.);
#4637 = VERTEX_POINT('',#4638);
#4638 = CARTESIAN_POINT('',(92.85,-114.38,1.51));
#4639 = CIRCLE('',#4640,1.5);
#4640 = AXIS2_PLACEMENT_3D('',#4641,#4642,#4643);
#4641 = CARTESIAN_POINT('',(92.85,-112.88,1.51));
#4642 = DIRECTION('',(-0.,0.,-1.));
#4643 = DIRECTION('',(-0.,-1.,0.));
#4644 = FACE_BOUND('',#4645,.T.);
#4645 = EDGE_LOOP('',(#4646));
#4646 = ORIENTED_EDGE('',*,*,#4647,.T.);
#4647 = EDGE_CURVE('',#4648,#4648,#4650,.T.);
#4648 = VERTEX_POINT('',#4649);
#4649 = CARTESIAN_POINT('',(96.66,-117.4139,1.51));
#4650 = CIRCLE('',#4651,1.9939);
#4651 = AXIS2_PLACEMENT_3D('',#4652,#4653,#4654);
#4652 = CARTESIAN_POINT('',(96.66,-115.42,1.51));
#4653 = DIRECTION('',(-0.,0.,-1.));
#4654 = DIRECTION('',(-0.,-1.,0.));
#4655 = FACE_BOUND('',#4656,.T.);
#4656 = EDGE_LOOP('',(#4657));
#4657 = ORIENTED_EDGE('',*,*,#4658,.T.);
#4658 = EDGE_CURVE('',#4659,#4659,#4661,.T.);
#4659 = VERTEX_POINT('',#4660);
#4660 = CARTESIAN_POINT('',(101.74,-116.295,1.51));
#4661 = CIRCLE('',#4662,0.875);
#4662 = AXIS2_PLACEMENT_3D('',#4663,#4664,#4665);
#4663 = CARTESIAN_POINT('',(101.74,-115.42,1.51));
#4664 = DIRECTION('',(-0.,0.,-1.));
#4665 = DIRECTION('',(-0.,-1.,0.));
#4666 = FACE_BOUND('',#4667,.T.);
#4667 = EDGE_LOOP('',(#4668));
#4668 = ORIENTED_EDGE('',*,*,#4669,.T.);
#4669 = EDGE_CURVE('',#4670,#4670,#4672,.T.);
#4670 = VERTEX_POINT('',#4671);
#4671 = CARTESIAN_POINT('',(143.674824,-139.74,1.51));
#4672 = CIRCLE('',#4673,1.5);
#4673 = AXIS2_PLACEMENT_3D('',#4674,#4675,#4676);
#4674 = CARTESIAN_POINT('',(143.674824,-138.24,1.51));
#4675 = DIRECTION('',(-0.,0.,-1.));
#4676 = DIRECTION('',(-0.,-1.,0.));
#4677 = FACE_BOUND('',#4678,.T.);
#4678 = EDGE_LOOP('',(#4679));
#4679 = ORIENTED_EDGE('',*,*,#4680,.T.);
#4680 = EDGE_CURVE('',#4681,#4681,#4683,.T.);
#4681 = VERTEX_POINT('',#4682);
#4682 = CARTESIAN_POINT('',(150.024824,-137.2,1.51));
#4683 = CIRCLE('',#4684,1.5);
#4684 = AXIS2_PLACEMENT_3D('',#4685,#4686,#4687);
#4685 = CARTESIAN_POINT('',(150.024824,-135.7,1.51));
#4686 = DIRECTION('',(-0.,0.,-1.));
#4687 = DIRECTION('',(-0.,-1.,0.));
#4688 = FACE_BOUND('',#4689,.T.);
#4689 = EDGE_LOOP('',(#4690));
#4690 = ORIENTED_EDGE('',*,*,#4691,.T.);
#4691 = EDGE_CURVE('',#4692,#4692,#4694,.T.);
#4692 = VERTEX_POINT('',#4693);
#4693 = CARTESIAN_POINT('',(167.734824,-124.415,1.51));
#4694 = CIRCLE('',#4695,0.875);
#4695 = AXIS2_PLACEMENT_3D('',#4696,#4697,#4698);
#4696 = CARTESIAN_POINT('',(167.734824,-123.54,1.51));
#4697 = DIRECTION('',(-0.,0.,-1.));
#4698 = DIRECTION('',(-0.,-1.,0.));
#4699 = FACE_BOUND('',#4700,.T.);
#4700 = EDGE_LOOP('',(#4701));
#4701 = ORIENTED_EDGE('',*,*,#4702,.T.);
#4702 = EDGE_CURVE('',#4703,#4703,#4705,.T.);
#4703 = VERTEX_POINT('',#4704);
#4704 = CARTESIAN_POINT('',(172.814824,-125.5339,1.51));
#4705 = CIRCLE('',#4706,1.9939);
#4706 = AXIS2_PLACEMENT_3D('',#4707,#4708,#4709);
#4707 = CARTESIAN_POINT('',(172.814824,-123.54,1.51));
#4708 = DIRECTION('',(-0.,0.,-1.));
#4709 = DIRECTION('',(-0.,-1.,0.));
#4710 = FACE_BOUND('',#4711,.T.);
#4711 = EDGE_LOOP('',(#4712));
#4712 = ORIENTED_EDGE('',*,*,#4713,.T.);
#4713 = EDGE_CURVE('',#4714,#4714,#4716,.T.);
#4714 = VERTEX_POINT('',#4715);
#4715 = CARTESIAN_POINT('',(169.004824,-122.5,1.51));
#4716 = CIRCLE('',#4717,1.5);
#4717 = AXIS2_PLACEMENT_3D('',#4718,#4719,#4720);
#4718 = CARTESIAN_POINT('',(169.004824,-121.,1.51));
#4719 = DIRECTION('',(-0.,0.,-1.));
#4720 = DIRECTION('',(-0.,-1.,0.));
#4721 = FACE_BOUND('',#4722,.T.);
#4722 = EDGE_LOOP('',(#4723));
#4723 = ORIENTED_EDGE('',*,*,#4724,.T.);
#4724 = EDGE_CURVE('',#4725,#4725,#4727,.T.);
#4725 = VERTEX_POINT('',#4726);
#4726 = CARTESIAN_POINT('',(175.354824,-119.96,1.51));
#4727 = CIRCLE('',#4728,1.5);
#4728 = AXIS2_PLACEMENT_3D('',#4729,#4730,#4731);
#4729 = CARTESIAN_POINT('',(175.354824,-118.46,1.51));
#4730 = DIRECTION('',(-0.,0.,-1.));
#4731 = DIRECTION('',(-0.,-1.,0.));
#4732 = FACE_BOUND('',#4733,.T.);
#4733 = EDGE_LOOP('',(#4734));
#4734 = ORIENTED_EDGE('',*,*,#4735,.T.);
#4735 = EDGE_CURVE('',#4736,#4736,#4738,.T.);
#4736 = VERTEX_POINT('',#4737);
#4737 = CARTESIAN_POINT('',(142.414824,-115.805,1.51));
#4738 = CIRCLE('',#4739,0.875);
#4739 = AXIS2_PLACEMENT_3D('',#4740,#4741,#4742);
#4740 = CARTESIAN_POINT('',(142.414824,-114.93,1.51));
#4741 = DIRECTION('',(-0.,0.,-1.));
#4742 = DIRECTION('',(-0.,-1.,0.));
#4743 = FACE_BOUND('',#4744,.T.);
#4744 = EDGE_LOOP('',(#4745));
#4745 = ORIENTED_EDGE('',*,*,#4746,.T.);
#4746 = EDGE_CURVE('',#4747,#4747,#4749,.T.);
#4747 = VERTEX_POINT('',#4748);
#4748 = CARTESIAN_POINT('',(147.494824,-116.9239,1.51));
#4749 = CIRCLE('',#4750,1.9939);
#4750 = AXIS2_PLACEMENT_3D('',#4751,#4752,#4753);
#4751 = CARTESIAN_POINT('',(147.494824,-114.93,1.51));
#4752 = DIRECTION('',(-0.,0.,-1.));
#4753 = DIRECTION('',(-0.,-1.,0.));
#4754 = FACE_BOUND('',#4755,.T.);
#4755 = EDGE_LOOP('',(#4756));
#4756 = ORIENTED_EDGE('',*,*,#4757,.T.);
#4757 = EDGE_CURVE('',#4758,#4758,#4760,.T.);
#4758 = VERTEX_POINT('',#4759);
#4759 = CARTESIAN_POINT('',(152.574824,-115.805,1.51));
#4760 = CIRCLE('',#4761,0.875);
#4761 = AXIS2_PLACEMENT_3D('',#4762,#4763,#4764);
#4762 = CARTESIAN_POINT('',(152.574824,-114.93,1.51));
#4763 = DIRECTION('',(-0.,0.,-1.));
#4764 = DIRECTION('',(-0.,-1.,0.));
#4765 = FACE_BOUND('',#4766,.T.);
#4766 = EDGE_LOOP('',(#4767));
#4767 = ORIENTED_EDGE('',*,*,#4768,.T.);
#4768 = EDGE_CURVE('',#4769,#4769,#4771,.T.);
#4769 = VERTEX_POINT('',#4770);
#4770 = CARTESIAN_POINT('',(143.684824,-113.89,1.51));
#4771 = CIRCLE('',#4772,1.5);
#4772 = AXIS2_PLACEMENT_3D('',#4773,#4774,#4775);
#4773 = CARTESIAN_POINT('',(143.684824,-112.39,1.51));
#4774 = DIRECTION('',(-0.,0.,-1.));
#4775 = DIRECTION('',(-0.,-1.,0.));
#4776 = FACE_BOUND('',#4777,.T.);
#4777 = EDGE_LOOP('',(#4778));
#4778 = ORIENTED_EDGE('',*,*,#4779,.T.);
#4779 = EDGE_CURVE('',#4780,#4780,#4782,.T.);
#4780 = VERTEX_POINT('',#4781);
#4781 = CARTESIAN_POINT('',(177.894824,-124.415,1.51));
#4782 = CIRCLE('',#4783,0.875);
#4783 = AXIS2_PLACEMENT_3D('',#4784,#4785,#4786);
#4784 = CARTESIAN_POINT('',(177.894824,-123.54,1.51));
#4785 = DIRECTION('',(-0.,0.,-1.));
#4786 = DIRECTION('',(-0.,-1.,0.));
#4787 = FACE_BOUND('',#4788,.T.);
#4788 = EDGE_LOOP('',(#4789));
#4789 = ORIENTED_EDGE('',*,*,#4790,.T.);
#4790 = EDGE_CURVE('',#4791,#4791,#4793,.T.);
#4791 = VERTEX_POINT('',#4792);
#4792 = CARTESIAN_POINT('',(215.6,-120.38,1.51));
#4793 = CIRCLE('',#4794,0.25);
#4794 = AXIS2_PLACEMENT_3D('',#4795,#4796,#4797);
#4795 = CARTESIAN_POINT('',(215.6,-120.13,1.51));
#4796 = DIRECTION('',(-0.,0.,-1.));
#4797 = DIRECTION('',(-0.,-1.,0.));
#4798 = FACE_BOUND('',#4799,.T.);
#4799 = EDGE_LOOP('',(#4800));
#4800 = ORIENTED_EDGE('',*,*,#4801,.T.);
#4801 = EDGE_CURVE('',#4802,#4802,#4804,.T.);
#4802 = VERTEX_POINT('',#4803);
#4803 = CARTESIAN_POINT('',(215.6,-119.63,1.51));
#4804 = CIRCLE('',#4805,0.25);
#4805 = AXIS2_PLACEMENT_3D('',#4806,#4807,#4808);
#4806 = CARTESIAN_POINT('',(215.6,-119.38,1.51));
#4807 = DIRECTION('',(-0.,0.,-1.));
#4808 = DIRECTION('',(-0.,-1.,0.));
#4809 = FACE_BOUND('',#4810,.T.);
#4810 = EDGE_LOOP('',(#4811));
#4811 = ORIENTED_EDGE('',*,*,#4812,.T.);
#4812 = EDGE_CURVE('',#4813,#4813,#4815,.T.);
#4813 = VERTEX_POINT('',#4814);
#4814 = CARTESIAN_POINT('',(215.6,-118.88,1.51));
#4815 = CIRCLE('',#4816,0.25);
#4816 = AXIS2_PLACEMENT_3D('',#4817,#4818,#4819);
#4817 = CARTESIAN_POINT('',(215.6,-118.63,1.51));
#4818 = DIRECTION('',(-0.,0.,-1.));
#4819 = DIRECTION('',(-0.,-1.,0.));
#4820 = FACE_BOUND('',#4821,.T.);
#4821 = EDGE_LOOP('',(#4822));
#4822 = ORIENTED_EDGE('',*,*,#4823,.T.);
#4823 = EDGE_CURVE('',#4824,#4824,#4826,.T.);
#4824 = VERTEX_POINT('',#4825);
#4825 = CARTESIAN_POINT('',(215.6,-118.13,1.51));
#4826 = CIRCLE('',#4827,0.25);
#4827 = AXIS2_PLACEMENT_3D('',#4828,#4829,#4830);
#4828 = CARTESIAN_POINT('',(215.6,-117.88,1.51));
#4829 = DIRECTION('',(-0.,0.,-1.));
#4830 = DIRECTION('',(-0.,-1.,0.));
#4831 = FACE_BOUND('',#4832,.T.);
#4832 = EDGE_LOOP('',(#4833));
#4833 = ORIENTED_EDGE('',*,*,#4834,.T.);
#4834 = EDGE_CURVE('',#4835,#4835,#4837,.T.);
#4835 = VERTEX_POINT('',#4836);
#4836 = CARTESIAN_POINT('',(215.6,-117.38,1.51));
#4837 = CIRCLE('',#4838,0.25);
#4838 = AXIS2_PLACEMENT_3D('',#4839,#4840,#4841);
#4839 = CARTESIAN_POINT('',(215.6,-117.13,1.51));
#4840 = DIRECTION('',(-0.,0.,-1.));
#4841 = DIRECTION('',(-0.,-1.,0.));
#4842 = FACE_BOUND('',#4843,.T.);
#4843 = EDGE_LOOP('',(#4844));
#4844 = ORIENTED_EDGE('',*,*,#4845,.T.);
#4845 = EDGE_CURVE('',#4846,#4846,#4848,.T.);
#4846 = VERTEX_POINT('',#4847);
#4847 = CARTESIAN_POINT('',(215.6,-116.63,1.51));
#4848 = CIRCLE('',#4849,0.25);
#4849 = AXIS2_PLACEMENT_3D('',#4850,#4851,#4852);
#4850 = CARTESIAN_POINT('',(215.6,-116.38,1.51));
#4851 = DIRECTION('',(-0.,0.,-1.));
#4852 = DIRECTION('',(-0.,-1.,0.));
#4853 = FACE_BOUND('',#4854,.T.);
#4854 = EDGE_LOOP('',(#4855));
#4855 = ORIENTED_EDGE('',*,*,#4856,.T.);
#4856 = EDGE_CURVE('',#4857,#4857,#4859,.T.);
#4857 = VERTEX_POINT('',#4858);
#4858 = CARTESIAN_POINT('',(215.6,-115.88,1.51));
#4859 = CIRCLE('',#4860,0.25);
#4860 = AXIS2_PLACEMENT_3D('',#4861,#4862,#4863);
#4861 = CARTESIAN_POINT('',(215.6,-115.63,1.51));
#4862 = DIRECTION('',(-0.,0.,-1.));
#4863 = DIRECTION('',(-0.,-1.,0.));
#4864 = FACE_BOUND('',#4865,.T.);
#4865 = EDGE_LOOP('',(#4866));
#4866 = ORIENTED_EDGE('',*,*,#4867,.T.);
#4867 = EDGE_CURVE('',#4868,#4868,#4870,.T.);
#4868 = VERTEX_POINT('',#4869);
#4869 = CARTESIAN_POINT('',(215.6,-115.13,1.51));
#4870 = CIRCLE('',#4871,0.25);
#4871 = AXIS2_PLACEMENT_3D('',#4872,#4873,#4874);
#4872 = CARTESIAN_POINT('',(215.6,-114.88,1.51));
#4873 = DIRECTION('',(-0.,0.,-1.));
#4874 = DIRECTION('',(-0.,-1.,0.));
#4875 = FACE_BOUND('',#4876,.T.);
#4876 = EDGE_LOOP('',(#4877));
#4877 = ORIENTED_EDGE('',*,*,#4878,.T.);
#4878 = EDGE_CURVE('',#4879,#4879,#4881,.T.);
#4879 = VERTEX_POINT('',#4880);
#4880 = CARTESIAN_POINT('',(215.6,-114.38,1.51));
#4881 = CIRCLE('',#4882,0.25);
#4882 = AXIS2_PLACEMENT_3D('',#4883,#4884,#4885);
#4883 = CARTESIAN_POINT('',(215.6,-114.13,1.51));
#4884 = DIRECTION('',(-0.,0.,-1.));
#4885 = DIRECTION('',(-0.,-1.,0.));
#4886 = FACE_BOUND('',#4887,.T.);
#4887 = EDGE_LOOP('',(#4888));
#4888 = ORIENTED_EDGE('',*,*,#4889,.T.);
#4889 = EDGE_CURVE('',#4890,#4890,#4892,.T.);
#4890 = VERTEX_POINT('',#4891);
#4891 = CARTESIAN_POINT('',(215.6,-113.63,1.51));
#4892 = CIRCLE('',#4893,0.25);
#4893 = AXIS2_PLACEMENT_3D('',#4894,#4895,#4896);
#4894 = CARTESIAN_POINT('',(215.6,-113.38,1.51));
#4895 = DIRECTION('',(-0.,0.,-1.));
#4896 = DIRECTION('',(-0.,-1.,0.));
#4897 = FACE_BOUND('',#4898,.T.);
#4898 = EDGE_LOOP('',(#4899));
#4899 = ORIENTED_EDGE('',*,*,#4900,.T.);
#4900 = EDGE_CURVE('',#4901,#4901,#4903,.T.);
#4901 = VERTEX_POINT('',#4902);
#4902 = CARTESIAN_POINT('',(215.6,-112.88,1.51));
#4903 = CIRCLE('',#4904,0.25);
#4904 = AXIS2_PLACEMENT_3D('',#4905,#4906,#4907);
#4905 = CARTESIAN_POINT('',(215.6,-112.63,1.51));
#4906 = DIRECTION('',(-0.,0.,-1.));
#4907 = DIRECTION('',(-0.,-1.,0.));
#4908 = FACE_BOUND('',#4909,.T.);
#4909 = EDGE_LOOP('',(#4910));
#4910 = ORIENTED_EDGE('',*,*,#4911,.T.);
#4911 = EDGE_CURVE('',#4912,#4912,#4914,.T.);
#4912 = VERTEX_POINT('',#4913);
#4913 = CARTESIAN_POINT('',(220.62,-170.23,1.51));
#4914 = CIRCLE('',#4915,0.25);
#4915 = AXIS2_PLACEMENT_3D('',#4916,#4917,#4918);
#4916 = CARTESIAN_POINT('',(220.62,-169.98,1.51));
#4917 = DIRECTION('',(-0.,0.,-1.));
#4918 = DIRECTION('',(-0.,-1.,0.));
#4919 = FACE_BOUND('',#4920,.T.);
#4920 = EDGE_LOOP('',(#4921));
#4921 = ORIENTED_EDGE('',*,*,#4922,.T.);
#4922 = EDGE_CURVE('',#4923,#4923,#4925,.T.);
#4923 = VERTEX_POINT('',#4924);
#4924 = CARTESIAN_POINT('',(220.62,-169.48,1.51));
#4925 = CIRCLE('',#4926,0.25);
#4926 = AXIS2_PLACEMENT_3D('',#4927,#4928,#4929);
#4927 = CARTESIAN_POINT('',(220.62,-169.23,1.51));
#4928 = DIRECTION('',(-0.,0.,-1.));
#4929 = DIRECTION('',(-0.,-1.,0.));
#4930 = FACE_BOUND('',#4931,.T.);
#4931 = EDGE_LOOP('',(#4932));
#4932 = ORIENTED_EDGE('',*,*,#4933,.T.);
#4933 = EDGE_CURVE('',#4934,#4934,#4936,.T.);
#4934 = VERTEX_POINT('',#4935);
#4935 = CARTESIAN_POINT('',(220.62,-168.73,1.51));
#4936 = CIRCLE('',#4937,0.25);
#4937 = AXIS2_PLACEMENT_3D('',#4938,#4939,#4940);
#4938 = CARTESIAN_POINT('',(220.62,-168.48,1.51));
#4939 = DIRECTION('',(-0.,0.,-1.));
#4940 = DIRECTION('',(-0.,-1.,0.));
#4941 = FACE_BOUND('',#4942,.T.);
#4942 = EDGE_LOOP('',(#4943));
#4943 = ORIENTED_EDGE('',*,*,#4944,.T.);
#4944 = EDGE_CURVE('',#4945,#4945,#4947,.T.);
#4945 = VERTEX_POINT('',#4946);
#4946 = CARTESIAN_POINT('',(220.62,-167.98,1.51));
#4947 = CIRCLE('',#4948,0.25);
#4948 = AXIS2_PLACEMENT_3D('',#4949,#4950,#4951);
#4949 = CARTESIAN_POINT('',(220.62,-167.73,1.51));
#4950 = DIRECTION('',(-0.,0.,-1.));
#4951 = DIRECTION('',(-0.,-1.,0.));
#4952 = FACE_BOUND('',#4953,.T.);
#4953 = EDGE_LOOP('',(#4954));
#4954 = ORIENTED_EDGE('',*,*,#4955,.T.);
#4955 = EDGE_CURVE('',#4956,#4956,#4958,.T.);
#4956 = VERTEX_POINT('',#4957);
#4957 = CARTESIAN_POINT('',(220.62,-167.23,1.51));
#4958 = CIRCLE('',#4959,0.25);
#4959 = AXIS2_PLACEMENT_3D('',#4960,#4961,#4962);
#4960 = CARTESIAN_POINT('',(220.62,-166.98,1.51));
#4961 = DIRECTION('',(-0.,0.,-1.));
#4962 = DIRECTION('',(-0.,-1.,0.));
#4963 = FACE_BOUND('',#4964,.T.);
#4964 = EDGE_LOOP('',(#4965));
#4965 = ORIENTED_EDGE('',*,*,#4966,.T.);
#4966 = EDGE_CURVE('',#4967,#4967,#4969,.T.);
#4967 = VERTEX_POINT('',#4968);
#4968 = CARTESIAN_POINT('',(225.436194,-168.953806,1.51));
#4969 = CIRCLE('',#4970,1.6);
#4970 = AXIS2_PLACEMENT_3D('',#4971,#4972,#4973);
#4971 = CARTESIAN_POINT('',(225.436194,-167.353806,1.51));
#4972 = DIRECTION('',(-0.,0.,-1.));
#4973 = DIRECTION('',(-0.,-1.,0.));
#4974 = FACE_BOUND('',#4975,.T.);
#4975 = EDGE_LOOP('',(#4976));
#4976 = ORIENTED_EDGE('',*,*,#4977,.T.);
#4977 = EDGE_CURVE('',#4978,#4978,#4980,.T.);
#4978 = VERTEX_POINT('',#4979);
#4979 = CARTESIAN_POINT('',(220.62,-166.48,1.51));
#4980 = CIRCLE('',#4981,0.25);
#4981 = AXIS2_PLACEMENT_3D('',#4982,#4983,#4984);
#4982 = CARTESIAN_POINT('',(220.62,-166.23,1.51));
#4983 = DIRECTION('',(-0.,0.,-1.));
#4984 = DIRECTION('',(-0.,-1.,0.));
#4985 = FACE_BOUND('',#4986,.T.);
#4986 = EDGE_LOOP('',(#4987));
#4987 = ORIENTED_EDGE('',*,*,#4988,.T.);
#4988 = EDGE_CURVE('',#4989,#4989,#4991,.T.);
#4989 = VERTEX_POINT('',#4990);
#4990 = CARTESIAN_POINT('',(220.62,-165.73,1.51));
#4991 = CIRCLE('',#4992,0.25);
#4992 = AXIS2_PLACEMENT_3D('',#4993,#4994,#4995);
#4993 = CARTESIAN_POINT('',(220.62,-165.48,1.51));
#4994 = DIRECTION('',(-0.,0.,-1.));
#4995 = DIRECTION('',(-0.,-1.,0.));
#4996 = FACE_BOUND('',#4997,.T.);
#4997 = EDGE_LOOP('',(#4998));
#4998 = ORIENTED_EDGE('',*,*,#4999,.T.);
#4999 = EDGE_CURVE('',#5000,#5000,#5002,.T.);
#5000 = VERTEX_POINT('',#5001);
#5001 = CARTESIAN_POINT('',(220.62,-164.98,1.51));
#5002 = CIRCLE('',#5003,0.25);
#5003 = AXIS2_PLACEMENT_3D('',#5004,#5005,#5006);
#5004 = CARTESIAN_POINT('',(220.62,-164.73,1.51));
#5005 = DIRECTION('',(-0.,0.,-1.));
#5006 = DIRECTION('',(-0.,-1.,0.));
#5007 = FACE_BOUND('',#5008,.T.);
#5008 = EDGE_LOOP('',(#5009));
#5009 = ORIENTED_EDGE('',*,*,#5010,.T.);
#5010 = EDGE_CURVE('',#5011,#5011,#5013,.T.);
#5011 = VERTEX_POINT('',#5012);
#5012 = CARTESIAN_POINT('',(220.62,-164.23,1.51));
#5013 = CIRCLE('',#5014,0.25);
#5014 = AXIS2_PLACEMENT_3D('',#5015,#5016,#5017);
#5015 = CARTESIAN_POINT('',(220.62,-163.98,1.51));
#5016 = DIRECTION('',(-0.,0.,-1.));
#5017 = DIRECTION('',(-0.,-1.,0.));
#5018 = FACE_BOUND('',#5019,.T.);
#5019 = EDGE_LOOP('',(#5020));
#5020 = ORIENTED_EDGE('',*,*,#5021,.T.);
#5021 = EDGE_CURVE('',#5022,#5022,#5024,.T.);
#5022 = VERTEX_POINT('',#5023);
#5023 = CARTESIAN_POINT('',(232.06,-158.715,1.51));
#5024 = CIRCLE('',#5025,0.875);
#5025 = AXIS2_PLACEMENT_3D('',#5026,#5027,#5028);
#5026 = CARTESIAN_POINT('',(232.06,-157.84,1.51));
#5027 = DIRECTION('',(-0.,0.,-1.));
#5028 = DIRECTION('',(-0.,-1.,0.));
#5029 = FACE_BOUND('',#5030,.T.);
#5030 = EDGE_LOOP('',(#5031));
#5031 = ORIENTED_EDGE('',*,*,#5032,.T.);
#5032 = EDGE_CURVE('',#5033,#5033,#5035,.T.);
#5033 = VERTEX_POINT('',#5034);
#5034 = CARTESIAN_POINT('',(237.14,-159.8339,1.51));
#5035 = CIRCLE('',#5036,1.9939);
#5036 = AXIS2_PLACEMENT_3D('',#5037,#5038,#5039);
#5037 = CARTESIAN_POINT('',(237.14,-157.84,1.51));
#5038 = DIRECTION('',(-0.,0.,-1.));
#5039 = DIRECTION('',(-0.,-1.,0.));
#5040 = FACE_BOUND('',#5041,.T.);
#5041 = EDGE_LOOP('',(#5042));
#5042 = ORIENTED_EDGE('',*,*,#5043,.T.);
#5043 = EDGE_CURVE('',#5044,#5044,#5046,.T.);
#5044 = VERTEX_POINT('',#5045);
#5045 = CARTESIAN_POINT('',(242.22,-158.715,1.51));
#5046 = CIRCLE('',#5047,0.875);
#5047 = AXIS2_PLACEMENT_3D('',#5048,#5049,#5050);
#5048 = CARTESIAN_POINT('',(242.22,-157.84,1.51));
#5049 = DIRECTION('',(-0.,0.,-1.));
#5050 = DIRECTION('',(-0.,-1.,0.));
#5051 = FACE_BOUND('',#5052,.T.);
#5052 = EDGE_LOOP('',(#5053));
#5053 = ORIENTED_EDGE('',*,*,#5054,.T.);
#5054 = EDGE_CURVE('',#5055,#5055,#5057,.T.);
#5055 = VERTEX_POINT('',#5056);
#5056 = CARTESIAN_POINT('',(233.33,-156.8,1.51));
#5057 = CIRCLE('',#5058,1.5);
#5058 = AXIS2_PLACEMENT_3D('',#5059,#5060,#5061);
#5059 = CARTESIAN_POINT('',(233.33,-155.3,1.51));
#5060 = DIRECTION('',(-0.,0.,-1.));
#5061 = DIRECTION('',(-0.,-1.,0.));
#5062 = FACE_BOUND('',#5063,.T.);
#5063 = EDGE_LOOP('',(#5064));
#5064 = ORIENTED_EDGE('',*,*,#5065,.T.);
#5065 = EDGE_CURVE('',#5066,#5066,#5068,.T.);
#5066 = VERTEX_POINT('',#5067);
#5067 = CARTESIAN_POINT('',(239.68,-154.26,1.51));
#5068 = CIRCLE('',#5069,1.5);
#5069 = AXIS2_PLACEMENT_3D('',#5070,#5071,#5072);
#5070 = CARTESIAN_POINT('',(239.68,-152.76,1.51));
#5071 = DIRECTION('',(-0.,0.,-1.));
#5072 = DIRECTION('',(-0.,-1.,0.));
#5073 = FACE_BOUND('',#5074,.T.);
#5074 = EDGE_LOOP('',(#5075));
#5075 = ORIENTED_EDGE('',*,*,#5076,.T.);
#5076 = EDGE_CURVE('',#5077,#5077,#5079,.T.);
#5077 = VERTEX_POINT('',#5078);
#5078 = CARTESIAN_POINT('',(257.32,-149.065,1.51));
#5079 = CIRCLE('',#5080,0.875);
#5080 = AXIS2_PLACEMENT_3D('',#5081,#5082,#5083);
#5081 = CARTESIAN_POINT('',(257.32,-148.19,1.51));
#5082 = DIRECTION('',(-0.,0.,-1.));
#5083 = DIRECTION('',(-0.,-1.,0.));
#5084 = FACE_BOUND('',#5085,.T.);
#5085 = EDGE_LOOP('',(#5086,#5097,#5105,#5114,#5123,#5132,#5141,#5150,
    #5159,#5168));
#5086 = ORIENTED_EDGE('',*,*,#5087,.F.);
#5087 = EDGE_CURVE('',#5088,#5090,#5092,.T.);
#5088 = VERTEX_POINT('',#5089);
#5089 = CARTESIAN_POINT('',(220.63,-121.400011,1.51));
#5090 = VERTEX_POINT('',#5091);
#5091 = CARTESIAN_POINT('',(215.569822,-121.37,1.51));
#5092 = CIRCLE('',#5093,2.530177997669);
#5093 = AXIS2_PLACEMENT_3D('',#5094,#5095,#5096);
#5094 = CARTESIAN_POINT('',(218.09999999766,-121.3699995339,1.51));
#5095 = DIRECTION('',(0.,0.,1.));
#5096 = DIRECTION('',(0.999929651061,-1.186140502298E-02,0.));
#5097 = ORIENTED_EDGE('',*,*,#5098,.F.);
#5098 = EDGE_CURVE('',#5099,#5088,#5101,.T.);
#5099 = VERTEX_POINT('',#5100);
#5100 = CARTESIAN_POINT('',(220.77,-162.01,1.51));
#5101 = LINE('',#5102,#5103);
#5102 = CARTESIAN_POINT('',(220.77,-162.01,1.51));
#5103 = VECTOR('',#5104,1.);
#5104 = DIRECTION('',(-3.447407190246E-03,0.999994057674,0.));
#5105 = ORIENTED_EDGE('',*,*,#5106,.F.);
#5106 = EDGE_CURVE('',#5107,#5099,#5109,.T.);
#5107 = VERTEX_POINT('',#5108);
#5108 = CARTESIAN_POINT('',(220.57239263297,-162.98457478,1.51));
#5109 = CIRCLE('',#5110,2.65017001816);
#5110 = AXIS2_PLACEMENT_3D('',#5111,#5112,#5113);
#5111 = CARTESIAN_POINT('',(218.11999978752,-161.9800000158,1.51));
#5112 = DIRECTION('',(0.,0.,1.));
#5113 = DIRECTION('',(-0.999982178263,5.970188989195E-03,-0.));
#5114 = ORIENTED_EDGE('',*,*,#5115,.T.);
#5115 = EDGE_CURVE('',#5107,#5116,#5118,.T.);
#5116 = VERTEX_POINT('',#5117);
#5117 = CARTESIAN_POINT('',(220.62,-163.48,1.51));
#5118 = CIRCLE('',#5119,0.25);
#5119 = AXIS2_PLACEMENT_3D('',#5120,#5121,#5122);
#5120 = CARTESIAN_POINT('',(220.62,-163.23,1.51));
#5121 = DIRECTION('',(-0.,0.,-1.));
#5122 = DIRECTION('',(-0.,-1.,0.));
#5123 = ORIENTED_EDGE('',*,*,#5124,.T.);
#5124 = EDGE_CURVE('',#5116,#5125,#5127,.T.);
#5125 = VERTEX_POINT('',#5126);
#5126 = CARTESIAN_POINT('',(220.39509541232,-163.3391692559,1.51));
#5127 = CIRCLE('',#5128,0.25);
#5128 = AXIS2_PLACEMENT_3D('',#5129,#5130,#5131);
#5129 = CARTESIAN_POINT('',(220.62,-163.23,1.51));
#5130 = DIRECTION('',(-0.,0.,-1.));
#5131 = DIRECTION('',(-0.,-1.,0.));
#5132 = ORIENTED_EDGE('',*,*,#5133,.F.);
#5133 = EDGE_CURVE('',#5134,#5125,#5136,.T.);
#5134 = VERTEX_POINT('',#5135);
#5135 = CARTESIAN_POINT('',(215.84490439721,-163.3391696484,1.51));
#5136 = CIRCLE('',#5137,2.65017001816);
#5137 = AXIS2_PLACEMENT_3D('',#5138,#5139,#5140);
#5138 = CARTESIAN_POINT('',(218.11999978752,-161.9800000158,1.51));
#5139 = DIRECTION('',(0.,0.,1.));
#5140 = DIRECTION('',(-0.999982178263,5.970188989195E-03,-0.));
#5141 = ORIENTED_EDGE('',*,*,#5142,.T.);
#5142 = EDGE_CURVE('',#5134,#5143,#5145,.T.);
#5143 = VERTEX_POINT('',#5144);
#5144 = CARTESIAN_POINT('',(215.62,-163.48,1.51));
#5145 = CIRCLE('',#5146,0.25);
#5146 = AXIS2_PLACEMENT_3D('',#5147,#5148,#5149);
#5147 = CARTESIAN_POINT('',(215.62,-163.23,1.51));
#5148 = DIRECTION('',(-0.,0.,-1.));
#5149 = DIRECTION('',(-0.,-1.,0.));
#5150 = ORIENTED_EDGE('',*,*,#5151,.T.);
#5151 = EDGE_CURVE('',#5143,#5152,#5154,.T.);
#5152 = VERTEX_POINT('',#5153);
#5153 = CARTESIAN_POINT('',(215.66760690538,-162.9845746904,1.51));
#5154 = CIRCLE('',#5155,0.25);
#5155 = AXIS2_PLACEMENT_3D('',#5156,#5157,#5158);
#5156 = CARTESIAN_POINT('',(215.62,-163.23,1.51));
#5157 = DIRECTION('',(-0.,0.,-1.));
#5158 = DIRECTION('',(-0.,-1.,0.));
#5159 = ORIENTED_EDGE('',*,*,#5160,.F.);
#5160 = EDGE_CURVE('',#5161,#5152,#5163,.T.);
#5161 = VERTEX_POINT('',#5162);
#5162 = CARTESIAN_POINT('',(215.469877,-161.964178,1.51));
#5163 = CIRCLE('',#5164,2.65017001816);
#5164 = AXIS2_PLACEMENT_3D('',#5165,#5166,#5167);
#5165 = CARTESIAN_POINT('',(218.11999978752,-161.9800000158,1.51));
#5166 = DIRECTION('',(0.,0.,1.));
#5167 = DIRECTION('',(-0.999982178263,5.970188989195E-03,-0.));
#5168 = ORIENTED_EDGE('',*,*,#5169,.F.);
#5169 = EDGE_CURVE('',#5090,#5161,#5170,.T.);
#5170 = LINE('',#5171,#5172);
#5171 = CARTESIAN_POINT('',(215.569822,-121.37,1.51));
#5172 = VECTOR('',#5173,1.);
#5173 = DIRECTION('',(-2.462045101219E-03,-0.999996969162,0.));
#5174 = FACE_BOUND('',#5175,.T.);
#5175 = EDGE_LOOP('',(#5176));
#5176 = ORIENTED_EDGE('',*,*,#5177,.T.);
#5177 = EDGE_CURVE('',#5178,#5178,#5180,.T.);
#5178 = VERTEX_POINT('',#5179);
#5179 = CARTESIAN_POINT('',(258.59,-147.15,1.51));
#5180 = CIRCLE('',#5181,1.5);
#5181 = AXIS2_PLACEMENT_3D('',#5182,#5183,#5184);
#5182 = CARTESIAN_POINT('',(258.59,-145.65,1.51));
#5183 = DIRECTION('',(-0.,0.,-1.));
#5184 = DIRECTION('',(-0.,-1.,0.));
#5185 = FACE_BOUND('',#5186,.T.);
#5186 = EDGE_LOOP('',(#5187));
#5187 = ORIENTED_EDGE('',*,*,#5188,.T.);
#5188 = EDGE_CURVE('',#5189,#5189,#5191,.T.);
#5189 = VERTEX_POINT('',#5190);
#5190 = CARTESIAN_POINT('',(262.4,-150.1839,1.51));
#5191 = CIRCLE('',#5192,1.9939);
#5192 = AXIS2_PLACEMENT_3D('',#5193,#5194,#5195);
#5193 = CARTESIAN_POINT('',(262.4,-148.19,1.51));
#5194 = DIRECTION('',(-0.,0.,-1.));
#5195 = DIRECTION('',(-0.,-1.,0.));
#5196 = FACE_BOUND('',#5197,.T.);
#5197 = EDGE_LOOP('',(#5198));
#5198 = ORIENTED_EDGE('',*,*,#5199,.T.);
#5199 = EDGE_CURVE('',#5200,#5200,#5202,.T.);
#5200 = VERTEX_POINT('',#5201);
#5201 = CARTESIAN_POINT('',(267.48,-149.065,1.51));
#5202 = CIRCLE('',#5203,0.875);
#5203 = AXIS2_PLACEMENT_3D('',#5204,#5205,#5206);
#5204 = CARTESIAN_POINT('',(267.48,-148.19,1.51));
#5205 = DIRECTION('',(-0.,0.,-1.));
#5206 = DIRECTION('',(-0.,-1.,0.));
#5207 = FACE_BOUND('',#5208,.T.);
#5208 = EDGE_LOOP('',(#5209));
#5209 = ORIENTED_EDGE('',*,*,#5210,.T.);
#5210 = EDGE_CURVE('',#5211,#5211,#5213,.T.);
#5211 = VERTEX_POINT('',#5212);
#5212 = CARTESIAN_POINT('',(264.94,-144.61,1.51));
#5213 = CIRCLE('',#5214,1.5);
#5214 = AXIS2_PLACEMENT_3D('',#5215,#5216,#5217);
#5215 = CARTESIAN_POINT('',(264.94,-143.11,1.51));
#5216 = DIRECTION('',(-0.,0.,-1.));
#5217 = DIRECTION('',(-0.,-1.,0.));
#5218 = FACE_BOUND('',#5219,.T.);
#5219 = EDGE_LOOP('',(#5220));
#5220 = ORIENTED_EDGE('',*,*,#5221,.T.);
#5221 = EDGE_CURVE('',#5222,#5222,#5224,.T.);
#5222 = VERTEX_POINT('',#5223);
#5223 = CARTESIAN_POINT('',(382.643806,-166.503806,1.51));
#5224 = CIRCLE('',#5225,1.6);
#5225 = AXIS2_PLACEMENT_3D('',#5226,#5227,#5228);
#5226 = CARTESIAN_POINT('',(382.643806,-164.903806,1.51));
#5227 = DIRECTION('',(-0.,0.,-1.));
#5228 = DIRECTION('',(-3.552713678801E-14,-1.,0.));
#5229 = FACE_BOUND('',#5230,.T.);
#5230 = EDGE_LOOP('',(#5231));
#5231 = ORIENTED_EDGE('',*,*,#5232,.T.);
#5232 = EDGE_CURVE('',#5233,#5233,#5235,.T.);
#5233 = VERTEX_POINT('',#5234);
#5234 = CARTESIAN_POINT('',(359.,-153.575,1.51));
#5235 = CIRCLE('',#5236,0.875);
#5236 = AXIS2_PLACEMENT_3D('',#5237,#5238,#5239);
#5237 = CARTESIAN_POINT('',(359.,-152.7,1.51));
#5238 = DIRECTION('',(-0.,0.,-1.));
#5239 = DIRECTION('',(-0.,-1.,0.));
#5240 = FACE_BOUND('',#5241,.T.);
#5241 = EDGE_LOOP('',(#5242));
#5242 = ORIENTED_EDGE('',*,*,#5243,.T.);
#5243 = EDGE_CURVE('',#5244,#5244,#5246,.T.);
#5244 = VERTEX_POINT('',#5245);
#5245 = CARTESIAN_POINT('',(360.27,-151.66,1.51));
#5246 = CIRCLE('',#5247,1.5);
#5247 = AXIS2_PLACEMENT_3D('',#5248,#5249,#5250);
#5248 = CARTESIAN_POINT('',(360.27,-150.16,1.51));
#5249 = DIRECTION('',(-0.,0.,-1.));
#5250 = DIRECTION('',(-0.,-1.,0.));
#5251 = FACE_BOUND('',#5252,.T.);
#5252 = EDGE_LOOP('',(#5253));
#5253 = ORIENTED_EDGE('',*,*,#5254,.T.);
#5254 = EDGE_CURVE('',#5255,#5255,#5257,.T.);
#5255 = VERTEX_POINT('',#5256);
#5256 = CARTESIAN_POINT('',(364.08,-154.6939,1.51));
#5257 = CIRCLE('',#5258,1.9939);
#5258 = AXIS2_PLACEMENT_3D('',#5259,#5260,#5261);
#5259 = CARTESIAN_POINT('',(364.08,-152.7,1.51));
#5260 = DIRECTION('',(-0.,0.,-1.));
#5261 = DIRECTION('',(-0.,-1.,0.));
#5262 = FACE_BOUND('',#5263,.T.);
#5263 = EDGE_LOOP('',(#5264));
#5264 = ORIENTED_EDGE('',*,*,#5265,.T.);
#5265 = EDGE_CURVE('',#5266,#5266,#5268,.T.);
#5266 = VERTEX_POINT('',#5267);
#5267 = CARTESIAN_POINT('',(369.16,-153.575,1.51));
#5268 = CIRCLE('',#5269,0.875);
#5269 = AXIS2_PLACEMENT_3D('',#5270,#5271,#5272);
#5270 = CARTESIAN_POINT('',(369.16,-152.7,1.51));
#5271 = DIRECTION('',(-0.,0.,-1.));
#5272 = DIRECTION('',(-0.,-1.,0.));
#5273 = FACE_BOUND('',#5274,.T.);
#5274 = EDGE_LOOP('',(#5275));
#5275 = ORIENTED_EDGE('',*,*,#5276,.T.);
#5276 = EDGE_CURVE('',#5277,#5277,#5279,.T.);
#5277 = VERTEX_POINT('',#5278);
#5278 = CARTESIAN_POINT('',(366.62,-149.12,1.51));
#5279 = CIRCLE('',#5280,1.5);
#5280 = AXIS2_PLACEMENT_3D('',#5281,#5282,#5283);
#5281 = CARTESIAN_POINT('',(366.62,-147.62,1.51));
#5282 = DIRECTION('',(-0.,0.,-1.));
#5283 = DIRECTION('',(-0.,-1.,0.));
#5284 = FACE_BOUND('',#5285,.T.);
#5285 = EDGE_LOOP('',(#5286));
#5286 = ORIENTED_EDGE('',*,*,#5287,.T.);
#5287 = EDGE_CURVE('',#5288,#5288,#5290,.T.);
#5288 = VERTEX_POINT('',#5289);
#5289 = CARTESIAN_POINT('',(282.89,-141.355,1.51));
#5290 = CIRCLE('',#5291,0.875);
#5291 = AXIS2_PLACEMENT_3D('',#5292,#5293,#5294);
#5292 = CARTESIAN_POINT('',(282.89,-140.48,1.51));
#5293 = DIRECTION('',(-0.,0.,-1.));
#5294 = DIRECTION('',(-0.,-1.,0.));
#5295 = FACE_BOUND('',#5296,.T.);
#5296 = EDGE_LOOP('',(#5297));
#5297 = ORIENTED_EDGE('',*,*,#5298,.T.);
#5298 = EDGE_CURVE('',#5299,#5299,#5301,.T.);
#5299 = VERTEX_POINT('',#5300);
#5300 = CARTESIAN_POINT('',(287.97,-142.4739,1.51));
#5301 = CIRCLE('',#5302,1.9939);
#5302 = AXIS2_PLACEMENT_3D('',#5303,#5304,#5305);
#5303 = CARTESIAN_POINT('',(287.97,-140.48,1.51));
#5304 = DIRECTION('',(-0.,0.,-1.));
#5305 = DIRECTION('',(-0.,-1.,0.));
#5306 = FACE_BOUND('',#5307,.T.);
#5307 = EDGE_LOOP('',(#5308));
#5308 = ORIENTED_EDGE('',*,*,#5309,.T.);
#5309 = EDGE_CURVE('',#5310,#5310,#5312,.T.);
#5310 = VERTEX_POINT('',#5311);
#5311 = CARTESIAN_POINT('',(284.16,-139.44,1.51));
#5312 = CIRCLE('',#5313,1.5);
#5313 = AXIS2_PLACEMENT_3D('',#5314,#5315,#5316);
#5314 = CARTESIAN_POINT('',(284.16,-137.94,1.51));
#5315 = DIRECTION('',(-0.,0.,-1.));
#5316 = DIRECTION('',(-0.,-1.,0.));
#5317 = FACE_BOUND('',#5318,.T.);
#5318 = EDGE_LOOP('',(#5319));
#5319 = ORIENTED_EDGE('',*,*,#5320,.T.);
#5320 = EDGE_CURVE('',#5321,#5321,#5323,.T.);
#5321 = VERTEX_POINT('',#5322);
#5322 = CARTESIAN_POINT('',(293.05,-141.355,1.51));
#5323 = CIRCLE('',#5324,0.875);
#5324 = AXIS2_PLACEMENT_3D('',#5325,#5326,#5327);
#5325 = CARTESIAN_POINT('',(293.05,-140.48,1.51));
#5326 = DIRECTION('',(-0.,0.,-1.));
#5327 = DIRECTION('',(-0.,-1.,0.));
#5328 = FACE_BOUND('',#5329,.T.);
#5329 = EDGE_LOOP('',(#5330));
#5330 = ORIENTED_EDGE('',*,*,#5331,.T.);
#5331 = EDGE_CURVE('',#5332,#5332,#5334,.T.);
#5332 = VERTEX_POINT('',#5333);
#5333 = CARTESIAN_POINT('',(290.51,-136.9,1.51));
#5334 = CIRCLE('',#5335,1.5);
#5335 = AXIS2_PLACEMENT_3D('',#5336,#5337,#5338);
#5336 = CARTESIAN_POINT('',(290.51,-135.4,1.51));
#5337 = DIRECTION('',(-0.,0.,-1.));
#5338 = DIRECTION('',(-0.,-1.,0.));
#5339 = FACE_BOUND('',#5340,.T.);
#5340 = EDGE_LOOP('',(#5341));
#5341 = ORIENTED_EDGE('',*,*,#5342,.T.);
#5342 = EDGE_CURVE('',#5343,#5343,#5345,.T.);
#5343 = VERTEX_POINT('',#5344);
#5344 = CARTESIAN_POINT('',(220.6,-120.38,1.51));
#5345 = CIRCLE('',#5346,0.25);
#5346 = AXIS2_PLACEMENT_3D('',#5347,#5348,#5349);
#5347 = CARTESIAN_POINT('',(220.6,-120.13,1.51));
#5348 = DIRECTION('',(-0.,0.,-1.));
#5349 = DIRECTION('',(-0.,-1.,0.));
#5350 = FACE_BOUND('',#5351,.T.);
#5351 = EDGE_LOOP('',(#5352));
#5352 = ORIENTED_EDGE('',*,*,#5353,.T.);
#5353 = EDGE_CURVE('',#5354,#5354,#5356,.T.);
#5354 = VERTEX_POINT('',#5355);
#5355 = CARTESIAN_POINT('',(220.6,-119.63,1.51));
#5356 = CIRCLE('',#5357,0.25);
#5357 = AXIS2_PLACEMENT_3D('',#5358,#5359,#5360);
#5358 = CARTESIAN_POINT('',(220.6,-119.38,1.51));
#5359 = DIRECTION('',(-0.,0.,-1.));
#5360 = DIRECTION('',(-0.,-1.,0.));
#5361 = FACE_BOUND('',#5362,.T.);
#5362 = EDGE_LOOP('',(#5363));
#5363 = ORIENTED_EDGE('',*,*,#5364,.T.);
#5364 = EDGE_CURVE('',#5365,#5365,#5367,.T.);
#5365 = VERTEX_POINT('',#5366);
#5366 = CARTESIAN_POINT('',(220.6,-118.88,1.51));
#5367 = CIRCLE('',#5368,0.25);
#5368 = AXIS2_PLACEMENT_3D('',#5369,#5370,#5371);
#5369 = CARTESIAN_POINT('',(220.6,-118.63,1.51));
#5370 = DIRECTION('',(-0.,0.,-1.));
#5371 = DIRECTION('',(-0.,-1.,0.));
#5372 = FACE_BOUND('',#5373,.T.);
#5373 = EDGE_LOOP('',(#5374));
#5374 = ORIENTED_EDGE('',*,*,#5375,.T.);
#5375 = EDGE_CURVE('',#5376,#5376,#5378,.T.);
#5376 = VERTEX_POINT('',#5377);
#5377 = CARTESIAN_POINT('',(257.53,-124.105,1.51));
#5378 = CIRCLE('',#5379,0.875);
#5379 = AXIS2_PLACEMENT_3D('',#5380,#5381,#5382);
#5380 = CARTESIAN_POINT('',(257.53,-123.23,1.51));
#5381 = DIRECTION('',(-0.,0.,-1.));
#5382 = DIRECTION('',(-0.,-1.,0.));
#5383 = FACE_BOUND('',#5384,.T.);
#5384 = EDGE_LOOP('',(#5385));
#5385 = ORIENTED_EDGE('',*,*,#5386,.T.);
#5386 = EDGE_CURVE('',#5387,#5387,#5389,.T.);
#5387 = VERTEX_POINT('',#5388);
#5388 = CARTESIAN_POINT('',(258.8,-122.19,1.51));
#5389 = CIRCLE('',#5390,1.5);
#5390 = AXIS2_PLACEMENT_3D('',#5391,#5392,#5393);
#5391 = CARTESIAN_POINT('',(258.8,-120.69,1.51));
#5392 = DIRECTION('',(-0.,0.,-1.));
#5393 = DIRECTION('',(-0.,-1.,0.));
#5394 = FACE_BOUND('',#5395,.T.);
#5395 = EDGE_LOOP('',(#5396));
#5396 = ORIENTED_EDGE('',*,*,#5397,.T.);
#5397 = EDGE_CURVE('',#5398,#5398,#5400,.T.);
#5398 = VERTEX_POINT('',#5399);
#5399 = CARTESIAN_POINT('',(220.6,-118.13,1.51));
#5400 = CIRCLE('',#5401,0.25);
#5401 = AXIS2_PLACEMENT_3D('',#5402,#5403,#5404);
#5402 = CARTESIAN_POINT('',(220.6,-117.88,1.51));
#5403 = DIRECTION('',(-0.,0.,-1.));
#5404 = DIRECTION('',(-0.,-1.,0.));
#5405 = FACE_BOUND('',#5406,.T.);
#5406 = EDGE_LOOP('',(#5407));
#5407 = ORIENTED_EDGE('',*,*,#5408,.T.);
#5408 = EDGE_CURVE('',#5409,#5409,#5411,.T.);
#5409 = VERTEX_POINT('',#5410);
#5410 = CARTESIAN_POINT('',(220.6,-117.38,1.51));
#5411 = CIRCLE('',#5412,0.25);
#5412 = AXIS2_PLACEMENT_3D('',#5413,#5414,#5415);
#5413 = CARTESIAN_POINT('',(220.6,-117.13,1.51));
#5414 = DIRECTION('',(-0.,0.,-1.));
#5415 = DIRECTION('',(-0.,-1.,0.));
#5416 = FACE_BOUND('',#5417,.T.);
#5417 = EDGE_LOOP('',(#5418));
#5418 = ORIENTED_EDGE('',*,*,#5419,.T.);
#5419 = EDGE_CURVE('',#5420,#5420,#5422,.T.);
#5420 = VERTEX_POINT('',#5421);
#5421 = CARTESIAN_POINT('',(220.6,-116.63,1.51));
#5422 = CIRCLE('',#5423,0.25);
#5423 = AXIS2_PLACEMENT_3D('',#5424,#5425,#5426);
#5424 = CARTESIAN_POINT('',(220.6,-116.38,1.51));
#5425 = DIRECTION('',(-0.,0.,-1.));
#5426 = DIRECTION('',(-0.,-1.,0.));
#5427 = FACE_BOUND('',#5428,.T.);
#5428 = EDGE_LOOP('',(#5429));
#5429 = ORIENTED_EDGE('',*,*,#5430,.T.);
#5430 = EDGE_CURVE('',#5431,#5431,#5433,.T.);
#5431 = VERTEX_POINT('',#5432);
#5432 = CARTESIAN_POINT('',(220.6,-115.88,1.51));
#5433 = CIRCLE('',#5434,0.25);
#5434 = AXIS2_PLACEMENT_3D('',#5435,#5436,#5437);
#5435 = CARTESIAN_POINT('',(220.6,-115.63,1.51));
#5436 = DIRECTION('',(-0.,0.,-1.));
#5437 = DIRECTION('',(-0.,-1.,0.));
#5438 = FACE_BOUND('',#5439,.T.);
#5439 = EDGE_LOOP('',(#5440));
#5440 = ORIENTED_EDGE('',*,*,#5441,.T.);
#5441 = EDGE_CURVE('',#5442,#5442,#5444,.T.);
#5442 = VERTEX_POINT('',#5443);
#5443 = CARTESIAN_POINT('',(220.6,-115.13,1.51));
#5444 = CIRCLE('',#5445,0.25);
#5445 = AXIS2_PLACEMENT_3D('',#5446,#5447,#5448);
#5446 = CARTESIAN_POINT('',(220.6,-114.88,1.51));
#5447 = DIRECTION('',(-0.,0.,-1.));
#5448 = DIRECTION('',(-0.,-1.,0.));
#5449 = FACE_BOUND('',#5450,.T.);
#5450 = EDGE_LOOP('',(#5451));
#5451 = ORIENTED_EDGE('',*,*,#5452,.T.);
#5452 = EDGE_CURVE('',#5453,#5453,#5455,.T.);
#5453 = VERTEX_POINT('',#5454);
#5454 = CARTESIAN_POINT('',(220.6,-114.38,1.51));
#5455 = CIRCLE('',#5456,0.25);
#5456 = AXIS2_PLACEMENT_3D('',#5457,#5458,#5459);
#5457 = CARTESIAN_POINT('',(220.6,-114.13,1.51));
#5458 = DIRECTION('',(-0.,0.,-1.));
#5459 = DIRECTION('',(-0.,-1.,0.));
#5460 = FACE_BOUND('',#5461,.T.);
#5461 = EDGE_LOOP('',(#5462));
#5462 = ORIENTED_EDGE('',*,*,#5463,.T.);
#5463 = EDGE_CURVE('',#5464,#5464,#5466,.T.);
#5464 = VERTEX_POINT('',#5465);
#5465 = CARTESIAN_POINT('',(220.6,-113.63,1.51));
#5466 = CIRCLE('',#5467,0.25);
#5467 = AXIS2_PLACEMENT_3D('',#5468,#5469,#5470);
#5468 = CARTESIAN_POINT('',(220.6,-113.38,1.51));
#5469 = DIRECTION('',(-0.,0.,-1.));
#5470 = DIRECTION('',(-0.,-1.,0.));
#5471 = FACE_BOUND('',#5472,.T.);
#5472 = EDGE_LOOP('',(#5473));
#5473 = ORIENTED_EDGE('',*,*,#5474,.T.);
#5474 = EDGE_CURVE('',#5475,#5475,#5477,.T.);
#5475 = VERTEX_POINT('',#5476);
#5476 = CARTESIAN_POINT('',(220.6,-112.88,1.51));
#5477 = CIRCLE('',#5478,0.25);
#5478 = AXIS2_PLACEMENT_3D('',#5479,#5480,#5481);
#5479 = CARTESIAN_POINT('',(220.6,-112.63,1.51));
#5480 = DIRECTION('',(-0.,0.,-1.));
#5481 = DIRECTION('',(-0.,-1.,0.));
#5482 = FACE_BOUND('',#5483,.T.);
#5483 = EDGE_LOOP('',(#5484));
#5484 = ORIENTED_EDGE('',*,*,#5485,.T.);
#5485 = EDGE_CURVE('',#5486,#5486,#5488,.T.);
#5486 = VERTEX_POINT('',#5487);
#5487 = CARTESIAN_POINT('',(262.61,-125.2239,1.51));
#5488 = CIRCLE('',#5489,1.9939);
#5489 = AXIS2_PLACEMENT_3D('',#5490,#5491,#5492);
#5490 = CARTESIAN_POINT('',(262.61,-123.23,1.51));
#5491 = DIRECTION('',(-0.,0.,-1.));
#5492 = DIRECTION('',(-0.,-1.,0.));
#5493 = FACE_BOUND('',#5494,.T.);
#5494 = EDGE_LOOP('',(#5495));
#5495 = ORIENTED_EDGE('',*,*,#5496,.T.);
#5496 = EDGE_CURVE('',#5497,#5497,#5499,.T.);
#5497 = VERTEX_POINT('',#5498);
#5498 = CARTESIAN_POINT('',(267.69,-124.105,1.51));
#5499 = CIRCLE('',#5500,0.875);
#5500 = AXIS2_PLACEMENT_3D('',#5501,#5502,#5503);
#5501 = CARTESIAN_POINT('',(267.69,-123.23,1.51));
#5502 = DIRECTION('',(-0.,0.,-1.));
#5503 = DIRECTION('',(-0.,-1.,0.));
#5504 = FACE_BOUND('',#5505,.T.);
#5505 = EDGE_LOOP('',(#5506));
#5506 = ORIENTED_EDGE('',*,*,#5507,.T.);
#5507 = EDGE_CURVE('',#5508,#5508,#5510,.T.);
#5508 = VERTEX_POINT('',#5509);
#5509 = CARTESIAN_POINT('',(265.15,-119.65,1.51));
#5510 = CIRCLE('',#5511,1.5);
#5511 = AXIS2_PLACEMENT_3D('',#5512,#5513,#5514);
#5512 = CARTESIAN_POINT('',(265.15,-118.15,1.51));
#5513 = DIRECTION('',(-0.,0.,-1.));
#5514 = DIRECTION('',(-0.,-1.,0.));
#5515 = FACE_BOUND('',#5516,.T.);
#5516 = EDGE_LOOP('',(#5517));
#5517 = ORIENTED_EDGE('',*,*,#5518,.T.);
#5518 = EDGE_CURVE('',#5519,#5519,#5521,.T.);
#5519 = VERTEX_POINT('',#5520);
#5520 = CARTESIAN_POINT('',(282.874824,-116.095,1.51));
#5521 = CIRCLE('',#5522,0.875);
#5522 = AXIS2_PLACEMENT_3D('',#5523,#5524,#5525);
#5523 = CARTESIAN_POINT('',(282.874824,-115.22,1.51));
#5524 = DIRECTION('',(-0.,0.,-1.));
#5525 = DIRECTION('',(-0.,-1.,0.));
#5526 = FACE_BOUND('',#5527,.T.);
#5527 = EDGE_LOOP('',(#5528));
#5528 = ORIENTED_EDGE('',*,*,#5529,.T.);
#5529 = EDGE_CURVE('',#5530,#5530,#5532,.T.);
#5530 = VERTEX_POINT('',#5531);
#5531 = CARTESIAN_POINT('',(287.954824,-117.2139,1.51));
#5532 = CIRCLE('',#5533,1.9939);
#5533 = AXIS2_PLACEMENT_3D('',#5534,#5535,#5536);
#5534 = CARTESIAN_POINT('',(287.954824,-115.22,1.51));
#5535 = DIRECTION('',(-0.,0.,-1.));
#5536 = DIRECTION('',(-2.850866084598E-14,-1.,0.));
#5537 = FACE_BOUND('',#5538,.T.);
#5538 = EDGE_LOOP('',(#5539));
#5539 = ORIENTED_EDGE('',*,*,#5540,.T.);
#5540 = EDGE_CURVE('',#5541,#5541,#5543,.T.);
#5541 = VERTEX_POINT('',#5542);
#5542 = CARTESIAN_POINT('',(293.034824,-116.095,1.51));
#5543 = CIRCLE('',#5544,0.875);
#5544 = AXIS2_PLACEMENT_3D('',#5545,#5546,#5547);
#5545 = CARTESIAN_POINT('',(293.034824,-115.22,1.51));
#5546 = DIRECTION('',(-0.,0.,-1.));
#5547 = DIRECTION('',(-0.,-1.,0.));
#5548 = FACE_BOUND('',#5549,.T.);
#5549 = EDGE_LOOP('',(#5550));
#5550 = ORIENTED_EDGE('',*,*,#5551,.T.);
#5551 = EDGE_CURVE('',#5552,#5552,#5554,.T.);
#5552 = VERTEX_POINT('',#5553);
#5553 = CARTESIAN_POINT('',(284.144824,-114.18,1.51));
#5554 = CIRCLE('',#5555,1.5);
#5555 = AXIS2_PLACEMENT_3D('',#5556,#5557,#5558);
#5556 = CARTESIAN_POINT('',(284.144824,-112.68,1.51));
#5557 = DIRECTION('',(-0.,0.,-1.));
#5558 = DIRECTION('',(-0.,-1.,0.));
#5559 = FACE_BOUND('',#5560,.T.);
#5560 = EDGE_LOOP('',(#5561));
#5561 = ORIENTED_EDGE('',*,*,#5562,.T.);
#5562 = EDGE_CURVE('',#5563,#5563,#5565,.T.);
#5563 = VERTEX_POINT('',#5564);
#5564 = CARTESIAN_POINT('',(308.24,-134.425,1.51));
#5565 = CIRCLE('',#5566,0.875);
#5566 = AXIS2_PLACEMENT_3D('',#5567,#5568,#5569);
#5567 = CARTESIAN_POINT('',(308.24,-133.55,1.51));
#5568 = DIRECTION('',(-0.,0.,-1.));
#5569 = DIRECTION('',(-0.,-1.,0.));
#5570 = FACE_BOUND('',#5571,.T.);
#5571 = EDGE_LOOP('',(#5572));
#5572 = ORIENTED_EDGE('',*,*,#5573,.T.);
#5573 = EDGE_CURVE('',#5574,#5574,#5576,.T.);
#5574 = VERTEX_POINT('',#5575);
#5575 = CARTESIAN_POINT('',(313.32,-135.5439,1.51));
#5576 = CIRCLE('',#5577,1.9939);
#5577 = AXIS2_PLACEMENT_3D('',#5578,#5579,#5580);
#5578 = CARTESIAN_POINT('',(313.32,-133.55,1.51));
#5579 = DIRECTION('',(-0.,0.,-1.));
#5580 = DIRECTION('',(-0.,-1.,0.));
#5581 = FACE_BOUND('',#5582,.T.);
#5582 = EDGE_LOOP('',(#5583));
#5583 = ORIENTED_EDGE('',*,*,#5584,.T.);
#5584 = EDGE_CURVE('',#5585,#5585,#5587,.T.);
#5585 = VERTEX_POINT('',#5586);
#5586 = CARTESIAN_POINT('',(318.4,-134.425,1.51));
#5587 = CIRCLE('',#5588,0.875);
#5588 = AXIS2_PLACEMENT_3D('',#5589,#5590,#5591);
#5589 = CARTESIAN_POINT('',(318.4,-133.55,1.51));
#5590 = DIRECTION('',(-0.,0.,-1.));
#5591 = DIRECTION('',(-0.,-1.,0.));
#5592 = FACE_BOUND('',#5593,.T.);
#5593 = EDGE_LOOP('',(#5594));
#5594 = ORIENTED_EDGE('',*,*,#5595,.T.);
#5595 = EDGE_CURVE('',#5596,#5596,#5598,.T.);
#5596 = VERTEX_POINT('',#5597);
#5597 = CARTESIAN_POINT('',(333.54,-140.925,1.51));
#5598 = CIRCLE('',#5599,0.875);
#5599 = AXIS2_PLACEMENT_3D('',#5600,#5601,#5602);
#5600 = CARTESIAN_POINT('',(333.54,-140.05,1.51));
#5601 = DIRECTION('',(-0.,0.,-1.));
#5602 = DIRECTION('',(-0.,-1.,0.));
#5603 = FACE_BOUND('',#5604,.T.);
#5604 = EDGE_LOOP('',(#5605));
#5605 = ORIENTED_EDGE('',*,*,#5606,.T.);
#5606 = EDGE_CURVE('',#5607,#5607,#5609,.T.);
#5607 = VERTEX_POINT('',#5608);
#5608 = CARTESIAN_POINT('',(338.62,-142.0439,1.51));
#5609 = CIRCLE('',#5610,1.9939);
#5610 = AXIS2_PLACEMENT_3D('',#5611,#5612,#5613);
#5611 = CARTESIAN_POINT('',(338.62,-140.05,1.51));
#5612 = DIRECTION('',(-0.,0.,-1.));
#5613 = DIRECTION('',(-0.,-1.,0.));
#5614 = FACE_BOUND('',#5615,.T.);
#5615 = EDGE_LOOP('',(#5616));
#5616 = ORIENTED_EDGE('',*,*,#5617,.T.);
#5617 = EDGE_CURVE('',#5618,#5618,#5620,.T.);
#5618 = VERTEX_POINT('',#5619);
#5619 = CARTESIAN_POINT('',(334.81,-139.01,1.51));
#5620 = CIRCLE('',#5621,1.5);
#5621 = AXIS2_PLACEMENT_3D('',#5622,#5623,#5624);
#5622 = CARTESIAN_POINT('',(334.81,-137.51,1.51));
#5623 = DIRECTION('',(-0.,0.,-1.));
#5624 = DIRECTION('',(-0.,-1.,0.));
#5625 = FACE_BOUND('',#5626,.T.);
#5626 = EDGE_LOOP('',(#5627));
#5627 = ORIENTED_EDGE('',*,*,#5628,.T.);
#5628 = EDGE_CURVE('',#5629,#5629,#5631,.T.);
#5629 = VERTEX_POINT('',#5630);
#5630 = CARTESIAN_POINT('',(341.16,-136.47,1.51));
#5631 = CIRCLE('',#5632,1.5);
#5632 = AXIS2_PLACEMENT_3D('',#5633,#5634,#5635);
#5633 = CARTESIAN_POINT('',(341.16,-134.97,1.51));
#5634 = DIRECTION('',(-0.,0.,-1.));
#5635 = DIRECTION('',(-0.,-1.,0.));
#5636 = FACE_BOUND('',#5637,.T.);
#5637 = EDGE_LOOP('',(#5638));
#5638 = ORIENTED_EDGE('',*,*,#5639,.T.);
#5639 = EDGE_CURVE('',#5640,#5640,#5642,.T.);
#5640 = VERTEX_POINT('',#5641);
#5641 = CARTESIAN_POINT('',(309.51,-132.51,1.51));
#5642 = CIRCLE('',#5643,1.5);
#5643 = AXIS2_PLACEMENT_3D('',#5644,#5645,#5646);
#5644 = CARTESIAN_POINT('',(309.51,-131.01,1.51));
#5645 = DIRECTION('',(-0.,0.,-1.));
#5646 = DIRECTION('',(-0.,-1.,0.));
#5647 = FACE_BOUND('',#5648,.T.);
#5648 = EDGE_LOOP('',(#5649));
#5649 = ORIENTED_EDGE('',*,*,#5650,.T.);
#5650 = EDGE_CURVE('',#5651,#5651,#5653,.T.);
#5651 = VERTEX_POINT('',#5652);
#5652 = CARTESIAN_POINT('',(315.86,-129.97,1.51));
#5653 = CIRCLE('',#5654,1.5);
#5654 = AXIS2_PLACEMENT_3D('',#5655,#5656,#5657);
#5655 = CARTESIAN_POINT('',(315.86,-128.47,1.51));
#5656 = DIRECTION('',(-0.,0.,-1.));
#5657 = DIRECTION('',(-0.,-1.,0.));
#5658 = FACE_BOUND('',#5659,.T.);
#5659 = EDGE_LOOP('',(#5660));
#5660 = ORIENTED_EDGE('',*,*,#5661,.T.);
#5661 = EDGE_CURVE('',#5662,#5662,#5664,.T.);
#5662 = VERTEX_POINT('',#5663);
#5663 = CARTESIAN_POINT('',(343.7,-140.925,1.51));
#5664 = CIRCLE('',#5665,0.875);
#5665 = AXIS2_PLACEMENT_3D('',#5666,#5667,#5668);
#5666 = CARTESIAN_POINT('',(343.7,-140.05,1.51));
#5667 = DIRECTION('',(-0.,0.,-1.));
#5668 = DIRECTION('',(-0.,-1.,0.));
#5669 = FACE_BOUND('',#5670,.T.);
#5670 = EDGE_LOOP('',(#5671));
#5671 = ORIENTED_EDGE('',*,*,#5672,.T.);
#5672 = EDGE_CURVE('',#5673,#5673,#5675,.T.);
#5673 = VERTEX_POINT('',#5674);
#5674 = CARTESIAN_POINT('',(359.04,-128.005,1.51));
#5675 = CIRCLE('',#5676,0.875);
#5676 = AXIS2_PLACEMENT_3D('',#5677,#5678,#5679);
#5677 = CARTESIAN_POINT('',(359.04,-127.13,1.51));
#5678 = DIRECTION('',(-0.,0.,-1.));
#5679 = DIRECTION('',(-0.,-1.,0.));
#5680 = FACE_BOUND('',#5681,.T.);
#5681 = EDGE_LOOP('',(#5682));
#5682 = ORIENTED_EDGE('',*,*,#5683,.T.);
#5683 = EDGE_CURVE('',#5684,#5684,#5686,.T.);
#5684 = VERTEX_POINT('',#5685);
#5685 = CARTESIAN_POINT('',(364.12,-129.1239,1.51));
#5686 = CIRCLE('',#5687,1.9939);
#5687 = AXIS2_PLACEMENT_3D('',#5688,#5689,#5690);
#5688 = CARTESIAN_POINT('',(364.12,-127.13,1.51));
#5689 = DIRECTION('',(-0.,0.,-1.));
#5690 = DIRECTION('',(-0.,-1.,0.));
#5691 = FACE_BOUND('',#5692,.T.);
#5692 = EDGE_LOOP('',(#5693));
#5693 = ORIENTED_EDGE('',*,*,#5694,.T.);
#5694 = EDGE_CURVE('',#5695,#5695,#5697,.T.);
#5695 = VERTEX_POINT('',#5696);
#5696 = CARTESIAN_POINT('',(369.2,-128.005,1.51));
#5697 = CIRCLE('',#5698,0.875);
#5698 = AXIS2_PLACEMENT_3D('',#5699,#5700,#5701);
#5699 = CARTESIAN_POINT('',(369.2,-127.13,1.51));
#5700 = DIRECTION('',(-0.,0.,-1.));
#5701 = DIRECTION('',(-0.,-1.,0.));
#5702 = FACE_BOUND('',#5703,.T.);
#5703 = EDGE_LOOP('',(#5704));
#5704 = ORIENTED_EDGE('',*,*,#5705,.T.);
#5705 = EDGE_CURVE('',#5706,#5706,#5708,.T.);
#5706 = VERTEX_POINT('',#5707);
#5707 = CARTESIAN_POINT('',(333.514824,-116.075,1.51));
#5708 = CIRCLE('',#5709,0.875);
#5709 = AXIS2_PLACEMENT_3D('',#5710,#5711,#5712);
#5710 = CARTESIAN_POINT('',(333.514824,-115.2,1.51));
#5711 = DIRECTION('',(-0.,0.,-1.));
#5712 = DIRECTION('',(-0.,-1.,0.));
#5713 = FACE_BOUND('',#5714,.T.);
#5714 = EDGE_LOOP('',(#5715));
#5715 = ORIENTED_EDGE('',*,*,#5716,.T.);
#5716 = EDGE_CURVE('',#5717,#5717,#5719,.T.);
#5717 = VERTEX_POINT('',#5718);
#5718 = CARTESIAN_POINT('',(338.594824,-117.1939,1.51));
#5719 = CIRCLE('',#5720,1.9939);
#5720 = AXIS2_PLACEMENT_3D('',#5721,#5722,#5723);
#5721 = CARTESIAN_POINT('',(338.594824,-115.2,1.51));
#5722 = DIRECTION('',(-0.,0.,-1.));
#5723 = DIRECTION('',(-0.,-1.,0.));
#5724 = FACE_BOUND('',#5725,.T.);
#5725 = EDGE_LOOP('',(#5726));
#5726 = ORIENTED_EDGE('',*,*,#5727,.T.);
#5727 = EDGE_CURVE('',#5728,#5728,#5730,.T.);
#5728 = VERTEX_POINT('',#5729);
#5729 = CARTESIAN_POINT('',(334.784824,-114.16,1.51));
#5730 = CIRCLE('',#5731,1.5);
#5731 = AXIS2_PLACEMENT_3D('',#5732,#5733,#5734);
#5732 = CARTESIAN_POINT('',(334.784824,-112.66,1.51));
#5733 = DIRECTION('',(-0.,0.,-1.));
#5734 = DIRECTION('',(-0.,-1.,0.));
#5735 = FACE_BOUND('',#5736,.T.);
#5736 = EDGE_LOOP('',(#5737));
#5737 = ORIENTED_EDGE('',*,*,#5738,.T.);
#5738 = EDGE_CURVE('',#5739,#5739,#5741,.T.);
#5739 = VERTEX_POINT('',#5740);
#5740 = CARTESIAN_POINT('',(360.31,-126.09,1.51));
#5741 = CIRCLE('',#5742,1.5);
#5742 = AXIS2_PLACEMENT_3D('',#5743,#5744,#5745);
#5743 = CARTESIAN_POINT('',(360.31,-124.59,1.51));
#5744 = DIRECTION('',(-0.,0.,-1.));
#5745 = DIRECTION('',(-0.,-1.,0.));
#5746 = FACE_BOUND('',#5747,.T.);
#5747 = EDGE_LOOP('',(#5748));
#5748 = ORIENTED_EDGE('',*,*,#5749,.T.);
#5749 = EDGE_CURVE('',#5750,#5750,#5752,.T.);
#5750 = VERTEX_POINT('',#5751);
#5751 = CARTESIAN_POINT('',(366.66,-123.55,1.51));
#5752 = CIRCLE('',#5753,1.5);
#5753 = AXIS2_PLACEMENT_3D('',#5754,#5755,#5756);
#5754 = CARTESIAN_POINT('',(366.66,-122.05,1.51));
#5755 = DIRECTION('',(-0.,0.,-1.));
#5756 = DIRECTION('',(-0.,-1.,0.));
#5757 = FACE_BOUND('',#5758,.T.);
#5758 = EDGE_LOOP('',(#5759));
#5759 = ORIENTED_EDGE('',*,*,#5760,.T.);
#5760 = EDGE_CURVE('',#5761,#5761,#5763,.T.);
#5761 = VERTEX_POINT('',#5762);
#5762 = CARTESIAN_POINT('',(343.674824,-116.075,1.51));
#5763 = CIRCLE('',#5764,0.875);
#5764 = AXIS2_PLACEMENT_3D('',#5765,#5766,#5767);
#5765 = CARTESIAN_POINT('',(343.674824,-115.2,1.51));
#5766 = DIRECTION('',(-0.,0.,-1.));
#5767 = DIRECTION('',(-0.,-1.,0.));
#5768 = FACE_BOUND('',#5769,.T.);
#5769 = EDGE_LOOP('',(#5770));
#5770 = ORIENTED_EDGE('',*,*,#5771,.T.);
#5771 = EDGE_CURVE('',#5772,#5772,#5774,.T.);
#5772 = VERTEX_POINT('',#5773);
#5773 = CARTESIAN_POINT('',(66.35,-102.655,1.51));
#5774 = CIRCLE('',#5775,0.875);
#5775 = AXIS2_PLACEMENT_3D('',#5776,#5777,#5778);
#5776 = CARTESIAN_POINT('',(66.35,-101.78,1.51));
#5777 = DIRECTION('',(-0.,0.,-1.));
#5778 = DIRECTION('',(-0.,-1.,0.));
#5779 = FACE_BOUND('',#5780,.T.);
#5780 = EDGE_LOOP('',(#5781));
#5781 = ORIENTED_EDGE('',*,*,#5782,.T.);
#5782 = EDGE_CURVE('',#5783,#5783,#5785,.T.);
#5783 = VERTEX_POINT('',#5784);
#5784 = CARTESIAN_POINT('',(71.43,-103.7739,1.51));
#5785 = CIRCLE('',#5786,1.9939);
#5786 = AXIS2_PLACEMENT_3D('',#5787,#5788,#5789);
#5787 = CARTESIAN_POINT('',(71.43,-101.78,1.51));
#5788 = DIRECTION('',(-0.,0.,-1.));
#5789 = DIRECTION('',(-0.,-1.,0.));
#5790 = FACE_BOUND('',#5791,.T.);
#5791 = EDGE_LOOP('',(#5792));
#5792 = ORIENTED_EDGE('',*,*,#5793,.T.);
#5793 = EDGE_CURVE('',#5794,#5794,#5796,.T.);
#5794 = VERTEX_POINT('',#5795);
#5795 = CARTESIAN_POINT('',(67.62,-100.74,1.51));
#5796 = CIRCLE('',#5797,1.5);
#5797 = AXIS2_PLACEMENT_3D('',#5798,#5799,#5800);
#5798 = CARTESIAN_POINT('',(67.62,-99.24,1.51));
#5799 = DIRECTION('',(-0.,0.,-1.));
#5800 = DIRECTION('',(-0.,-1.,0.));
#5801 = FACE_BOUND('',#5802,.T.);
#5802 = EDGE_LOOP('',(#5803));
#5803 = ORIENTED_EDGE('',*,*,#5804,.T.);
#5804 = EDGE_CURVE('',#5805,#5805,#5807,.T.);
#5805 = VERTEX_POINT('',#5806);
#5806 = CARTESIAN_POINT('',(76.51,-102.655,1.51));
#5807 = CIRCLE('',#5808,0.875);
#5808 = AXIS2_PLACEMENT_3D('',#5809,#5810,#5811);
#5809 = CARTESIAN_POINT('',(76.51,-101.78,1.51));
#5810 = DIRECTION('',(-0.,0.,-1.));
#5811 = DIRECTION('',(-0.,-1.,0.));
#5812 = FACE_BOUND('',#5813,.T.);
#5813 = EDGE_LOOP('',(#5814));
#5814 = ORIENTED_EDGE('',*,*,#5815,.T.);
#5815 = EDGE_CURVE('',#5816,#5816,#5818,.T.);
#5816 = VERTEX_POINT('',#5817);
#5817 = CARTESIAN_POINT('',(73.97,-98.2,1.51));
#5818 = CIRCLE('',#5819,1.5);
#5819 = AXIS2_PLACEMENT_3D('',#5820,#5821,#5822);
#5820 = CARTESIAN_POINT('',(73.97,-96.7,1.51));
#5821 = DIRECTION('',(-0.,0.,-1.));
#5822 = DIRECTION('',(-0.,-1.,0.));
#5823 = FACE_BOUND('',#5824,.T.);
#5824 = EDGE_LOOP('',(#5825));
#5825 = ORIENTED_EDGE('',*,*,#5826,.T.);
#5826 = EDGE_CURVE('',#5827,#5827,#5829,.T.);
#5827 = VERTEX_POINT('',#5828);
#5828 = CARTESIAN_POINT('',(99.2,-111.84,1.51));
#5829 = CIRCLE('',#5830,1.5);
#5830 = AXIS2_PLACEMENT_3D('',#5831,#5832,#5833);
#5831 = CARTESIAN_POINT('',(99.2,-110.34,1.51));
#5832 = DIRECTION('',(-0.,0.,-1.));
#5833 = DIRECTION('',(-0.,-1.,0.));
#5834 = FACE_BOUND('',#5835,.T.);
#5835 = EDGE_LOOP('',(#5836));
#5836 = ORIENTED_EDGE('',*,*,#5837,.T.);
#5837 = EDGE_CURVE('',#5838,#5838,#5840,.T.);
#5838 = VERTEX_POINT('',#5839);
#5839 = CARTESIAN_POINT('',(117.02,-109.435,1.51));
#5840 = CIRCLE('',#5841,0.875);
#5841 = AXIS2_PLACEMENT_3D('',#5842,#5843,#5844);
#5842 = CARTESIAN_POINT('',(117.02,-108.56,1.51));
#5843 = DIRECTION('',(-0.,0.,-1.));
#5844 = DIRECTION('',(-0.,-1.,0.));
#5845 = FACE_BOUND('',#5846,.T.);
#5846 = EDGE_LOOP('',(#5847));
#5847 = ORIENTED_EDGE('',*,*,#5848,.T.);
#5848 = EDGE_CURVE('',#5849,#5849,#5851,.T.);
#5849 = VERTEX_POINT('',#5850);
#5850 = CARTESIAN_POINT('',(122.1,-110.5539,1.51));
#5851 = CIRCLE('',#5852,1.9939);
#5852 = AXIS2_PLACEMENT_3D('',#5853,#5854,#5855);
#5853 = CARTESIAN_POINT('',(122.1,-108.56,1.51));
#5854 = DIRECTION('',(-0.,0.,-1.));
#5855 = DIRECTION('',(-0.,-1.,0.));
#5856 = FACE_BOUND('',#5857,.T.);
#5857 = EDGE_LOOP('',(#5858));
#5858 = ORIENTED_EDGE('',*,*,#5859,.T.);
#5859 = EDGE_CURVE('',#5860,#5860,#5862,.T.);
#5860 = VERTEX_POINT('',#5861);
#5861 = CARTESIAN_POINT('',(127.18,-109.435,1.51));
#5862 = CIRCLE('',#5863,0.875);
#5863 = AXIS2_PLACEMENT_3D('',#5864,#5865,#5866);
#5864 = CARTESIAN_POINT('',(127.18,-108.56,1.51));
#5865 = DIRECTION('',(-0.,0.,-1.));
#5866 = DIRECTION('',(-0.,-1.,0.));
#5867 = FACE_BOUND('',#5868,.T.);
#5868 = EDGE_LOOP('',(#5869));
#5869 = ORIENTED_EDGE('',*,*,#5870,.T.);
#5870 = EDGE_CURVE('',#5871,#5871,#5873,.T.);
#5871 = VERTEX_POINT('',#5872);
#5872 = CARTESIAN_POINT('',(118.29,-107.52,1.51));
#5873 = CIRCLE('',#5874,1.5);
#5874 = AXIS2_PLACEMENT_3D('',#5875,#5876,#5877);
#5875 = CARTESIAN_POINT('',(118.29,-106.02,1.51));
#5876 = DIRECTION('',(-0.,0.,-1.));
#5877 = DIRECTION('',(-0.,-1.,0.));
#5878 = FACE_BOUND('',#5879,.T.);
#5879 = EDGE_LOOP('',(#5880));
#5880 = ORIENTED_EDGE('',*,*,#5881,.T.);
#5881 = EDGE_CURVE('',#5882,#5882,#5884,.T.);
#5882 = VERTEX_POINT('',#5883);
#5883 = CARTESIAN_POINT('',(124.64,-104.98,1.51));
#5884 = CIRCLE('',#5885,1.5);
#5885 = AXIS2_PLACEMENT_3D('',#5886,#5887,#5888);
#5886 = CARTESIAN_POINT('',(124.64,-103.48,1.51));
#5887 = DIRECTION('',(-0.,0.,-1.));
#5888 = DIRECTION('',(-0.,-1.,0.));
#5889 = FACE_BOUND('',#5890,.T.);
#5890 = EDGE_LOOP('',(#5891));
#5891 = ORIENTED_EDGE('',*,*,#5892,.T.);
#5892 = EDGE_CURVE('',#5893,#5893,#5895,.T.);
#5893 = VERTEX_POINT('',#5894);
#5894 = CARTESIAN_POINT('',(91.59,-90.925,1.51));
#5895 = CIRCLE('',#5896,0.875);
#5896 = AXIS2_PLACEMENT_3D('',#5897,#5898,#5899);
#5897 = CARTESIAN_POINT('',(91.59,-90.05,1.51));
#5898 = DIRECTION('',(-0.,0.,-1.));
#5899 = DIRECTION('',(-0.,-1.,0.));
#5900 = FACE_BOUND('',#5901,.T.);
#5901 = EDGE_LOOP('',(#5902));
#5902 = ORIENTED_EDGE('',*,*,#5903,.T.);
#5903 = EDGE_CURVE('',#5904,#5904,#5906,.T.);
#5904 = VERTEX_POINT('',#5905);
#5905 = CARTESIAN_POINT('',(92.86,-89.01,1.51));
#5906 = CIRCLE('',#5907,1.5);
#5907 = AXIS2_PLACEMENT_3D('',#5908,#5909,#5910);
#5908 = CARTESIAN_POINT('',(92.86,-87.51,1.51));
#5909 = DIRECTION('',(-0.,0.,-1.));
#5910 = DIRECTION('',(-0.,-1.,0.));
#5911 = FACE_BOUND('',#5912,.T.);
#5912 = EDGE_LOOP('',(#5913));
#5913 = ORIENTED_EDGE('',*,*,#5914,.T.);
#5914 = EDGE_CURVE('',#5915,#5915,#5917,.T.);
#5915 = VERTEX_POINT('',#5916);
#5916 = CARTESIAN_POINT('',(96.67,-92.0439,1.51));
#5917 = CIRCLE('',#5918,1.9939);
#5918 = AXIS2_PLACEMENT_3D('',#5919,#5920,#5921);
#5919 = CARTESIAN_POINT('',(96.67,-90.05,1.51));
#5920 = DIRECTION('',(-0.,0.,-1.));
#5921 = DIRECTION('',(-0.,-1.,0.));
#5922 = FACE_BOUND('',#5923,.T.);
#5923 = EDGE_LOOP('',(#5924));
#5924 = ORIENTED_EDGE('',*,*,#5925,.T.);
#5925 = EDGE_CURVE('',#5926,#5926,#5928,.T.);
#5926 = VERTEX_POINT('',#5927);
#5927 = CARTESIAN_POINT('',(101.75,-90.925,1.51));
#5928 = CIRCLE('',#5929,0.875);
#5929 = AXIS2_PLACEMENT_3D('',#5930,#5931,#5932);
#5930 = CARTESIAN_POINT('',(101.75,-90.05,1.51));
#5931 = DIRECTION('',(-0.,0.,-1.));
#5932 = DIRECTION('',(-0.,-1.,0.));
#5933 = FACE_BOUND('',#5934,.T.);
#5934 = EDGE_LOOP('',(#5935));
#5935 = ORIENTED_EDGE('',*,*,#5936,.T.);
#5936 = EDGE_CURVE('',#5937,#5937,#5939,.T.);
#5937 = VERTEX_POINT('',#5938);
#5938 = CARTESIAN_POINT('',(99.21,-86.47,1.51));
#5939 = CIRCLE('',#5940,1.5);
#5940 = AXIS2_PLACEMENT_3D('',#5941,#5942,#5943);
#5941 = CARTESIAN_POINT('',(99.21,-84.97,1.51));
#5942 = DIRECTION('',(-0.,0.,-1.));
#5943 = DIRECTION('',(-0.,-1.,0.));
#5944 = FACE_BOUND('',#5945,.T.);
#5945 = EDGE_LOOP('',(#5946));
#5946 = ORIENTED_EDGE('',*,*,#5947,.T.);
#5947 = EDGE_CURVE('',#5948,#5948,#5950,.T.);
#5948 = VERTEX_POINT('',#5949);
#5949 = CARTESIAN_POINT('',(117.01,-84.075,1.51));
#5950 = CIRCLE('',#5951,0.875);
#5951 = AXIS2_PLACEMENT_3D('',#5952,#5953,#5954);
#5952 = CARTESIAN_POINT('',(117.01,-83.2,1.51));
#5953 = DIRECTION('',(-0.,0.,-1.));
#5954 = DIRECTION('',(-0.,-1.,0.));
#5955 = FACE_BOUND('',#5956,.T.);
#5956 = EDGE_LOOP('',(#5957));
#5957 = ORIENTED_EDGE('',*,*,#5958,.T.);
#5958 = EDGE_CURVE('',#5959,#5959,#5961,.T.);
#5959 = VERTEX_POINT('',#5960);
#5960 = CARTESIAN_POINT('',(122.09,-85.1939,1.51));
#5961 = CIRCLE('',#5962,1.9939);
#5962 = AXIS2_PLACEMENT_3D('',#5963,#5964,#5965);
#5963 = CARTESIAN_POINT('',(122.09,-83.2,1.51));
#5964 = DIRECTION('',(-0.,0.,-1.));
#5965 = DIRECTION('',(-0.,-1.,0.));
#5966 = FACE_BOUND('',#5967,.T.);
#5967 = EDGE_LOOP('',(#5968));
#5968 = ORIENTED_EDGE('',*,*,#5969,.T.);
#5969 = EDGE_CURVE('',#5970,#5970,#5972,.T.);
#5970 = VERTEX_POINT('',#5971);
#5971 = CARTESIAN_POINT('',(127.17,-84.075,1.51));
#5972 = CIRCLE('',#5973,0.875);
#5973 = AXIS2_PLACEMENT_3D('',#5974,#5975,#5976);
#5974 = CARTESIAN_POINT('',(127.17,-83.2,1.51));
#5975 = DIRECTION('',(-0.,0.,-1.));
#5976 = DIRECTION('',(1.624097681737E-14,-1.,-0.));
#5977 = FACE_BOUND('',#5978,.T.);
#5978 = EDGE_LOOP('',(#5979));
#5979 = ORIENTED_EDGE('',*,*,#5980,.T.);
#5980 = EDGE_CURVE('',#5981,#5981,#5983,.T.);
#5981 = VERTEX_POINT('',#5982);
#5982 = CARTESIAN_POINT('',(150.034824,-111.35,1.51));
#5983 = CIRCLE('',#5984,1.5);
#5984 = AXIS2_PLACEMENT_3D('',#5985,#5986,#5987);
#5985 = CARTESIAN_POINT('',(150.034824,-109.85,1.51));
#5986 = DIRECTION('',(-0.,0.,-1.));
#5987 = DIRECTION('',(-0.,-1.,0.));
#5988 = FACE_BOUND('',#5989,.T.);
#5989 = EDGE_LOOP('',(#5990));
#5990 = ORIENTED_EDGE('',*,*,#5991,.T.);
#5991 = EDGE_CURVE('',#5992,#5992,#5994,.T.);
#5992 = VERTEX_POINT('',#5993);
#5993 = CARTESIAN_POINT('',(167.72,-98.965,1.51));
#5994 = CIRCLE('',#5995,0.875);
#5995 = AXIS2_PLACEMENT_3D('',#5996,#5997,#5998);
#5996 = CARTESIAN_POINT('',(167.72,-98.09,1.51));
#5997 = DIRECTION('',(-0.,0.,-1.));
#5998 = DIRECTION('',(-0.,-1.,0.));
#5999 = FACE_BOUND('',#6000,.T.);
#6000 = EDGE_LOOP('',(#6001));
#6001 = ORIENTED_EDGE('',*,*,#6002,.T.);
#6002 = EDGE_CURVE('',#6003,#6003,#6005,.T.);
#6003 = VERTEX_POINT('',#6004);
#6004 = CARTESIAN_POINT('',(172.8,-100.0839,1.51));
#6005 = CIRCLE('',#6006,1.9939);
#6006 = AXIS2_PLACEMENT_3D('',#6007,#6008,#6009);
#6007 = CARTESIAN_POINT('',(172.8,-98.09,1.51));
#6008 = DIRECTION('',(-0.,0.,-1.));
#6009 = DIRECTION('',(-0.,-1.,0.));
#6010 = FACE_BOUND('',#6011,.T.);
#6011 = EDGE_LOOP('',(#6012));
#6012 = ORIENTED_EDGE('',*,*,#6013,.T.);
#6013 = EDGE_CURVE('',#6014,#6014,#6016,.T.);
#6014 = VERTEX_POINT('',#6015);
#6015 = CARTESIAN_POINT('',(177.88,-98.965,1.51));
#6016 = CIRCLE('',#6017,0.875);
#6017 = AXIS2_PLACEMENT_3D('',#6018,#6019,#6020);
#6018 = CARTESIAN_POINT('',(177.88,-98.09,1.51));
#6019 = DIRECTION('',(-0.,0.,-1.));
#6020 = DIRECTION('',(-0.,-1.,0.));
#6021 = FACE_BOUND('',#6022,.T.);
#6022 = EDGE_LOOP('',(#6023));
#6023 = ORIENTED_EDGE('',*,*,#6024,.T.);
#6024 = EDGE_CURVE('',#6025,#6025,#6027,.T.);
#6025 = VERTEX_POINT('',#6026);
#6026 = CARTESIAN_POINT('',(142.39,-90.875,1.51));
#6027 = CIRCLE('',#6028,0.875);
#6028 = AXIS2_PLACEMENT_3D('',#6029,#6030,#6031);
#6029 = CARTESIAN_POINT('',(142.39,-90.,1.51));
#6030 = DIRECTION('',(-0.,0.,-1.));
#6031 = DIRECTION('',(-0.,-1.,0.));
#6032 = FACE_BOUND('',#6033,.T.);
#6033 = EDGE_LOOP('',(#6034));
#6034 = ORIENTED_EDGE('',*,*,#6035,.T.);
#6035 = EDGE_CURVE('',#6036,#6036,#6038,.T.);
#6036 = VERTEX_POINT('',#6037);
#6037 = CARTESIAN_POINT('',(147.47,-91.9939,1.51));
#6038 = CIRCLE('',#6039,1.9939);
#6039 = AXIS2_PLACEMENT_3D('',#6040,#6041,#6042);
#6040 = CARTESIAN_POINT('',(147.47,-90.,1.51));
#6041 = DIRECTION('',(-0.,0.,-1.));
#6042 = DIRECTION('',(-0.,-1.,0.));
#6043 = FACE_BOUND('',#6044,.T.);
#6044 = EDGE_LOOP('',(#6045));
#6045 = ORIENTED_EDGE('',*,*,#6046,.T.);
#6046 = EDGE_CURVE('',#6047,#6047,#6049,.T.);
#6047 = VERTEX_POINT('',#6048);
#6048 = CARTESIAN_POINT('',(152.55,-90.875,1.51));
#6049 = CIRCLE('',#6050,0.875);
#6050 = AXIS2_PLACEMENT_3D('',#6051,#6052,#6053);
#6051 = CARTESIAN_POINT('',(152.55,-90.,1.51));
#6052 = DIRECTION('',(-0.,0.,-1.));
#6053 = DIRECTION('',(-0.,-1.,0.));
#6054 = FACE_BOUND('',#6055,.T.);
#6055 = EDGE_LOOP('',(#6056));
#6056 = ORIENTED_EDGE('',*,*,#6057,.T.);
#6057 = EDGE_CURVE('',#6058,#6058,#6060,.T.);
#6058 = VERTEX_POINT('',#6059);
#6059 = CARTESIAN_POINT('',(168.99,-97.05,1.51));
#6060 = CIRCLE('',#6061,1.5);
#6061 = AXIS2_PLACEMENT_3D('',#6062,#6063,#6064);
#6062 = CARTESIAN_POINT('',(168.99,-95.55,1.51));
#6063 = DIRECTION('',(-0.,0.,-1.));
#6064 = DIRECTION('',(-0.,-1.,0.));
#6065 = FACE_BOUND('',#6066,.T.);
#6066 = EDGE_LOOP('',(#6067));
#6067 = ORIENTED_EDGE('',*,*,#6068,.T.);
#6068 = EDGE_CURVE('',#6069,#6069,#6071,.T.);
#6069 = VERTEX_POINT('',#6070);
#6070 = CARTESIAN_POINT('',(175.34,-94.51,1.51));
#6071 = CIRCLE('',#6072,1.5);
#6072 = AXIS2_PLACEMENT_3D('',#6073,#6074,#6075);
#6073 = CARTESIAN_POINT('',(175.34,-93.01,1.51));
#6074 = DIRECTION('',(-0.,0.,-1.));
#6075 = DIRECTION('',(-0.,-1.,0.));
#6076 = FACE_BOUND('',#6077,.T.);
#6077 = EDGE_LOOP('',(#6078));
#6078 = ORIENTED_EDGE('',*,*,#6079,.T.);
#6079 = EDGE_CURVE('',#6080,#6080,#6082,.T.);
#6080 = VERTEX_POINT('',#6081);
#6081 = CARTESIAN_POINT('',(143.66,-88.96,1.51));
#6082 = CIRCLE('',#6083,1.5);
#6083 = AXIS2_PLACEMENT_3D('',#6084,#6085,#6086);
#6084 = CARTESIAN_POINT('',(143.66,-87.46,1.51));
#6085 = DIRECTION('',(-0.,0.,-1.));
#6086 = DIRECTION('',(-0.,-1.,0.));
#6087 = FACE_BOUND('',#6088,.T.);
#6088 = EDGE_LOOP('',(#6089));
#6089 = ORIENTED_EDGE('',*,*,#6090,.T.);
#6090 = EDGE_CURVE('',#6091,#6091,#6093,.T.);
#6091 = VERTEX_POINT('',#6092);
#6092 = CARTESIAN_POINT('',(150.01,-86.42,1.51));
#6093 = CIRCLE('',#6094,1.5);
#6094 = AXIS2_PLACEMENT_3D('',#6095,#6096,#6097);
#6095 = CARTESIAN_POINT('',(150.01,-84.92,1.51));
#6096 = DIRECTION('',(-0.,0.,-1.));
#6097 = DIRECTION('',(-0.,-1.,0.));
#6098 = FACE_BOUND('',#6099,.T.);
#6099 = EDGE_LOOP('',(#6100));
#6100 = ORIENTED_EDGE('',*,*,#6101,.T.);
#6101 = EDGE_CURVE('',#6102,#6102,#6104,.T.);
#6102 = VERTEX_POINT('',#6103);
#6103 = CARTESIAN_POINT('',(66.36,-77.485,1.51));
#6104 = CIRCLE('',#6105,0.875);
#6105 = AXIS2_PLACEMENT_3D('',#6106,#6107,#6108);
#6106 = CARTESIAN_POINT('',(66.36,-76.61,1.51));
#6107 = DIRECTION('',(-0.,0.,-1.));
#6108 = DIRECTION('',(-0.,-1.,0.));
#6109 = FACE_BOUND('',#6110,.T.);
#6110 = EDGE_LOOP('',(#6111));
#6111 = ORIENTED_EDGE('',*,*,#6112,.T.);
#6112 = EDGE_CURVE('',#6113,#6113,#6115,.T.);
#6113 = VERTEX_POINT('',#6114);
#6114 = CARTESIAN_POINT('',(71.44,-78.6039,1.51));
#6115 = CIRCLE('',#6116,1.9939);
#6116 = AXIS2_PLACEMENT_3D('',#6117,#6118,#6119);
#6117 = CARTESIAN_POINT('',(71.44,-76.61,1.51));
#6118 = DIRECTION('',(-0.,0.,-1.));
#6119 = DIRECTION('',(-0.,-1.,0.));
#6120 = FACE_BOUND('',#6121,.T.);
#6121 = EDGE_LOOP('',(#6122));
#6122 = ORIENTED_EDGE('',*,*,#6123,.T.);
#6123 = EDGE_CURVE('',#6124,#6124,#6126,.T.);
#6124 = VERTEX_POINT('',#6125);
#6125 = CARTESIAN_POINT('',(67.63,-75.57,1.51));
#6126 = CIRCLE('',#6127,1.5);
#6127 = AXIS2_PLACEMENT_3D('',#6128,#6129,#6130);
#6128 = CARTESIAN_POINT('',(67.63,-74.07,1.51));
#6129 = DIRECTION('',(-0.,0.,-1.));
#6130 = DIRECTION('',(-0.,-1.,0.));
#6131 = FACE_BOUND('',#6132,.T.);
#6132 = EDGE_LOOP('',(#6133));
#6133 = ORIENTED_EDGE('',*,*,#6134,.T.);
#6134 = EDGE_CURVE('',#6135,#6135,#6137,.T.);
#6135 = VERTEX_POINT('',#6136);
#6136 = CARTESIAN_POINT('',(76.52,-77.485,1.51));
#6137 = CIRCLE('',#6138,0.875);
#6138 = AXIS2_PLACEMENT_3D('',#6139,#6140,#6141);
#6139 = CARTESIAN_POINT('',(76.52,-76.61,1.51));
#6140 = DIRECTION('',(-0.,0.,-1.));
#6141 = DIRECTION('',(-0.,-1.,0.));
#6142 = FACE_BOUND('',#6143,.T.);
#6143 = EDGE_LOOP('',(#6144));
#6144 = ORIENTED_EDGE('',*,*,#6145,.T.);
#6145 = EDGE_CURVE('',#6146,#6146,#6148,.T.);
#6146 = VERTEX_POINT('',#6147);
#6147 = CARTESIAN_POINT('',(73.98,-73.03,1.51));
#6148 = CIRCLE('',#6149,1.5);
#6149 = AXIS2_PLACEMENT_3D('',#6150,#6151,#6152);
#6150 = CARTESIAN_POINT('',(73.98,-71.53,1.51));
#6151 = DIRECTION('',(-0.,0.,-1.));
#6152 = DIRECTION('',(-0.,-1.,0.));
#6153 = FACE_BOUND('',#6154,.T.);
#6154 = EDGE_LOOP('',(#6155));
#6155 = ORIENTED_EDGE('',*,*,#6156,.T.);
#6156 = EDGE_CURVE('',#6157,#6157,#6159,.T.);
#6157 = VERTEX_POINT('',#6158);
#6158 = CARTESIAN_POINT('',(118.28,-82.16,1.51));
#6159 = CIRCLE('',#6160,1.5);
#6160 = AXIS2_PLACEMENT_3D('',#6161,#6162,#6163);
#6161 = CARTESIAN_POINT('',(118.28,-80.66,1.51));
#6162 = DIRECTION('',(-0.,0.,-1.));
#6163 = DIRECTION('',(-0.,-1.,0.));
#6164 = FACE_BOUND('',#6165,.T.);
#6165 = EDGE_LOOP('',(#6166));
#6166 = ORIENTED_EDGE('',*,*,#6167,.T.);
#6167 = EDGE_CURVE('',#6168,#6168,#6170,.T.);
#6168 = VERTEX_POINT('',#6169);
#6169 = CARTESIAN_POINT('',(124.63,-79.62,1.51));
#6170 = CIRCLE('',#6171,1.5);
#6171 = AXIS2_PLACEMENT_3D('',#6172,#6173,#6174);
#6172 = CARTESIAN_POINT('',(124.63,-78.12,1.51));
#6173 = DIRECTION('',(-0.,0.,-1.));
#6174 = DIRECTION('',(-0.,-1.,0.));
#6175 = FACE_BOUND('',#6176,.T.);
#6176 = EDGE_LOOP('',(#6177));
#6177 = ORIENTED_EDGE('',*,*,#6178,.T.);
#6178 = EDGE_CURVE('',#6179,#6179,#6181,.T.);
#6179 = VERTEX_POINT('',#6180);
#6180 = CARTESIAN_POINT('',(53.566193,-67.606193,1.51));
#6181 = CIRCLE('',#6182,1.6);
#6182 = AXIS2_PLACEMENT_3D('',#6183,#6184,#6185);
#6183 = CARTESIAN_POINT('',(53.566193,-66.006193,1.51));
#6184 = DIRECTION('',(-0.,0.,-1.));
#6185 = DIRECTION('',(-0.,-1.,0.));
#6186 = FACE_BOUND('',#6187,.T.);
#6187 = EDGE_LOOP('',(#6188));
#6188 = ORIENTED_EDGE('',*,*,#6189,.T.);
#6189 = EDGE_CURVE('',#6190,#6190,#6192,.T.);
#6190 = VERTEX_POINT('',#6191);
#6191 = CARTESIAN_POINT('',(91.55,-65.305,1.51));
#6192 = CIRCLE('',#6193,0.875);
#6193 = AXIS2_PLACEMENT_3D('',#6194,#6195,#6196);
#6194 = CARTESIAN_POINT('',(91.55,-64.43,1.51));
#6195 = DIRECTION('',(-0.,0.,-1.));
#6196 = DIRECTION('',(-0.,-1.,0.));
#6197 = FACE_BOUND('',#6198,.T.);
#6198 = EDGE_LOOP('',(#6199));
#6199 = ORIENTED_EDGE('',*,*,#6200,.T.);
#6200 = EDGE_CURVE('',#6201,#6201,#6203,.T.);
#6201 = VERTEX_POINT('',#6202);
#6202 = CARTESIAN_POINT('',(92.82,-63.39,1.51));
#6203 = CIRCLE('',#6204,1.5);
#6204 = AXIS2_PLACEMENT_3D('',#6205,#6206,#6207);
#6205 = CARTESIAN_POINT('',(92.82,-61.89,1.51));
#6206 = DIRECTION('',(-0.,0.,-1.));
#6207 = DIRECTION('',(-0.,-1.,0.));
#6208 = FACE_BOUND('',#6209,.T.);
#6209 = EDGE_LOOP('',(#6210));
#6210 = ORIENTED_EDGE('',*,*,#6211,.T.);
#6211 = EDGE_CURVE('',#6212,#6212,#6214,.T.);
#6212 = VERTEX_POINT('',#6213);
#6213 = CARTESIAN_POINT('',(96.63,-66.4239,1.51));
#6214 = CIRCLE('',#6215,1.9939);
#6215 = AXIS2_PLACEMENT_3D('',#6216,#6217,#6218);
#6216 = CARTESIAN_POINT('',(96.63,-64.43,1.51));
#6217 = DIRECTION('',(-0.,0.,-1.));
#6218 = DIRECTION('',(-0.,-1.,0.));
#6219 = FACE_BOUND('',#6220,.T.);
#6220 = EDGE_LOOP('',(#6221));
#6221 = ORIENTED_EDGE('',*,*,#6222,.T.);
#6222 = EDGE_CURVE('',#6223,#6223,#6225,.T.);
#6223 = VERTEX_POINT('',#6224);
#6224 = CARTESIAN_POINT('',(101.71,-65.305,1.51));
#6225 = CIRCLE('',#6226,0.875);
#6226 = AXIS2_PLACEMENT_3D('',#6227,#6228,#6229);
#6227 = CARTESIAN_POINT('',(101.71,-64.43,1.51));
#6228 = DIRECTION('',(-0.,0.,-1.));
#6229 = DIRECTION('',(-0.,-1.,0.));
#6230 = FACE_BOUND('',#6231,.T.);
#6231 = EDGE_LOOP('',(#6232));
#6232 = ORIENTED_EDGE('',*,*,#6233,.T.);
#6233 = EDGE_CURVE('',#6234,#6234,#6236,.T.);
#6234 = VERTEX_POINT('',#6235);
#6235 = CARTESIAN_POINT('',(99.17,-60.85,1.51));
#6236 = CIRCLE('',#6237,1.5);
#6237 = AXIS2_PLACEMENT_3D('',#6238,#6239,#6240);
#6238 = CARTESIAN_POINT('',(99.17,-59.35,1.51));
#6239 = DIRECTION('',(-0.,0.,-1.));
#6240 = DIRECTION('',(-0.,-1.,0.));
#6241 = FACE_BOUND('',#6242,.T.);
#6242 = EDGE_LOOP('',(#6243));
#6243 = ORIENTED_EDGE('',*,*,#6244,.T.);
#6244 = EDGE_CURVE('',#6245,#6245,#6247,.T.);
#6245 = VERTEX_POINT('',#6246);
#6246 = CARTESIAN_POINT('',(116.984824,-58.895,1.51));
#6247 = CIRCLE('',#6248,0.875);
#6248 = AXIS2_PLACEMENT_3D('',#6249,#6250,#6251);
#6249 = CARTESIAN_POINT('',(116.984824,-58.02,1.51));
#6250 = DIRECTION('',(-0.,0.,-1.));
#6251 = DIRECTION('',(-0.,-1.,0.));
#6252 = FACE_BOUND('',#6253,.T.);
#6253 = EDGE_LOOP('',(#6254));
#6254 = ORIENTED_EDGE('',*,*,#6255,.T.);
#6255 = EDGE_CURVE('',#6256,#6256,#6258,.T.);
#6256 = VERTEX_POINT('',#6257);
#6257 = CARTESIAN_POINT('',(122.064824,-60.0139,1.51));
#6258 = CIRCLE('',#6259,1.9939);
#6259 = AXIS2_PLACEMENT_3D('',#6260,#6261,#6262);
#6260 = CARTESIAN_POINT('',(122.064824,-58.02,1.51));
#6261 = DIRECTION('',(-0.,0.,-1.));
#6262 = DIRECTION('',(-0.,-1.,0.));
#6263 = FACE_BOUND('',#6264,.T.);
#6264 = EDGE_LOOP('',(#6265));
#6265 = ORIENTED_EDGE('',*,*,#6266,.T.);
#6266 = EDGE_CURVE('',#6267,#6267,#6269,.T.);
#6267 = VERTEX_POINT('',#6268);
#6268 = CARTESIAN_POINT('',(118.254824,-56.98,1.51));
#6269 = CIRCLE('',#6270,1.5);
#6270 = AXIS2_PLACEMENT_3D('',#6271,#6272,#6273);
#6271 = CARTESIAN_POINT('',(118.254824,-55.48,1.51));
#6272 = DIRECTION('',(-0.,0.,-1.));
#6273 = DIRECTION('',(-0.,-1.,0.));
#6274 = FACE_BOUND('',#6275,.T.);
#6275 = EDGE_LOOP('',(#6276));
#6276 = ORIENTED_EDGE('',*,*,#6277,.T.);
#6277 = EDGE_CURVE('',#6278,#6278,#6280,.T.);
#6278 = VERTEX_POINT('',#6279);
#6279 = CARTESIAN_POINT('',(127.144824,-58.895,1.51));
#6280 = CIRCLE('',#6281,0.875);
#6281 = AXIS2_PLACEMENT_3D('',#6282,#6283,#6284);
#6282 = CARTESIAN_POINT('',(127.144824,-58.02,1.51));
#6283 = DIRECTION('',(-0.,0.,-1.));
#6284 = DIRECTION('',(-0.,-1.,0.));
#6285 = FACE_BOUND('',#6286,.T.);
#6286 = EDGE_LOOP('',(#6287));
#6287 = ORIENTED_EDGE('',*,*,#6288,.T.);
#6288 = EDGE_CURVE('',#6289,#6289,#6291,.T.);
#6289 = VERTEX_POINT('',#6290);
#6290 = CARTESIAN_POINT('',(124.604824,-54.44,1.51));
#6291 = CIRCLE('',#6292,1.5);
#6292 = AXIS2_PLACEMENT_3D('',#6293,#6294,#6295);
#6293 = CARTESIAN_POINT('',(124.604824,-52.94,1.51));
#6294 = DIRECTION('',(-0.,0.,-1.));
#6295 = DIRECTION('',(-0.,-1.,0.));
#6296 = FACE_BOUND('',#6297,.T.);
#6297 = EDGE_LOOP('',(#6298));
#6298 = ORIENTED_EDGE('',*,*,#6299,.T.);
#6299 = EDGE_CURVE('',#6300,#6300,#6302,.T.);
#6300 = VERTEX_POINT('',#6301);
#6301 = CARTESIAN_POINT('',(167.704824,-73.625,1.51));
#6302 = CIRCLE('',#6303,0.875);
#6303 = AXIS2_PLACEMENT_3D('',#6304,#6305,#6306);
#6304 = CARTESIAN_POINT('',(167.704824,-72.75,1.51));
#6305 = DIRECTION('',(-0.,0.,-1.));
#6306 = DIRECTION('',(-0.,-1.,0.));
#6307 = FACE_BOUND('',#6308,.T.);
#6308 = EDGE_LOOP('',(#6309));
#6309 = ORIENTED_EDGE('',*,*,#6310,.T.);
#6310 = EDGE_CURVE('',#6311,#6311,#6313,.T.);
#6311 = VERTEX_POINT('',#6312);
#6312 = CARTESIAN_POINT('',(172.784824,-74.7439,1.51));
#6313 = CIRCLE('',#6314,1.9939);
#6314 = AXIS2_PLACEMENT_3D('',#6315,#6316,#6317);
#6315 = CARTESIAN_POINT('',(172.784824,-72.75,1.51));
#6316 = DIRECTION('',(-0.,0.,-1.));
#6317 = DIRECTION('',(-1.425433042299E-14,-1.,0.));
#6318 = FACE_BOUND('',#6319,.T.);
#6319 = EDGE_LOOP('',(#6320));
#6320 = ORIENTED_EDGE('',*,*,#6321,.T.);
#6321 = EDGE_CURVE('',#6322,#6322,#6324,.T.);
#6322 = VERTEX_POINT('',#6323);
#6323 = CARTESIAN_POINT('',(168.974824,-71.71,1.51));
#6324 = CIRCLE('',#6325,1.5);
#6325 = AXIS2_PLACEMENT_3D('',#6326,#6327,#6328);
#6326 = CARTESIAN_POINT('',(168.974824,-70.21,1.51));
#6327 = DIRECTION('',(-0.,0.,-1.));
#6328 = DIRECTION('',(-0.,-1.,0.));
#6329 = FACE_BOUND('',#6330,.T.);
#6330 = EDGE_LOOP('',(#6331));
#6331 = ORIENTED_EDGE('',*,*,#6332,.T.);
#6332 = EDGE_CURVE('',#6333,#6333,#6335,.T.);
#6333 = VERTEX_POINT('',#6334);
#6334 = CARTESIAN_POINT('',(175.324824,-69.17,1.51));
#6335 = CIRCLE('',#6336,1.5);
#6336 = AXIS2_PLACEMENT_3D('',#6337,#6338,#6339);
#6337 = CARTESIAN_POINT('',(175.324824,-67.67,1.51));
#6338 = DIRECTION('',(-0.,0.,-1.));
#6339 = DIRECTION('',(-0.,-1.,0.));
#6340 = FACE_BOUND('',#6341,.T.);
#6341 = EDGE_LOOP('',(#6342));
#6342 = ORIENTED_EDGE('',*,*,#6343,.T.);
#6343 = EDGE_CURVE('',#6344,#6344,#6346,.T.);
#6344 = VERTEX_POINT('',#6345);
#6345 = CARTESIAN_POINT('',(202.32,-77.24,1.51));
#6346 = CIRCLE('',#6347,1.25);
#6347 = AXIS2_PLACEMENT_3D('',#6348,#6349,#6350);
#6348 = CARTESIAN_POINT('',(202.32,-75.99,1.51));
#6349 = DIRECTION('',(-0.,0.,-1.));
#6350 = DIRECTION('',(-0.,-1.,0.));
#6351 = FACE_BOUND('',#6352,.T.);
#6352 = EDGE_LOOP('',(#6353));
#6353 = ORIENTED_EDGE('',*,*,#6354,.T.);
#6354 = EDGE_CURVE('',#6355,#6355,#6357,.T.);
#6355 = VERTEX_POINT('',#6356);
#6356 = CARTESIAN_POINT('',(215.65,-74.13,1.51));
#6357 = CIRCLE('',#6358,0.25);
#6358 = AXIS2_PLACEMENT_3D('',#6359,#6360,#6361);
#6359 = CARTESIAN_POINT('',(215.65,-73.88,1.51));
#6360 = DIRECTION('',(-0.,0.,-1.));
#6361 = DIRECTION('',(-0.,-1.,0.));
#6362 = FACE_BOUND('',#6363,.T.);
#6363 = EDGE_LOOP('',(#6364));
#6364 = ORIENTED_EDGE('',*,*,#6365,.T.);
#6365 = EDGE_CURVE('',#6366,#6366,#6368,.T.);
#6366 = VERTEX_POINT('',#6367);
#6367 = CARTESIAN_POINT('',(177.864824,-73.625,1.51));
#6368 = CIRCLE('',#6369,0.875);
#6369 = AXIS2_PLACEMENT_3D('',#6370,#6371,#6372);
#6370 = CARTESIAN_POINT('',(177.864824,-72.75,1.51));
#6371 = DIRECTION('',(-0.,0.,-1.));
#6372 = DIRECTION('',(-0.,-1.,0.));
#6373 = FACE_BOUND('',#6374,.T.);
#6374 = EDGE_LOOP('',(#6375));
#6375 = ORIENTED_EDGE('',*,*,#6376,.T.);
#6376 = EDGE_CURVE('',#6377,#6377,#6379,.T.);
#6377 = VERTEX_POINT('',#6378);
#6378 = CARTESIAN_POINT('',(202.32,-73.84,1.51));
#6379 = CIRCLE('',#6380,1.25);
#6380 = AXIS2_PLACEMENT_3D('',#6381,#6382,#6383);
#6381 = CARTESIAN_POINT('',(202.32,-72.59,1.51));
#6382 = DIRECTION('',(-0.,0.,-1.));
#6383 = DIRECTION('',(-0.,-1.,0.));
#6384 = FACE_BOUND('',#6385,.T.);
#6385 = EDGE_LOOP('',(#6386));
#6386 = ORIENTED_EDGE('',*,*,#6387,.T.);
#6387 = EDGE_CURVE('',#6388,#6388,#6390,.T.);
#6388 = VERTEX_POINT('',#6389);
#6389 = CARTESIAN_POINT('',(215.65,-73.38,1.51));
#6390 = CIRCLE('',#6391,0.25);
#6391 = AXIS2_PLACEMENT_3D('',#6392,#6393,#6394);
#6392 = CARTESIAN_POINT('',(215.65,-73.13,1.51));
#6393 = DIRECTION('',(-0.,0.,-1.));
#6394 = DIRECTION('',(-0.,-1.,0.));
#6395 = FACE_BOUND('',#6396,.T.);
#6396 = EDGE_LOOP('',(#6397));
#6397 = ORIENTED_EDGE('',*,*,#6398,.T.);
#6398 = EDGE_CURVE('',#6399,#6399,#6401,.T.);
#6399 = VERTEX_POINT('',#6400);
#6400 = CARTESIAN_POINT('',(215.65,-72.63,1.51));
#6401 = CIRCLE('',#6402,0.25);
#6402 = AXIS2_PLACEMENT_3D('',#6403,#6404,#6405);
#6403 = CARTESIAN_POINT('',(215.65,-72.38,1.51));
#6404 = DIRECTION('',(-0.,0.,-1.));
#6405 = DIRECTION('',(-0.,-1.,0.));
#6406 = FACE_BOUND('',#6407,.T.);
#6407 = EDGE_LOOP('',(#6408));
#6408 = ORIENTED_EDGE('',*,*,#6409,.T.);
#6409 = EDGE_CURVE('',#6410,#6410,#6412,.T.);
#6410 = VERTEX_POINT('',#6411);
#6411 = CARTESIAN_POINT('',(215.65,-71.88,1.51));
#6412 = CIRCLE('',#6413,0.25);
#6413 = AXIS2_PLACEMENT_3D('',#6414,#6415,#6416);
#6414 = CARTESIAN_POINT('',(215.65,-71.63,1.51));
#6415 = DIRECTION('',(-0.,0.,-1.));
#6416 = DIRECTION('',(-0.,-1.,0.));
#6417 = FACE_BOUND('',#6418,.T.);
#6418 = EDGE_LOOP('',(#6419));
#6419 = ORIENTED_EDGE('',*,*,#6420,.T.);
#6420 = EDGE_CURVE('',#6421,#6421,#6423,.T.);
#6421 = VERTEX_POINT('',#6422);
#6422 = CARTESIAN_POINT('',(215.65,-71.13,1.51));
#6423 = CIRCLE('',#6424,0.25);
#6424 = AXIS2_PLACEMENT_3D('',#6425,#6426,#6427);
#6425 = CARTESIAN_POINT('',(215.65,-70.88,1.51));
#6426 = DIRECTION('',(-0.,0.,-1.));
#6427 = DIRECTION('',(-0.,-1.,0.));
#6428 = FACE_BOUND('',#6429,.T.);
#6429 = EDGE_LOOP('',(#6430));
#6430 = ORIENTED_EDGE('',*,*,#6431,.T.);
#6431 = EDGE_CURVE('',#6432,#6432,#6434,.T.);
#6432 = VERTEX_POINT('',#6433);
#6433 = CARTESIAN_POINT('',(215.65,-70.38,1.51));
#6434 = CIRCLE('',#6435,0.25);
#6435 = AXIS2_PLACEMENT_3D('',#6436,#6437,#6438);
#6436 = CARTESIAN_POINT('',(215.65,-70.13,1.51));
#6437 = DIRECTION('',(-0.,0.,-1.));
#6438 = DIRECTION('',(-0.,-1.,0.));
#6439 = FACE_BOUND('',#6440,.T.);
#6440 = EDGE_LOOP('',(#6441));
#6441 = ORIENTED_EDGE('',*,*,#6442,.T.);
#6442 = EDGE_CURVE('',#6443,#6443,#6445,.T.);
#6443 = VERTEX_POINT('',#6444);
#6444 = CARTESIAN_POINT('',(210.903806,-71.296194,1.51));
#6445 = CIRCLE('',#6446,1.6);
#6446 = AXIS2_PLACEMENT_3D('',#6447,#6448,#6449);
#6447 = CARTESIAN_POINT('',(210.903806,-69.696194,1.51));
#6448 = DIRECTION('',(-0.,0.,-1.));
#6449 = DIRECTION('',(-0.,-1.,0.));
#6450 = FACE_BOUND('',#6451,.T.);
#6451 = EDGE_LOOP('',(#6452));
#6452 = ORIENTED_EDGE('',*,*,#6453,.T.);
#6453 = EDGE_CURVE('',#6454,#6454,#6456,.T.);
#6454 = VERTEX_POINT('',#6455);
#6455 = CARTESIAN_POINT('',(215.65,-69.63,1.51));
#6456 = CIRCLE('',#6457,0.25);
#6457 = AXIS2_PLACEMENT_3D('',#6458,#6459,#6460);
#6458 = CARTESIAN_POINT('',(215.65,-69.38,1.51));
#6459 = DIRECTION('',(-0.,0.,-1.));
#6460 = DIRECTION('',(-0.,-1.,0.));
#6461 = FACE_BOUND('',#6462,.T.);
#6462 = EDGE_LOOP('',(#6463));
#6463 = ORIENTED_EDGE('',*,*,#6464,.T.);
#6464 = EDGE_CURVE('',#6465,#6465,#6467,.T.);
#6465 = VERTEX_POINT('',#6466);
#6466 = CARTESIAN_POINT('',(215.65,-68.88,1.51));
#6467 = CIRCLE('',#6468,0.25);
#6468 = AXIS2_PLACEMENT_3D('',#6469,#6470,#6471);
#6469 = CARTESIAN_POINT('',(215.65,-68.63,1.51));
#6470 = DIRECTION('',(-0.,0.,-1.));
#6471 = DIRECTION('',(-0.,-1.,0.));
#6472 = FACE_BOUND('',#6473,.T.);
#6473 = EDGE_LOOP('',(#6474));
#6474 = ORIENTED_EDGE('',*,*,#6475,.T.);
#6475 = EDGE_CURVE('',#6476,#6476,#6478,.T.);
#6476 = VERTEX_POINT('',#6477);
#6477 = CARTESIAN_POINT('',(215.65,-68.13,1.51));
#6478 = CIRCLE('',#6479,0.25);
#6479 = AXIS2_PLACEMENT_3D('',#6480,#6481,#6482);
#6480 = CARTESIAN_POINT('',(215.65,-67.88,1.51));
#6481 = DIRECTION('',(-0.,0.,-1.));
#6482 = DIRECTION('',(-0.,-1.,0.));
#6483 = FACE_BOUND('',#6484,.T.);
#6484 = EDGE_LOOP('',(#6485));
#6485 = ORIENTED_EDGE('',*,*,#6486,.T.);
#6486 = EDGE_CURVE('',#6487,#6487,#6489,.T.);
#6487 = VERTEX_POINT('',#6488);
#6488 = CARTESIAN_POINT('',(215.65,-67.38,1.51));
#6489 = CIRCLE('',#6490,0.25);
#6490 = AXIS2_PLACEMENT_3D('',#6491,#6492,#6493);
#6491 = CARTESIAN_POINT('',(215.65,-67.13,1.51));
#6492 = DIRECTION('',(-0.,0.,-1.));
#6493 = DIRECTION('',(-0.,-1.,0.));
#6494 = FACE_BOUND('',#6495,.T.);
#6495 = EDGE_LOOP('',(#6496));
#6496 = ORIENTED_EDGE('',*,*,#6497,.T.);
#6497 = EDGE_CURVE('',#6498,#6498,#6500,.T.);
#6498 = VERTEX_POINT('',#6499);
#6499 = CARTESIAN_POINT('',(142.4,-65.615,1.51));
#6500 = CIRCLE('',#6501,0.875);
#6501 = AXIS2_PLACEMENT_3D('',#6502,#6503,#6504);
#6502 = CARTESIAN_POINT('',(142.4,-64.74,1.51));
#6503 = DIRECTION('',(-0.,0.,-1.));
#6504 = DIRECTION('',(-0.,-1.,0.));
#6505 = FACE_BOUND('',#6506,.T.);
#6506 = EDGE_LOOP('',(#6507));
#6507 = ORIENTED_EDGE('',*,*,#6508,.T.);
#6508 = EDGE_CURVE('',#6509,#6509,#6511,.T.);
#6509 = VERTEX_POINT('',#6510);
#6510 = CARTESIAN_POINT('',(147.48,-66.7339,1.51));
#6511 = CIRCLE('',#6512,1.9939);
#6512 = AXIS2_PLACEMENT_3D('',#6513,#6514,#6515);
#6513 = CARTESIAN_POINT('',(147.48,-64.74,1.51));
#6514 = DIRECTION('',(-0.,0.,-1.));
#6515 = DIRECTION('',(-0.,-1.,0.));
#6516 = FACE_BOUND('',#6517,.T.);
#6517 = EDGE_LOOP('',(#6518));
#6518 = ORIENTED_EDGE('',*,*,#6519,.T.);
#6519 = EDGE_CURVE('',#6520,#6520,#6522,.T.);
#6520 = VERTEX_POINT('',#6521);
#6521 = CARTESIAN_POINT('',(152.56,-65.615,1.51));
#6522 = CIRCLE('',#6523,0.875);
#6523 = AXIS2_PLACEMENT_3D('',#6524,#6525,#6526);
#6524 = CARTESIAN_POINT('',(152.56,-64.74,1.51));
#6525 = DIRECTION('',(-0.,0.,-1.));
#6526 = DIRECTION('',(-0.,-1.,0.));
#6527 = FACE_BOUND('',#6528,.T.);
#6528 = EDGE_LOOP('',(#6529));
#6529 = ORIENTED_EDGE('',*,*,#6530,.T.);
#6530 = EDGE_CURVE('',#6531,#6531,#6533,.T.);
#6531 = VERTEX_POINT('',#6532);
#6532 = CARTESIAN_POINT('',(143.67,-63.7,1.51));
#6533 = CIRCLE('',#6534,1.5);
#6534 = AXIS2_PLACEMENT_3D('',#6535,#6536,#6537);
#6535 = CARTESIAN_POINT('',(143.67,-62.2,1.51));
#6536 = DIRECTION('',(-0.,0.,-1.));
#6537 = DIRECTION('',(-0.,-1.,0.));
#6538 = FACE_BOUND('',#6539,.T.);
#6539 = EDGE_LOOP('',(#6540));
#6540 = ORIENTED_EDGE('',*,*,#6541,.T.);
#6541 = EDGE_CURVE('',#6542,#6542,#6544,.T.);
#6542 = VERTEX_POINT('',#6543);
#6543 = CARTESIAN_POINT('',(150.02,-61.16,1.51));
#6544 = CIRCLE('',#6545,1.5);
#6545 = AXIS2_PLACEMENT_3D('',#6546,#6547,#6548);
#6546 = CARTESIAN_POINT('',(150.02,-59.66,1.51));
#6547 = DIRECTION('',(-0.,0.,-1.));
#6548 = DIRECTION('',(-0.,-1.,0.));
#6549 = FACE_BOUND('',#6550,.T.);
#6550 = EDGE_LOOP('',(#6551));
#6551 = ORIENTED_EDGE('',*,*,#6552,.T.);
#6552 = EDGE_CURVE('',#6553,#6553,#6555,.T.);
#6553 = VERTEX_POINT('',#6554);
#6554 = CARTESIAN_POINT('',(257.404824,-98.535,1.51));
#6555 = CIRCLE('',#6556,0.875);
#6556 = AXIS2_PLACEMENT_3D('',#6557,#6558,#6559);
#6557 = CARTESIAN_POINT('',(257.404824,-97.66,1.51));
#6558 = DIRECTION('',(-0.,0.,-1.));
#6559 = DIRECTION('',(-0.,-1.,0.));
#6560 = FACE_BOUND('',#6561,.T.);
#6561 = EDGE_LOOP('',(#6562));
#6562 = ORIENTED_EDGE('',*,*,#6563,.T.);
#6563 = EDGE_CURVE('',#6564,#6564,#6566,.T.);
#6564 = VERTEX_POINT('',#6565);
#6565 = CARTESIAN_POINT('',(290.494824,-111.64,1.51));
#6566 = CIRCLE('',#6567,1.5);
#6567 = AXIS2_PLACEMENT_3D('',#6568,#6569,#6570);
#6568 = CARTESIAN_POINT('',(290.494824,-110.14,1.51));
#6569 = DIRECTION('',(-0.,0.,-1.));
#6570 = DIRECTION('',(-0.,-1.,0.));
#6571 = FACE_BOUND('',#6572,.T.);
#6572 = EDGE_LOOP('',(#6573));
#6573 = ORIENTED_EDGE('',*,*,#6574,.T.);
#6574 = EDGE_CURVE('',#6575,#6575,#6577,.T.);
#6575 = VERTEX_POINT('',#6576);
#6576 = CARTESIAN_POINT('',(262.484824,-99.6539,1.51));
#6577 = CIRCLE('',#6578,1.9939);
#6578 = AXIS2_PLACEMENT_3D('',#6579,#6580,#6581);
#6579 = CARTESIAN_POINT('',(262.484824,-97.66,1.51));
#6580 = DIRECTION('',(-0.,0.,-1.));
#6581 = DIRECTION('',(-0.,-1.,0.));
#6582 = FACE_BOUND('',#6583,.T.);
#6583 = EDGE_LOOP('',(#6584));
#6584 = ORIENTED_EDGE('',*,*,#6585,.T.);
#6585 = EDGE_CURVE('',#6586,#6586,#6588,.T.);
#6586 = VERTEX_POINT('',#6587);
#6587 = CARTESIAN_POINT('',(267.564824,-98.535,1.51));
#6588 = CIRCLE('',#6589,0.875);
#6589 = AXIS2_PLACEMENT_3D('',#6590,#6591,#6592);
#6590 = CARTESIAN_POINT('',(267.564824,-97.66,1.51));
#6591 = DIRECTION('',(-0.,0.,-1.));
#6592 = DIRECTION('',(-0.,-1.,0.));
#6593 = FACE_BOUND('',#6594,.T.);
#6594 = EDGE_LOOP('',(#6595,#6606,#6614,#6623));
#6595 = ORIENTED_EDGE('',*,*,#6596,.F.);
#6596 = EDGE_CURVE('',#6597,#6599,#6601,.T.);
#6597 = VERTEX_POINT('',#6598);
#6598 = CARTESIAN_POINT('',(220.68,-75.14,1.51));
#6599 = VERTEX_POINT('',#6600);
#6600 = CARTESIAN_POINT('',(215.61998,-75.13,1.51));
#6601 = CIRCLE('',#6602,2.530019881501);
#6602 = AXIS2_PLACEMENT_3D('',#6603,#6604,#6605);
#6603 = CARTESIAN_POINT('',(218.1499998815,-75.12999994059,1.51));
#6604 = DIRECTION('',(0.,0.,1.));
#6605 = DIRECTION('',(0.999992188598,-3.952561591898E-03,0.));
#6606 = ORIENTED_EDGE('',*,*,#6607,.F.);
#6607 = EDGE_CURVE('',#6608,#6597,#6610,.T.);
#6608 = VERTEX_POINT('',#6609);
#6609 = CARTESIAN_POINT('',(220.64011,-111.27,1.51));
#6610 = LINE('',#6611,#6612);
#6611 = CARTESIAN_POINT('',(220.64011,-111.27,1.51));
#6612 = VECTOR('',#6613,1.);
#6613 = DIRECTION('',(1.104067968108E-03,0.999999390517,0.));
#6614 = ORIENTED_EDGE('',*,*,#6615,.F.);
#6615 = EDGE_CURVE('',#6616,#6608,#6618,.T.);
#6616 = VERTEX_POINT('',#6617);
#6617 = CARTESIAN_POINT('',(215.557509,-111.38,1.51));
#6618 = CIRCLE('',#6619,2.542490822889);
#6619 = AXIS2_PLACEMENT_3D('',#6620,#6621,#6622);
#6620 = CARTESIAN_POINT('',(218.09999982288,-111.3799994209,1.51));
#6621 = DIRECTION('',(0.,0.,1.));
#6622 = DIRECTION('',(-1.,-2.277508993113E-07,0.));
#6623 = ORIENTED_EDGE('',*,*,#6624,.F.);
#6624 = EDGE_CURVE('',#6599,#6616,#6625,.T.);
#6625 = LINE('',#6626,#6627);
#6626 = CARTESIAN_POINT('',(215.61998,-75.13,1.51));
#6627 = VECTOR('',#6628,1.);
#6628 = DIRECTION('',(-1.723335371975E-03,-0.999998515056,0.));
#6629 = FACE_BOUND('',#6630,.T.);
#6630 = EDGE_LOOP('',(#6631));
#6631 = ORIENTED_EDGE('',*,*,#6632,.T.);
#6632 = EDGE_CURVE('',#6633,#6633,#6635,.T.);
#6633 = VERTEX_POINT('',#6634);
#6634 = CARTESIAN_POINT('',(258.674824,-96.62,1.51));
#6635 = CIRCLE('',#6636,1.5);
#6636 = AXIS2_PLACEMENT_3D('',#6637,#6638,#6639);
#6637 = CARTESIAN_POINT('',(258.674824,-95.12,1.51));
#6638 = DIRECTION('',(-0.,0.,-1.));
#6639 = DIRECTION('',(-0.,-1.,0.));
#6640 = FACE_BOUND('',#6641,.T.);
#6641 = EDGE_LOOP('',(#6642));
#6642 = ORIENTED_EDGE('',*,*,#6643,.T.);
#6643 = EDGE_CURVE('',#6644,#6644,#6646,.T.);
#6644 = VERTEX_POINT('',#6645);
#6645 = CARTESIAN_POINT('',(265.024824,-94.08,1.51));
#6646 = CIRCLE('',#6647,1.5);
#6647 = AXIS2_PLACEMENT_3D('',#6648,#6649,#6650);
#6648 = CARTESIAN_POINT('',(265.024824,-92.58,1.51));
#6649 = DIRECTION('',(-0.,0.,-1.));
#6650 = DIRECTION('',(-0.,-1.,0.));
#6651 = FACE_BOUND('',#6652,.T.);
#6652 = EDGE_LOOP('',(#6653));
#6653 = ORIENTED_EDGE('',*,*,#6654,.T.);
#6654 = EDGE_CURVE('',#6655,#6655,#6657,.T.);
#6655 = VERTEX_POINT('',#6656);
#6656 = CARTESIAN_POINT('',(282.874824,-90.525,1.51));
#6657 = CIRCLE('',#6658,0.875);
#6658 = AXIS2_PLACEMENT_3D('',#6659,#6660,#6661);
#6659 = CARTESIAN_POINT('',(282.874824,-89.65,1.51));
#6660 = DIRECTION('',(-0.,0.,-1.));
#6661 = DIRECTION('',(-0.,-1.,0.));
#6662 = FACE_BOUND('',#6663,.T.);
#6663 = EDGE_LOOP('',(#6664));
#6664 = ORIENTED_EDGE('',*,*,#6665,.T.);
#6665 = EDGE_CURVE('',#6666,#6666,#6668,.T.);
#6666 = VERTEX_POINT('',#6667);
#6667 = CARTESIAN_POINT('',(287.954824,-91.6439,1.51));
#6668 = CIRCLE('',#6669,1.9939);
#6669 = AXIS2_PLACEMENT_3D('',#6670,#6671,#6672);
#6670 = CARTESIAN_POINT('',(287.954824,-89.65,1.51));
#6671 = DIRECTION('',(-0.,0.,-1.));
#6672 = DIRECTION('',(-2.850866084598E-14,-1.,0.));
#6673 = FACE_BOUND('',#6674,.T.);
#6674 = EDGE_LOOP('',(#6675));
#6675 = ORIENTED_EDGE('',*,*,#6676,.T.);
#6676 = EDGE_CURVE('',#6677,#6677,#6679,.T.);
#6677 = VERTEX_POINT('',#6678);
#6678 = CARTESIAN_POINT('',(293.034824,-90.525,1.51));
#6679 = CIRCLE('',#6680,0.875);
#6680 = AXIS2_PLACEMENT_3D('',#6681,#6682,#6683);
#6681 = CARTESIAN_POINT('',(293.034824,-89.65,1.51));
#6682 = DIRECTION('',(-0.,0.,-1.));
#6683 = DIRECTION('',(-0.,-1.,0.));
#6684 = FACE_BOUND('',#6685,.T.);
#6685 = EDGE_LOOP('',(#6686));
#6686 = ORIENTED_EDGE('',*,*,#6687,.T.);
#6687 = EDGE_CURVE('',#6688,#6688,#6690,.T.);
#6688 = VERTEX_POINT('',#6689);
#6689 = CARTESIAN_POINT('',(284.144824,-88.61,1.51));
#6690 = CIRCLE('',#6691,1.5);
#6691 = AXIS2_PLACEMENT_3D('',#6692,#6693,#6694);
#6692 = CARTESIAN_POINT('',(284.144824,-87.11,1.51));
#6693 = DIRECTION('',(-0.,0.,-1.));
#6694 = DIRECTION('',(-0.,-1.,0.));
#6695 = FACE_BOUND('',#6696,.T.);
#6696 = EDGE_LOOP('',(#6697));
#6697 = ORIENTED_EDGE('',*,*,#6698,.T.);
#6698 = EDGE_CURVE('',#6699,#6699,#6701,.T.);
#6699 = VERTEX_POINT('',#6700);
#6700 = CARTESIAN_POINT('',(290.494824,-86.07,1.51));
#6701 = CIRCLE('',#6702,1.5);
#6702 = AXIS2_PLACEMENT_3D('',#6703,#6704,#6705);
#6703 = CARTESIAN_POINT('',(290.494824,-84.57,1.51));
#6704 = DIRECTION('',(-0.,0.,-1.));
#6705 = DIRECTION('',(-0.,-1.,0.));
#6706 = FACE_BOUND('',#6707,.T.);
#6707 = EDGE_LOOP('',(#6708));
#6708 = ORIENTED_EDGE('',*,*,#6709,.T.);
#6709 = EDGE_CURVE('',#6710,#6710,#6712,.T.);
#6710 = VERTEX_POINT('',#6711);
#6711 = CARTESIAN_POINT('',(308.14,-109.055,1.51));
#6712 = CIRCLE('',#6713,0.875);
#6713 = AXIS2_PLACEMENT_3D('',#6714,#6715,#6716);
#6714 = CARTESIAN_POINT('',(308.14,-108.18,1.51));
#6715 = DIRECTION('',(-0.,0.,-1.));
#6716 = DIRECTION('',(-0.,-1.,0.));
#6717 = FACE_BOUND('',#6718,.T.);
#6718 = EDGE_LOOP('',(#6719));
#6719 = ORIENTED_EDGE('',*,*,#6720,.T.);
#6720 = EDGE_CURVE('',#6721,#6721,#6723,.T.);
#6721 = VERTEX_POINT('',#6722);
#6722 = CARTESIAN_POINT('',(313.22,-110.1739,1.51));
#6723 = CIRCLE('',#6724,1.9939);
#6724 = AXIS2_PLACEMENT_3D('',#6725,#6726,#6727);
#6725 = CARTESIAN_POINT('',(313.22,-108.18,1.51));
#6726 = DIRECTION('',(-0.,0.,-1.));
#6727 = DIRECTION('',(-0.,-1.,0.));
#6728 = FACE_BOUND('',#6729,.T.);
#6729 = EDGE_LOOP('',(#6730));
#6730 = ORIENTED_EDGE('',*,*,#6731,.T.);
#6731 = EDGE_CURVE('',#6732,#6732,#6734,.T.);
#6732 = VERTEX_POINT('',#6733);
#6733 = CARTESIAN_POINT('',(318.3,-109.055,1.51));
#6734 = CIRCLE('',#6735,0.875);
#6735 = AXIS2_PLACEMENT_3D('',#6736,#6737,#6738);
#6736 = CARTESIAN_POINT('',(318.3,-108.18,1.51));
#6737 = DIRECTION('',(-0.,0.,-1.));
#6738 = DIRECTION('',(-0.,-1.,0.));
#6739 = FACE_BOUND('',#6740,.T.);
#6740 = EDGE_LOOP('',(#6741));
#6741 = ORIENTED_EDGE('',*,*,#6742,.T.);
#6742 = EDGE_CURVE('',#6743,#6743,#6745,.T.);
#6743 = VERTEX_POINT('',#6744);
#6744 = CARTESIAN_POINT('',(309.41,-107.14,1.51));
#6745 = CIRCLE('',#6746,1.5);
#6746 = AXIS2_PLACEMENT_3D('',#6747,#6748,#6749);
#6747 = CARTESIAN_POINT('',(309.41,-105.64,1.51));
#6748 = DIRECTION('',(-0.,0.,-1.));
#6749 = DIRECTION('',(-0.,-1.,0.));
#6750 = FACE_BOUND('',#6751,.T.);
#6751 = EDGE_LOOP('',(#6752));
#6752 = ORIENTED_EDGE('',*,*,#6753,.T.);
#6753 = EDGE_CURVE('',#6754,#6754,#6756,.T.);
#6754 = VERTEX_POINT('',#6755);
#6755 = CARTESIAN_POINT('',(341.134824,-111.62,1.51));
#6756 = CIRCLE('',#6757,1.5);
#6757 = AXIS2_PLACEMENT_3D('',#6758,#6759,#6760);
#6758 = CARTESIAN_POINT('',(341.134824,-110.12,1.51));
#6759 = DIRECTION('',(-0.,0.,-1.));
#6760 = DIRECTION('',(-0.,-1.,0.));
#6761 = FACE_BOUND('',#6762,.T.);
#6762 = EDGE_LOOP('',(#6763));
#6763 = ORIENTED_EDGE('',*,*,#6764,.T.);
#6764 = EDGE_CURVE('',#6765,#6765,#6767,.T.);
#6765 = VERTEX_POINT('',#6766);
#6766 = CARTESIAN_POINT('',(315.76,-104.6,1.51));
#6767 = CIRCLE('',#6768,1.5);
#6768 = AXIS2_PLACEMENT_3D('',#6769,#6770,#6771);
#6769 = CARTESIAN_POINT('',(315.76,-103.1,1.51));
#6770 = DIRECTION('',(-0.,0.,-1.));
#6771 = DIRECTION('',(-0.,-1.,0.));
#6772 = FACE_BOUND('',#6773,.T.);
#6773 = EDGE_LOOP('',(#6774));
#6774 = ORIENTED_EDGE('',*,*,#6775,.T.);
#6775 = EDGE_CURVE('',#6776,#6776,#6778,.T.);
#6776 = VERTEX_POINT('',#6777);
#6777 = CARTESIAN_POINT('',(359.04,-102.945,1.51));
#6778 = CIRCLE('',#6779,0.875);
#6779 = AXIS2_PLACEMENT_3D('',#6780,#6781,#6782);
#6780 = CARTESIAN_POINT('',(359.04,-102.07,1.51));
#6781 = DIRECTION('',(-0.,0.,-1.));
#6782 = DIRECTION('',(-0.,-1.,0.));
#6783 = FACE_BOUND('',#6784,.T.);
#6784 = EDGE_LOOP('',(#6785));
#6785 = ORIENTED_EDGE('',*,*,#6786,.T.);
#6786 = EDGE_CURVE('',#6787,#6787,#6789,.T.);
#6787 = VERTEX_POINT('',#6788);
#6788 = CARTESIAN_POINT('',(360.31,-101.03,1.51));
#6789 = CIRCLE('',#6790,1.5);
#6790 = AXIS2_PLACEMENT_3D('',#6791,#6792,#6793);
#6791 = CARTESIAN_POINT('',(360.31,-99.53,1.51));
#6792 = DIRECTION('',(-0.,0.,-1.));
#6793 = DIRECTION('',(-0.,-1.,0.));
#6794 = FACE_BOUND('',#6795,.T.);
#6795 = EDGE_LOOP('',(#6796));
#6796 = ORIENTED_EDGE('',*,*,#6797,.T.);
#6797 = EDGE_CURVE('',#6798,#6798,#6800,.T.);
#6798 = VERTEX_POINT('',#6799);
#6799 = CARTESIAN_POINT('',(364.12,-104.0639,1.51));
#6800 = CIRCLE('',#6801,1.9939);
#6801 = AXIS2_PLACEMENT_3D('',#6802,#6803,#6804);
#6802 = CARTESIAN_POINT('',(364.12,-102.07,1.51));
#6803 = DIRECTION('',(-0.,0.,-1.));
#6804 = DIRECTION('',(-0.,-1.,0.));
#6805 = FACE_BOUND('',#6806,.T.);
#6806 = EDGE_LOOP('',(#6807));
#6807 = ORIENTED_EDGE('',*,*,#6808,.T.);
#6808 = EDGE_CURVE('',#6809,#6809,#6811,.T.);
#6809 = VERTEX_POINT('',#6810);
#6810 = CARTESIAN_POINT('',(369.2,-102.945,1.51));
#6811 = CIRCLE('',#6812,0.875);
#6812 = AXIS2_PLACEMENT_3D('',#6813,#6814,#6815);
#6813 = CARTESIAN_POINT('',(369.2,-102.07,1.51));
#6814 = DIRECTION('',(-0.,0.,-1.));
#6815 = DIRECTION('',(-0.,-1.,0.));
#6816 = FACE_BOUND('',#6817,.T.);
#6817 = EDGE_LOOP('',(#6818));
#6818 = ORIENTED_EDGE('',*,*,#6819,.T.);
#6819 = EDGE_CURVE('',#6820,#6820,#6822,.T.);
#6820 = VERTEX_POINT('',#6821);
#6821 = CARTESIAN_POINT('',(366.66,-98.49,1.51));
#6822 = CIRCLE('',#6823,1.5);
#6823 = AXIS2_PLACEMENT_3D('',#6824,#6825,#6826);
#6824 = CARTESIAN_POINT('',(366.66,-96.99,1.51));
#6825 = DIRECTION('',(-0.,0.,-1.));
#6826 = DIRECTION('',(-0.,-1.,0.));
#6827 = FACE_BOUND('',#6828,.T.);
#6828 = EDGE_LOOP('',(#6829));
#6829 = ORIENTED_EDGE('',*,*,#6830,.T.);
#6830 = EDGE_CURVE('',#6831,#6831,#6833,.T.);
#6831 = VERTEX_POINT('',#6832);
#6832 = CARTESIAN_POINT('',(333.514824,-90.495,1.51));
#6833 = CIRCLE('',#6834,0.875);
#6834 = AXIS2_PLACEMENT_3D('',#6835,#6836,#6837);
#6835 = CARTESIAN_POINT('',(333.514824,-89.62,1.51));
#6836 = DIRECTION('',(-0.,0.,-1.));
#6837 = DIRECTION('',(-0.,-1.,0.));
#6838 = FACE_BOUND('',#6839,.T.);
#6839 = EDGE_LOOP('',(#6840));
#6840 = ORIENTED_EDGE('',*,*,#6841,.T.);
#6841 = EDGE_CURVE('',#6842,#6842,#6844,.T.);
#6842 = VERTEX_POINT('',#6843);
#6843 = CARTESIAN_POINT('',(338.594824,-91.6139,1.51));
#6844 = CIRCLE('',#6845,1.9939);
#6845 = AXIS2_PLACEMENT_3D('',#6846,#6847,#6848);
#6846 = CARTESIAN_POINT('',(338.594824,-89.62,1.51));
#6847 = DIRECTION('',(-0.,0.,-1.));
#6848 = DIRECTION('',(-0.,-1.,0.));
#6849 = FACE_BOUND('',#6850,.T.);
#6850 = EDGE_LOOP('',(#6851));
#6851 = ORIENTED_EDGE('',*,*,#6852,.T.);
#6852 = EDGE_CURVE('',#6853,#6853,#6855,.T.);
#6853 = VERTEX_POINT('',#6854);
#6854 = CARTESIAN_POINT('',(308.324824,-83.785,1.51));
#6855 = CIRCLE('',#6856,0.875);
#6856 = AXIS2_PLACEMENT_3D('',#6857,#6858,#6859);
#6857 = CARTESIAN_POINT('',(308.324824,-82.91,1.51));
#6858 = DIRECTION('',(-0.,0.,-1.));
#6859 = DIRECTION('',(-0.,-1.,0.));
#6860 = FACE_BOUND('',#6861,.T.);
#6861 = EDGE_LOOP('',(#6862));
#6862 = ORIENTED_EDGE('',*,*,#6863,.T.);
#6863 = EDGE_CURVE('',#6864,#6864,#6866,.T.);
#6864 = VERTEX_POINT('',#6865);
#6865 = CARTESIAN_POINT('',(313.404824,-84.9039,1.51));
#6866 = CIRCLE('',#6867,1.9939);
#6867 = AXIS2_PLACEMENT_3D('',#6868,#6869,#6870);
#6868 = CARTESIAN_POINT('',(313.404824,-82.91,1.51));
#6869 = DIRECTION('',(-0.,0.,-1.));
#6870 = DIRECTION('',(-0.,-1.,0.));
#6871 = FACE_BOUND('',#6872,.T.);
#6872 = EDGE_LOOP('',(#6873));
#6873 = ORIENTED_EDGE('',*,*,#6874,.T.);
#6874 = EDGE_CURVE('',#6875,#6875,#6877,.T.);
#6875 = VERTEX_POINT('',#6876);
#6876 = CARTESIAN_POINT('',(318.484824,-83.785,1.51));
#6877 = CIRCLE('',#6878,0.875);
#6878 = AXIS2_PLACEMENT_3D('',#6879,#6880,#6881);
#6879 = CARTESIAN_POINT('',(318.484824,-82.91,1.51));
#6880 = DIRECTION('',(-0.,0.,-1.));
#6881 = DIRECTION('',(-0.,-1.,0.));
#6882 = FACE_BOUND('',#6883,.T.);
#6883 = EDGE_LOOP('',(#6884));
#6884 = ORIENTED_EDGE('',*,*,#6885,.T.);
#6885 = EDGE_CURVE('',#6886,#6886,#6888,.T.);
#6886 = VERTEX_POINT('',#6887);
#6887 = CARTESIAN_POINT('',(334.784824,-88.58,1.51));
#6888 = CIRCLE('',#6889,1.5);
#6889 = AXIS2_PLACEMENT_3D('',#6890,#6891,#6892);
#6890 = CARTESIAN_POINT('',(334.784824,-87.08,1.51));
#6891 = DIRECTION('',(-0.,0.,-1.));
#6892 = DIRECTION('',(-0.,-1.,0.));
#6893 = FACE_BOUND('',#6894,.T.);
#6894 = EDGE_LOOP('',(#6895));
#6895 = ORIENTED_EDGE('',*,*,#6896,.T.);
#6896 = EDGE_CURVE('',#6897,#6897,#6899,.T.);
#6897 = VERTEX_POINT('',#6898);
#6898 = CARTESIAN_POINT('',(341.134824,-86.04,1.51));
#6899 = CIRCLE('',#6900,1.5);
#6900 = AXIS2_PLACEMENT_3D('',#6901,#6902,#6903);
#6901 = CARTESIAN_POINT('',(341.134824,-84.54,1.51));
#6902 = DIRECTION('',(-0.,0.,-1.));
#6903 = DIRECTION('',(-0.,-1.,0.));
#6904 = FACE_BOUND('',#6905,.T.);
#6905 = EDGE_LOOP('',(#6906));
#6906 = ORIENTED_EDGE('',*,*,#6907,.T.);
#6907 = EDGE_CURVE('',#6908,#6908,#6910,.T.);
#6908 = VERTEX_POINT('',#6909);
#6909 = CARTESIAN_POINT('',(343.674824,-90.495,1.51));
#6910 = CIRCLE('',#6911,0.875);
#6911 = AXIS2_PLACEMENT_3D('',#6912,#6913,#6914);
#6912 = CARTESIAN_POINT('',(343.674824,-89.62,1.51));
#6913 = DIRECTION('',(-0.,0.,-1.));
#6914 = DIRECTION('',(-0.,-1.,0.));
#6915 = FACE_BOUND('',#6916,.T.);
#6916 = EDGE_LOOP('',(#6917));
#6917 = ORIENTED_EDGE('',*,*,#6918,.T.);
#6918 = EDGE_CURVE('',#6919,#6919,#6921,.T.);
#6919 = VERTEX_POINT('',#6920);
#6920 = CARTESIAN_POINT('',(220.65,-74.13,1.51));
#6921 = CIRCLE('',#6922,0.25);
#6922 = AXIS2_PLACEMENT_3D('',#6923,#6924,#6925);
#6923 = CARTESIAN_POINT('',(220.65,-73.88,1.51));
#6924 = DIRECTION('',(-0.,0.,-1.));
#6925 = DIRECTION('',(-0.,-1.,0.));
#6926 = FACE_BOUND('',#6927,.T.);
#6927 = EDGE_LOOP('',(#6928));
#6928 = ORIENTED_EDGE('',*,*,#6929,.T.);
#6929 = EDGE_CURVE('',#6930,#6930,#6932,.T.);
#6930 = VERTEX_POINT('',#6931);
#6931 = CARTESIAN_POINT('',(241.655,-77.4231,1.51));
#6932 = CIRCLE('',#6933,1.25);
#6933 = AXIS2_PLACEMENT_3D('',#6934,#6935,#6936);
#6934 = CARTESIAN_POINT('',(241.655,-76.1731,1.51));
#6935 = DIRECTION('',(-0.,0.,-1.));
#6936 = DIRECTION('',(-0.,-1.,0.));
#6937 = FACE_BOUND('',#6938,.T.);
#6938 = EDGE_LOOP('',(#6939));
#6939 = ORIENTED_EDGE('',*,*,#6940,.T.);
#6940 = EDGE_CURVE('',#6941,#6941,#6943,.T.);
#6941 = VERTEX_POINT('',#6942);
#6942 = CARTESIAN_POINT('',(220.65,-73.38,1.51));
#6943 = CIRCLE('',#6944,0.25);
#6944 = AXIS2_PLACEMENT_3D('',#6945,#6946,#6947);
#6945 = CARTESIAN_POINT('',(220.65,-73.13,1.51));
#6946 = DIRECTION('',(-0.,0.,-1.));
#6947 = DIRECTION('',(-0.,-1.,0.));
#6948 = FACE_BOUND('',#6949,.T.);
#6949 = EDGE_LOOP('',(#6950));
#6950 = ORIENTED_EDGE('',*,*,#6951,.T.);
#6951 = EDGE_CURVE('',#6952,#6952,#6954,.T.);
#6952 = VERTEX_POINT('',#6953);
#6953 = CARTESIAN_POINT('',(220.65,-72.63,1.51));
#6954 = CIRCLE('',#6955,0.25);
#6955 = AXIS2_PLACEMENT_3D('',#6956,#6957,#6958);
#6956 = CARTESIAN_POINT('',(220.65,-72.38,1.51));
#6957 = DIRECTION('',(-0.,0.,-1.));
#6958 = DIRECTION('',(-0.,-1.,0.));
#6959 = FACE_BOUND('',#6960,.T.);
#6960 = EDGE_LOOP('',(#6961));
#6961 = ORIENTED_EDGE('',*,*,#6962,.T.);
#6962 = EDGE_CURVE('',#6963,#6963,#6965,.T.);
#6963 = VERTEX_POINT('',#6964);
#6964 = CARTESIAN_POINT('',(220.65,-71.88,1.51));
#6965 = CIRCLE('',#6966,0.25);
#6966 = AXIS2_PLACEMENT_3D('',#6967,#6968,#6969);
#6967 = CARTESIAN_POINT('',(220.65,-71.63,1.51));
#6968 = DIRECTION('',(-0.,0.,-1.));
#6969 = DIRECTION('',(-0.,-1.,0.));
#6970 = FACE_BOUND('',#6971,.T.);
#6971 = EDGE_LOOP('',(#6972));
#6972 = ORIENTED_EDGE('',*,*,#6973,.T.);
#6973 = EDGE_CURVE('',#6974,#6974,#6976,.T.);
#6974 = VERTEX_POINT('',#6975);
#6975 = CARTESIAN_POINT('',(220.65,-71.13,1.51));
#6976 = CIRCLE('',#6977,0.25);
#6977 = AXIS2_PLACEMENT_3D('',#6978,#6979,#6980);
#6978 = CARTESIAN_POINT('',(220.65,-70.88,1.51));
#6979 = DIRECTION('',(-0.,0.,-1.));
#6980 = DIRECTION('',(-0.,-1.,0.));
#6981 = FACE_BOUND('',#6982,.T.);
#6982 = EDGE_LOOP('',(#6983));
#6983 = ORIENTED_EDGE('',*,*,#6984,.T.);
#6984 = EDGE_CURVE('',#6985,#6985,#6987,.T.);
#6985 = VERTEX_POINT('',#6986);
#6986 = CARTESIAN_POINT('',(220.65,-70.38,1.51));
#6987 = CIRCLE('',#6988,0.25);
#6988 = AXIS2_PLACEMENT_3D('',#6989,#6990,#6991);
#6989 = CARTESIAN_POINT('',(220.65,-70.13,1.51));
#6990 = DIRECTION('',(-0.,0.,-1.));
#6991 = DIRECTION('',(-0.,-1.,0.));
#6992 = FACE_BOUND('',#6993,.T.);
#6993 = EDGE_LOOP('',(#6994));
#6994 = ORIENTED_EDGE('',*,*,#6995,.T.);
#6995 = EDGE_CURVE('',#6996,#6996,#6998,.T.);
#6996 = VERTEX_POINT('',#6997);
#6997 = CARTESIAN_POINT('',(220.65,-69.63,1.51));
#6998 = CIRCLE('',#6999,0.25);
#6999 = AXIS2_PLACEMENT_3D('',#7000,#7001,#7002);
#7000 = CARTESIAN_POINT('',(220.65,-69.38,1.51));
#7001 = DIRECTION('',(-0.,0.,-1.));
#7002 = DIRECTION('',(-0.,-1.,0.));
#7003 = FACE_BOUND('',#7004,.T.);
#7004 = EDGE_LOOP('',(#7005));
#7005 = ORIENTED_EDGE('',*,*,#7006,.T.);
#7006 = EDGE_CURVE('',#7007,#7007,#7009,.T.);
#7007 = VERTEX_POINT('',#7008);
#7008 = CARTESIAN_POINT('',(220.65,-68.88,1.51));
#7009 = CIRCLE('',#7010,0.25);
#7010 = AXIS2_PLACEMENT_3D('',#7011,#7012,#7013);
#7011 = CARTESIAN_POINT('',(220.65,-68.63,1.51));
#7012 = DIRECTION('',(-0.,0.,-1.));
#7013 = DIRECTION('',(-0.,-1.,0.));
#7014 = FACE_BOUND('',#7015,.T.);
#7015 = EDGE_LOOP('',(#7016));
#7016 = ORIENTED_EDGE('',*,*,#7017,.T.);
#7017 = EDGE_CURVE('',#7018,#7018,#7020,.T.);
#7018 = VERTEX_POINT('',#7019);
#7019 = CARTESIAN_POINT('',(225.406194,-71.386194,1.51));
#7020 = CIRCLE('',#7021,1.6);
#7021 = AXIS2_PLACEMENT_3D('',#7022,#7023,#7024);
#7022 = CARTESIAN_POINT('',(225.406194,-69.786194,1.51));
#7023 = DIRECTION('',(-0.,0.,-1.));
#7024 = DIRECTION('',(-0.,-1.,0.));
#7025 = FACE_BOUND('',#7026,.T.);
#7026 = EDGE_LOOP('',(#7027));
#7027 = ORIENTED_EDGE('',*,*,#7028,.T.);
#7028 = EDGE_CURVE('',#7029,#7029,#7031,.T.);
#7029 = VERTEX_POINT('',#7030);
#7030 = CARTESIAN_POINT('',(220.65,-68.13,1.51));
#7031 = CIRCLE('',#7032,0.25);
#7032 = AXIS2_PLACEMENT_3D('',#7033,#7034,#7035);
#7033 = CARTESIAN_POINT('',(220.65,-67.88,1.51));
#7034 = DIRECTION('',(-0.,0.,-1.));
#7035 = DIRECTION('',(-0.,-1.,0.));
#7036 = FACE_BOUND('',#7037,.T.);
#7037 = EDGE_LOOP('',(#7038));
#7038 = ORIENTED_EDGE('',*,*,#7039,.T.);
#7039 = EDGE_CURVE('',#7040,#7040,#7042,.T.);
#7040 = VERTEX_POINT('',#7041);
#7041 = CARTESIAN_POINT('',(220.65,-67.38,1.51));
#7042 = CIRCLE('',#7043,0.25);
#7043 = AXIS2_PLACEMENT_3D('',#7044,#7045,#7046);
#7044 = CARTESIAN_POINT('',(220.65,-67.13,1.51));
#7045 = DIRECTION('',(-0.,0.,-1.));
#7046 = DIRECTION('',(-0.,-1.,0.));
#7047 = FACE_BOUND('',#7048,.T.);
#7048 = EDGE_LOOP('',(#7049));
#7049 = ORIENTED_EDGE('',*,*,#7050,.T.);
#7050 = EDGE_CURVE('',#7051,#7051,#7053,.T.);
#7051 = VERTEX_POINT('',#7052);
#7052 = CARTESIAN_POINT('',(241.655,-74.0231,1.51));
#7053 = CIRCLE('',#7054,1.25);
#7054 = AXIS2_PLACEMENT_3D('',#7055,#7056,#7057);
#7055 = CARTESIAN_POINT('',(241.655,-72.7731,1.51));
#7056 = DIRECTION('',(-0.,0.,-1.));
#7057 = DIRECTION('',(-0.,-1.,0.));
#7058 = FACE_BOUND('',#7059,.T.);
#7059 = EDGE_LOOP('',(#7060));
#7060 = ORIENTED_EDGE('',*,*,#7061,.T.);
#7061 = EDGE_CURVE('',#7062,#7062,#7064,.T.);
#7062 = VERTEX_POINT('',#7063);
#7063 = CARTESIAN_POINT('',(257.42,-73.265,1.51));
#7064 = CIRCLE('',#7065,0.875);
#7065 = AXIS2_PLACEMENT_3D('',#7066,#7067,#7068);
#7066 = CARTESIAN_POINT('',(257.42,-72.39,1.51));
#7067 = DIRECTION('',(-0.,0.,-1.));
#7068 = DIRECTION('',(-0.,-1.,0.));
#7069 = FACE_BOUND('',#7070,.T.);
#7070 = EDGE_LOOP('',(#7071));
#7071 = ORIENTED_EDGE('',*,*,#7072,.T.);
#7072 = EDGE_CURVE('',#7073,#7073,#7075,.T.);
#7073 = VERTEX_POINT('',#7074);
#7074 = CARTESIAN_POINT('',(258.69,-71.35,1.51));
#7075 = CIRCLE('',#7076,1.5);
#7076 = AXIS2_PLACEMENT_3D('',#7077,#7078,#7079);
#7077 = CARTESIAN_POINT('',(258.69,-69.85,1.51));
#7078 = DIRECTION('',(-0.,0.,-1.));
#7079 = DIRECTION('',(-0.,-1.,0.));
#7080 = FACE_BOUND('',#7081,.T.);
#7081 = EDGE_LOOP('',(#7082));
#7082 = ORIENTED_EDGE('',*,*,#7083,.T.);
#7083 = EDGE_CURVE('',#7084,#7084,#7086,.T.);
#7084 = VERTEX_POINT('',#7085);
#7085 = CARTESIAN_POINT('',(262.5,-74.3839,1.51));
#7086 = CIRCLE('',#7087,1.9939);
#7087 = AXIS2_PLACEMENT_3D('',#7088,#7089,#7090);
#7088 = CARTESIAN_POINT('',(262.5,-72.39,1.51));
#7089 = DIRECTION('',(-0.,0.,-1.));
#7090 = DIRECTION('',(-0.,-1.,0.));
#7091 = FACE_BOUND('',#7092,.T.);
#7092 = EDGE_LOOP('',(#7093));
#7093 = ORIENTED_EDGE('',*,*,#7094,.T.);
#7094 = EDGE_CURVE('',#7095,#7095,#7097,.T.);
#7095 = VERTEX_POINT('',#7096);
#7096 = CARTESIAN_POINT('',(267.58,-73.265,1.51));
#7097 = CIRCLE('',#7098,0.875);
#7098 = AXIS2_PLACEMENT_3D('',#7099,#7100,#7101);
#7099 = CARTESIAN_POINT('',(267.58,-72.39,1.51));
#7100 = DIRECTION('',(-0.,0.,-1.));
#7101 = DIRECTION('',(-0.,-1.,0.));
#7102 = FACE_BOUND('',#7103,.T.);
#7103 = EDGE_LOOP('',(#7104));
#7104 = ORIENTED_EDGE('',*,*,#7105,.T.);
#7105 = EDGE_CURVE('',#7106,#7106,#7108,.T.);
#7106 = VERTEX_POINT('',#7107);
#7107 = CARTESIAN_POINT('',(265.04,-68.81,1.51));
#7108 = CIRCLE('',#7109,1.5);
#7109 = AXIS2_PLACEMENT_3D('',#7110,#7111,#7112);
#7110 = CARTESIAN_POINT('',(265.04,-67.31,1.51));
#7111 = DIRECTION('',(-0.,0.,-1.));
#7112 = DIRECTION('',(-0.,-1.,0.));
#7113 = FACE_BOUND('',#7114,.T.);
#7114 = EDGE_LOOP('',(#7115));
#7115 = ORIENTED_EDGE('',*,*,#7116,.T.);
#7116 = EDGE_CURVE('',#7117,#7117,#7119,.T.);
#7117 = VERTEX_POINT('',#7118);
#7118 = CARTESIAN_POINT('',(282.744824,-64.795,1.51));
#7119 = CIRCLE('',#7120,0.875);
#7120 = AXIS2_PLACEMENT_3D('',#7121,#7122,#7123);
#7121 = CARTESIAN_POINT('',(282.744824,-63.92,1.51));
#7122 = DIRECTION('',(-0.,0.,-1.));
#7123 = DIRECTION('',(-0.,-1.,0.));
#7124 = FACE_BOUND('',#7125,.T.);
#7125 = EDGE_LOOP('',(#7126));
#7126 = ORIENTED_EDGE('',*,*,#7127,.T.);
#7127 = EDGE_CURVE('',#7128,#7128,#7130,.T.);
#7128 = VERTEX_POINT('',#7129);
#7129 = CARTESIAN_POINT('',(287.824824,-65.9139,1.51));
#7130 = CIRCLE('',#7131,1.9939);
#7131 = AXIS2_PLACEMENT_3D('',#7132,#7133,#7134);
#7132 = CARTESIAN_POINT('',(287.824824,-63.92,1.51));
#7133 = DIRECTION('',(-0.,0.,-1.));
#7134 = DIRECTION('',(-0.,-1.,0.));
#7135 = FACE_BOUND('',#7136,.T.);
#7136 = EDGE_LOOP('',(#7137));
#7137 = ORIENTED_EDGE('',*,*,#7138,.T.);
#7138 = EDGE_CURVE('',#7139,#7139,#7141,.T.);
#7139 = VERTEX_POINT('',#7140);
#7140 = CARTESIAN_POINT('',(292.904824,-64.795,1.51));
#7141 = CIRCLE('',#7142,0.875);
#7142 = AXIS2_PLACEMENT_3D('',#7143,#7144,#7145);
#7143 = CARTESIAN_POINT('',(292.904824,-63.92,1.51));
#7144 = DIRECTION('',(-0.,0.,-1.));
#7145 = DIRECTION('',(-0.,-1.,0.));
#7146 = FACE_BOUND('',#7147,.T.);
#7147 = EDGE_LOOP('',(#7148));
#7148 = ORIENTED_EDGE('',*,*,#7149,.T.);
#7149 = EDGE_CURVE('',#7150,#7150,#7152,.T.);
#7150 = VERTEX_POINT('',#7151);
#7151 = CARTESIAN_POINT('',(284.014824,-62.88,1.51));
#7152 = CIRCLE('',#7153,1.5);
#7153 = AXIS2_PLACEMENT_3D('',#7154,#7155,#7156);
#7154 = CARTESIAN_POINT('',(284.014824,-61.38,1.51));
#7155 = DIRECTION('',(-0.,0.,-1.));
#7156 = DIRECTION('',(-0.,-1.,0.));
#7157 = FACE_BOUND('',#7158,.T.);
#7158 = EDGE_LOOP('',(#7159));
#7159 = ORIENTED_EDGE('',*,*,#7160,.T.);
#7160 = EDGE_CURVE('',#7161,#7161,#7163,.T.);
#7161 = VERTEX_POINT('',#7162);
#7162 = CARTESIAN_POINT('',(290.364824,-60.34,1.51));
#7163 = CIRCLE('',#7164,1.5);
#7164 = AXIS2_PLACEMENT_3D('',#7165,#7166,#7167);
#7165 = CARTESIAN_POINT('',(290.364824,-58.84,1.51));
#7166 = DIRECTION('',(-0.,0.,-1.));
#7167 = DIRECTION('',(-0.,-1.,0.));
#7168 = FACE_BOUND('',#7169,.T.);
#7169 = EDGE_LOOP('',(#7170));
#7170 = ORIENTED_EDGE('',*,*,#7171,.T.);
#7171 = EDGE_CURVE('',#7172,#7172,#7174,.T.);
#7172 = VERTEX_POINT('',#7173);
#7173 = CARTESIAN_POINT('',(309.594824,-81.87,1.51));
#7174 = CIRCLE('',#7175,1.5);
#7175 = AXIS2_PLACEMENT_3D('',#7176,#7177,#7178);
#7176 = CARTESIAN_POINT('',(309.594824,-80.37,1.51));
#7177 = DIRECTION('',(-0.,0.,-1.));
#7178 = DIRECTION('',(-0.,-1.,0.));
#7179 = FACE_BOUND('',#7180,.T.);
#7180 = EDGE_LOOP('',(#7181));
#7181 = ORIENTED_EDGE('',*,*,#7182,.T.);
#7182 = EDGE_CURVE('',#7183,#7183,#7185,.T.);
#7183 = VERTEX_POINT('',#7184);
#7184 = CARTESIAN_POINT('',(315.944824,-79.33,1.51));
#7185 = CIRCLE('',#7186,1.5);
#7186 = AXIS2_PLACEMENT_3D('',#7187,#7188,#7189);
#7187 = CARTESIAN_POINT('',(315.944824,-77.83,1.51));
#7188 = DIRECTION('',(-0.,0.,-1.));
#7189 = DIRECTION('',(-0.,-1.,0.));
#7190 = FACE_BOUND('',#7191,.T.);
#7191 = EDGE_LOOP('',(#7192));
#7192 = ORIENTED_EDGE('',*,*,#7193,.T.);
#7193 = EDGE_CURVE('',#7194,#7194,#7196,.T.);
#7194 = VERTEX_POINT('',#7195);
#7195 = CARTESIAN_POINT('',(359.04,-77.825,1.51));
#7196 = CIRCLE('',#7197,0.875);
#7197 = AXIS2_PLACEMENT_3D('',#7198,#7199,#7200);
#7198 = CARTESIAN_POINT('',(359.04,-76.95,1.51));
#7199 = DIRECTION('',(-0.,0.,-1.));
#7200 = DIRECTION('',(-0.,-1.,0.));
#7201 = FACE_BOUND('',#7202,.T.);
#7202 = EDGE_LOOP('',(#7203));
#7203 = ORIENTED_EDGE('',*,*,#7204,.T.);
#7204 = EDGE_CURVE('',#7205,#7205,#7207,.T.);
#7205 = VERTEX_POINT('',#7206);
#7206 = CARTESIAN_POINT('',(360.31,-75.91,1.51));
#7207 = CIRCLE('',#7208,1.5);
#7208 = AXIS2_PLACEMENT_3D('',#7209,#7210,#7211);
#7209 = CARTESIAN_POINT('',(360.31,-74.41,1.51));
#7210 = DIRECTION('',(-0.,0.,-1.));
#7211 = DIRECTION('',(-0.,-1.,0.));
#7212 = FACE_BOUND('',#7213,.T.);
#7213 = EDGE_LOOP('',(#7214));
#7214 = ORIENTED_EDGE('',*,*,#7215,.T.);
#7215 = EDGE_CURVE('',#7216,#7216,#7218,.T.);
#7216 = VERTEX_POINT('',#7217);
#7217 = CARTESIAN_POINT('',(364.12,-78.9439,1.51));
#7218 = CIRCLE('',#7219,1.9939);
#7219 = AXIS2_PLACEMENT_3D('',#7220,#7221,#7222);
#7220 = CARTESIAN_POINT('',(364.12,-76.95,1.51));
#7221 = DIRECTION('',(-0.,0.,-1.));
#7222 = DIRECTION('',(-0.,-1.,0.));
#7223 = FACE_BOUND('',#7224,.T.);
#7224 = EDGE_LOOP('',(#7225));
#7225 = ORIENTED_EDGE('',*,*,#7226,.T.);
#7226 = EDGE_CURVE('',#7227,#7227,#7229,.T.);
#7227 = VERTEX_POINT('',#7228);
#7228 = CARTESIAN_POINT('',(369.2,-77.825,1.51));
#7229 = CIRCLE('',#7230,0.875);
#7230 = AXIS2_PLACEMENT_3D('',#7231,#7232,#7233);
#7231 = CARTESIAN_POINT('',(369.2,-76.95,1.51));
#7232 = DIRECTION('',(-0.,0.,-1.));
#7233 = DIRECTION('',(-0.,-1.,0.));
#7234 = FACE_BOUND('',#7235,.T.);
#7235 = EDGE_LOOP('',(#7236));
#7236 = ORIENTED_EDGE('',*,*,#7237,.T.);
#7237 = EDGE_CURVE('',#7238,#7238,#7240,.T.);
#7238 = VERTEX_POINT('',#7239);
#7239 = CARTESIAN_POINT('',(366.66,-73.37,1.51));
#7240 = CIRCLE('',#7241,1.5);
#7241 = AXIS2_PLACEMENT_3D('',#7242,#7243,#7244);
#7242 = CARTESIAN_POINT('',(366.66,-71.87,1.51));
#7243 = DIRECTION('',(-0.,0.,-1.));
#7244 = DIRECTION('',(-0.,-1.,0.));
#7245 = FACE_BOUND('',#7246,.T.);
#7246 = EDGE_LOOP('',(#7247));
#7247 = ORIENTED_EDGE('',*,*,#7248,.T.);
#7248 = EDGE_CURVE('',#7249,#7249,#7251,.T.);
#7249 = VERTEX_POINT('',#7250);
#7250 = CARTESIAN_POINT('',(333.64,-65.025,1.51));
#7251 = CIRCLE('',#7252,0.875);
#7252 = AXIS2_PLACEMENT_3D('',#7253,#7254,#7255);
#7253 = CARTESIAN_POINT('',(333.64,-64.15,1.51));
#7254 = DIRECTION('',(-0.,0.,-1.));
#7255 = DIRECTION('',(-0.,-1.,0.));
#7256 = FACE_BOUND('',#7257,.T.);
#7257 = EDGE_LOOP('',(#7258));
#7258 = ORIENTED_EDGE('',*,*,#7259,.T.);
#7259 = EDGE_CURVE('',#7260,#7260,#7262,.T.);
#7260 = VERTEX_POINT('',#7261);
#7261 = CARTESIAN_POINT('',(338.72,-66.1439,1.51));
#7262 = CIRCLE('',#7263,1.9939);
#7263 = AXIS2_PLACEMENT_3D('',#7264,#7265,#7266);
#7264 = CARTESIAN_POINT('',(338.72,-64.15,1.51));
#7265 = DIRECTION('',(-0.,0.,-1.));
#7266 = DIRECTION('',(-0.,-1.,0.));
#7267 = FACE_BOUND('',#7268,.T.);
#7268 = EDGE_LOOP('',(#7269));
#7269 = ORIENTED_EDGE('',*,*,#7270,.T.);
#7270 = EDGE_CURVE('',#7271,#7271,#7273,.T.);
#7271 = VERTEX_POINT('',#7272);
#7272 = CARTESIAN_POINT('',(334.91,-63.11,1.51));
#7273 = CIRCLE('',#7274,1.5);
#7274 = AXIS2_PLACEMENT_3D('',#7275,#7276,#7277);
#7275 = CARTESIAN_POINT('',(334.91,-61.61,1.51));
#7276 = DIRECTION('',(-0.,0.,-1.));
#7277 = DIRECTION('',(-0.,-1.,0.));
#7278 = FACE_BOUND('',#7279,.T.);
#7279 = EDGE_LOOP('',(#7280));
#7280 = ORIENTED_EDGE('',*,*,#7281,.T.);
#7281 = EDGE_CURVE('',#7282,#7282,#7284,.T.);
#7282 = VERTEX_POINT('',#7283);
#7283 = CARTESIAN_POINT('',(341.26,-60.57,1.51));
#7284 = CIRCLE('',#7285,1.5);
#7285 = AXIS2_PLACEMENT_3D('',#7286,#7287,#7288);
#7286 = CARTESIAN_POINT('',(341.26,-59.07,1.51));
#7287 = DIRECTION('',(-0.,0.,-1.));
#7288 = DIRECTION('',(-0.,-1.,0.));
#7289 = FACE_BOUND('',#7290,.T.);
#7290 = EDGE_LOOP('',(#7291));
#7291 = ORIENTED_EDGE('',*,*,#7292,.T.);
#7292 = EDGE_CURVE('',#7293,#7293,#7295,.T.);
#7293 = VERTEX_POINT('',#7294);
#7294 = CARTESIAN_POINT('',(308.14,-58.735,1.51));
#7295 = CIRCLE('',#7296,0.875);
#7296 = AXIS2_PLACEMENT_3D('',#7297,#7298,#7299);
#7297 = CARTESIAN_POINT('',(308.14,-57.86,1.51));
#7298 = DIRECTION('',(-0.,0.,-1.));
#7299 = DIRECTION('',(-0.,-1.,0.));
#7300 = FACE_BOUND('',#7301,.T.);
#7301 = EDGE_LOOP('',(#7302));
#7302 = ORIENTED_EDGE('',*,*,#7303,.T.);
#7303 = EDGE_CURVE('',#7304,#7304,#7306,.T.);
#7304 = VERTEX_POINT('',#7305);
#7305 = CARTESIAN_POINT('',(309.41,-56.82,1.51));
#7306 = CIRCLE('',#7307,1.5);
#7307 = AXIS2_PLACEMENT_3D('',#7308,#7309,#7310);
#7308 = CARTESIAN_POINT('',(309.41,-55.32,1.51));
#7309 = DIRECTION('',(-0.,0.,-1.));
#7310 = DIRECTION('',(-0.,-1.,0.));
#7311 = FACE_BOUND('',#7312,.T.);
#7312 = EDGE_LOOP('',(#7313));
#7313 = ORIENTED_EDGE('',*,*,#7314,.T.);
#7314 = EDGE_CURVE('',#7315,#7315,#7317,.T.);
#7315 = VERTEX_POINT('',#7316);
#7316 = CARTESIAN_POINT('',(313.22,-59.8539,1.51));
#7317 = CIRCLE('',#7318,1.9939);
#7318 = AXIS2_PLACEMENT_3D('',#7319,#7320,#7321);
#7319 = CARTESIAN_POINT('',(313.22,-57.86,1.51));
#7320 = DIRECTION('',(-0.,0.,-1.));
#7321 = DIRECTION('',(-0.,-1.,0.));
#7322 = FACE_BOUND('',#7323,.T.);
#7323 = EDGE_LOOP('',(#7324));
#7324 = ORIENTED_EDGE('',*,*,#7325,.T.);
#7325 = EDGE_CURVE('',#7326,#7326,#7328,.T.);
#7326 = VERTEX_POINT('',#7327);
#7327 = CARTESIAN_POINT('',(318.3,-58.735,1.51));
#7328 = CIRCLE('',#7329,0.875);
#7329 = AXIS2_PLACEMENT_3D('',#7330,#7331,#7332);
#7330 = CARTESIAN_POINT('',(318.3,-57.86,1.51));
#7331 = DIRECTION('',(-0.,0.,-1.));
#7332 = DIRECTION('',(-0.,-1.,0.));
#7333 = FACE_BOUND('',#7334,.T.);
#7334 = EDGE_LOOP('',(#7335));
#7335 = ORIENTED_EDGE('',*,*,#7336,.T.);
#7336 = EDGE_CURVE('',#7337,#7337,#7339,.T.);
#7337 = VERTEX_POINT('',#7338);
#7338 = CARTESIAN_POINT('',(315.76,-54.28,1.51));
#7339 = CIRCLE('',#7340,1.5);
#7340 = AXIS2_PLACEMENT_3D('',#7341,#7342,#7343);
#7341 = CARTESIAN_POINT('',(315.76,-52.78,1.51));
#7342 = DIRECTION('',(-0.,0.,-1.));
#7343 = DIRECTION('',(-0.,-1.,0.));
#7344 = FACE_BOUND('',#7345,.T.);
#7345 = EDGE_LOOP('',(#7346));
#7346 = ORIENTED_EDGE('',*,*,#7347,.T.);
#7347 = EDGE_CURVE('',#7348,#7348,#7350,.T.);
#7348 = VERTEX_POINT('',#7349);
#7349 = CARTESIAN_POINT('',(343.8,-65.025,1.51));
#7350 = CIRCLE('',#7351,0.875);
#7351 = AXIS2_PLACEMENT_3D('',#7352,#7353,#7354);
#7352 = CARTESIAN_POINT('',(343.8,-64.15,1.51));
#7353 = DIRECTION('',(-0.,0.,-1.));
#7354 = DIRECTION('',(-0.,-1.,0.));
#7355 = FACE_BOUND('',#7356,.T.);
#7356 = EDGE_LOOP('',(#7357));
#7357 = ORIENTED_EDGE('',*,*,#7358,.T.);
#7358 = EDGE_CURVE('',#7359,#7359,#7361,.T.);
#7359 = VERTEX_POINT('',#7360);
#7360 = CARTESIAN_POINT('',(382.643806,-67.586194,1.51));
#7361 = CIRCLE('',#7362,1.6);
#7362 = AXIS2_PLACEMENT_3D('',#7363,#7364,#7365);
#7363 = CARTESIAN_POINT('',(382.643806,-65.986194,1.51));
#7364 = DIRECTION('',(-0.,0.,-1.));
#7365 = DIRECTION('',(-3.552713678801E-14,-1.,0.));
#7366 = PLANE('',#7367);
#7367 = AXIS2_PLACEMENT_3D('',#7368,#7369,#7370);
#7368 = CARTESIAN_POINT('',(0.,0.,1.51));
#7369 = DIRECTION('',(0.,0.,1.));
#7370 = DIRECTION('',(1.,0.,-0.));
#7371 = ADVANCED_FACE('',(#7372),#7383,.T.);
#7372 = FACE_BOUND('',#7373,.T.);
#7373 = EDGE_LOOP('',(#7374,#7380,#7381,#7382));
#7374 = ORIENTED_EDGE('',*,*,#7375,.T.);
#7375 = EDGE_CURVE('',#144,#3761,#7376,.T.);
#7376 = LINE('',#7377,#7378);
#7377 = CARTESIAN_POINT('',(299.37,-42.26,0.));
#7378 = VECTOR('',#7379,1.);
#7379 = DIRECTION('',(0.,0.,1.));
#7380 = ORIENTED_EDGE('',*,*,#3760,.T.);
#7381 = ORIENTED_EDGE('',*,*,#79,.F.);
#7382 = ORIENTED_EDGE('',*,*,#143,.F.);
#7383 = PLANE('',#7384);
#7384 = AXIS2_PLACEMENT_3D('',#7385,#7386,#7387);
#7385 = CARTESIAN_POINT('',(299.37,-42.26,0.));
#7386 = DIRECTION('',(0.,1.,0.));
#7387 = DIRECTION('',(1.,0.,0.));
#7388 = ADVANCED_FACE('',(#7389),#7400,.T.);
#7389 = FACE_BOUND('',#7390,.T.);
#7390 = EDGE_LOOP('',(#7391,#7392,#7393,#7399));
#7391 = ORIENTED_EDGE('',*,*,#119,.T.);
#7392 = ORIENTED_EDGE('',*,*,#4132,.T.);
#7393 = ORIENTED_EDGE('',*,*,#7394,.F.);
#7394 = EDGE_CURVE('',#508,#4125,#7395,.T.);
#7395 = LINE('',#7396,#7397);
#7396 = CARTESIAN_POINT('',(387.26,-61.37,0.));
#7397 = VECTOR('',#7398,1.);
#7398 = DIRECTION('',(0.,0.,1.));
#7399 = ORIENTED_EDGE('',*,*,#515,.F.);
#7400 = PLANE('',#7401);
#7401 = AXIS2_PLACEMENT_3D('',#7402,#7403,#7404);
#7402 = CARTESIAN_POINT('',(356.06,-61.37,0.));
#7403 = DIRECTION('',(0.,1.,0.));
#7404 = DIRECTION('',(1.,0.,0.));
#7405 = ADVANCED_FACE('',(#7406),#7417,.T.);
#7406 = FACE_BOUND('',#7407,.T.);
#7407 = EDGE_LOOP('',(#7408,#7409,#7410,#7416));
#7408 = ORIENTED_EDGE('',*,*,#7394,.T.);
#7409 = ORIENTED_EDGE('',*,*,#4124,.T.);
#7410 = ORIENTED_EDGE('',*,*,#7411,.F.);
#7411 = EDGE_CURVE('',#500,#4117,#7412,.T.);
#7412 = LINE('',#7413,#7414);
#7413 = CARTESIAN_POINT('',(387.26,-169.52,0.));
#7414 = VECTOR('',#7415,1.);
#7415 = DIRECTION('',(0.,0.,1.));
#7416 = ORIENTED_EDGE('',*,*,#507,.F.);
#7417 = PLANE('',#7418);
#7418 = AXIS2_PLACEMENT_3D('',#7419,#7420,#7421);
#7419 = CARTESIAN_POINT('',(387.26,-61.37,0.));
#7420 = DIRECTION('',(1.,0.,-0.));
#7421 = DIRECTION('',(0.,-1.,0.));
#7422 = ADVANCED_FACE('',(#7423),#7434,.T.);
#7423 = FACE_BOUND('',#7424,.T.);
#7424 = EDGE_LOOP('',(#7425,#7426,#7427,#7433));
#7425 = ORIENTED_EDGE('',*,*,#7411,.T.);
#7426 = ORIENTED_EDGE('',*,*,#4116,.T.);
#7427 = ORIENTED_EDGE('',*,*,#7428,.F.);
#7428 = EDGE_CURVE('',#492,#4109,#7429,.T.);
#7429 = LINE('',#7430,#7431);
#7430 = CARTESIAN_POINT('',(380.72,-169.52,0.));
#7431 = VECTOR('',#7432,1.);
#7432 = DIRECTION('',(0.,0.,1.));
#7433 = ORIENTED_EDGE('',*,*,#499,.F.);
#7434 = PLANE('',#7435);
#7435 = AXIS2_PLACEMENT_3D('',#7436,#7437,#7438);
#7436 = CARTESIAN_POINT('',(387.26,-169.52,0.));
#7437 = DIRECTION('',(0.,-1.,0.));
#7438 = DIRECTION('',(-1.,0.,0.));
#7439 = ADVANCED_FACE('',(#7440),#7451,.T.);
#7440 = FACE_BOUND('',#7441,.T.);
#7441 = EDGE_LOOP('',(#7442,#7443,#7444,#7450));
#7442 = ORIENTED_EDGE('',*,*,#7428,.T.);
#7443 = ORIENTED_EDGE('',*,*,#4108,.T.);
#7444 = ORIENTED_EDGE('',*,*,#7445,.F.);
#7445 = EDGE_CURVE('',#484,#4101,#7446,.T.);
#7446 = LINE('',#7447,#7448);
#7447 = CARTESIAN_POINT('',(349.68,-169.52,0.));
#7448 = VECTOR('',#7449,1.);
#7449 = DIRECTION('',(0.,0.,1.));
#7450 = ORIENTED_EDGE('',*,*,#491,.F.);
#7451 = PLANE('',#7452);
#7452 = AXIS2_PLACEMENT_3D('',#7453,#7454,#7455);
#7453 = CARTESIAN_POINT('',(380.72,-169.52,0.));
#7454 = DIRECTION('',(0.,-1.,0.));
#7455 = DIRECTION('',(-1.,0.,0.));
#7456 = ADVANCED_FACE('',(#7457),#7468,.T.);
#7457 = FACE_BOUND('',#7458,.T.);
#7458 = EDGE_LOOP('',(#7459,#7460,#7461,#7467));
#7459 = ORIENTED_EDGE('',*,*,#7445,.T.);
#7460 = ORIENTED_EDGE('',*,*,#4100,.T.);
#7461 = ORIENTED_EDGE('',*,*,#7462,.F.);
#7462 = EDGE_CURVE('',#476,#4093,#7463,.T.);
#7463 = LINE('',#7464,#7465);
#7464 = CARTESIAN_POINT('',(349.68,-162.99,0.));
#7465 = VECTOR('',#7466,1.);
#7466 = DIRECTION('',(0.,0.,1.));
#7467 = ORIENTED_EDGE('',*,*,#483,.F.);
#7468 = PLANE('',#7469);
#7469 = AXIS2_PLACEMENT_3D('',#7470,#7471,#7472);
#7470 = CARTESIAN_POINT('',(349.68,-169.52,0.));
#7471 = DIRECTION('',(-1.,0.,0.));
#7472 = DIRECTION('',(0.,1.,0.));
#7473 = ADVANCED_FACE('',(#7474),#7485,.T.);
#7474 = FACE_BOUND('',#7475,.T.);
#7475 = EDGE_LOOP('',(#7476,#7477,#7478,#7484));
#7476 = ORIENTED_EDGE('',*,*,#7462,.T.);
#7477 = ORIENTED_EDGE('',*,*,#4092,.T.);
#7478 = ORIENTED_EDGE('',*,*,#7479,.F.);
#7479 = EDGE_CURVE('',#468,#4085,#7480,.T.);
#7480 = LINE('',#7481,#7482);
#7481 = CARTESIAN_POINT('',(252.65,-162.82,0.));
#7482 = VECTOR('',#7483,1.);
#7483 = DIRECTION('',(0.,0.,1.));
#7484 = ORIENTED_EDGE('',*,*,#475,.F.);
#7485 = PLANE('',#7486);
#7486 = AXIS2_PLACEMENT_3D('',#7487,#7488,#7489);
#7487 = CARTESIAN_POINT('',(349.68,-162.99,0.));
#7488 = DIRECTION('',(-1.75203276391E-03,-0.999998465189,0.));
#7489 = DIRECTION('',(-0.999998465189,1.75203276391E-03,0.));
#7490 = ADVANCED_FACE('',(#7491),#7502,.T.);
#7491 = FACE_BOUND('',#7492,.T.);
#7492 = EDGE_LOOP('',(#7493,#7494,#7495,#7501));
#7493 = ORIENTED_EDGE('',*,*,#7479,.T.);
#7494 = ORIENTED_EDGE('',*,*,#4084,.T.);
#7495 = ORIENTED_EDGE('',*,*,#7496,.F.);
#7496 = EDGE_CURVE('',#460,#4077,#7497,.T.);
#7497 = LINE('',#7498,#7499);
#7498 = CARTESIAN_POINT('',(252.65,-171.97,0.));
#7499 = VECTOR('',#7500,1.);
#7500 = DIRECTION('',(0.,0.,1.));
#7501 = ORIENTED_EDGE('',*,*,#467,.F.);
#7502 = PLANE('',#7503);
#7503 = AXIS2_PLACEMENT_3D('',#7504,#7505,#7506);
#7504 = CARTESIAN_POINT('',(252.65,-162.82,0.));
#7505 = DIRECTION('',(1.,0.,-0.));
#7506 = DIRECTION('',(0.,-1.,0.));
#7507 = ADVANCED_FACE('',(#7508),#7519,.T.);
#7508 = FACE_BOUND('',#7509,.T.);
#7509 = EDGE_LOOP('',(#7510,#7511,#7512,#7518));
#7510 = ORIENTED_EDGE('',*,*,#7496,.T.);
#7511 = ORIENTED_EDGE('',*,*,#4076,.T.);
#7512 = ORIENTED_EDGE('',*,*,#7513,.F.);
#7513 = EDGE_CURVE('',#451,#4068,#7514,.T.);
#7514 = LINE('',#7515,#7516);
#7515 = CARTESIAN_POINT('',(220.82,-171.970141,0.));
#7516 = VECTOR('',#7517,1.);
#7517 = DIRECTION('',(0.,0.,1.));
#7518 = ORIENTED_EDGE('',*,*,#459,.F.);
#7519 = PLANE('',#7520);
#7520 = AXIS2_PLACEMENT_3D('',#7521,#7522,#7523);
#7521 = CARTESIAN_POINT('',(252.65,-171.97,0.));
#7522 = DIRECTION('',(4.429783223755E-06,-0.99999999999,0.));
#7523 = DIRECTION('',(-0.99999999999,-4.429783223755E-06,0.));
#7524 = ADVANCED_FACE('',(#7525),#7536,.F.);
#7525 = FACE_BOUND('',#7526,.T.);
#7526 = EDGE_LOOP('',(#7527,#7528,#7529,#7530));
#7527 = ORIENTED_EDGE('',*,*,#450,.F.);
#7528 = ORIENTED_EDGE('',*,*,#7513,.T.);
#7529 = ORIENTED_EDGE('',*,*,#4067,.T.);
#7530 = ORIENTED_EDGE('',*,*,#7531,.T.);
#7531 = EDGE_CURVE('',#4059,#442,#7532,.T.);
#7532 = LINE('',#7533,#7534);
#7533 = CARTESIAN_POINT('',(220.62795632556,-170.9798733616,0.));
#7534 = VECTOR('',#7535,1.);
#7535 = DIRECTION('',(-0.,-0.,-1.));
#7536 = CYLINDRICAL_SURFACE('',#7537,2.700018259199);
#7537 = AXIS2_PLACEMENT_3D('',#7538,#7539,#7540);
#7538 = CARTESIAN_POINT('',(218.11999973901,-171.9799995337,0.));
#7539 = DIRECTION('',(-0.,-0.,-1.));
#7540 = DIRECTION('',(0.99999333404,3.651284094898E-03,-0.));
#7541 = ADVANCED_FACE('',(#7542),#7553,.F.);
#7542 = FACE_BOUND('',#7543,.T.);
#7543 = EDGE_LOOP('',(#7544,#7545,#7551,#7552));
#7544 = ORIENTED_EDGE('',*,*,#4058,.F.);
#7545 = ORIENTED_EDGE('',*,*,#7546,.T.);
#7546 = EDGE_CURVE('',#4050,#433,#7547,.T.);
#7547 = LINE('',#7548,#7549);
#7548 = CARTESIAN_POINT('',(220.42487516567,-170.573710848,0.));
#7549 = VECTOR('',#7550,1.);
#7550 = DIRECTION('',(-0.,-0.,-1.));
#7551 = ORIENTED_EDGE('',*,*,#441,.T.);
#7552 = ORIENTED_EDGE('',*,*,#7531,.F.);
#7553 = CYLINDRICAL_SURFACE('',#7554,0.25);
#7554 = AXIS2_PLACEMENT_3D('',#7555,#7556,#7557);
#7555 = CARTESIAN_POINT('',(220.62,-170.73,-4.6E-02));
#7556 = DIRECTION('',(-0.,-0.,-1.));
#7557 = DIRECTION('',(-0.,-1.,0.));
#7558 = ADVANCED_FACE('',(#7559),#7570,.F.);
#7559 = FACE_BOUND('',#7560,.T.);
#7560 = EDGE_LOOP('',(#7561,#7562,#7563,#7564));
#7561 = ORIENTED_EDGE('',*,*,#432,.F.);
#7562 = ORIENTED_EDGE('',*,*,#7546,.F.);
#7563 = ORIENTED_EDGE('',*,*,#4049,.T.);
#7564 = ORIENTED_EDGE('',*,*,#7565,.T.);
#7565 = EDGE_CURVE('',#4041,#424,#7566,.T.);
#7566 = LINE('',#7567,#7568);
#7567 = CARTESIAN_POINT('',(215.81512453804,-170.5737104781,0.));
#7568 = VECTOR('',#7569,1.);
#7569 = DIRECTION('',(-0.,-0.,-1.));
#7570 = CYLINDRICAL_SURFACE('',#7571,2.700018259199);
#7571 = AXIS2_PLACEMENT_3D('',#7572,#7573,#7574);
#7572 = CARTESIAN_POINT('',(218.11999973901,-171.9799995337,0.));
#7573 = DIRECTION('',(-0.,-0.,-1.));
#7574 = DIRECTION('',(0.99999333404,3.651284094898E-03,-0.));
#7575 = ADVANCED_FACE('',(#7576),#7587,.F.);
#7576 = FACE_BOUND('',#7577,.T.);
#7577 = EDGE_LOOP('',(#7578,#7579,#7585,#7586));
#7578 = ORIENTED_EDGE('',*,*,#4040,.F.);
#7579 = ORIENTED_EDGE('',*,*,#7580,.T.);
#7580 = EDGE_CURVE('',#4032,#415,#7581,.T.);
#7581 = LINE('',#7582,#7583);
#7582 = CARTESIAN_POINT('',(215.61204315901,-170.9798733452,0.));
#7583 = VECTOR('',#7584,1.);
#7584 = DIRECTION('',(-0.,-0.,-1.));
#7585 = ORIENTED_EDGE('',*,*,#423,.T.);
#7586 = ORIENTED_EDGE('',*,*,#7565,.F.);
#7587 = CYLINDRICAL_SURFACE('',#7588,0.25);
#7588 = AXIS2_PLACEMENT_3D('',#7589,#7590,#7591);
#7589 = CARTESIAN_POINT('',(215.62,-170.73,-4.6E-02));
#7590 = DIRECTION('',(-0.,-0.,-1.));
#7591 = DIRECTION('',(-0.,-1.,0.));
#7592 = ADVANCED_FACE('',(#7593),#7604,.F.);
#7593 = FACE_BOUND('',#7594,.T.);
#7594 = EDGE_LOOP('',(#7595,#7596,#7597,#7598));
#7595 = ORIENTED_EDGE('',*,*,#414,.F.);
#7596 = ORIENTED_EDGE('',*,*,#7580,.F.);
#7597 = ORIENTED_EDGE('',*,*,#4031,.T.);
#7598 = ORIENTED_EDGE('',*,*,#7599,.F.);
#7599 = EDGE_CURVE('',#407,#4024,#7600,.T.);
#7600 = LINE('',#7601,#7602);
#7601 = CARTESIAN_POINT('',(215.42,-171.99,0.));
#7602 = VECTOR('',#7603,1.);
#7603 = DIRECTION('',(0.,0.,1.));
#7604 = CYLINDRICAL_SURFACE('',#7605,2.700018259199);
#7605 = AXIS2_PLACEMENT_3D('',#7606,#7607,#7608);
#7606 = CARTESIAN_POINT('',(218.11999973901,-171.9799995337,0.));
#7607 = DIRECTION('',(-0.,-0.,-1.));
#7608 = DIRECTION('',(0.99999333404,3.651284094898E-03,-0.));
#7609 = ADVANCED_FACE('',(#7610),#7621,.T.);
#7610 = FACE_BOUND('',#7611,.T.);
#7611 = EDGE_LOOP('',(#7612,#7613,#7614,#7620));
#7612 = ORIENTED_EDGE('',*,*,#7599,.T.);
#7613 = ORIENTED_EDGE('',*,*,#4023,.T.);
#7614 = ORIENTED_EDGE('',*,*,#7615,.F.);
#7615 = EDGE_CURVE('',#399,#4016,#7616,.T.);
#7616 = LINE('',#7617,#7618);
#7617 = CARTESIAN_POINT('',(183.56,-171.99,0.));
#7618 = VECTOR('',#7619,1.);
#7619 = DIRECTION('',(0.,0.,1.));
#7620 = ORIENTED_EDGE('',*,*,#406,.F.);
#7621 = PLANE('',#7622);
#7622 = AXIS2_PLACEMENT_3D('',#7623,#7624,#7625);
#7623 = CARTESIAN_POINT('',(215.42,-171.99,0.));
#7624 = DIRECTION('',(0.,-1.,0.));
#7625 = DIRECTION('',(-1.,0.,0.));
#7626 = ADVANCED_FACE('',(#7627),#7638,.T.);
#7627 = FACE_BOUND('',#7628,.T.);
#7628 = EDGE_LOOP('',(#7629,#7630,#7631,#7637));
#7629 = ORIENTED_EDGE('',*,*,#7615,.T.);
#7630 = ORIENTED_EDGE('',*,*,#4015,.T.);
#7631 = ORIENTED_EDGE('',*,*,#7632,.F.);
#7632 = EDGE_CURVE('',#391,#4008,#7633,.T.);
#7633 = LINE('',#7634,#7635);
#7634 = CARTESIAN_POINT('',(183.56,-162.84,0.));
#7635 = VECTOR('',#7636,1.);
#7636 = DIRECTION('',(0.,0.,1.));
#7637 = ORIENTED_EDGE('',*,*,#398,.F.);
#7638 = PLANE('',#7639);
#7639 = AXIS2_PLACEMENT_3D('',#7640,#7641,#7642);
#7640 = CARTESIAN_POINT('',(183.56,-171.99,0.));
#7641 = DIRECTION('',(-1.,0.,0.));
#7642 = DIRECTION('',(0.,1.,0.));
#7643 = ADVANCED_FACE('',(#7644),#7655,.T.);
#7644 = FACE_BOUND('',#7645,.T.);
#7645 = EDGE_LOOP('',(#7646,#7647,#7648,#7654));
#7646 = ORIENTED_EDGE('',*,*,#7632,.T.);
#7647 = ORIENTED_EDGE('',*,*,#4007,.T.);
#7648 = ORIENTED_EDGE('',*,*,#7649,.F.);
#7649 = EDGE_CURVE('',#383,#4000,#7650,.T.);
#7650 = LINE('',#7651,#7652);
#7651 = CARTESIAN_POINT('',(86.53,-163.01,0.));
#7652 = VECTOR('',#7653,1.);
#7653 = DIRECTION('',(0.,0.,1.));
#7654 = ORIENTED_EDGE('',*,*,#390,.F.);
#7655 = PLANE('',#7656);
#7656 = AXIS2_PLACEMENT_3D('',#7657,#7658,#7659);
#7657 = CARTESIAN_POINT('',(183.56,-162.84,0.));
#7658 = DIRECTION('',(1.75203276391E-03,-0.999998465189,0.));
#7659 = DIRECTION('',(-0.999998465189,-1.75203276391E-03,0.));
#7660 = ADVANCED_FACE('',(#7661),#7672,.T.);
#7661 = FACE_BOUND('',#7662,.T.);
#7662 = EDGE_LOOP('',(#7663,#7664,#7665,#7671));
#7663 = ORIENTED_EDGE('',*,*,#7649,.T.);
#7664 = ORIENTED_EDGE('',*,*,#3999,.T.);
#7665 = ORIENTED_EDGE('',*,*,#7666,.F.);
#7666 = EDGE_CURVE('',#375,#3992,#7667,.T.);
#7667 = LINE('',#7668,#7669);
#7668 = CARTESIAN_POINT('',(86.53,-169.54,0.));
#7669 = VECTOR('',#7670,1.);
#7670 = DIRECTION('',(0.,0.,1.));
#7671 = ORIENTED_EDGE('',*,*,#382,.F.);
#7672 = PLANE('',#7673);
#7673 = AXIS2_PLACEMENT_3D('',#7674,#7675,#7676);
#7674 = CARTESIAN_POINT('',(86.53,-163.01,0.));
#7675 = DIRECTION('',(1.,0.,-0.));
#7676 = DIRECTION('',(0.,-1.,0.));
#7677 = ADVANCED_FACE('',(#7678),#7689,.T.);
#7678 = FACE_BOUND('',#7679,.T.);
#7679 = EDGE_LOOP('',(#7680,#7681,#7682,#7688));
#7680 = ORIENTED_EDGE('',*,*,#7666,.T.);
#7681 = ORIENTED_EDGE('',*,*,#3991,.T.);
#7682 = ORIENTED_EDGE('',*,*,#7683,.F.);
#7683 = EDGE_CURVE('',#367,#3984,#7684,.T.);
#7684 = LINE('',#7685,#7686);
#7685 = CARTESIAN_POINT('',(55.49,-169.54,0.));
#7686 = VECTOR('',#7687,1.);
#7687 = DIRECTION('',(0.,0.,1.));
#7688 = ORIENTED_EDGE('',*,*,#374,.F.);
#7689 = PLANE('',#7690);
#7690 = AXIS2_PLACEMENT_3D('',#7691,#7692,#7693);
#7691 = CARTESIAN_POINT('',(86.53,-169.54,0.));
#7692 = DIRECTION('',(0.,-1.,0.));
#7693 = DIRECTION('',(-1.,0.,0.));
#7694 = ADVANCED_FACE('',(#7695),#7706,.T.);
#7695 = FACE_BOUND('',#7696,.T.);
#7696 = EDGE_LOOP('',(#7697,#7698,#7699,#7705));
#7697 = ORIENTED_EDGE('',*,*,#7683,.T.);
#7698 = ORIENTED_EDGE('',*,*,#3983,.T.);
#7699 = ORIENTED_EDGE('',*,*,#7700,.F.);
#7700 = EDGE_CURVE('',#359,#3976,#7701,.T.);
#7701 = LINE('',#7702,#7703);
#7702 = CARTESIAN_POINT('',(48.95,-169.54,0.));
#7703 = VECTOR('',#7704,1.);
#7704 = DIRECTION('',(0.,0.,1.));
#7705 = ORIENTED_EDGE('',*,*,#366,.F.);
#7706 = PLANE('',#7707);
#7707 = AXIS2_PLACEMENT_3D('',#7708,#7709,#7710);
#7708 = CARTESIAN_POINT('',(55.49,-169.54,0.));
#7709 = DIRECTION('',(0.,-1.,0.));
#7710 = DIRECTION('',(-1.,0.,0.));
#7711 = ADVANCED_FACE('',(#7712),#7723,.T.);
#7712 = FACE_BOUND('',#7713,.T.);
#7713 = EDGE_LOOP('',(#7714,#7715,#7716,#7722));
#7714 = ORIENTED_EDGE('',*,*,#7700,.T.);
#7715 = ORIENTED_EDGE('',*,*,#3975,.T.);
#7716 = ORIENTED_EDGE('',*,*,#7717,.F.);
#7717 = EDGE_CURVE('',#351,#3968,#7718,.T.);
#7718 = LINE('',#7719,#7720);
#7719 = CARTESIAN_POINT('',(48.95,-61.39,0.));
#7720 = VECTOR('',#7721,1.);
#7721 = DIRECTION('',(0.,0.,1.));
#7722 = ORIENTED_EDGE('',*,*,#358,.F.);
#7723 = PLANE('',#7724);
#7724 = AXIS2_PLACEMENT_3D('',#7725,#7726,#7727);
#7725 = CARTESIAN_POINT('',(48.95,-169.54,0.));
#7726 = DIRECTION('',(-1.,0.,0.));
#7727 = DIRECTION('',(0.,1.,0.));
#7728 = ADVANCED_FACE('',(#7729),#7740,.T.);
#7729 = FACE_BOUND('',#7730,.T.);
#7730 = EDGE_LOOP('',(#7731,#7732,#7733,#7739));
#7731 = ORIENTED_EDGE('',*,*,#7717,.T.);
#7732 = ORIENTED_EDGE('',*,*,#3967,.T.);
#7733 = ORIENTED_EDGE('',*,*,#7734,.F.);
#7734 = EDGE_CURVE('',#343,#3960,#7735,.T.);
#7735 = LINE('',#7736,#7737);
#7736 = CARTESIAN_POINT('',(80.15,-61.39,0.));
#7737 = VECTOR('',#7738,1.);
#7738 = DIRECTION('',(0.,0.,1.));
#7739 = ORIENTED_EDGE('',*,*,#350,.F.);
#7740 = PLANE('',#7741);
#7741 = AXIS2_PLACEMENT_3D('',#7742,#7743,#7744);
#7742 = CARTESIAN_POINT('',(48.95,-61.39,0.));
#7743 = DIRECTION('',(0.,1.,0.));
#7744 = DIRECTION('',(1.,0.,0.));
#7745 = ADVANCED_FACE('',(#7746),#7757,.T.);
#7746 = FACE_BOUND('',#7747,.T.);
#7747 = EDGE_LOOP('',(#7748,#7749,#7750,#7756));
#7748 = ORIENTED_EDGE('',*,*,#7734,.T.);
#7749 = ORIENTED_EDGE('',*,*,#3959,.T.);
#7750 = ORIENTED_EDGE('',*,*,#7751,.F.);
#7751 = EDGE_CURVE('',#335,#3952,#7752,.T.);
#7752 = LINE('',#7753,#7754);
#7753 = CARTESIAN_POINT('',(80.15,-51.27,0.));
#7754 = VECTOR('',#7755,1.);
#7755 = DIRECTION('',(0.,0.,1.));
#7756 = ORIENTED_EDGE('',*,*,#342,.F.);
#7757 = PLANE('',#7758);
#7758 = AXIS2_PLACEMENT_3D('',#7759,#7760,#7761);
#7759 = CARTESIAN_POINT('',(80.15,-61.39,0.));
#7760 = DIRECTION('',(-1.,0.,0.));
#7761 = DIRECTION('',(0.,1.,0.));
#7762 = ADVANCED_FACE('',(#7763),#7774,.T.);
#7763 = FACE_BOUND('',#7764,.T.);
#7764 = EDGE_LOOP('',(#7765,#7766,#7767,#7773));
#7765 = ORIENTED_EDGE('',*,*,#7751,.T.);
#7766 = ORIENTED_EDGE('',*,*,#3951,.T.);
#7767 = ORIENTED_EDGE('',*,*,#7768,.F.);
#7768 = EDGE_CURVE('',#327,#3944,#7769,.T.);
#7769 = LINE('',#7770,#7771);
#7770 = CARTESIAN_POINT('',(108.25,-51.27,0.));
#7771 = VECTOR('',#7772,1.);
#7772 = DIRECTION('',(0.,0.,1.));
#7773 = ORIENTED_EDGE('',*,*,#334,.F.);
#7774 = PLANE('',#7775);
#7775 = AXIS2_PLACEMENT_3D('',#7776,#7777,#7778);
#7776 = CARTESIAN_POINT('',(80.15,-51.27,0.));
#7777 = DIRECTION('',(0.,1.,0.));
#7778 = DIRECTION('',(1.,0.,0.));
#7779 = ADVANCED_FACE('',(#7780),#7791,.T.);
#7780 = FACE_BOUND('',#7781,.T.);
#7781 = EDGE_LOOP('',(#7782,#7783,#7784,#7790));
#7782 = ORIENTED_EDGE('',*,*,#7768,.T.);
#7783 = ORIENTED_EDGE('',*,*,#3943,.T.);
#7784 = ORIENTED_EDGE('',*,*,#7785,.F.);
#7785 = EDGE_CURVE('',#319,#3936,#7786,.T.);
#7786 = LINE('',#7787,#7788);
#7787 = CARTESIAN_POINT('',(108.25,-42.28,0.));
#7788 = VECTOR('',#7789,1.);
#7789 = DIRECTION('',(0.,0.,1.));
#7790 = ORIENTED_EDGE('',*,*,#326,.F.);
#7791 = PLANE('',#7792);
#7792 = AXIS2_PLACEMENT_3D('',#7793,#7794,#7795);
#7793 = CARTESIAN_POINT('',(108.25,-51.27,0.));
#7794 = DIRECTION('',(-1.,0.,0.));
#7795 = DIRECTION('',(0.,1.,0.));
#7796 = ADVANCED_FACE('',(#7797),#7808,.T.);
#7797 = FACE_BOUND('',#7798,.T.);
#7798 = EDGE_LOOP('',(#7799,#7800,#7801,#7807));
#7799 = ORIENTED_EDGE('',*,*,#7785,.T.);
#7800 = ORIENTED_EDGE('',*,*,#3935,.T.);
#7801 = ORIENTED_EDGE('',*,*,#7802,.F.);
#7802 = EDGE_CURVE('',#311,#3928,#7803,.T.);
#7803 = LINE('',#7804,#7805);
#7804 = CARTESIAN_POINT('',(136.84,-42.28,0.));
#7805 = VECTOR('',#7806,1.);
#7806 = DIRECTION('',(0.,0.,1.));
#7807 = ORIENTED_EDGE('',*,*,#318,.F.);
#7808 = PLANE('',#7809);
#7809 = AXIS2_PLACEMENT_3D('',#7810,#7811,#7812);
#7810 = CARTESIAN_POINT('',(108.25,-42.28,0.));
#7811 = DIRECTION('',(0.,1.,0.));
#7812 = DIRECTION('',(1.,0.,0.));
#7813 = ADVANCED_FACE('',(#7814),#7825,.T.);
#7814 = FACE_BOUND('',#7815,.T.);
#7815 = EDGE_LOOP('',(#7816,#7817,#7818,#7824));
#7816 = ORIENTED_EDGE('',*,*,#7802,.T.);
#7817 = ORIENTED_EDGE('',*,*,#3927,.T.);
#7818 = ORIENTED_EDGE('',*,*,#7819,.F.);
#7819 = EDGE_CURVE('',#303,#3920,#7820,.T.);
#7820 = LINE('',#7821,#7822);
#7821 = CARTESIAN_POINT('',(136.84,-50.78,0.));
#7822 = VECTOR('',#7823,1.);
#7823 = DIRECTION('',(0.,0.,1.));
#7824 = ORIENTED_EDGE('',*,*,#310,.F.);
#7825 = PLANE('',#7826);
#7826 = AXIS2_PLACEMENT_3D('',#7827,#7828,#7829);
#7827 = CARTESIAN_POINT('',(136.84,-42.28,0.));
#7828 = DIRECTION('',(1.,0.,-0.));
#7829 = DIRECTION('',(0.,-1.,0.));
#7830 = ADVANCED_FACE('',(#7831),#7842,.T.);
#7831 = FACE_BOUND('',#7832,.T.);
#7832 = EDGE_LOOP('',(#7833,#7834,#7835,#7841));
#7833 = ORIENTED_EDGE('',*,*,#7819,.T.);
#7834 = ORIENTED_EDGE('',*,*,#3919,.T.);
#7835 = ORIENTED_EDGE('',*,*,#7836,.F.);
#7836 = EDGE_CURVE('',#295,#3912,#7837,.T.);
#7837 = LINE('',#7838,#7839);
#7838 = CARTESIAN_POINT('',(162.65,-50.78,0.));
#7839 = VECTOR('',#7840,1.);
#7840 = DIRECTION('',(0.,0.,1.));
#7841 = ORIENTED_EDGE('',*,*,#302,.F.);
#7842 = PLANE('',#7843);
#7843 = AXIS2_PLACEMENT_3D('',#7844,#7845,#7846);
#7844 = CARTESIAN_POINT('',(136.84,-50.78,0.));
#7845 = DIRECTION('',(0.,1.,0.));
#7846 = DIRECTION('',(1.,0.,0.));
#7847 = ADVANCED_FACE('',(#7848),#7859,.T.);
#7848 = FACE_BOUND('',#7849,.T.);
#7849 = EDGE_LOOP('',(#7850,#7851,#7852,#7858));
#7850 = ORIENTED_EDGE('',*,*,#7836,.T.);
#7851 = ORIENTED_EDGE('',*,*,#3911,.T.);
#7852 = ORIENTED_EDGE('',*,*,#7853,.F.);
#7853 = EDGE_CURVE('',#287,#3904,#7854,.T.);
#7854 = LINE('',#7855,#7856);
#7855 = CARTESIAN_POINT('',(162.65,-58.29,0.));
#7856 = VECTOR('',#7857,1.);
#7857 = DIRECTION('',(0.,0.,1.));
#7858 = ORIENTED_EDGE('',*,*,#294,.F.);
#7859 = PLANE('',#7860);
#7860 = AXIS2_PLACEMENT_3D('',#7861,#7862,#7863);
#7861 = CARTESIAN_POINT('',(162.65,-50.78,0.));
#7862 = DIRECTION('',(1.,0.,-0.));
#7863 = DIRECTION('',(0.,-1.,0.));
#7864 = ADVANCED_FACE('',(#7865),#7876,.T.);
#7865 = FACE_BOUND('',#7866,.T.);
#7866 = EDGE_LOOP('',(#7867,#7868,#7869,#7875));
#7867 = ORIENTED_EDGE('',*,*,#7853,.T.);
#7868 = ORIENTED_EDGE('',*,*,#3903,.T.);
#7869 = ORIENTED_EDGE('',*,*,#7870,.F.);
#7870 = EDGE_CURVE('',#279,#3896,#7871,.T.);
#7871 = LINE('',#7872,#7873);
#7872 = CARTESIAN_POINT('',(186.585,-58.29,0.));
#7873 = VECTOR('',#7874,1.);
#7874 = DIRECTION('',(0.,0.,1.));
#7875 = ORIENTED_EDGE('',*,*,#286,.F.);
#7876 = PLANE('',#7877);
#7877 = AXIS2_PLACEMENT_3D('',#7878,#7879,#7880);
#7878 = CARTESIAN_POINT('',(162.65,-58.29,0.));
#7879 = DIRECTION('',(0.,1.,0.));
#7880 = DIRECTION('',(1.,0.,0.));
#7881 = ADVANCED_FACE('',(#7882),#7893,.T.);
#7882 = FACE_BOUND('',#7883,.T.);
#7883 = EDGE_LOOP('',(#7884,#7885,#7886,#7892));
#7884 = ORIENTED_EDGE('',*,*,#7870,.T.);
#7885 = ORIENTED_EDGE('',*,*,#3895,.T.);
#7886 = ORIENTED_EDGE('',*,*,#7887,.F.);
#7887 = EDGE_CURVE('',#271,#3888,#7888,.T.);
#7888 = LINE('',#7889,#7890);
#7889 = CARTESIAN_POINT('',(191.,-65.08,0.));
#7890 = VECTOR('',#7891,1.);
#7891 = DIRECTION('',(0.,0.,1.));
#7892 = ORIENTED_EDGE('',*,*,#278,.F.);
#7893 = PLANE('',#7894);
#7894 = AXIS2_PLACEMENT_3D('',#7895,#7896,#7897);
#7895 = CARTESIAN_POINT('',(186.585,-58.29,0.));
#7896 = DIRECTION('',(0.838358978483,0.545118540501,-0.));
#7897 = DIRECTION('',(0.545118540501,-0.838358978483,0.));
#7898 = ADVANCED_FACE('',(#7899),#7910,.T.);
#7899 = FACE_BOUND('',#7900,.T.);
#7900 = EDGE_LOOP('',(#7901,#7902,#7903,#7909));
#7901 = ORIENTED_EDGE('',*,*,#7887,.T.);
#7902 = ORIENTED_EDGE('',*,*,#3887,.T.);
#7903 = ORIENTED_EDGE('',*,*,#7904,.F.);
#7904 = EDGE_CURVE('',#263,#3880,#7905,.T.);
#7905 = LINE('',#7906,#7907);
#7906 = CARTESIAN_POINT('',(210.52,-65.08,0.));
#7907 = VECTOR('',#7908,1.);
#7908 = DIRECTION('',(0.,0.,1.));
#7909 = ORIENTED_EDGE('',*,*,#270,.F.);
#7910 = PLANE('',#7911);
#7911 = AXIS2_PLACEMENT_3D('',#7912,#7913,#7914);
#7912 = CARTESIAN_POINT('',(191.,-65.08,0.));
#7913 = DIRECTION('',(0.,1.,0.));
#7914 = DIRECTION('',(1.,0.,0.));
#7915 = ADVANCED_FACE('',(#7916),#7927,.T.);
#7916 = FACE_BOUND('',#7917,.T.);
#7917 = EDGE_LOOP('',(#7918,#7919,#7920,#7926));
#7918 = ORIENTED_EDGE('',*,*,#7904,.T.);
#7919 = ORIENTED_EDGE('',*,*,#3879,.T.);
#7920 = ORIENTED_EDGE('',*,*,#7921,.F.);
#7921 = EDGE_CURVE('',#254,#3871,#7922,.T.);
#7922 = LINE('',#7923,#7924);
#7923 = CARTESIAN_POINT('',(215.519951,-65.080105,0.));
#7924 = VECTOR('',#7925,1.);
#7925 = DIRECTION('',(0.,0.,1.));
#7926 = ORIENTED_EDGE('',*,*,#262,.F.);
#7927 = PLANE('',#7928);
#7928 = AXIS2_PLACEMENT_3D('',#7929,#7930,#7931);
#7929 = CARTESIAN_POINT('',(210.52,-65.08,0.));
#7930 = DIRECTION('',(2.100020579837E-05,0.999999999779,-0.));
#7931 = DIRECTION('',(0.999999999779,-2.100020579837E-05,0.));
#7932 = ADVANCED_FACE('',(#7933),#7944,.F.);
#7933 = FACE_BOUND('',#7934,.T.);
#7934 = EDGE_LOOP('',(#7935,#7936,#7937,#7938));
#7935 = ORIENTED_EDGE('',*,*,#253,.F.);
#7936 = ORIENTED_EDGE('',*,*,#7921,.T.);
#7937 = ORIENTED_EDGE('',*,*,#3870,.T.);
#7938 = ORIENTED_EDGE('',*,*,#7939,.T.);
#7939 = EDGE_CURVE('',#3862,#245,#7940,.T.);
#7940 = LINE('',#7941,#7942);
#7941 = CARTESIAN_POINT('',(215.72578780472,-66.14176438415,0.));
#7942 = VECTOR('',#7943,1.);
#7943 = DIRECTION('',(-0.,-0.,-1.));
#7944 = CYLINDRICAL_SURFACE('',#7945,2.635351177177);
#7945 = AXIS2_PLACEMENT_3D('',#7946,#7947,#7948);
#7946 = CARTESIAN_POINT('',(218.15500019074,-65.11999972894,0.));
#7947 = DIRECTION('',(-0.,-0.,-1.));
#7948 = DIRECTION('',(-0.999885409416,1.513829704783E-02,-0.));
#7949 = ADVANCED_FACE('',(#7950),#7961,.F.);
#7950 = FACE_BOUND('',#7951,.T.);
#7951 = EDGE_LOOP('',(#7952,#7958,#7959,#7960));
#7952 = ORIENTED_EDGE('',*,*,#7953,.F.);
#7953 = EDGE_CURVE('',#236,#3853,#7954,.T.);
#7954 = LINE('',#7955,#7956);
#7955 = CARTESIAN_POINT('',(215.65,-66.63,-4.6E-02));
#7956 = VECTOR('',#7957,1.);
#7957 = DIRECTION('',(0.,0.,1.));
#7958 = ORIENTED_EDGE('',*,*,#244,.T.);
#7959 = ORIENTED_EDGE('',*,*,#7939,.F.);
#7960 = ORIENTED_EDGE('',*,*,#3861,.F.);
#7961 = CYLINDRICAL_SURFACE('',#7962,0.25);
#7962 = AXIS2_PLACEMENT_3D('',#7963,#7964,#7965);
#7963 = CARTESIAN_POINT('',(215.65,-66.38,-4.6E-02));
#7964 = DIRECTION('',(-0.,-0.,-1.));
#7965 = DIRECTION('',(-0.,-1.,0.));
#7966 = ADVANCED_FACE('',(#7967),#7978,.F.);
#7967 = FACE_BOUND('',#7968,.T.);
#7968 = EDGE_LOOP('',(#7969,#7970,#7971,#7972));
#7969 = ORIENTED_EDGE('',*,*,#235,.T.);
#7970 = ORIENTED_EDGE('',*,*,#7953,.T.);
#7971 = ORIENTED_EDGE('',*,*,#3852,.F.);
#7972 = ORIENTED_EDGE('',*,*,#7973,.T.);
#7973 = EDGE_CURVE('',#3844,#227,#7974,.T.);
#7974 = LINE('',#7975,#7976);
#7975 = CARTESIAN_POINT('',(215.88645231336,-66.46118068431,0.));
#7976 = VECTOR('',#7977,1.);
#7977 = DIRECTION('',(-0.,-0.,-1.));
#7978 = CYLINDRICAL_SURFACE('',#7979,0.25);
#7979 = AXIS2_PLACEMENT_3D('',#7980,#7981,#7982);
#7980 = CARTESIAN_POINT('',(215.65,-66.38,-4.6E-02));
#7981 = DIRECTION('',(-0.,-0.,-1.));
#7982 = DIRECTION('',(-0.,-1.,0.));
#7983 = ADVANCED_FACE('',(#7984),#7995,.F.);
#7984 = FACE_BOUND('',#7985,.T.);
#7985 = EDGE_LOOP('',(#7986,#7987,#7988,#7989));
#7986 = ORIENTED_EDGE('',*,*,#226,.F.);
#7987 = ORIENTED_EDGE('',*,*,#7973,.F.);
#7988 = ORIENTED_EDGE('',*,*,#3843,.T.);
#7989 = ORIENTED_EDGE('',*,*,#7990,.T.);
#7990 = EDGE_CURVE('',#3835,#218,#7991,.T.);
#7991 = LINE('',#7992,#7993);
#7992 = CARTESIAN_POINT('',(220.41737375485,-66.4715698098,0.));
#7993 = VECTOR('',#7994,1.);
#7994 = DIRECTION('',(-0.,-0.,-1.));
#7995 = CYLINDRICAL_SURFACE('',#7996,2.635351177177);
#7996 = AXIS2_PLACEMENT_3D('',#7997,#7998,#7999);
#7997 = CARTESIAN_POINT('',(218.15500019074,-65.11999972894,0.));
#7998 = DIRECTION('',(-0.,-0.,-1.));
#7999 = DIRECTION('',(-0.999885409416,1.513829704783E-02,-0.));
#8000 = ADVANCED_FACE('',(#8001),#8012,.F.);
#8001 = FACE_BOUND('',#8002,.T.);
#8002 = EDGE_LOOP('',(#8003,#8009,#8010,#8011));
#8003 = ORIENTED_EDGE('',*,*,#8004,.F.);
#8004 = EDGE_CURVE('',#209,#3826,#8005,.T.);
#8005 = LINE('',#8006,#8007);
#8006 = CARTESIAN_POINT('',(220.65,-66.63,-4.6E-02));
#8007 = VECTOR('',#8008,1.);
#8008 = DIRECTION('',(0.,0.,1.));
#8009 = ORIENTED_EDGE('',*,*,#217,.T.);
#8010 = ORIENTED_EDGE('',*,*,#7990,.F.);
#8011 = ORIENTED_EDGE('',*,*,#3834,.F.);
#8012 = CYLINDRICAL_SURFACE('',#8013,0.25);
#8013 = AXIS2_PLACEMENT_3D('',#8014,#8015,#8016);
#8014 = CARTESIAN_POINT('',(220.65,-66.38,-4.6E-02));
#8015 = DIRECTION('',(-0.,-0.,-1.));
#8016 = DIRECTION('',(-0.,-1.,0.));
#8017 = ADVANCED_FACE('',(#8018),#8029,.F.);
#8018 = FACE_BOUND('',#8019,.T.);
#8019 = EDGE_LOOP('',(#8020,#8021,#8022,#8023));
#8020 = ORIENTED_EDGE('',*,*,#208,.T.);
#8021 = ORIENTED_EDGE('',*,*,#8004,.T.);
#8022 = ORIENTED_EDGE('',*,*,#3825,.F.);
#8023 = ORIENTED_EDGE('',*,*,#8024,.T.);
#8024 = EDGE_CURVE('',#3817,#200,#8025,.T.);
#8025 = LINE('',#8026,#8027);
#8026 = CARTESIAN_POINT('',(220.58561059184,-66.13843426543,0.));
#8027 = VECTOR('',#8028,1.);
#8028 = DIRECTION('',(-0.,-0.,-1.));
#8029 = CYLINDRICAL_SURFACE('',#8030,0.25);
#8030 = AXIS2_PLACEMENT_3D('',#8031,#8032,#8033);
#8031 = CARTESIAN_POINT('',(220.65,-66.38,-4.6E-02));
#8032 = DIRECTION('',(-0.,-0.,-1.));
#8033 = DIRECTION('',(-0.,-1.,0.));
#8034 = ADVANCED_FACE('',(#8035),#8046,.F.);
#8035 = FACE_BOUND('',#8036,.T.);
#8036 = EDGE_LOOP('',(#8037,#8038,#8039,#8040));
#8037 = ORIENTED_EDGE('',*,*,#199,.F.);
#8038 = ORIENTED_EDGE('',*,*,#8024,.F.);
#8039 = ORIENTED_EDGE('',*,*,#3816,.T.);
#8040 = ORIENTED_EDGE('',*,*,#8041,.F.);
#8041 = EDGE_CURVE('',#192,#3809,#8042,.T.);
#8042 = LINE('',#8043,#8044);
#8043 = CARTESIAN_POINT('',(220.789877,-65.17,0.));
#8044 = VECTOR('',#8045,1.);
#8045 = DIRECTION('',(0.,0.,1.));
#8046 = CYLINDRICAL_SURFACE('',#8047,2.635351177177);
#8047 = AXIS2_PLACEMENT_3D('',#8048,#8049,#8050);
#8048 = CARTESIAN_POINT('',(218.15500019074,-65.11999972894,0.));
#8049 = DIRECTION('',(-0.,-0.,-1.));
#8050 = DIRECTION('',(-0.999885409416,1.513829704783E-02,-0.));
#8051 = ADVANCED_FACE('',(#8052),#8063,.T.);
#8052 = FACE_BOUND('',#8053,.T.);
#8053 = EDGE_LOOP('',(#8054,#8055,#8056,#8062));
#8054 = ORIENTED_EDGE('',*,*,#8041,.T.);
#8055 = ORIENTED_EDGE('',*,*,#3808,.T.);
#8056 = ORIENTED_EDGE('',*,*,#8057,.F.);
#8057 = EDGE_CURVE('',#184,#3801,#8058,.T.);
#8058 = LINE('',#8059,#8060);
#8059 = CARTESIAN_POINT('',(245.131973,-65.18,0.));
#8060 = VECTOR('',#8061,1.);
#8061 = DIRECTION('',(0.,0.,1.));
#8062 = ORIENTED_EDGE('',*,*,#191,.F.);
#8063 = PLANE('',#8064);
#8064 = AXIS2_PLACEMENT_3D('',#8065,#8066,#8067);
#8065 = CARTESIAN_POINT('',(220.789877,-65.17,0.));
#8066 = DIRECTION('',(4.108109324759E-04,0.999999915617,-0.));
#8067 = DIRECTION('',(0.999999915617,-4.108109324759E-04,0.));
#8068 = ADVANCED_FACE('',(#8069),#8080,.T.);
#8069 = FACE_BOUND('',#8070,.T.);
#8070 = EDGE_LOOP('',(#8071,#8072,#8073,#8079));
#8071 = ORIENTED_EDGE('',*,*,#8057,.T.);
#8072 = ORIENTED_EDGE('',*,*,#3800,.T.);
#8073 = ORIENTED_EDGE('',*,*,#8074,.F.);
#8074 = EDGE_CURVE('',#176,#3793,#8075,.T.);
#8075 = LINE('',#8076,#8077);
#8076 = CARTESIAN_POINT('',(249.625,-58.27,0.));
#8077 = VECTOR('',#8078,1.);
#8078 = DIRECTION('',(0.,0.,1.));
#8079 = ORIENTED_EDGE('',*,*,#183,.F.);
#8080 = PLANE('',#8081);
#8081 = AXIS2_PLACEMENT_3D('',#8082,#8083,#8084);
#8082 = CARTESIAN_POINT('',(245.131973,-65.18,0.));
#8083 = DIRECTION('',(-0.83835895129,0.545118582321,0.));
#8084 = DIRECTION('',(0.545118582321,0.83835895129,0.));
#8085 = ADVANCED_FACE('',(#8086),#8097,.T.);
#8086 = FACE_BOUND('',#8087,.T.);
#8087 = EDGE_LOOP('',(#8088,#8089,#8090,#8096));
#8088 = ORIENTED_EDGE('',*,*,#8074,.T.);
#8089 = ORIENTED_EDGE('',*,*,#3792,.T.);
#8090 = ORIENTED_EDGE('',*,*,#8091,.F.);
#8091 = EDGE_CURVE('',#168,#3785,#8092,.T.);
#8092 = LINE('',#8093,#8094);
#8093 = CARTESIAN_POINT('',(273.56,-58.27,0.));
#8094 = VECTOR('',#8095,1.);
#8095 = DIRECTION('',(0.,0.,1.));
#8096 = ORIENTED_EDGE('',*,*,#175,.F.);
#8097 = PLANE('',#8098);
#8098 = AXIS2_PLACEMENT_3D('',#8099,#8100,#8101);
#8099 = CARTESIAN_POINT('',(249.625,-58.27,0.));
#8100 = DIRECTION('',(0.,1.,0.));
#8101 = DIRECTION('',(1.,0.,0.));
#8102 = ADVANCED_FACE('',(#8103),#8114,.T.);
#8103 = FACE_BOUND('',#8104,.T.);
#8104 = EDGE_LOOP('',(#8105,#8106,#8107,#8113));
#8105 = ORIENTED_EDGE('',*,*,#8091,.T.);
#8106 = ORIENTED_EDGE('',*,*,#3784,.T.);
#8107 = ORIENTED_EDGE('',*,*,#8108,.F.);
#8108 = EDGE_CURVE('',#160,#3777,#8109,.T.);
#8109 = LINE('',#8110,#8111);
#8110 = CARTESIAN_POINT('',(273.56,-50.76,0.));
#8111 = VECTOR('',#8112,1.);
#8112 = DIRECTION('',(0.,0.,1.));
#8113 = ORIENTED_EDGE('',*,*,#167,.F.);
#8114 = PLANE('',#8115);
#8115 = AXIS2_PLACEMENT_3D('',#8116,#8117,#8118);
#8116 = CARTESIAN_POINT('',(273.56,-58.27,0.));
#8117 = DIRECTION('',(-1.,0.,0.));
#8118 = DIRECTION('',(0.,1.,0.));
#8119 = ADVANCED_FACE('',(#8120),#8131,.T.);
#8120 = FACE_BOUND('',#8121,.T.);
#8121 = EDGE_LOOP('',(#8122,#8123,#8124,#8130));
#8122 = ORIENTED_EDGE('',*,*,#8108,.T.);
#8123 = ORIENTED_EDGE('',*,*,#3776,.T.);
#8124 = ORIENTED_EDGE('',*,*,#8125,.F.);
#8125 = EDGE_CURVE('',#152,#3769,#8126,.T.);
#8126 = LINE('',#8127,#8128);
#8127 = CARTESIAN_POINT('',(299.37,-50.76,0.));
#8128 = VECTOR('',#8129,1.);
#8129 = DIRECTION('',(0.,0.,1.));
#8130 = ORIENTED_EDGE('',*,*,#159,.F.);
#8131 = PLANE('',#8132);
#8132 = AXIS2_PLACEMENT_3D('',#8133,#8134,#8135);
#8133 = CARTESIAN_POINT('',(273.56,-50.76,0.));
#8134 = DIRECTION('',(0.,1.,0.));
#8135 = DIRECTION('',(1.,0.,0.));
#8136 = ADVANCED_FACE('',(#8137),#8143,.T.);
#8137 = FACE_BOUND('',#8138,.T.);
#8138 = EDGE_LOOP('',(#8139,#8140,#8141,#8142));
#8139 = ORIENTED_EDGE('',*,*,#8125,.T.);
#8140 = ORIENTED_EDGE('',*,*,#3768,.T.);
#8141 = ORIENTED_EDGE('',*,*,#7375,.F.);
#8142 = ORIENTED_EDGE('',*,*,#151,.F.);
#8143 = PLANE('',#8144);
#8144 = AXIS2_PLACEMENT_3D('',#8145,#8146,#8147);
#8145 = CARTESIAN_POINT('',(299.37,-50.76,0.));
#8146 = DIRECTION('',(-1.,0.,0.));
#8147 = DIRECTION('',(0.,1.,0.));
#8148 = ADVANCED_FACE('',(#8149),#8160,.F.);
#8149 = FACE_BOUND('',#8150,.T.);
#8150 = EDGE_LOOP('',(#8151,#8152,#8158,#8159));
#8151 = ORIENTED_EDGE('',*,*,#524,.T.);
#8152 = ORIENTED_EDGE('',*,*,#8153,.T.);
#8153 = EDGE_CURVE('',#525,#4142,#8154,.T.);
#8154 = LINE('',#8155,#8156);
#8155 = CARTESIAN_POINT('',(53.566194,-166.523806,-4.6E-02));
#8156 = VECTOR('',#8157,1.);
#8157 = DIRECTION('',(0.,0.,1.));
#8158 = ORIENTED_EDGE('',*,*,#4141,.F.);
#8159 = ORIENTED_EDGE('',*,*,#8153,.F.);
#8160 = CYLINDRICAL_SURFACE('',#8161,1.6);
#8161 = AXIS2_PLACEMENT_3D('',#8162,#8163,#8164);
#8162 = CARTESIAN_POINT('',(53.566194,-164.923806,-4.6E-02));
#8163 = DIRECTION('',(-0.,0.,-1.));
#8164 = DIRECTION('',(4.440892098501E-15,-1.,-0.));
#8165 = ADVANCED_FACE('',(#8166),#8177,.F.);
#8166 = FACE_BOUND('',#8167,.T.);
#8167 = EDGE_LOOP('',(#8168,#8169,#8175,#8176));
#8168 = ORIENTED_EDGE('',*,*,#535,.T.);
#8169 = ORIENTED_EDGE('',*,*,#8170,.T.);
#8170 = EDGE_CURVE('',#536,#4153,#8171,.T.);
#8171 = LINE('',#8172,#8173);
#8172 = CARTESIAN_POINT('',(66.35,-153.035,-4.6E-02));
#8173 = VECTOR('',#8174,1.);
#8174 = DIRECTION('',(0.,0.,1.));
#8175 = ORIENTED_EDGE('',*,*,#4152,.F.);
#8176 = ORIENTED_EDGE('',*,*,#8170,.F.);
#8177 = CYLINDRICAL_SURFACE('',#8178,0.875);
#8178 = AXIS2_PLACEMENT_3D('',#8179,#8180,#8181);
#8179 = CARTESIAN_POINT('',(66.35,-152.16,-4.6E-02));
#8180 = DIRECTION('',(-0.,-0.,-1.));
#8181 = DIRECTION('',(-0.,-1.,0.));
#8182 = ADVANCED_FACE('',(#8183),#8194,.F.);
#8183 = FACE_BOUND('',#8184,.T.);
#8184 = EDGE_LOOP('',(#8185,#8186,#8192,#8193));
#8185 = ORIENTED_EDGE('',*,*,#546,.T.);
#8186 = ORIENTED_EDGE('',*,*,#8187,.T.);
#8187 = EDGE_CURVE('',#547,#4164,#8188,.T.);
#8188 = LINE('',#8189,#8190);
#8189 = CARTESIAN_POINT('',(71.43,-154.1539,-4.6E-02));
#8190 = VECTOR('',#8191,1.);
#8191 = DIRECTION('',(0.,0.,1.));
#8192 = ORIENTED_EDGE('',*,*,#4163,.F.);
#8193 = ORIENTED_EDGE('',*,*,#8187,.F.);
#8194 = CYLINDRICAL_SURFACE('',#8195,1.9939);
#8195 = AXIS2_PLACEMENT_3D('',#8196,#8197,#8198);
#8196 = CARTESIAN_POINT('',(71.43,-152.16,-4.6E-02));
#8197 = DIRECTION('',(-0.,-0.,-1.));
#8198 = DIRECTION('',(-0.,-1.,0.));
#8199 = ADVANCED_FACE('',(#8200),#8211,.F.);
#8200 = FACE_BOUND('',#8201,.T.);
#8201 = EDGE_LOOP('',(#8202,#8203,#8209,#8210));
#8202 = ORIENTED_EDGE('',*,*,#557,.T.);
#8203 = ORIENTED_EDGE('',*,*,#8204,.T.);
#8204 = EDGE_CURVE('',#558,#4175,#8205,.T.);
#8205 = LINE('',#8206,#8207);
#8206 = CARTESIAN_POINT('',(67.62,-151.12,-4.6E-02));
#8207 = VECTOR('',#8208,1.);
#8208 = DIRECTION('',(0.,0.,1.));
#8209 = ORIENTED_EDGE('',*,*,#4174,.F.);
#8210 = ORIENTED_EDGE('',*,*,#8204,.F.);
#8211 = CYLINDRICAL_SURFACE('',#8212,1.5);
#8212 = AXIS2_PLACEMENT_3D('',#8213,#8214,#8215);
#8213 = CARTESIAN_POINT('',(67.62,-149.62,-4.6E-02));
#8214 = DIRECTION('',(-0.,-0.,-1.));
#8215 = DIRECTION('',(-0.,-1.,0.));
#8216 = ADVANCED_FACE('',(#8217),#8228,.F.);
#8217 = FACE_BOUND('',#8218,.T.);
#8218 = EDGE_LOOP('',(#8219,#8220,#8226,#8227));
#8219 = ORIENTED_EDGE('',*,*,#568,.T.);
#8220 = ORIENTED_EDGE('',*,*,#8221,.T.);
#8221 = EDGE_CURVE('',#569,#4186,#8222,.T.);
#8222 = LINE('',#8223,#8224);
#8223 = CARTESIAN_POINT('',(76.51,-153.035,-4.6E-02));
#8224 = VECTOR('',#8225,1.);
#8225 = DIRECTION('',(0.,0.,1.));
#8226 = ORIENTED_EDGE('',*,*,#4185,.F.);
#8227 = ORIENTED_EDGE('',*,*,#8221,.F.);
#8228 = CYLINDRICAL_SURFACE('',#8229,0.875);
#8229 = AXIS2_PLACEMENT_3D('',#8230,#8231,#8232);
#8230 = CARTESIAN_POINT('',(76.51,-152.16,-4.6E-02));
#8231 = DIRECTION('',(-0.,-0.,-1.));
#8232 = DIRECTION('',(-0.,-1.,0.));
#8233 = ADVANCED_FACE('',(#8234),#8245,.F.);
#8234 = FACE_BOUND('',#8235,.T.);
#8235 = EDGE_LOOP('',(#8236,#8237,#8243,#8244));
#8236 = ORIENTED_EDGE('',*,*,#579,.T.);
#8237 = ORIENTED_EDGE('',*,*,#8238,.T.);
#8238 = EDGE_CURVE('',#580,#4197,#8239,.T.);
#8239 = LINE('',#8240,#8241);
#8240 = CARTESIAN_POINT('',(73.97,-148.58,-4.6E-02));
#8241 = VECTOR('',#8242,1.);
#8242 = DIRECTION('',(0.,0.,1.));
#8243 = ORIENTED_EDGE('',*,*,#4196,.F.);
#8244 = ORIENTED_EDGE('',*,*,#8238,.F.);
#8245 = CYLINDRICAL_SURFACE('',#8246,1.5);
#8246 = AXIS2_PLACEMENT_3D('',#8247,#8248,#8249);
#8247 = CARTESIAN_POINT('',(73.97,-147.08,-4.6E-02));
#8248 = DIRECTION('',(-0.,-0.,-1.));
#8249 = DIRECTION('',(-0.,-1.,0.));
#8250 = ADVANCED_FACE('',(#8251),#8262,.F.);
#8251 = FACE_BOUND('',#8252,.T.);
#8252 = EDGE_LOOP('',(#8253,#8254,#8260,#8261));
#8253 = ORIENTED_EDGE('',*,*,#590,.T.);
#8254 = ORIENTED_EDGE('',*,*,#8255,.T.);
#8255 = EDGE_CURVE('',#591,#4208,#8256,.T.);
#8256 = LINE('',#8257,#8258);
#8257 = CARTESIAN_POINT('',(91.61,-141.435,-4.6E-02));
#8258 = VECTOR('',#8259,1.);
#8259 = DIRECTION('',(0.,0.,1.));
#8260 = ORIENTED_EDGE('',*,*,#4207,.F.);
#8261 = ORIENTED_EDGE('',*,*,#8255,.F.);
#8262 = CYLINDRICAL_SURFACE('',#8263,0.875);
#8263 = AXIS2_PLACEMENT_3D('',#8264,#8265,#8266);
#8264 = CARTESIAN_POINT('',(91.61,-140.56,-4.6E-02));
#8265 = DIRECTION('',(-0.,-0.,-1.));
#8266 = DIRECTION('',(-0.,-1.,0.));
#8267 = ADVANCED_FACE('',(#8268),#8279,.F.);
#8268 = FACE_BOUND('',#8269,.T.);
#8269 = EDGE_LOOP('',(#8270,#8271,#8277,#8278));
#8270 = ORIENTED_EDGE('',*,*,#601,.T.);
#8271 = ORIENTED_EDGE('',*,*,#8272,.T.);
#8272 = EDGE_CURVE('',#602,#4219,#8273,.T.);
#8273 = LINE('',#8274,#8275);
#8274 = CARTESIAN_POINT('',(96.69,-142.5539,-4.6E-02));
#8275 = VECTOR('',#8276,1.);
#8276 = DIRECTION('',(0.,0.,1.));
#8277 = ORIENTED_EDGE('',*,*,#4218,.F.);
#8278 = ORIENTED_EDGE('',*,*,#8272,.F.);
#8279 = CYLINDRICAL_SURFACE('',#8280,1.9939);
#8280 = AXIS2_PLACEMENT_3D('',#8281,#8282,#8283);
#8281 = CARTESIAN_POINT('',(96.69,-140.56,-4.6E-02));
#8282 = DIRECTION('',(-0.,-0.,-1.));
#8283 = DIRECTION('',(-0.,-1.,0.));
#8284 = ADVANCED_FACE('',(#8285),#8296,.F.);
#8285 = FACE_BOUND('',#8286,.T.);
#8286 = EDGE_LOOP('',(#8287,#8288,#8294,#8295));
#8287 = ORIENTED_EDGE('',*,*,#612,.T.);
#8288 = ORIENTED_EDGE('',*,*,#8289,.T.);
#8289 = EDGE_CURVE('',#613,#4230,#8290,.T.);
#8290 = LINE('',#8291,#8292);
#8291 = CARTESIAN_POINT('',(101.77,-141.435,-4.6E-02));
#8292 = VECTOR('',#8293,1.);
#8293 = DIRECTION('',(0.,0.,1.));
#8294 = ORIENTED_EDGE('',*,*,#4229,.F.);
#8295 = ORIENTED_EDGE('',*,*,#8289,.F.);
#8296 = CYLINDRICAL_SURFACE('',#8297,0.875);
#8297 = AXIS2_PLACEMENT_3D('',#8298,#8299,#8300);
#8298 = CARTESIAN_POINT('',(101.77,-140.56,-4.6E-02));
#8299 = DIRECTION('',(-0.,-0.,-1.));
#8300 = DIRECTION('',(-0.,-1.,0.));
#8301 = ADVANCED_FACE('',(#8302),#8313,.F.);
#8302 = FACE_BOUND('',#8303,.T.);
#8303 = EDGE_LOOP('',(#8304,#8305,#8311,#8312));
#8304 = ORIENTED_EDGE('',*,*,#623,.T.);
#8305 = ORIENTED_EDGE('',*,*,#8306,.T.);
#8306 = EDGE_CURVE('',#624,#4241,#8307,.T.);
#8307 = LINE('',#8308,#8309);
#8308 = CARTESIAN_POINT('',(215.62,-170.23,-4.6E-02));
#8309 = VECTOR('',#8310,1.);
#8310 = DIRECTION('',(0.,0.,1.));
#8311 = ORIENTED_EDGE('',*,*,#4240,.F.);
#8312 = ORIENTED_EDGE('',*,*,#8306,.F.);
#8313 = CYLINDRICAL_SURFACE('',#8314,0.25);
#8314 = AXIS2_PLACEMENT_3D('',#8315,#8316,#8317);
#8315 = CARTESIAN_POINT('',(215.62,-169.98,-4.6E-02));
#8316 = DIRECTION('',(-0.,-0.,-1.));
#8317 = DIRECTION('',(-0.,-1.,0.));
#8318 = ADVANCED_FACE('',(#8319),#8330,.F.);
#8319 = FACE_BOUND('',#8320,.T.);
#8320 = EDGE_LOOP('',(#8321,#8322,#8328,#8329));
#8321 = ORIENTED_EDGE('',*,*,#634,.T.);
#8322 = ORIENTED_EDGE('',*,*,#8323,.T.);
#8323 = EDGE_CURVE('',#635,#4252,#8324,.T.);
#8324 = LINE('',#8325,#8326);
#8325 = CARTESIAN_POINT('',(215.62,-169.48,-4.6E-02));
#8326 = VECTOR('',#8327,1.);
#8327 = DIRECTION('',(0.,0.,1.));
#8328 = ORIENTED_EDGE('',*,*,#4251,.F.);
#8329 = ORIENTED_EDGE('',*,*,#8323,.F.);
#8330 = CYLINDRICAL_SURFACE('',#8331,0.25);
#8331 = AXIS2_PLACEMENT_3D('',#8332,#8333,#8334);
#8332 = CARTESIAN_POINT('',(215.62,-169.23,-4.6E-02));
#8333 = DIRECTION('',(-0.,-0.,-1.));
#8334 = DIRECTION('',(-0.,-1.,0.));
#8335 = ADVANCED_FACE('',(#8336),#8347,.F.);
#8336 = FACE_BOUND('',#8337,.T.);
#8337 = EDGE_LOOP('',(#8338,#8339,#8345,#8346));
#8338 = ORIENTED_EDGE('',*,*,#645,.T.);
#8339 = ORIENTED_EDGE('',*,*,#8340,.T.);
#8340 = EDGE_CURVE('',#646,#4263,#8341,.T.);
#8341 = LINE('',#8342,#8343);
#8342 = CARTESIAN_POINT('',(215.62,-168.73,-4.6E-02));
#8343 = VECTOR('',#8344,1.);
#8344 = DIRECTION('',(0.,0.,1.));
#8345 = ORIENTED_EDGE('',*,*,#4262,.F.);
#8346 = ORIENTED_EDGE('',*,*,#8340,.F.);
#8347 = CYLINDRICAL_SURFACE('',#8348,0.25);
#8348 = AXIS2_PLACEMENT_3D('',#8349,#8350,#8351);
#8349 = CARTESIAN_POINT('',(215.62,-168.48,-4.6E-02));
#8350 = DIRECTION('',(-0.,-0.,-1.));
#8351 = DIRECTION('',(-0.,-1.,0.));
#8352 = ADVANCED_FACE('',(#8353),#8364,.F.);
#8353 = FACE_BOUND('',#8354,.T.);
#8354 = EDGE_LOOP('',(#8355,#8356,#8362,#8363));
#8355 = ORIENTED_EDGE('',*,*,#656,.T.);
#8356 = ORIENTED_EDGE('',*,*,#8357,.T.);
#8357 = EDGE_CURVE('',#657,#4274,#8358,.T.);
#8358 = LINE('',#8359,#8360);
#8359 = CARTESIAN_POINT('',(210.803806,-168.973806,-4.6E-02));
#8360 = VECTOR('',#8361,1.);
#8361 = DIRECTION('',(0.,0.,1.));
#8362 = ORIENTED_EDGE('',*,*,#4273,.F.);
#8363 = ORIENTED_EDGE('',*,*,#8357,.F.);
#8364 = CYLINDRICAL_SURFACE('',#8365,1.6);
#8365 = AXIS2_PLACEMENT_3D('',#8366,#8367,#8368);
#8366 = CARTESIAN_POINT('',(210.803806,-167.373806,-4.6E-02));
#8367 = DIRECTION('',(-0.,-0.,-1.));
#8368 = DIRECTION('',(-0.,-1.,0.));
#8369 = ADVANCED_FACE('',(#8370),#8381,.F.);
#8370 = FACE_BOUND('',#8371,.T.);
#8371 = EDGE_LOOP('',(#8372,#8373,#8379,#8380));
#8372 = ORIENTED_EDGE('',*,*,#667,.T.);
#8373 = ORIENTED_EDGE('',*,*,#8374,.T.);
#8374 = EDGE_CURVE('',#668,#4285,#8375,.T.);
#8375 = LINE('',#8376,#8377);
#8376 = CARTESIAN_POINT('',(215.62,-167.98,-4.6E-02));
#8377 = VECTOR('',#8378,1.);
#8378 = DIRECTION('',(0.,0.,1.));
#8379 = ORIENTED_EDGE('',*,*,#4284,.F.);
#8380 = ORIENTED_EDGE('',*,*,#8374,.F.);
#8381 = CYLINDRICAL_SURFACE('',#8382,0.25);
#8382 = AXIS2_PLACEMENT_3D('',#8383,#8384,#8385);
#8383 = CARTESIAN_POINT('',(215.62,-167.73,-4.6E-02));
#8384 = DIRECTION('',(-0.,-0.,-1.));
#8385 = DIRECTION('',(-0.,-1.,0.));
#8386 = ADVANCED_FACE('',(#8387),#8398,.F.);
#8387 = FACE_BOUND('',#8388,.T.);
#8388 = EDGE_LOOP('',(#8389,#8390,#8396,#8397));
#8389 = ORIENTED_EDGE('',*,*,#678,.T.);
#8390 = ORIENTED_EDGE('',*,*,#8391,.T.);
#8391 = EDGE_CURVE('',#679,#4296,#8392,.T.);
#8392 = LINE('',#8393,#8394);
#8393 = CARTESIAN_POINT('',(215.62,-167.23,-4.6E-02));
#8394 = VECTOR('',#8395,1.);
#8395 = DIRECTION('',(0.,0.,1.));
#8396 = ORIENTED_EDGE('',*,*,#4295,.F.);
#8397 = ORIENTED_EDGE('',*,*,#8391,.F.);
#8398 = CYLINDRICAL_SURFACE('',#8399,0.25);
#8399 = AXIS2_PLACEMENT_3D('',#8400,#8401,#8402);
#8400 = CARTESIAN_POINT('',(215.62,-166.98,-4.6E-02));
#8401 = DIRECTION('',(-0.,-0.,-1.));
#8402 = DIRECTION('',(-0.,-1.,0.));
#8403 = ADVANCED_FACE('',(#8404),#8415,.F.);
#8404 = FACE_BOUND('',#8405,.T.);
#8405 = EDGE_LOOP('',(#8406,#8407,#8413,#8414));
#8406 = ORIENTED_EDGE('',*,*,#689,.T.);
#8407 = ORIENTED_EDGE('',*,*,#8408,.T.);
#8408 = EDGE_CURVE('',#690,#4307,#8409,.T.);
#8409 = LINE('',#8410,#8411);
#8410 = CARTESIAN_POINT('',(215.62,-166.48,-4.6E-02));
#8411 = VECTOR('',#8412,1.);
#8412 = DIRECTION('',(0.,0.,1.));
#8413 = ORIENTED_EDGE('',*,*,#4306,.F.);
#8414 = ORIENTED_EDGE('',*,*,#8408,.F.);
#8415 = CYLINDRICAL_SURFACE('',#8416,0.25);
#8416 = AXIS2_PLACEMENT_3D('',#8417,#8418,#8419);
#8417 = CARTESIAN_POINT('',(215.62,-166.23,-4.6E-02));
#8418 = DIRECTION('',(-0.,-0.,-1.));
#8419 = DIRECTION('',(-0.,-1.,0.));
#8420 = ADVANCED_FACE('',(#8421),#8432,.F.);
#8421 = FACE_BOUND('',#8422,.T.);
#8422 = EDGE_LOOP('',(#8423,#8424,#8430,#8431));
#8423 = ORIENTED_EDGE('',*,*,#700,.T.);
#8424 = ORIENTED_EDGE('',*,*,#8425,.T.);
#8425 = EDGE_CURVE('',#701,#4318,#8426,.T.);
#8426 = LINE('',#8427,#8428);
#8427 = CARTESIAN_POINT('',(215.62,-165.73,-4.6E-02));
#8428 = VECTOR('',#8429,1.);
#8429 = DIRECTION('',(0.,0.,1.));
#8430 = ORIENTED_EDGE('',*,*,#4317,.F.);
#8431 = ORIENTED_EDGE('',*,*,#8425,.F.);
#8432 = CYLINDRICAL_SURFACE('',#8433,0.25);
#8433 = AXIS2_PLACEMENT_3D('',#8434,#8435,#8436);
#8434 = CARTESIAN_POINT('',(215.62,-165.48,-4.6E-02));
#8435 = DIRECTION('',(-0.,-0.,-1.));
#8436 = DIRECTION('',(-0.,-1.,0.));
#8437 = ADVANCED_FACE('',(#8438),#8449,.F.);
#8438 = FACE_BOUND('',#8439,.T.);
#8439 = EDGE_LOOP('',(#8440,#8441,#8447,#8448));
#8440 = ORIENTED_EDGE('',*,*,#711,.T.);
#8441 = ORIENTED_EDGE('',*,*,#8442,.T.);
#8442 = EDGE_CURVE('',#712,#4329,#8443,.T.);
#8443 = LINE('',#8444,#8445);
#8444 = CARTESIAN_POINT('',(215.62,-164.98,-4.6E-02));
#8445 = VECTOR('',#8446,1.);
#8446 = DIRECTION('',(0.,0.,1.));
#8447 = ORIENTED_EDGE('',*,*,#4328,.F.);
#8448 = ORIENTED_EDGE('',*,*,#8442,.F.);
#8449 = CYLINDRICAL_SURFACE('',#8450,0.25);
#8450 = AXIS2_PLACEMENT_3D('',#8451,#8452,#8453);
#8451 = CARTESIAN_POINT('',(215.62,-164.73,-4.6E-02));
#8452 = DIRECTION('',(-0.,-0.,-1.));
#8453 = DIRECTION('',(-0.,-1.,0.));
#8454 = ADVANCED_FACE('',(#8455),#8466,.F.);
#8455 = FACE_BOUND('',#8456,.T.);
#8456 = EDGE_LOOP('',(#8457,#8458,#8464,#8465));
#8457 = ORIENTED_EDGE('',*,*,#722,.T.);
#8458 = ORIENTED_EDGE('',*,*,#8459,.T.);
#8459 = EDGE_CURVE('',#723,#4340,#8460,.T.);
#8460 = LINE('',#8461,#8462);
#8461 = CARTESIAN_POINT('',(215.62,-164.23,-4.6E-02));
#8462 = VECTOR('',#8463,1.);
#8463 = DIRECTION('',(0.,0.,1.));
#8464 = ORIENTED_EDGE('',*,*,#4339,.F.);
#8465 = ORIENTED_EDGE('',*,*,#8459,.F.);
#8466 = CYLINDRICAL_SURFACE('',#8467,0.25);
#8467 = AXIS2_PLACEMENT_3D('',#8468,#8469,#8470);
#8468 = CARTESIAN_POINT('',(215.62,-163.98,-4.6E-02));
#8469 = DIRECTION('',(-0.,-0.,-1.));
#8470 = DIRECTION('',(-0.,-1.,0.));
#8471 = ADVANCED_FACE('',(#8472),#8483,.F.);
#8472 = FACE_BOUND('',#8473,.T.);
#8473 = EDGE_LOOP('',(#8474,#8475,#8481,#8482));
#8474 = ORIENTED_EDGE('',*,*,#733,.T.);
#8475 = ORIENTED_EDGE('',*,*,#8476,.T.);
#8476 = EDGE_CURVE('',#734,#4351,#8477,.T.);
#8477 = LINE('',#8478,#8479);
#8478 = CARTESIAN_POINT('',(193.35,-159.215,-4.6E-02));
#8479 = VECTOR('',#8480,1.);
#8480 = DIRECTION('',(0.,0.,1.));
#8481 = ORIENTED_EDGE('',*,*,#4350,.F.);
#8482 = ORIENTED_EDGE('',*,*,#8476,.F.);
#8483 = CYLINDRICAL_SURFACE('',#8484,0.875);
#8484 = AXIS2_PLACEMENT_3D('',#8485,#8486,#8487);
#8485 = CARTESIAN_POINT('',(193.35,-158.34,-4.6E-02));
#8486 = DIRECTION('',(-0.,-0.,-1.));
#8487 = DIRECTION('',(-0.,-1.,0.));
#8488 = ADVANCED_FACE('',(#8489),#8500,.F.);
#8489 = FACE_BOUND('',#8490,.T.);
#8490 = EDGE_LOOP('',(#8491,#8492,#8498,#8499));
#8491 = ORIENTED_EDGE('',*,*,#744,.T.);
#8492 = ORIENTED_EDGE('',*,*,#8493,.T.);
#8493 = EDGE_CURVE('',#745,#4362,#8494,.T.);
#8494 = LINE('',#8495,#8496);
#8495 = CARTESIAN_POINT('',(194.62,-157.3,-4.6E-02));
#8496 = VECTOR('',#8497,1.);
#8497 = DIRECTION('',(0.,0.,1.));
#8498 = ORIENTED_EDGE('',*,*,#4361,.F.);
#8499 = ORIENTED_EDGE('',*,*,#8493,.F.);
#8500 = CYLINDRICAL_SURFACE('',#8501,1.5);
#8501 = AXIS2_PLACEMENT_3D('',#8502,#8503,#8504);
#8502 = CARTESIAN_POINT('',(194.62,-155.8,-4.6E-02));
#8503 = DIRECTION('',(-0.,-0.,-1.));
#8504 = DIRECTION('',(-0.,-1.,0.));
#8505 = ADVANCED_FACE('',(#8506),#8517,.F.);
#8506 = FACE_BOUND('',#8507,.T.);
#8507 = EDGE_LOOP('',(#8508,#8509,#8515,#8516));
#8508 = ORIENTED_EDGE('',*,*,#755,.T.);
#8509 = ORIENTED_EDGE('',*,*,#8510,.T.);
#8510 = EDGE_CURVE('',#756,#4373,#8511,.T.);
#8511 = LINE('',#8512,#8513);
#8512 = CARTESIAN_POINT('',(198.43,-160.3339,-4.6E-02));
#8513 = VECTOR('',#8514,1.);
#8514 = DIRECTION('',(0.,0.,1.));
#8515 = ORIENTED_EDGE('',*,*,#4372,.F.);
#8516 = ORIENTED_EDGE('',*,*,#8510,.F.);
#8517 = CYLINDRICAL_SURFACE('',#8518,1.9939);
#8518 = AXIS2_PLACEMENT_3D('',#8519,#8520,#8521);
#8519 = CARTESIAN_POINT('',(198.43,-158.34,-4.6E-02));
#8520 = DIRECTION('',(-0.,-0.,-1.));
#8521 = DIRECTION('',(-0.,-1.,0.));
#8522 = ADVANCED_FACE('',(#8523),#8534,.F.);
#8523 = FACE_BOUND('',#8524,.T.);
#8524 = EDGE_LOOP('',(#8525,#8526,#8532,#8533));
#8525 = ORIENTED_EDGE('',*,*,#766,.T.);
#8526 = ORIENTED_EDGE('',*,*,#8527,.T.);
#8527 = EDGE_CURVE('',#767,#4384,#8528,.T.);
#8528 = LINE('',#8529,#8530);
#8529 = CARTESIAN_POINT('',(203.51,-159.215,-4.6E-02));
#8530 = VECTOR('',#8531,1.);
#8531 = DIRECTION('',(0.,0.,1.));
#8532 = ORIENTED_EDGE('',*,*,#4383,.F.);
#8533 = ORIENTED_EDGE('',*,*,#8527,.F.);
#8534 = CYLINDRICAL_SURFACE('',#8535,0.875);
#8535 = AXIS2_PLACEMENT_3D('',#8536,#8537,#8538);
#8536 = CARTESIAN_POINT('',(203.51,-158.34,-4.6E-02));
#8537 = DIRECTION('',(-0.,-0.,-1.));
#8538 = DIRECTION('',(-0.,-1.,0.));
#8539 = ADVANCED_FACE('',(#8540),#8551,.F.);
#8540 = FACE_BOUND('',#8541,.T.);
#8541 = EDGE_LOOP('',(#8542,#8543,#8549,#8550));
#8542 = ORIENTED_EDGE('',*,*,#777,.T.);
#8543 = ORIENTED_EDGE('',*,*,#8544,.T.);
#8544 = EDGE_CURVE('',#778,#4395,#8545,.T.);
#8545 = LINE('',#8546,#8547);
#8546 = CARTESIAN_POINT('',(167.72,-150.005,-4.6E-02));
#8547 = VECTOR('',#8548,1.);
#8548 = DIRECTION('',(0.,0.,1.));
#8549 = ORIENTED_EDGE('',*,*,#4394,.F.);
#8550 = ORIENTED_EDGE('',*,*,#8544,.F.);
#8551 = CYLINDRICAL_SURFACE('',#8552,0.875);
#8552 = AXIS2_PLACEMENT_3D('',#8553,#8554,#8555);
#8553 = CARTESIAN_POINT('',(167.72,-149.13,-4.6E-02));
#8554 = DIRECTION('',(-0.,-0.,-1.));
#8555 = DIRECTION('',(-0.,-1.,0.));
#8556 = ADVANCED_FACE('',(#8557),#8568,.F.);
#8557 = FACE_BOUND('',#8558,.T.);
#8558 = EDGE_LOOP('',(#8559,#8560,#8566,#8567));
#8559 = ORIENTED_EDGE('',*,*,#788,.T.);
#8560 = ORIENTED_EDGE('',*,*,#8561,.T.);
#8561 = EDGE_CURVE('',#789,#4406,#8562,.T.);
#8562 = LINE('',#8563,#8564);
#8563 = CARTESIAN_POINT('',(172.8,-151.1239,-4.6E-02));
#8564 = VECTOR('',#8565,1.);
#8565 = DIRECTION('',(0.,0.,1.));
#8566 = ORIENTED_EDGE('',*,*,#4405,.F.);
#8567 = ORIENTED_EDGE('',*,*,#8561,.F.);
#8568 = CYLINDRICAL_SURFACE('',#8569,1.9939);
#8569 = AXIS2_PLACEMENT_3D('',#8570,#8571,#8572);
#8570 = CARTESIAN_POINT('',(172.8,-149.13,-4.6E-02));
#8571 = DIRECTION('',(-0.,-0.,-1.));
#8572 = DIRECTION('',(-0.,-1.,0.));
#8573 = ADVANCED_FACE('',(#8574),#8585,.F.);
#8574 = FACE_BOUND('',#8575,.T.);
#8575 = EDGE_LOOP('',(#8576,#8577,#8583,#8584));
#8576 = ORIENTED_EDGE('',*,*,#799,.T.);
#8577 = ORIENTED_EDGE('',*,*,#8578,.T.);
#8578 = EDGE_CURVE('',#800,#4417,#8579,.T.);
#8579 = LINE('',#8580,#8581);
#8580 = CARTESIAN_POINT('',(142.404824,-141.655,-4.6E-02));
#8581 = VECTOR('',#8582,1.);
#8582 = DIRECTION('',(0.,0.,1.));
#8583 = ORIENTED_EDGE('',*,*,#4416,.F.);
#8584 = ORIENTED_EDGE('',*,*,#8578,.F.);
#8585 = CYLINDRICAL_SURFACE('',#8586,0.875);
#8586 = AXIS2_PLACEMENT_3D('',#8587,#8588,#8589);
#8587 = CARTESIAN_POINT('',(142.404824,-140.78,-4.6E-02));
#8588 = DIRECTION('',(-0.,-0.,-1.));
#8589 = DIRECTION('',(-0.,-1.,0.));
#8590 = ADVANCED_FACE('',(#8591),#8602,.F.);
#8591 = FACE_BOUND('',#8592,.T.);
#8592 = EDGE_LOOP('',(#8593,#8594,#8600,#8601));
#8593 = ORIENTED_EDGE('',*,*,#810,.T.);
#8594 = ORIENTED_EDGE('',*,*,#8595,.T.);
#8595 = EDGE_CURVE('',#811,#4428,#8596,.T.);
#8596 = LINE('',#8597,#8598);
#8597 = CARTESIAN_POINT('',(147.484824,-142.7739,-4.6E-02));
#8598 = VECTOR('',#8599,1.);
#8599 = DIRECTION('',(0.,0.,1.));
#8600 = ORIENTED_EDGE('',*,*,#4427,.F.);
#8601 = ORIENTED_EDGE('',*,*,#8595,.F.);
#8602 = CYLINDRICAL_SURFACE('',#8603,1.9939);
#8603 = AXIS2_PLACEMENT_3D('',#8604,#8605,#8606);
#8604 = CARTESIAN_POINT('',(147.484824,-140.78,-4.6E-02));
#8605 = DIRECTION('',(-0.,-0.,-1.));
#8606 = DIRECTION('',(-0.,-1.,0.));
#8607 = ADVANCED_FACE('',(#8608),#8619,.F.);
#8608 = FACE_BOUND('',#8609,.T.);
#8609 = EDGE_LOOP('',(#8610,#8611,#8617,#8618));
#8610 = ORIENTED_EDGE('',*,*,#821,.T.);
#8611 = ORIENTED_EDGE('',*,*,#8612,.T.);
#8612 = EDGE_CURVE('',#822,#4439,#8613,.T.);
#8613 = LINE('',#8614,#8615);
#8614 = CARTESIAN_POINT('',(152.564824,-141.655,-4.6E-02));
#8615 = VECTOR('',#8616,1.);
#8616 = DIRECTION('',(0.,0.,1.));
#8617 = ORIENTED_EDGE('',*,*,#4438,.F.);
#8618 = ORIENTED_EDGE('',*,*,#8612,.F.);
#8619 = CYLINDRICAL_SURFACE('',#8620,0.875);
#8620 = AXIS2_PLACEMENT_3D('',#8621,#8622,#8623);
#8621 = CARTESIAN_POINT('',(152.564824,-140.78,-4.6E-02));
#8622 = DIRECTION('',(-0.,-0.,-1.));
#8623 = DIRECTION('',(-0.,-1.,0.));
#8624 = ADVANCED_FACE('',(#8625),#8636,.F.);
#8625 = FACE_BOUND('',#8626,.T.);
#8626 = EDGE_LOOP('',(#8627,#8628,#8634,#8635));
#8627 = ORIENTED_EDGE('',*,*,#832,.T.);
#8628 = ORIENTED_EDGE('',*,*,#8629,.T.);
#8629 = EDGE_CURVE('',#833,#4450,#8630,.T.);
#8630 = LINE('',#8631,#8632);
#8631 = CARTESIAN_POINT('',(168.99,-148.09,-4.6E-02));
#8632 = VECTOR('',#8633,1.);
#8633 = DIRECTION('',(0.,0.,1.));
#8634 = ORIENTED_EDGE('',*,*,#4449,.F.);
#8635 = ORIENTED_EDGE('',*,*,#8629,.F.);
#8636 = CYLINDRICAL_SURFACE('',#8637,1.5);
#8637 = AXIS2_PLACEMENT_3D('',#8638,#8639,#8640);
#8638 = CARTESIAN_POINT('',(168.99,-146.59,-4.6E-02));
#8639 = DIRECTION('',(-0.,-0.,-1.));
#8640 = DIRECTION('',(-0.,-1.,0.));
#8641 = ADVANCED_FACE('',(#8642),#8653,.F.);
#8642 = FACE_BOUND('',#8643,.T.);
#8643 = EDGE_LOOP('',(#8644,#8645,#8651,#8652));
#8644 = ORIENTED_EDGE('',*,*,#843,.T.);
#8645 = ORIENTED_EDGE('',*,*,#8646,.T.);
#8646 = EDGE_CURVE('',#844,#4461,#8647,.T.);
#8647 = LINE('',#8648,#8649);
#8648 = CARTESIAN_POINT('',(175.34,-145.55,-4.6E-02));
#8649 = VECTOR('',#8650,1.);
#8650 = DIRECTION('',(0.,0.,1.));
#8651 = ORIENTED_EDGE('',*,*,#4460,.F.);
#8652 = ORIENTED_EDGE('',*,*,#8646,.F.);
#8653 = CYLINDRICAL_SURFACE('',#8654,1.5);
#8654 = AXIS2_PLACEMENT_3D('',#8655,#8656,#8657);
#8655 = CARTESIAN_POINT('',(175.34,-144.05,-4.6E-02));
#8656 = DIRECTION('',(-0.,-0.,-1.));
#8657 = DIRECTION('',(-0.,-1.,0.));
#8658 = ADVANCED_FACE('',(#8659),#8670,.F.);
#8659 = FACE_BOUND('',#8660,.T.);
#8660 = EDGE_LOOP('',(#8661,#8662,#8668,#8669));
#8661 = ORIENTED_EDGE('',*,*,#854,.T.);
#8662 = ORIENTED_EDGE('',*,*,#8663,.T.);
#8663 = EDGE_CURVE('',#855,#4472,#8664,.T.);
#8664 = LINE('',#8665,#8666);
#8665 = CARTESIAN_POINT('',(177.88,-150.005,-4.6E-02));
#8666 = VECTOR('',#8667,1.);
#8667 = DIRECTION('',(0.,0.,1.));
#8668 = ORIENTED_EDGE('',*,*,#4471,.F.);
#8669 = ORIENTED_EDGE('',*,*,#8663,.F.);
#8670 = CYLINDRICAL_SURFACE('',#8671,0.875);
#8671 = AXIS2_PLACEMENT_3D('',#8672,#8673,#8674);
#8672 = CARTESIAN_POINT('',(177.88,-149.13,-4.6E-02));
#8673 = DIRECTION('',(-0.,-0.,-1.));
#8674 = DIRECTION('',(-0.,-1.,0.));
#8675 = ADVANCED_FACE('',(#8676),#8687,.F.);
#8676 = FACE_BOUND('',#8677,.T.);
#8677 = EDGE_LOOP('',(#8678,#8679,#8685,#8686));
#8678 = ORIENTED_EDGE('',*,*,#865,.T.);
#8679 = ORIENTED_EDGE('',*,*,#8680,.T.);
#8680 = EDGE_CURVE('',#866,#4483,#8681,.T.);
#8681 = LINE('',#8682,#8683);
#8682 = CARTESIAN_POINT('',(200.97,-154.76,-4.6E-02));
#8683 = VECTOR('',#8684,1.);
#8684 = DIRECTION('',(0.,0.,1.));
#8685 = ORIENTED_EDGE('',*,*,#4482,.F.);
#8686 = ORIENTED_EDGE('',*,*,#8680,.F.);
#8687 = CYLINDRICAL_SURFACE('',#8688,1.5);
#8688 = AXIS2_PLACEMENT_3D('',#8689,#8690,#8691);
#8689 = CARTESIAN_POINT('',(200.97,-153.26,-4.6E-02));
#8690 = DIRECTION('',(-0.,-0.,-1.));
#8691 = DIRECTION('',(-0.,-1.,0.));
#8692 = ADVANCED_FACE('',(#8693),#8704,.F.);
#8693 = FACE_BOUND('',#8694,.T.);
#8694 = EDGE_LOOP('',(#8695,#8696,#8702,#8703));
#8695 = ORIENTED_EDGE('',*,*,#876,.T.);
#8696 = ORIENTED_EDGE('',*,*,#8697,.T.);
#8697 = EDGE_CURVE('',#877,#4494,#8698,.T.);
#8698 = LINE('',#8699,#8700);
#8699 = CARTESIAN_POINT('',(92.88,-139.52,-4.6E-02));
#8700 = VECTOR('',#8701,1.);
#8701 = DIRECTION('',(0.,0.,1.));
#8702 = ORIENTED_EDGE('',*,*,#4493,.F.);
#8703 = ORIENTED_EDGE('',*,*,#8697,.F.);
#8704 = CYLINDRICAL_SURFACE('',#8705,1.5);
#8705 = AXIS2_PLACEMENT_3D('',#8706,#8707,#8708);
#8706 = CARTESIAN_POINT('',(92.88,-138.02,-4.6E-02));
#8707 = DIRECTION('',(-0.,-0.,-1.));
#8708 = DIRECTION('',(-0.,-1.,0.));
#8709 = ADVANCED_FACE('',(#8710),#8721,.F.);
#8710 = FACE_BOUND('',#8711,.T.);
#8711 = EDGE_LOOP('',(#8712,#8713,#8719,#8720));
#8712 = ORIENTED_EDGE('',*,*,#887,.T.);
#8713 = ORIENTED_EDGE('',*,*,#8714,.T.);
#8714 = EDGE_CURVE('',#888,#4505,#8715,.T.);
#8715 = LINE('',#8716,#8717);
#8716 = CARTESIAN_POINT('',(66.39,-127.995,-4.6E-02));
#8717 = VECTOR('',#8718,1.);
#8718 = DIRECTION('',(0.,0.,1.));
#8719 = ORIENTED_EDGE('',*,*,#4504,.F.);
#8720 = ORIENTED_EDGE('',*,*,#8714,.F.);
#8721 = CYLINDRICAL_SURFACE('',#8722,0.875);
#8722 = AXIS2_PLACEMENT_3D('',#8723,#8724,#8725);
#8723 = CARTESIAN_POINT('',(66.39,-127.12,-4.6E-02));
#8724 = DIRECTION('',(-0.,-0.,-1.));
#8725 = DIRECTION('',(-0.,-1.,0.));
#8726 = ADVANCED_FACE('',(#8727),#8738,.F.);
#8727 = FACE_BOUND('',#8728,.T.);
#8728 = EDGE_LOOP('',(#8729,#8730,#8736,#8737));
#8729 = ORIENTED_EDGE('',*,*,#898,.T.);
#8730 = ORIENTED_EDGE('',*,*,#8731,.T.);
#8731 = EDGE_CURVE('',#899,#4516,#8732,.T.);
#8732 = LINE('',#8733,#8734);
#8733 = CARTESIAN_POINT('',(71.47,-129.1139,-4.6E-02));
#8734 = VECTOR('',#8735,1.);
#8735 = DIRECTION('',(0.,0.,1.));
#8736 = ORIENTED_EDGE('',*,*,#4515,.F.);
#8737 = ORIENTED_EDGE('',*,*,#8731,.F.);
#8738 = CYLINDRICAL_SURFACE('',#8739,1.9939);
#8739 = AXIS2_PLACEMENT_3D('',#8740,#8741,#8742);
#8740 = CARTESIAN_POINT('',(71.47,-127.12,-4.6E-02));
#8741 = DIRECTION('',(-0.,-0.,-1.));
#8742 = DIRECTION('',(-0.,-1.,0.));
#8743 = ADVANCED_FACE('',(#8744),#8755,.F.);
#8744 = FACE_BOUND('',#8745,.T.);
#8745 = EDGE_LOOP('',(#8746,#8747,#8753,#8754));
#8746 = ORIENTED_EDGE('',*,*,#909,.T.);
#8747 = ORIENTED_EDGE('',*,*,#8748,.T.);
#8748 = EDGE_CURVE('',#910,#4527,#8749,.T.);
#8749 = LINE('',#8750,#8751);
#8750 = CARTESIAN_POINT('',(76.55,-127.995,-4.6E-02));
#8751 = VECTOR('',#8752,1.);
#8752 = DIRECTION('',(0.,0.,1.));
#8753 = ORIENTED_EDGE('',*,*,#4526,.F.);
#8754 = ORIENTED_EDGE('',*,*,#8748,.F.);
#8755 = CYLINDRICAL_SURFACE('',#8756,0.875);
#8756 = AXIS2_PLACEMENT_3D('',#8757,#8758,#8759);
#8757 = CARTESIAN_POINT('',(76.55,-127.12,-4.6E-02));
#8758 = DIRECTION('',(-0.,-0.,-1.));
#8759 = DIRECTION('',(-0.,-1.,0.));
#8760 = ADVANCED_FACE('',(#8761),#8772,.F.);
#8761 = FACE_BOUND('',#8762,.T.);
#8762 = EDGE_LOOP('',(#8763,#8764,#8770,#8771));
#8763 = ORIENTED_EDGE('',*,*,#920,.T.);
#8764 = ORIENTED_EDGE('',*,*,#8765,.T.);
#8765 = EDGE_CURVE('',#921,#4538,#8766,.T.);
#8766 = LINE('',#8767,#8768);
#8767 = CARTESIAN_POINT('',(99.23,-136.98,-4.6E-02));
#8768 = VECTOR('',#8769,1.);
#8769 = DIRECTION('',(0.,0.,1.));
#8770 = ORIENTED_EDGE('',*,*,#4537,.F.);
#8771 = ORIENTED_EDGE('',*,*,#8765,.F.);
#8772 = CYLINDRICAL_SURFACE('',#8773,1.5);
#8773 = AXIS2_PLACEMENT_3D('',#8774,#8775,#8776);
#8774 = CARTESIAN_POINT('',(99.23,-135.48,-4.6E-02));
#8775 = DIRECTION('',(-0.,-0.,-1.));
#8776 = DIRECTION('',(-0.,-1.,0.));
#8777 = ADVANCED_FACE('',(#8778),#8789,.F.);
#8778 = FACE_BOUND('',#8779,.T.);
#8779 = EDGE_LOOP('',(#8780,#8781,#8787,#8788));
#8780 = ORIENTED_EDGE('',*,*,#931,.T.);
#8781 = ORIENTED_EDGE('',*,*,#8782,.T.);
#8782 = EDGE_CURVE('',#932,#4549,#8783,.T.);
#8783 = LINE('',#8784,#8785);
#8784 = CARTESIAN_POINT('',(117.03,-135.365,-4.6E-02));
#8785 = VECTOR('',#8786,1.);
#8786 = DIRECTION('',(0.,0.,1.));
#8787 = ORIENTED_EDGE('',*,*,#4548,.F.);
#8788 = ORIENTED_EDGE('',*,*,#8782,.F.);
#8789 = CYLINDRICAL_SURFACE('',#8790,0.875);
#8790 = AXIS2_PLACEMENT_3D('',#8791,#8792,#8793);
#8791 = CARTESIAN_POINT('',(117.03,-134.49,-4.6E-02));
#8792 = DIRECTION('',(-0.,-0.,-1.));
#8793 = DIRECTION('',(-0.,-1.,0.));
#8794 = ADVANCED_FACE('',(#8795),#8806,.F.);
#8795 = FACE_BOUND('',#8796,.T.);
#8796 = EDGE_LOOP('',(#8797,#8798,#8804,#8805));
#8797 = ORIENTED_EDGE('',*,*,#942,.T.);
#8798 = ORIENTED_EDGE('',*,*,#8799,.T.);
#8799 = EDGE_CURVE('',#943,#4560,#8800,.T.);
#8800 = LINE('',#8801,#8802);
#8801 = CARTESIAN_POINT('',(122.11,-136.4839,-4.6E-02));
#8802 = VECTOR('',#8803,1.);
#8803 = DIRECTION('',(0.,0.,1.));
#8804 = ORIENTED_EDGE('',*,*,#4559,.F.);
#8805 = ORIENTED_EDGE('',*,*,#8799,.F.);
#8806 = CYLINDRICAL_SURFACE('',#8807,1.9939);
#8807 = AXIS2_PLACEMENT_3D('',#8808,#8809,#8810);
#8808 = CARTESIAN_POINT('',(122.11,-134.49,-4.6E-02));
#8809 = DIRECTION('',(-0.,-0.,-1.));
#8810 = DIRECTION('',(-0.,-1.,0.));
#8811 = ADVANCED_FACE('',(#8812),#8823,.F.);
#8812 = FACE_BOUND('',#8813,.T.);
#8813 = EDGE_LOOP('',(#8814,#8815,#8821,#8822));
#8814 = ORIENTED_EDGE('',*,*,#953,.T.);
#8815 = ORIENTED_EDGE('',*,*,#8816,.T.);
#8816 = EDGE_CURVE('',#954,#4571,#8817,.T.);
#8817 = LINE('',#8818,#8819);
#8818 = CARTESIAN_POINT('',(127.19,-135.365,-4.6E-02));
#8819 = VECTOR('',#8820,1.);
#8820 = DIRECTION('',(0.,0.,1.));
#8821 = ORIENTED_EDGE('',*,*,#4570,.F.);
#8822 = ORIENTED_EDGE('',*,*,#8816,.F.);
#8823 = CYLINDRICAL_SURFACE('',#8824,0.875);
#8824 = AXIS2_PLACEMENT_3D('',#8825,#8826,#8827);
#8825 = CARTESIAN_POINT('',(127.19,-134.49,-4.6E-02));
#8826 = DIRECTION('',(-0.,-0.,-1.));
#8827 = DIRECTION('',(-0.,-1.,0.));
#8828 = ADVANCED_FACE('',(#8829),#8840,.F.);
#8829 = FACE_BOUND('',#8830,.T.);
#8830 = EDGE_LOOP('',(#8831,#8832,#8838,#8839));
#8831 = ORIENTED_EDGE('',*,*,#964,.T.);
#8832 = ORIENTED_EDGE('',*,*,#8833,.T.);
#8833 = EDGE_CURVE('',#965,#4582,#8834,.T.);
#8834 = LINE('',#8835,#8836);
#8835 = CARTESIAN_POINT('',(118.3,-133.45,-4.6E-02));
#8836 = VECTOR('',#8837,1.);
#8837 = DIRECTION('',(0.,0.,1.));
#8838 = ORIENTED_EDGE('',*,*,#4581,.F.);
#8839 = ORIENTED_EDGE('',*,*,#8833,.F.);
#8840 = CYLINDRICAL_SURFACE('',#8841,1.5);
#8841 = AXIS2_PLACEMENT_3D('',#8842,#8843,#8844);
#8842 = CARTESIAN_POINT('',(118.3,-131.95,-4.6E-02));
#8843 = DIRECTION('',(-0.,-0.,-1.));
#8844 = DIRECTION('',(-0.,-1.,0.));
#8845 = ADVANCED_FACE('',(#8846),#8857,.F.);
#8846 = FACE_BOUND('',#8847,.T.);
#8847 = EDGE_LOOP('',(#8848,#8849,#8855,#8856));
#8848 = ORIENTED_EDGE('',*,*,#975,.T.);
#8849 = ORIENTED_EDGE('',*,*,#8850,.T.);
#8850 = EDGE_CURVE('',#976,#4593,#8851,.T.);
#8851 = LINE('',#8852,#8853);
#8852 = CARTESIAN_POINT('',(124.65,-130.91,-4.6E-02));
#8853 = VECTOR('',#8854,1.);
#8854 = DIRECTION('',(0.,0.,1.));
#8855 = ORIENTED_EDGE('',*,*,#4592,.F.);
#8856 = ORIENTED_EDGE('',*,*,#8850,.F.);
#8857 = CYLINDRICAL_SURFACE('',#8858,1.5);
#8858 = AXIS2_PLACEMENT_3D('',#8859,#8860,#8861);
#8859 = CARTESIAN_POINT('',(124.65,-129.41,-4.6E-02));
#8860 = DIRECTION('',(-0.,-0.,-1.));
#8861 = DIRECTION('',(-0.,-1.,0.));
#8862 = ADVANCED_FACE('',(#8863),#8874,.F.);
#8863 = FACE_BOUND('',#8864,.T.);
#8864 = EDGE_LOOP('',(#8865,#8866,#8872,#8873));
#8865 = ORIENTED_EDGE('',*,*,#986,.T.);
#8866 = ORIENTED_EDGE('',*,*,#8867,.T.);
#8867 = EDGE_CURVE('',#987,#4604,#8868,.T.);
#8868 = LINE('',#8869,#8870);
#8869 = CARTESIAN_POINT('',(67.66,-126.08,-4.6E-02));
#8870 = VECTOR('',#8871,1.);
#8871 = DIRECTION('',(0.,0.,1.));
#8872 = ORIENTED_EDGE('',*,*,#4603,.F.);
#8873 = ORIENTED_EDGE('',*,*,#8867,.F.);
#8874 = CYLINDRICAL_SURFACE('',#8875,1.5);
#8875 = AXIS2_PLACEMENT_3D('',#8876,#8877,#8878);
#8876 = CARTESIAN_POINT('',(67.66,-124.58,-4.6E-02));
#8877 = DIRECTION('',(-0.,-0.,-1.));
#8878 = DIRECTION('',(-0.,-1.,0.));
#8879 = ADVANCED_FACE('',(#8880),#8891,.F.);
#8880 = FACE_BOUND('',#8881,.T.);
#8881 = EDGE_LOOP('',(#8882,#8883,#8889,#8890));
#8882 = ORIENTED_EDGE('',*,*,#997,.T.);
#8883 = ORIENTED_EDGE('',*,*,#8884,.T.);
#8884 = EDGE_CURVE('',#998,#4615,#8885,.T.);
#8885 = LINE('',#8886,#8887);
#8886 = CARTESIAN_POINT('',(74.01,-123.54,-4.6E-02));
#8887 = VECTOR('',#8888,1.);
#8888 = DIRECTION('',(0.,0.,1.));
#8889 = ORIENTED_EDGE('',*,*,#4614,.F.);
#8890 = ORIENTED_EDGE('',*,*,#8884,.F.);
#8891 = CYLINDRICAL_SURFACE('',#8892,1.5);
#8892 = AXIS2_PLACEMENT_3D('',#8893,#8894,#8895);
#8893 = CARTESIAN_POINT('',(74.01,-122.04,-4.6E-02));
#8894 = DIRECTION('',(-0.,-0.,-1.));
#8895 = DIRECTION('',(-0.,-1.,0.));
#8896 = ADVANCED_FACE('',(#8897),#8908,.F.);
#8897 = FACE_BOUND('',#8898,.T.);
#8898 = EDGE_LOOP('',(#8899,#8900,#8906,#8907));
#8899 = ORIENTED_EDGE('',*,*,#1008,.T.);
#8900 = ORIENTED_EDGE('',*,*,#8901,.T.);
#8901 = EDGE_CURVE('',#1009,#4626,#8902,.T.);
#8902 = LINE('',#8903,#8904);
#8903 = CARTESIAN_POINT('',(91.58,-116.295,-4.6E-02));
#8904 = VECTOR('',#8905,1.);
#8905 = DIRECTION('',(0.,0.,1.));
#8906 = ORIENTED_EDGE('',*,*,#4625,.F.);
#8907 = ORIENTED_EDGE('',*,*,#8901,.F.);
#8908 = CYLINDRICAL_SURFACE('',#8909,0.875);
#8909 = AXIS2_PLACEMENT_3D('',#8910,#8911,#8912);
#8910 = CARTESIAN_POINT('',(91.58,-115.42,-4.6E-02));
#8911 = DIRECTION('',(-0.,-0.,-1.));
#8912 = DIRECTION('',(-0.,-1.,0.));
#8913 = ADVANCED_FACE('',(#8914),#8925,.F.);
#8914 = FACE_BOUND('',#8915,.T.);
#8915 = EDGE_LOOP('',(#8916,#8917,#8923,#8924));
#8916 = ORIENTED_EDGE('',*,*,#1019,.T.);
#8917 = ORIENTED_EDGE('',*,*,#8918,.T.);
#8918 = EDGE_CURVE('',#1020,#4637,#8919,.T.);
#8919 = LINE('',#8920,#8921);
#8920 = CARTESIAN_POINT('',(92.85,-114.38,-4.6E-02));
#8921 = VECTOR('',#8922,1.);
#8922 = DIRECTION('',(0.,0.,1.));
#8923 = ORIENTED_EDGE('',*,*,#4636,.F.);
#8924 = ORIENTED_EDGE('',*,*,#8918,.F.);
#8925 = CYLINDRICAL_SURFACE('',#8926,1.5);
#8926 = AXIS2_PLACEMENT_3D('',#8927,#8928,#8929);
#8927 = CARTESIAN_POINT('',(92.85,-112.88,-4.6E-02));
#8928 = DIRECTION('',(-0.,-0.,-1.));
#8929 = DIRECTION('',(-0.,-1.,0.));
#8930 = ADVANCED_FACE('',(#8931),#8942,.F.);
#8931 = FACE_BOUND('',#8932,.T.);
#8932 = EDGE_LOOP('',(#8933,#8934,#8940,#8941));
#8933 = ORIENTED_EDGE('',*,*,#1030,.T.);
#8934 = ORIENTED_EDGE('',*,*,#8935,.T.);
#8935 = EDGE_CURVE('',#1031,#4648,#8936,.T.);
#8936 = LINE('',#8937,#8938);
#8937 = CARTESIAN_POINT('',(96.66,-117.4139,-4.6E-02));
#8938 = VECTOR('',#8939,1.);
#8939 = DIRECTION('',(0.,0.,1.));
#8940 = ORIENTED_EDGE('',*,*,#4647,.F.);
#8941 = ORIENTED_EDGE('',*,*,#8935,.F.);
#8942 = CYLINDRICAL_SURFACE('',#8943,1.9939);
#8943 = AXIS2_PLACEMENT_3D('',#8944,#8945,#8946);
#8944 = CARTESIAN_POINT('',(96.66,-115.42,-4.6E-02));
#8945 = DIRECTION('',(-0.,-0.,-1.));
#8946 = DIRECTION('',(-0.,-1.,0.));
#8947 = ADVANCED_FACE('',(#8948),#8959,.F.);
#8948 = FACE_BOUND('',#8949,.T.);
#8949 = EDGE_LOOP('',(#8950,#8951,#8957,#8958));
#8950 = ORIENTED_EDGE('',*,*,#1041,.T.);
#8951 = ORIENTED_EDGE('',*,*,#8952,.T.);
#8952 = EDGE_CURVE('',#1042,#4659,#8953,.T.);
#8953 = LINE('',#8954,#8955);
#8954 = CARTESIAN_POINT('',(101.74,-116.295,-4.6E-02));
#8955 = VECTOR('',#8956,1.);
#8956 = DIRECTION('',(0.,0.,1.));
#8957 = ORIENTED_EDGE('',*,*,#4658,.F.);
#8958 = ORIENTED_EDGE('',*,*,#8952,.F.);
#8959 = CYLINDRICAL_SURFACE('',#8960,0.875);
#8960 = AXIS2_PLACEMENT_3D('',#8961,#8962,#8963);
#8961 = CARTESIAN_POINT('',(101.74,-115.42,-4.6E-02));
#8962 = DIRECTION('',(-0.,-0.,-1.));
#8963 = DIRECTION('',(-0.,-1.,0.));
#8964 = ADVANCED_FACE('',(#8965),#8976,.F.);
#8965 = FACE_BOUND('',#8966,.T.);
#8966 = EDGE_LOOP('',(#8967,#8968,#8974,#8975));
#8967 = ORIENTED_EDGE('',*,*,#1052,.T.);
#8968 = ORIENTED_EDGE('',*,*,#8969,.T.);
#8969 = EDGE_CURVE('',#1053,#4670,#8970,.T.);
#8970 = LINE('',#8971,#8972);
#8971 = CARTESIAN_POINT('',(143.674824,-139.74,-4.6E-02));
#8972 = VECTOR('',#8973,1.);
#8973 = DIRECTION('',(0.,0.,1.));
#8974 = ORIENTED_EDGE('',*,*,#4669,.F.);
#8975 = ORIENTED_EDGE('',*,*,#8969,.F.);
#8976 = CYLINDRICAL_SURFACE('',#8977,1.5);
#8977 = AXIS2_PLACEMENT_3D('',#8978,#8979,#8980);
#8978 = CARTESIAN_POINT('',(143.674824,-138.24,-4.6E-02));
#8979 = DIRECTION('',(-0.,-0.,-1.));
#8980 = DIRECTION('',(-0.,-1.,0.));
#8981 = ADVANCED_FACE('',(#8982),#8993,.F.);
#8982 = FACE_BOUND('',#8983,.T.);
#8983 = EDGE_LOOP('',(#8984,#8985,#8991,#8992));
#8984 = ORIENTED_EDGE('',*,*,#1063,.T.);
#8985 = ORIENTED_EDGE('',*,*,#8986,.T.);
#8986 = EDGE_CURVE('',#1064,#4681,#8987,.T.);
#8987 = LINE('',#8988,#8989);
#8988 = CARTESIAN_POINT('',(150.024824,-137.2,-4.6E-02));
#8989 = VECTOR('',#8990,1.);
#8990 = DIRECTION('',(0.,0.,1.));
#8991 = ORIENTED_EDGE('',*,*,#4680,.F.);
#8992 = ORIENTED_EDGE('',*,*,#8986,.F.);
#8993 = CYLINDRICAL_SURFACE('',#8994,1.5);
#8994 = AXIS2_PLACEMENT_3D('',#8995,#8996,#8997);
#8995 = CARTESIAN_POINT('',(150.024824,-135.7,-4.6E-02));
#8996 = DIRECTION('',(-0.,-0.,-1.));
#8997 = DIRECTION('',(-0.,-1.,0.));
#8998 = ADVANCED_FACE('',(#8999),#9010,.F.);
#8999 = FACE_BOUND('',#9000,.T.);
#9000 = EDGE_LOOP('',(#9001,#9002,#9008,#9009));
#9001 = ORIENTED_EDGE('',*,*,#1074,.T.);
#9002 = ORIENTED_EDGE('',*,*,#9003,.T.);
#9003 = EDGE_CURVE('',#1075,#4692,#9004,.T.);
#9004 = LINE('',#9005,#9006);
#9005 = CARTESIAN_POINT('',(167.734824,-124.415,-4.6E-02));
#9006 = VECTOR('',#9007,1.);
#9007 = DIRECTION('',(0.,0.,1.));
#9008 = ORIENTED_EDGE('',*,*,#4691,.F.);
#9009 = ORIENTED_EDGE('',*,*,#9003,.F.);
#9010 = CYLINDRICAL_SURFACE('',#9011,0.875);
#9011 = AXIS2_PLACEMENT_3D('',#9012,#9013,#9014);
#9012 = CARTESIAN_POINT('',(167.734824,-123.54,-4.6E-02));
#9013 = DIRECTION('',(-0.,-0.,-1.));
#9014 = DIRECTION('',(-0.,-1.,0.));
#9015 = ADVANCED_FACE('',(#9016),#9027,.F.);
#9016 = FACE_BOUND('',#9017,.T.);
#9017 = EDGE_LOOP('',(#9018,#9019,#9025,#9026));
#9018 = ORIENTED_EDGE('',*,*,#1085,.T.);
#9019 = ORIENTED_EDGE('',*,*,#9020,.T.);
#9020 = EDGE_CURVE('',#1086,#4703,#9021,.T.);
#9021 = LINE('',#9022,#9023);
#9022 = CARTESIAN_POINT('',(172.814824,-125.5339,-4.6E-02));
#9023 = VECTOR('',#9024,1.);
#9024 = DIRECTION('',(0.,0.,1.));
#9025 = ORIENTED_EDGE('',*,*,#4702,.F.);
#9026 = ORIENTED_EDGE('',*,*,#9020,.F.);
#9027 = CYLINDRICAL_SURFACE('',#9028,1.9939);
#9028 = AXIS2_PLACEMENT_3D('',#9029,#9030,#9031);
#9029 = CARTESIAN_POINT('',(172.814824,-123.54,-4.6E-02));
#9030 = DIRECTION('',(-0.,-0.,-1.));
#9031 = DIRECTION('',(-0.,-1.,0.));
#9032 = ADVANCED_FACE('',(#9033),#9044,.F.);
#9033 = FACE_BOUND('',#9034,.T.);
#9034 = EDGE_LOOP('',(#9035,#9036,#9042,#9043));
#9035 = ORIENTED_EDGE('',*,*,#1096,.T.);
#9036 = ORIENTED_EDGE('',*,*,#9037,.T.);
#9037 = EDGE_CURVE('',#1097,#4714,#9038,.T.);
#9038 = LINE('',#9039,#9040);
#9039 = CARTESIAN_POINT('',(169.004824,-122.5,-4.6E-02));
#9040 = VECTOR('',#9041,1.);
#9041 = DIRECTION('',(0.,0.,1.));
#9042 = ORIENTED_EDGE('',*,*,#4713,.F.);
#9043 = ORIENTED_EDGE('',*,*,#9037,.F.);
#9044 = CYLINDRICAL_SURFACE('',#9045,1.5);
#9045 = AXIS2_PLACEMENT_3D('',#9046,#9047,#9048);
#9046 = CARTESIAN_POINT('',(169.004824,-121.,-4.6E-02));
#9047 = DIRECTION('',(-0.,-0.,-1.));
#9048 = DIRECTION('',(-0.,-1.,0.));
#9049 = ADVANCED_FACE('',(#9050),#9061,.F.);
#9050 = FACE_BOUND('',#9051,.T.);
#9051 = EDGE_LOOP('',(#9052,#9053,#9059,#9060));
#9052 = ORIENTED_EDGE('',*,*,#1107,.T.);
#9053 = ORIENTED_EDGE('',*,*,#9054,.T.);
#9054 = EDGE_CURVE('',#1108,#4725,#9055,.T.);
#9055 = LINE('',#9056,#9057);
#9056 = CARTESIAN_POINT('',(175.354824,-119.96,-4.6E-02));
#9057 = VECTOR('',#9058,1.);
#9058 = DIRECTION('',(0.,0.,1.));
#9059 = ORIENTED_EDGE('',*,*,#4724,.F.);
#9060 = ORIENTED_EDGE('',*,*,#9054,.F.);
#9061 = CYLINDRICAL_SURFACE('',#9062,1.5);
#9062 = AXIS2_PLACEMENT_3D('',#9063,#9064,#9065);
#9063 = CARTESIAN_POINT('',(175.354824,-118.46,-4.6E-02));
#9064 = DIRECTION('',(-0.,-0.,-1.));
#9065 = DIRECTION('',(-0.,-1.,0.));
#9066 = ADVANCED_FACE('',(#9067),#9078,.F.);
#9067 = FACE_BOUND('',#9068,.T.);
#9068 = EDGE_LOOP('',(#9069,#9070,#9076,#9077));
#9069 = ORIENTED_EDGE('',*,*,#1118,.T.);
#9070 = ORIENTED_EDGE('',*,*,#9071,.T.);
#9071 = EDGE_CURVE('',#1119,#4736,#9072,.T.);
#9072 = LINE('',#9073,#9074);
#9073 = CARTESIAN_POINT('',(142.414824,-115.805,-4.6E-02));
#9074 = VECTOR('',#9075,1.);
#9075 = DIRECTION('',(0.,0.,1.));
#9076 = ORIENTED_EDGE('',*,*,#4735,.F.);
#9077 = ORIENTED_EDGE('',*,*,#9071,.F.);
#9078 = CYLINDRICAL_SURFACE('',#9079,0.875);
#9079 = AXIS2_PLACEMENT_3D('',#9080,#9081,#9082);
#9080 = CARTESIAN_POINT('',(142.414824,-114.93,-4.6E-02));
#9081 = DIRECTION('',(-0.,-0.,-1.));
#9082 = DIRECTION('',(-0.,-1.,0.));
#9083 = ADVANCED_FACE('',(#9084),#9095,.F.);
#9084 = FACE_BOUND('',#9085,.T.);
#9085 = EDGE_LOOP('',(#9086,#9087,#9093,#9094));
#9086 = ORIENTED_EDGE('',*,*,#1129,.T.);
#9087 = ORIENTED_EDGE('',*,*,#9088,.T.);
#9088 = EDGE_CURVE('',#1130,#4747,#9089,.T.);
#9089 = LINE('',#9090,#9091);
#9090 = CARTESIAN_POINT('',(147.494824,-116.9239,-4.6E-02));
#9091 = VECTOR('',#9092,1.);
#9092 = DIRECTION('',(0.,0.,1.));
#9093 = ORIENTED_EDGE('',*,*,#4746,.F.);
#9094 = ORIENTED_EDGE('',*,*,#9088,.F.);
#9095 = CYLINDRICAL_SURFACE('',#9096,1.9939);
#9096 = AXIS2_PLACEMENT_3D('',#9097,#9098,#9099);
#9097 = CARTESIAN_POINT('',(147.494824,-114.93,-4.6E-02));
#9098 = DIRECTION('',(-0.,-0.,-1.));
#9099 = DIRECTION('',(-0.,-1.,0.));
#9100 = ADVANCED_FACE('',(#9101),#9112,.F.);
#9101 = FACE_BOUND('',#9102,.T.);
#9102 = EDGE_LOOP('',(#9103,#9104,#9110,#9111));
#9103 = ORIENTED_EDGE('',*,*,#1140,.T.);
#9104 = ORIENTED_EDGE('',*,*,#9105,.T.);
#9105 = EDGE_CURVE('',#1141,#4758,#9106,.T.);
#9106 = LINE('',#9107,#9108);
#9107 = CARTESIAN_POINT('',(152.574824,-115.805,-4.6E-02));
#9108 = VECTOR('',#9109,1.);
#9109 = DIRECTION('',(0.,0.,1.));
#9110 = ORIENTED_EDGE('',*,*,#4757,.F.);
#9111 = ORIENTED_EDGE('',*,*,#9105,.F.);
#9112 = CYLINDRICAL_SURFACE('',#9113,0.875);
#9113 = AXIS2_PLACEMENT_3D('',#9114,#9115,#9116);
#9114 = CARTESIAN_POINT('',(152.574824,-114.93,-4.6E-02));
#9115 = DIRECTION('',(-0.,-0.,-1.));
#9116 = DIRECTION('',(-0.,-1.,0.));
#9117 = ADVANCED_FACE('',(#9118),#9129,.F.);
#9118 = FACE_BOUND('',#9119,.T.);
#9119 = EDGE_LOOP('',(#9120,#9121,#9127,#9128));
#9120 = ORIENTED_EDGE('',*,*,#1151,.T.);
#9121 = ORIENTED_EDGE('',*,*,#9122,.T.);
#9122 = EDGE_CURVE('',#1152,#4769,#9123,.T.);
#9123 = LINE('',#9124,#9125);
#9124 = CARTESIAN_POINT('',(143.684824,-113.89,-4.6E-02));
#9125 = VECTOR('',#9126,1.);
#9126 = DIRECTION('',(0.,0.,1.));
#9127 = ORIENTED_EDGE('',*,*,#4768,.F.);
#9128 = ORIENTED_EDGE('',*,*,#9122,.F.);
#9129 = CYLINDRICAL_SURFACE('',#9130,1.5);
#9130 = AXIS2_PLACEMENT_3D('',#9131,#9132,#9133);
#9131 = CARTESIAN_POINT('',(143.684824,-112.39,-4.6E-02));
#9132 = DIRECTION('',(-0.,-0.,-1.));
#9133 = DIRECTION('',(-0.,-1.,0.));
#9134 = ADVANCED_FACE('',(#9135),#9146,.F.);
#9135 = FACE_BOUND('',#9136,.T.);
#9136 = EDGE_LOOP('',(#9137,#9138,#9144,#9145));
#9137 = ORIENTED_EDGE('',*,*,#1162,.T.);
#9138 = ORIENTED_EDGE('',*,*,#9139,.T.);
#9139 = EDGE_CURVE('',#1163,#4780,#9140,.T.);
#9140 = LINE('',#9141,#9142);
#9141 = CARTESIAN_POINT('',(177.894824,-124.415,-4.6E-02));
#9142 = VECTOR('',#9143,1.);
#9143 = DIRECTION('',(0.,0.,1.));
#9144 = ORIENTED_EDGE('',*,*,#4779,.F.);
#9145 = ORIENTED_EDGE('',*,*,#9139,.F.);
#9146 = CYLINDRICAL_SURFACE('',#9147,0.875);
#9147 = AXIS2_PLACEMENT_3D('',#9148,#9149,#9150);
#9148 = CARTESIAN_POINT('',(177.894824,-123.54,-4.6E-02));
#9149 = DIRECTION('',(-0.,-0.,-1.));
#9150 = DIRECTION('',(-0.,-1.,0.));
#9151 = ADVANCED_FACE('',(#9152),#9163,.F.);
#9152 = FACE_BOUND('',#9153,.T.);
#9153 = EDGE_LOOP('',(#9154,#9155,#9161,#9162));
#9154 = ORIENTED_EDGE('',*,*,#1173,.T.);
#9155 = ORIENTED_EDGE('',*,*,#9156,.T.);
#9156 = EDGE_CURVE('',#1174,#4791,#9157,.T.);
#9157 = LINE('',#9158,#9159);
#9158 = CARTESIAN_POINT('',(215.6,-120.38,-4.6E-02));
#9159 = VECTOR('',#9160,1.);
#9160 = DIRECTION('',(0.,0.,1.));
#9161 = ORIENTED_EDGE('',*,*,#4790,.F.);
#9162 = ORIENTED_EDGE('',*,*,#9156,.F.);
#9163 = CYLINDRICAL_SURFACE('',#9164,0.25);
#9164 = AXIS2_PLACEMENT_3D('',#9165,#9166,#9167);
#9165 = CARTESIAN_POINT('',(215.6,-120.13,-4.6E-02));
#9166 = DIRECTION('',(-0.,-0.,-1.));
#9167 = DIRECTION('',(-0.,-1.,0.));
#9168 = ADVANCED_FACE('',(#9169),#9180,.F.);
#9169 = FACE_BOUND('',#9170,.T.);
#9170 = EDGE_LOOP('',(#9171,#9172,#9178,#9179));
#9171 = ORIENTED_EDGE('',*,*,#1184,.T.);
#9172 = ORIENTED_EDGE('',*,*,#9173,.T.);
#9173 = EDGE_CURVE('',#1185,#4802,#9174,.T.);
#9174 = LINE('',#9175,#9176);
#9175 = CARTESIAN_POINT('',(215.6,-119.63,-4.6E-02));
#9176 = VECTOR('',#9177,1.);
#9177 = DIRECTION('',(0.,0.,1.));
#9178 = ORIENTED_EDGE('',*,*,#4801,.F.);
#9179 = ORIENTED_EDGE('',*,*,#9173,.F.);
#9180 = CYLINDRICAL_SURFACE('',#9181,0.25);
#9181 = AXIS2_PLACEMENT_3D('',#9182,#9183,#9184);
#9182 = CARTESIAN_POINT('',(215.6,-119.38,-4.6E-02));
#9183 = DIRECTION('',(-0.,-0.,-1.));
#9184 = DIRECTION('',(-0.,-1.,0.));
#9185 = ADVANCED_FACE('',(#9186),#9197,.F.);
#9186 = FACE_BOUND('',#9187,.T.);
#9187 = EDGE_LOOP('',(#9188,#9189,#9195,#9196));
#9188 = ORIENTED_EDGE('',*,*,#1195,.T.);
#9189 = ORIENTED_EDGE('',*,*,#9190,.T.);
#9190 = EDGE_CURVE('',#1196,#4813,#9191,.T.);
#9191 = LINE('',#9192,#9193);
#9192 = CARTESIAN_POINT('',(215.6,-118.88,-4.6E-02));
#9193 = VECTOR('',#9194,1.);
#9194 = DIRECTION('',(0.,0.,1.));
#9195 = ORIENTED_EDGE('',*,*,#4812,.F.);
#9196 = ORIENTED_EDGE('',*,*,#9190,.F.);
#9197 = CYLINDRICAL_SURFACE('',#9198,0.25);
#9198 = AXIS2_PLACEMENT_3D('',#9199,#9200,#9201);
#9199 = CARTESIAN_POINT('',(215.6,-118.63,-4.6E-02));
#9200 = DIRECTION('',(-0.,-0.,-1.));
#9201 = DIRECTION('',(-0.,-1.,0.));
#9202 = ADVANCED_FACE('',(#9203),#9214,.F.);
#9203 = FACE_BOUND('',#9204,.T.);
#9204 = EDGE_LOOP('',(#9205,#9206,#9212,#9213));
#9205 = ORIENTED_EDGE('',*,*,#1206,.T.);
#9206 = ORIENTED_EDGE('',*,*,#9207,.T.);
#9207 = EDGE_CURVE('',#1207,#4824,#9208,.T.);
#9208 = LINE('',#9209,#9210);
#9209 = CARTESIAN_POINT('',(215.6,-118.13,-4.6E-02));
#9210 = VECTOR('',#9211,1.);
#9211 = DIRECTION('',(0.,0.,1.));
#9212 = ORIENTED_EDGE('',*,*,#4823,.F.);
#9213 = ORIENTED_EDGE('',*,*,#9207,.F.);
#9214 = CYLINDRICAL_SURFACE('',#9215,0.25);
#9215 = AXIS2_PLACEMENT_3D('',#9216,#9217,#9218);
#9216 = CARTESIAN_POINT('',(215.6,-117.88,-4.6E-02));
#9217 = DIRECTION('',(-0.,-0.,-1.));
#9218 = DIRECTION('',(-0.,-1.,0.));
#9219 = ADVANCED_FACE('',(#9220),#9231,.F.);
#9220 = FACE_BOUND('',#9221,.T.);
#9221 = EDGE_LOOP('',(#9222,#9223,#9229,#9230));
#9222 = ORIENTED_EDGE('',*,*,#1217,.T.);
#9223 = ORIENTED_EDGE('',*,*,#9224,.T.);
#9224 = EDGE_CURVE('',#1218,#4835,#9225,.T.);
#9225 = LINE('',#9226,#9227);
#9226 = CARTESIAN_POINT('',(215.6,-117.38,-4.6E-02));
#9227 = VECTOR('',#9228,1.);
#9228 = DIRECTION('',(0.,0.,1.));
#9229 = ORIENTED_EDGE('',*,*,#4834,.F.);
#9230 = ORIENTED_EDGE('',*,*,#9224,.F.);
#9231 = CYLINDRICAL_SURFACE('',#9232,0.25);
#9232 = AXIS2_PLACEMENT_3D('',#9233,#9234,#9235);
#9233 = CARTESIAN_POINT('',(215.6,-117.13,-4.6E-02));
#9234 = DIRECTION('',(-0.,-0.,-1.));
#9235 = DIRECTION('',(-0.,-1.,0.));
#9236 = ADVANCED_FACE('',(#9237),#9248,.F.);
#9237 = FACE_BOUND('',#9238,.T.);
#9238 = EDGE_LOOP('',(#9239,#9240,#9246,#9247));
#9239 = ORIENTED_EDGE('',*,*,#1228,.T.);
#9240 = ORIENTED_EDGE('',*,*,#9241,.T.);
#9241 = EDGE_CURVE('',#1229,#4846,#9242,.T.);
#9242 = LINE('',#9243,#9244);
#9243 = CARTESIAN_POINT('',(215.6,-116.63,-4.6E-02));
#9244 = VECTOR('',#9245,1.);
#9245 = DIRECTION('',(0.,0.,1.));
#9246 = ORIENTED_EDGE('',*,*,#4845,.F.);
#9247 = ORIENTED_EDGE('',*,*,#9241,.F.);
#9248 = CYLINDRICAL_SURFACE('',#9249,0.25);
#9249 = AXIS2_PLACEMENT_3D('',#9250,#9251,#9252);
#9250 = CARTESIAN_POINT('',(215.6,-116.38,-4.6E-02));
#9251 = DIRECTION('',(-0.,-0.,-1.));
#9252 = DIRECTION('',(-0.,-1.,0.));
#9253 = ADVANCED_FACE('',(#9254),#9265,.F.);
#9254 = FACE_BOUND('',#9255,.T.);
#9255 = EDGE_LOOP('',(#9256,#9257,#9263,#9264));
#9256 = ORIENTED_EDGE('',*,*,#1239,.T.);
#9257 = ORIENTED_EDGE('',*,*,#9258,.T.);
#9258 = EDGE_CURVE('',#1240,#4857,#9259,.T.);
#9259 = LINE('',#9260,#9261);
#9260 = CARTESIAN_POINT('',(215.6,-115.88,-4.6E-02));
#9261 = VECTOR('',#9262,1.);
#9262 = DIRECTION('',(0.,0.,1.));
#9263 = ORIENTED_EDGE('',*,*,#4856,.F.);
#9264 = ORIENTED_EDGE('',*,*,#9258,.F.);
#9265 = CYLINDRICAL_SURFACE('',#9266,0.25);
#9266 = AXIS2_PLACEMENT_3D('',#9267,#9268,#9269);
#9267 = CARTESIAN_POINT('',(215.6,-115.63,-4.6E-02));
#9268 = DIRECTION('',(-0.,-0.,-1.));
#9269 = DIRECTION('',(-0.,-1.,0.));
#9270 = ADVANCED_FACE('',(#9271),#9282,.F.);
#9271 = FACE_BOUND('',#9272,.T.);
#9272 = EDGE_LOOP('',(#9273,#9274,#9280,#9281));
#9273 = ORIENTED_EDGE('',*,*,#1250,.T.);
#9274 = ORIENTED_EDGE('',*,*,#9275,.T.);
#9275 = EDGE_CURVE('',#1251,#4868,#9276,.T.);
#9276 = LINE('',#9277,#9278);
#9277 = CARTESIAN_POINT('',(215.6,-115.13,-4.6E-02));
#9278 = VECTOR('',#9279,1.);
#9279 = DIRECTION('',(0.,0.,1.));
#9280 = ORIENTED_EDGE('',*,*,#4867,.F.);
#9281 = ORIENTED_EDGE('',*,*,#9275,.F.);
#9282 = CYLINDRICAL_SURFACE('',#9283,0.25);
#9283 = AXIS2_PLACEMENT_3D('',#9284,#9285,#9286);
#9284 = CARTESIAN_POINT('',(215.6,-114.88,-4.6E-02));
#9285 = DIRECTION('',(-0.,-0.,-1.));
#9286 = DIRECTION('',(-0.,-1.,0.));
#9287 = ADVANCED_FACE('',(#9288),#9299,.F.);
#9288 = FACE_BOUND('',#9289,.T.);
#9289 = EDGE_LOOP('',(#9290,#9291,#9297,#9298));
#9290 = ORIENTED_EDGE('',*,*,#1261,.T.);
#9291 = ORIENTED_EDGE('',*,*,#9292,.T.);
#9292 = EDGE_CURVE('',#1262,#4879,#9293,.T.);
#9293 = LINE('',#9294,#9295);
#9294 = CARTESIAN_POINT('',(215.6,-114.38,-4.6E-02));
#9295 = VECTOR('',#9296,1.);
#9296 = DIRECTION('',(0.,0.,1.));
#9297 = ORIENTED_EDGE('',*,*,#4878,.F.);
#9298 = ORIENTED_EDGE('',*,*,#9292,.F.);
#9299 = CYLINDRICAL_SURFACE('',#9300,0.25);
#9300 = AXIS2_PLACEMENT_3D('',#9301,#9302,#9303);
#9301 = CARTESIAN_POINT('',(215.6,-114.13,-4.6E-02));
#9302 = DIRECTION('',(-0.,-0.,-1.));
#9303 = DIRECTION('',(-0.,-1.,0.));
#9304 = ADVANCED_FACE('',(#9305),#9316,.F.);
#9305 = FACE_BOUND('',#9306,.T.);
#9306 = EDGE_LOOP('',(#9307,#9308,#9314,#9315));
#9307 = ORIENTED_EDGE('',*,*,#1272,.T.);
#9308 = ORIENTED_EDGE('',*,*,#9309,.T.);
#9309 = EDGE_CURVE('',#1273,#4890,#9310,.T.);
#9310 = LINE('',#9311,#9312);
#9311 = CARTESIAN_POINT('',(215.6,-113.63,-4.6E-02));
#9312 = VECTOR('',#9313,1.);
#9313 = DIRECTION('',(0.,0.,1.));
#9314 = ORIENTED_EDGE('',*,*,#4889,.F.);
#9315 = ORIENTED_EDGE('',*,*,#9309,.F.);
#9316 = CYLINDRICAL_SURFACE('',#9317,0.25);
#9317 = AXIS2_PLACEMENT_3D('',#9318,#9319,#9320);
#9318 = CARTESIAN_POINT('',(215.6,-113.38,-4.6E-02));
#9319 = DIRECTION('',(-0.,-0.,-1.));
#9320 = DIRECTION('',(-0.,-1.,0.));
#9321 = ADVANCED_FACE('',(#9322),#9333,.F.);
#9322 = FACE_BOUND('',#9323,.T.);
#9323 = EDGE_LOOP('',(#9324,#9325,#9331,#9332));
#9324 = ORIENTED_EDGE('',*,*,#1283,.T.);
#9325 = ORIENTED_EDGE('',*,*,#9326,.T.);
#9326 = EDGE_CURVE('',#1284,#4901,#9327,.T.);
#9327 = LINE('',#9328,#9329);
#9328 = CARTESIAN_POINT('',(215.6,-112.88,-4.6E-02));
#9329 = VECTOR('',#9330,1.);
#9330 = DIRECTION('',(0.,0.,1.));
#9331 = ORIENTED_EDGE('',*,*,#4900,.F.);
#9332 = ORIENTED_EDGE('',*,*,#9326,.F.);
#9333 = CYLINDRICAL_SURFACE('',#9334,0.25);
#9334 = AXIS2_PLACEMENT_3D('',#9335,#9336,#9337);
#9335 = CARTESIAN_POINT('',(215.6,-112.63,-4.6E-02));
#9336 = DIRECTION('',(-0.,-0.,-1.));
#9337 = DIRECTION('',(-0.,-1.,0.));
#9338 = ADVANCED_FACE('',(#9339),#9350,.F.);
#9339 = FACE_BOUND('',#9340,.T.);
#9340 = EDGE_LOOP('',(#9341,#9342,#9348,#9349));
#9341 = ORIENTED_EDGE('',*,*,#1294,.T.);
#9342 = ORIENTED_EDGE('',*,*,#9343,.T.);
#9343 = EDGE_CURVE('',#1295,#4912,#9344,.T.);
#9344 = LINE('',#9345,#9346);
#9345 = CARTESIAN_POINT('',(220.62,-170.23,-4.6E-02));
#9346 = VECTOR('',#9347,1.);
#9347 = DIRECTION('',(0.,0.,1.));
#9348 = ORIENTED_EDGE('',*,*,#4911,.F.);
#9349 = ORIENTED_EDGE('',*,*,#9343,.F.);
#9350 = CYLINDRICAL_SURFACE('',#9351,0.25);
#9351 = AXIS2_PLACEMENT_3D('',#9352,#9353,#9354);
#9352 = CARTESIAN_POINT('',(220.62,-169.98,-4.6E-02));
#9353 = DIRECTION('',(-0.,-0.,-1.));
#9354 = DIRECTION('',(-0.,-1.,0.));
#9355 = ADVANCED_FACE('',(#9356),#9367,.F.);
#9356 = FACE_BOUND('',#9357,.T.);
#9357 = EDGE_LOOP('',(#9358,#9359,#9365,#9366));
#9358 = ORIENTED_EDGE('',*,*,#1305,.T.);
#9359 = ORIENTED_EDGE('',*,*,#9360,.T.);
#9360 = EDGE_CURVE('',#1306,#4923,#9361,.T.);
#9361 = LINE('',#9362,#9363);
#9362 = CARTESIAN_POINT('',(220.62,-169.48,-4.6E-02));
#9363 = VECTOR('',#9364,1.);
#9364 = DIRECTION('',(0.,0.,1.));
#9365 = ORIENTED_EDGE('',*,*,#4922,.F.);
#9366 = ORIENTED_EDGE('',*,*,#9360,.F.);
#9367 = CYLINDRICAL_SURFACE('',#9368,0.25);
#9368 = AXIS2_PLACEMENT_3D('',#9369,#9370,#9371);
#9369 = CARTESIAN_POINT('',(220.62,-169.23,-4.6E-02));
#9370 = DIRECTION('',(-0.,-0.,-1.));
#9371 = DIRECTION('',(-0.,-1.,0.));
#9372 = ADVANCED_FACE('',(#9373),#9384,.F.);
#9373 = FACE_BOUND('',#9374,.T.);
#9374 = EDGE_LOOP('',(#9375,#9376,#9382,#9383));
#9375 = ORIENTED_EDGE('',*,*,#1316,.T.);
#9376 = ORIENTED_EDGE('',*,*,#9377,.T.);
#9377 = EDGE_CURVE('',#1317,#4934,#9378,.T.);
#9378 = LINE('',#9379,#9380);
#9379 = CARTESIAN_POINT('',(220.62,-168.73,-4.6E-02));
#9380 = VECTOR('',#9381,1.);
#9381 = DIRECTION('',(0.,0.,1.));
#9382 = ORIENTED_EDGE('',*,*,#4933,.F.);
#9383 = ORIENTED_EDGE('',*,*,#9377,.F.);
#9384 = CYLINDRICAL_SURFACE('',#9385,0.25);
#9385 = AXIS2_PLACEMENT_3D('',#9386,#9387,#9388);
#9386 = CARTESIAN_POINT('',(220.62,-168.48,-4.6E-02));
#9387 = DIRECTION('',(-0.,-0.,-1.));
#9388 = DIRECTION('',(-0.,-1.,0.));
#9389 = ADVANCED_FACE('',(#9390),#9401,.F.);
#9390 = FACE_BOUND('',#9391,.T.);
#9391 = EDGE_LOOP('',(#9392,#9393,#9399,#9400));
#9392 = ORIENTED_EDGE('',*,*,#1327,.T.);
#9393 = ORIENTED_EDGE('',*,*,#9394,.T.);
#9394 = EDGE_CURVE('',#1328,#4945,#9395,.T.);
#9395 = LINE('',#9396,#9397);
#9396 = CARTESIAN_POINT('',(220.62,-167.98,-4.6E-02));
#9397 = VECTOR('',#9398,1.);
#9398 = DIRECTION('',(0.,0.,1.));
#9399 = ORIENTED_EDGE('',*,*,#4944,.F.);
#9400 = ORIENTED_EDGE('',*,*,#9394,.F.);
#9401 = CYLINDRICAL_SURFACE('',#9402,0.25);
#9402 = AXIS2_PLACEMENT_3D('',#9403,#9404,#9405);
#9403 = CARTESIAN_POINT('',(220.62,-167.73,-4.6E-02));
#9404 = DIRECTION('',(-0.,-0.,-1.));
#9405 = DIRECTION('',(-0.,-1.,0.));
#9406 = ADVANCED_FACE('',(#9407),#9418,.F.);
#9407 = FACE_BOUND('',#9408,.T.);
#9408 = EDGE_LOOP('',(#9409,#9410,#9416,#9417));
#9409 = ORIENTED_EDGE('',*,*,#1338,.T.);
#9410 = ORIENTED_EDGE('',*,*,#9411,.T.);
#9411 = EDGE_CURVE('',#1339,#4956,#9412,.T.);
#9412 = LINE('',#9413,#9414);
#9413 = CARTESIAN_POINT('',(220.62,-167.23,-4.6E-02));
#9414 = VECTOR('',#9415,1.);
#9415 = DIRECTION('',(0.,0.,1.));
#9416 = ORIENTED_EDGE('',*,*,#4955,.F.);
#9417 = ORIENTED_EDGE('',*,*,#9411,.F.);
#9418 = CYLINDRICAL_SURFACE('',#9419,0.25);
#9419 = AXIS2_PLACEMENT_3D('',#9420,#9421,#9422);
#9420 = CARTESIAN_POINT('',(220.62,-166.98,-4.6E-02));
#9421 = DIRECTION('',(-0.,-0.,-1.));
#9422 = DIRECTION('',(-0.,-1.,0.));
#9423 = ADVANCED_FACE('',(#9424),#9435,.F.);
#9424 = FACE_BOUND('',#9425,.T.);
#9425 = EDGE_LOOP('',(#9426,#9427,#9433,#9434));
#9426 = ORIENTED_EDGE('',*,*,#1349,.T.);
#9427 = ORIENTED_EDGE('',*,*,#9428,.T.);
#9428 = EDGE_CURVE('',#1350,#4967,#9429,.T.);
#9429 = LINE('',#9430,#9431);
#9430 = CARTESIAN_POINT('',(225.436194,-168.953806,-4.6E-02));
#9431 = VECTOR('',#9432,1.);
#9432 = DIRECTION('',(0.,0.,1.));
#9433 = ORIENTED_EDGE('',*,*,#4966,.F.);
#9434 = ORIENTED_EDGE('',*,*,#9428,.F.);
#9435 = CYLINDRICAL_SURFACE('',#9436,1.6);
#9436 = AXIS2_PLACEMENT_3D('',#9437,#9438,#9439);
#9437 = CARTESIAN_POINT('',(225.436194,-167.353806,-4.6E-02));
#9438 = DIRECTION('',(-0.,-0.,-1.));
#9439 = DIRECTION('',(-0.,-1.,0.));
#9440 = ADVANCED_FACE('',(#9441),#9452,.F.);
#9441 = FACE_BOUND('',#9442,.T.);
#9442 = EDGE_LOOP('',(#9443,#9444,#9450,#9451));
#9443 = ORIENTED_EDGE('',*,*,#1360,.T.);
#9444 = ORIENTED_EDGE('',*,*,#9445,.T.);
#9445 = EDGE_CURVE('',#1361,#4978,#9446,.T.);
#9446 = LINE('',#9447,#9448);
#9447 = CARTESIAN_POINT('',(220.62,-166.48,-4.6E-02));
#9448 = VECTOR('',#9449,1.);
#9449 = DIRECTION('',(0.,0.,1.));
#9450 = ORIENTED_EDGE('',*,*,#4977,.F.);
#9451 = ORIENTED_EDGE('',*,*,#9445,.F.);
#9452 = CYLINDRICAL_SURFACE('',#9453,0.25);
#9453 = AXIS2_PLACEMENT_3D('',#9454,#9455,#9456);
#9454 = CARTESIAN_POINT('',(220.62,-166.23,-4.6E-02));
#9455 = DIRECTION('',(-0.,-0.,-1.));
#9456 = DIRECTION('',(-0.,-1.,0.));
#9457 = ADVANCED_FACE('',(#9458),#9469,.F.);
#9458 = FACE_BOUND('',#9459,.T.);
#9459 = EDGE_LOOP('',(#9460,#9461,#9467,#9468));
#9460 = ORIENTED_EDGE('',*,*,#1371,.T.);
#9461 = ORIENTED_EDGE('',*,*,#9462,.T.);
#9462 = EDGE_CURVE('',#1372,#4989,#9463,.T.);
#9463 = LINE('',#9464,#9465);
#9464 = CARTESIAN_POINT('',(220.62,-165.73,-4.6E-02));
#9465 = VECTOR('',#9466,1.);
#9466 = DIRECTION('',(0.,0.,1.));
#9467 = ORIENTED_EDGE('',*,*,#4988,.F.);
#9468 = ORIENTED_EDGE('',*,*,#9462,.F.);
#9469 = CYLINDRICAL_SURFACE('',#9470,0.25);
#9470 = AXIS2_PLACEMENT_3D('',#9471,#9472,#9473);
#9471 = CARTESIAN_POINT('',(220.62,-165.48,-4.6E-02));
#9472 = DIRECTION('',(-0.,-0.,-1.));
#9473 = DIRECTION('',(-0.,-1.,0.));
#9474 = ADVANCED_FACE('',(#9475),#9486,.F.);
#9475 = FACE_BOUND('',#9476,.T.);
#9476 = EDGE_LOOP('',(#9477,#9478,#9484,#9485));
#9477 = ORIENTED_EDGE('',*,*,#1382,.T.);
#9478 = ORIENTED_EDGE('',*,*,#9479,.T.);
#9479 = EDGE_CURVE('',#1383,#5000,#9480,.T.);
#9480 = LINE('',#9481,#9482);
#9481 = CARTESIAN_POINT('',(220.62,-164.98,-4.6E-02));
#9482 = VECTOR('',#9483,1.);
#9483 = DIRECTION('',(0.,0.,1.));
#9484 = ORIENTED_EDGE('',*,*,#4999,.F.);
#9485 = ORIENTED_EDGE('',*,*,#9479,.F.);
#9486 = CYLINDRICAL_SURFACE('',#9487,0.25);
#9487 = AXIS2_PLACEMENT_3D('',#9488,#9489,#9490);
#9488 = CARTESIAN_POINT('',(220.62,-164.73,-4.6E-02));
#9489 = DIRECTION('',(-0.,-0.,-1.));
#9490 = DIRECTION('',(-0.,-1.,0.));
#9491 = ADVANCED_FACE('',(#9492),#9503,.F.);
#9492 = FACE_BOUND('',#9493,.T.);
#9493 = EDGE_LOOP('',(#9494,#9495,#9501,#9502));
#9494 = ORIENTED_EDGE('',*,*,#1393,.T.);
#9495 = ORIENTED_EDGE('',*,*,#9496,.T.);
#9496 = EDGE_CURVE('',#1394,#5011,#9497,.T.);
#9497 = LINE('',#9498,#9499);
#9498 = CARTESIAN_POINT('',(220.62,-164.23,-4.6E-02));
#9499 = VECTOR('',#9500,1.);
#9500 = DIRECTION('',(0.,0.,1.));
#9501 = ORIENTED_EDGE('',*,*,#5010,.F.);
#9502 = ORIENTED_EDGE('',*,*,#9496,.F.);
#9503 = CYLINDRICAL_SURFACE('',#9504,0.25);
#9504 = AXIS2_PLACEMENT_3D('',#9505,#9506,#9507);
#9505 = CARTESIAN_POINT('',(220.62,-163.98,-4.6E-02));
#9506 = DIRECTION('',(-0.,-0.,-1.));
#9507 = DIRECTION('',(-0.,-1.,0.));
#9508 = ADVANCED_FACE('',(#9509),#9520,.F.);
#9509 = FACE_BOUND('',#9510,.T.);
#9510 = EDGE_LOOP('',(#9511,#9512,#9518,#9519));
#9511 = ORIENTED_EDGE('',*,*,#1404,.T.);
#9512 = ORIENTED_EDGE('',*,*,#9513,.T.);
#9513 = EDGE_CURVE('',#1405,#5022,#9514,.T.);
#9514 = LINE('',#9515,#9516);
#9515 = CARTESIAN_POINT('',(232.06,-158.715,-4.6E-02));
#9516 = VECTOR('',#9517,1.);
#9517 = DIRECTION('',(0.,0.,1.));
#9518 = ORIENTED_EDGE('',*,*,#5021,.F.);
#9519 = ORIENTED_EDGE('',*,*,#9513,.F.);
#9520 = CYLINDRICAL_SURFACE('',#9521,0.875);
#9521 = AXIS2_PLACEMENT_3D('',#9522,#9523,#9524);
#9522 = CARTESIAN_POINT('',(232.06,-157.84,-4.6E-02));
#9523 = DIRECTION('',(-0.,-0.,-1.));
#9524 = DIRECTION('',(-0.,-1.,0.));
#9525 = ADVANCED_FACE('',(#9526),#9537,.F.);
#9526 = FACE_BOUND('',#9527,.T.);
#9527 = EDGE_LOOP('',(#9528,#9529,#9535,#9536));
#9528 = ORIENTED_EDGE('',*,*,#1415,.T.);
#9529 = ORIENTED_EDGE('',*,*,#9530,.T.);
#9530 = EDGE_CURVE('',#1416,#5033,#9531,.T.);
#9531 = LINE('',#9532,#9533);
#9532 = CARTESIAN_POINT('',(237.14,-159.8339,-4.6E-02));
#9533 = VECTOR('',#9534,1.);
#9534 = DIRECTION('',(0.,0.,1.));
#9535 = ORIENTED_EDGE('',*,*,#5032,.F.);
#9536 = ORIENTED_EDGE('',*,*,#9530,.F.);
#9537 = CYLINDRICAL_SURFACE('',#9538,1.9939);
#9538 = AXIS2_PLACEMENT_3D('',#9539,#9540,#9541);
#9539 = CARTESIAN_POINT('',(237.14,-157.84,-4.6E-02));
#9540 = DIRECTION('',(-0.,-0.,-1.));
#9541 = DIRECTION('',(-0.,-1.,0.));
#9542 = ADVANCED_FACE('',(#9543),#9554,.F.);
#9543 = FACE_BOUND('',#9544,.T.);
#9544 = EDGE_LOOP('',(#9545,#9546,#9552,#9553));
#9545 = ORIENTED_EDGE('',*,*,#1426,.T.);
#9546 = ORIENTED_EDGE('',*,*,#9547,.T.);
#9547 = EDGE_CURVE('',#1427,#5044,#9548,.T.);
#9548 = LINE('',#9549,#9550);
#9549 = CARTESIAN_POINT('',(242.22,-158.715,-4.6E-02));
#9550 = VECTOR('',#9551,1.);
#9551 = DIRECTION('',(0.,0.,1.));
#9552 = ORIENTED_EDGE('',*,*,#5043,.F.);
#9553 = ORIENTED_EDGE('',*,*,#9547,.F.);
#9554 = CYLINDRICAL_SURFACE('',#9555,0.875);
#9555 = AXIS2_PLACEMENT_3D('',#9556,#9557,#9558);
#9556 = CARTESIAN_POINT('',(242.22,-157.84,-4.6E-02));
#9557 = DIRECTION('',(-0.,-0.,-1.));
#9558 = DIRECTION('',(-0.,-1.,0.));
#9559 = ADVANCED_FACE('',(#9560),#9571,.F.);
#9560 = FACE_BOUND('',#9561,.T.);
#9561 = EDGE_LOOP('',(#9562,#9563,#9569,#9570));
#9562 = ORIENTED_EDGE('',*,*,#1437,.T.);
#9563 = ORIENTED_EDGE('',*,*,#9564,.T.);
#9564 = EDGE_CURVE('',#1438,#5055,#9565,.T.);
#9565 = LINE('',#9566,#9567);
#9566 = CARTESIAN_POINT('',(233.33,-156.8,-4.6E-02));
#9567 = VECTOR('',#9568,1.);
#9568 = DIRECTION('',(0.,0.,1.));
#9569 = ORIENTED_EDGE('',*,*,#5054,.F.);
#9570 = ORIENTED_EDGE('',*,*,#9564,.F.);
#9571 = CYLINDRICAL_SURFACE('',#9572,1.5);
#9572 = AXIS2_PLACEMENT_3D('',#9573,#9574,#9575);
#9573 = CARTESIAN_POINT('',(233.33,-155.3,-4.6E-02));
#9574 = DIRECTION('',(-0.,-0.,-1.));
#9575 = DIRECTION('',(-0.,-1.,0.));
#9576 = ADVANCED_FACE('',(#9577),#9588,.F.);
#9577 = FACE_BOUND('',#9578,.T.);
#9578 = EDGE_LOOP('',(#9579,#9580,#9586,#9587));
#9579 = ORIENTED_EDGE('',*,*,#1448,.T.);
#9580 = ORIENTED_EDGE('',*,*,#9581,.T.);
#9581 = EDGE_CURVE('',#1449,#5066,#9582,.T.);
#9582 = LINE('',#9583,#9584);
#9583 = CARTESIAN_POINT('',(239.68,-154.26,-4.6E-02));
#9584 = VECTOR('',#9585,1.);
#9585 = DIRECTION('',(0.,0.,1.));
#9586 = ORIENTED_EDGE('',*,*,#5065,.F.);
#9587 = ORIENTED_EDGE('',*,*,#9581,.F.);
#9588 = CYLINDRICAL_SURFACE('',#9589,1.5);
#9589 = AXIS2_PLACEMENT_3D('',#9590,#9591,#9592);
#9590 = CARTESIAN_POINT('',(239.68,-152.76,-4.6E-02));
#9591 = DIRECTION('',(-0.,-0.,-1.));
#9592 = DIRECTION('',(-0.,-1.,0.));
#9593 = ADVANCED_FACE('',(#9594),#9605,.F.);
#9594 = FACE_BOUND('',#9595,.T.);
#9595 = EDGE_LOOP('',(#9596,#9597,#9603,#9604));
#9596 = ORIENTED_EDGE('',*,*,#1459,.T.);
#9597 = ORIENTED_EDGE('',*,*,#9598,.T.);
#9598 = EDGE_CURVE('',#1460,#5077,#9599,.T.);
#9599 = LINE('',#9600,#9601);
#9600 = CARTESIAN_POINT('',(257.32,-149.065,-4.6E-02));
#9601 = VECTOR('',#9602,1.);
#9602 = DIRECTION('',(0.,0.,1.));
#9603 = ORIENTED_EDGE('',*,*,#5076,.F.);
#9604 = ORIENTED_EDGE('',*,*,#9598,.F.);
#9605 = CYLINDRICAL_SURFACE('',#9606,0.875);
#9606 = AXIS2_PLACEMENT_3D('',#9607,#9608,#9609);
#9607 = CARTESIAN_POINT('',(257.32,-148.19,-4.6E-02));
#9608 = DIRECTION('',(-0.,-0.,-1.));
#9609 = DIRECTION('',(-0.,-1.,0.));
#9610 = ADVANCED_FACE('',(#9611),#9627,.F.);
#9611 = FACE_BOUND('',#9612,.T.);
#9612 = EDGE_LOOP('',(#9613,#9619,#9620,#9626));
#9613 = ORIENTED_EDGE('',*,*,#9614,.T.);
#9614 = EDGE_CURVE('',#1471,#5088,#9615,.T.);
#9615 = LINE('',#9616,#9617);
#9616 = CARTESIAN_POINT('',(220.63,-121.400011,0.));
#9617 = VECTOR('',#9618,1.);
#9618 = DIRECTION('',(0.,0.,1.));
#9619 = ORIENTED_EDGE('',*,*,#5087,.T.);
#9620 = ORIENTED_EDGE('',*,*,#9621,.F.);
#9621 = EDGE_CURVE('',#1473,#5090,#9622,.T.);
#9622 = LINE('',#9623,#9624);
#9623 = CARTESIAN_POINT('',(215.569822,-121.37,0.));
#9624 = VECTOR('',#9625,1.);
#9625 = DIRECTION('',(0.,0.,1.));
#9626 = ORIENTED_EDGE('',*,*,#1470,.F.);
#9627 = CYLINDRICAL_SURFACE('',#9628,2.530177997669);
#9628 = AXIS2_PLACEMENT_3D('',#9629,#9630,#9631);
#9629 = CARTESIAN_POINT('',(218.09999999766,-121.3699995339,0.));
#9630 = DIRECTION('',(-0.,-0.,-1.));
#9631 = DIRECTION('',(0.999929651061,-1.186140502298E-02,0.));
#9632 = ADVANCED_FACE('',(#9633),#9644,.T.);
#9633 = FACE_BOUND('',#9634,.T.);
#9634 = EDGE_LOOP('',(#9635,#9636,#9637,#9643));
#9635 = ORIENTED_EDGE('',*,*,#9621,.T.);
#9636 = ORIENTED_EDGE('',*,*,#5169,.T.);
#9637 = ORIENTED_EDGE('',*,*,#9638,.F.);
#9638 = EDGE_CURVE('',#1544,#5161,#9639,.T.);
#9639 = LINE('',#9640,#9641);
#9640 = CARTESIAN_POINT('',(215.469877,-161.964178,0.));
#9641 = VECTOR('',#9642,1.);
#9642 = DIRECTION('',(0.,0.,1.));
#9643 = ORIENTED_EDGE('',*,*,#1552,.F.);
#9644 = PLANE('',#9645);
#9645 = AXIS2_PLACEMENT_3D('',#9646,#9647,#9648);
#9646 = CARTESIAN_POINT('',(215.569822,-121.37,0.));
#9647 = DIRECTION('',(0.999996969162,-2.462045101219E-03,0.));
#9648 = DIRECTION('',(-2.462045101219E-03,-0.999996969162,0.));
#9649 = ADVANCED_FACE('',(#9650),#9661,.F.);
#9650 = FACE_BOUND('',#9651,.T.);
#9651 = EDGE_LOOP('',(#9652,#9653,#9654,#9655));
#9652 = ORIENTED_EDGE('',*,*,#1543,.F.);
#9653 = ORIENTED_EDGE('',*,*,#9638,.T.);
#9654 = ORIENTED_EDGE('',*,*,#5160,.T.);
#9655 = ORIENTED_EDGE('',*,*,#9656,.T.);
#9656 = EDGE_CURVE('',#5152,#1535,#9657,.T.);
#9657 = LINE('',#9658,#9659);
#9658 = CARTESIAN_POINT('',(215.6676069054,-162.9845746904,0.));
#9659 = VECTOR('',#9660,1.);
#9660 = DIRECTION('',(-0.,-0.,-1.));
#9661 = CYLINDRICAL_SURFACE('',#9662,2.65017001816);
#9662 = AXIS2_PLACEMENT_3D('',#9663,#9664,#9665);
#9663 = CARTESIAN_POINT('',(218.11999978752,-161.9800000158,0.));
#9664 = DIRECTION('',(-0.,-0.,-1.));
#9665 = DIRECTION('',(-0.999982178263,5.970188989195E-03,-0.));
#9666 = ADVANCED_FACE('',(#9667),#9678,.F.);
#9667 = FACE_BOUND('',#9668,.T.);
#9668 = EDGE_LOOP('',(#9669,#9675,#9676,#9677));
#9669 = ORIENTED_EDGE('',*,*,#9670,.F.);
#9670 = EDGE_CURVE('',#1526,#5143,#9671,.T.);
#9671 = LINE('',#9672,#9673);
#9672 = CARTESIAN_POINT('',(215.62,-163.48,-4.6E-02));
#9673 = VECTOR('',#9674,1.);
#9674 = DIRECTION('',(0.,0.,1.));
#9675 = ORIENTED_EDGE('',*,*,#1534,.T.);
#9676 = ORIENTED_EDGE('',*,*,#9656,.F.);
#9677 = ORIENTED_EDGE('',*,*,#5151,.F.);
#9678 = CYLINDRICAL_SURFACE('',#9679,0.25);
#9679 = AXIS2_PLACEMENT_3D('',#9680,#9681,#9682);
#9680 = CARTESIAN_POINT('',(215.62,-163.23,-4.6E-02));
#9681 = DIRECTION('',(-0.,-0.,-1.));
#9682 = DIRECTION('',(-0.,-1.,0.));
#9683 = ADVANCED_FACE('',(#9684),#9695,.F.);
#9684 = FACE_BOUND('',#9685,.T.);
#9685 = EDGE_LOOP('',(#9686,#9687,#9688,#9689));
#9686 = ORIENTED_EDGE('',*,*,#1525,.T.);
#9687 = ORIENTED_EDGE('',*,*,#9670,.T.);
#9688 = ORIENTED_EDGE('',*,*,#5142,.F.);
#9689 = ORIENTED_EDGE('',*,*,#9690,.T.);
#9690 = EDGE_CURVE('',#5134,#1517,#9691,.T.);
#9691 = LINE('',#9692,#9693);
#9692 = CARTESIAN_POINT('',(215.84490439718,-163.3391696483,0.));
#9693 = VECTOR('',#9694,1.);
#9694 = DIRECTION('',(-0.,-0.,-1.));
#9695 = CYLINDRICAL_SURFACE('',#9696,0.25);
#9696 = AXIS2_PLACEMENT_3D('',#9697,#9698,#9699);
#9697 = CARTESIAN_POINT('',(215.62,-163.23,-4.6E-02));
#9698 = DIRECTION('',(-0.,-0.,-1.));
#9699 = DIRECTION('',(-0.,-1.,0.));
#9700 = ADVANCED_FACE('',(#9701),#9712,.F.);
#9701 = FACE_BOUND('',#9702,.T.);
#9702 = EDGE_LOOP('',(#9703,#9704,#9705,#9706));
#9703 = ORIENTED_EDGE('',*,*,#1516,.F.);
#9704 = ORIENTED_EDGE('',*,*,#9690,.F.);
#9705 = ORIENTED_EDGE('',*,*,#5133,.T.);
#9706 = ORIENTED_EDGE('',*,*,#9707,.T.);
#9707 = EDGE_CURVE('',#5125,#1508,#9708,.T.);
#9708 = LINE('',#9709,#9710);
#9709 = CARTESIAN_POINT('',(220.39509541232,-163.3391692559,0.));
#9710 = VECTOR('',#9711,1.);
#9711 = DIRECTION('',(-0.,-0.,-1.));
#9712 = CYLINDRICAL_SURFACE('',#9713,2.65017001816);
#9713 = AXIS2_PLACEMENT_3D('',#9714,#9715,#9716);
#9714 = CARTESIAN_POINT('',(218.11999978752,-161.9800000158,0.));
#9715 = DIRECTION('',(-0.,-0.,-1.));
#9716 = DIRECTION('',(-0.999982178263,5.970188989195E-03,-0.));
#9717 = ADVANCED_FACE('',(#9718),#9729,.F.);
#9718 = FACE_BOUND('',#9719,.T.);
#9719 = EDGE_LOOP('',(#9720,#9726,#9727,#9728));
#9720 = ORIENTED_EDGE('',*,*,#9721,.F.);
#9721 = EDGE_CURVE('',#1499,#5116,#9722,.T.);
#9722 = LINE('',#9723,#9724);
#9723 = CARTESIAN_POINT('',(220.62,-163.48,-4.6E-02));
#9724 = VECTOR('',#9725,1.);
#9725 = DIRECTION('',(0.,0.,1.));
#9726 = ORIENTED_EDGE('',*,*,#1507,.T.);
#9727 = ORIENTED_EDGE('',*,*,#9707,.F.);
#9728 = ORIENTED_EDGE('',*,*,#5124,.F.);
#9729 = CYLINDRICAL_SURFACE('',#9730,0.25);
#9730 = AXIS2_PLACEMENT_3D('',#9731,#9732,#9733);
#9731 = CARTESIAN_POINT('',(220.62,-163.23,-4.6E-02));
#9732 = DIRECTION('',(-0.,-0.,-1.));
#9733 = DIRECTION('',(-0.,-1.,0.));
#9734 = ADVANCED_FACE('',(#9735),#9746,.F.);
#9735 = FACE_BOUND('',#9736,.T.);
#9736 = EDGE_LOOP('',(#9737,#9738,#9739,#9740));
#9737 = ORIENTED_EDGE('',*,*,#1498,.T.);
#9738 = ORIENTED_EDGE('',*,*,#9721,.T.);
#9739 = ORIENTED_EDGE('',*,*,#5115,.F.);
#9740 = ORIENTED_EDGE('',*,*,#9741,.T.);
#9741 = EDGE_CURVE('',#5107,#1490,#9742,.T.);
#9742 = LINE('',#9743,#9744);
#9743 = CARTESIAN_POINT('',(220.57239263297,-162.98457478,0.));
#9744 = VECTOR('',#9745,1.);
#9745 = DIRECTION('',(-0.,-0.,-1.));
#9746 = CYLINDRICAL_SURFACE('',#9747,0.25);
#9747 = AXIS2_PLACEMENT_3D('',#9748,#9749,#9750);
#9748 = CARTESIAN_POINT('',(220.62,-163.23,-4.6E-02));
#9749 = DIRECTION('',(-0.,-0.,-1.));
#9750 = DIRECTION('',(-0.,-1.,0.));
#9751 = ADVANCED_FACE('',(#9752),#9763,.F.);
#9752 = FACE_BOUND('',#9753,.T.);
#9753 = EDGE_LOOP('',(#9754,#9755,#9756,#9757));
#9754 = ORIENTED_EDGE('',*,*,#1489,.F.);
#9755 = ORIENTED_EDGE('',*,*,#9741,.F.);
#9756 = ORIENTED_EDGE('',*,*,#5106,.T.);
#9757 = ORIENTED_EDGE('',*,*,#9758,.F.);
#9758 = EDGE_CURVE('',#1482,#5099,#9759,.T.);
#9759 = LINE('',#9760,#9761);
#9760 = CARTESIAN_POINT('',(220.77,-162.01,0.));
#9761 = VECTOR('',#9762,1.);
#9762 = DIRECTION('',(0.,0.,1.));
#9763 = CYLINDRICAL_SURFACE('',#9764,2.65017001816);
#9764 = AXIS2_PLACEMENT_3D('',#9765,#9766,#9767);
#9765 = CARTESIAN_POINT('',(218.11999978752,-161.9800000158,0.));
#9766 = DIRECTION('',(-0.,-0.,-1.));
#9767 = DIRECTION('',(-0.999982178263,5.970188989195E-03,-0.));
#9768 = ADVANCED_FACE('',(#9769),#9775,.T.);
#9769 = FACE_BOUND('',#9770,.T.);
#9770 = EDGE_LOOP('',(#9771,#9772,#9773,#9774));
#9771 = ORIENTED_EDGE('',*,*,#9758,.T.);
#9772 = ORIENTED_EDGE('',*,*,#5098,.T.);
#9773 = ORIENTED_EDGE('',*,*,#9614,.F.);
#9774 = ORIENTED_EDGE('',*,*,#1481,.F.);
#9775 = PLANE('',#9776);
#9776 = AXIS2_PLACEMENT_3D('',#9777,#9778,#9779);
#9777 = CARTESIAN_POINT('',(220.77,-162.01,0.));
#9778 = DIRECTION('',(-0.999994057674,-3.447407190246E-03,0.));
#9779 = DIRECTION('',(-3.447407190246E-03,0.999994057674,0.));
#9780 = ADVANCED_FACE('',(#9781),#9792,.F.);
#9781 = FACE_BOUND('',#9782,.T.);
#9782 = EDGE_LOOP('',(#9783,#9784,#9790,#9791));
#9783 = ORIENTED_EDGE('',*,*,#1560,.T.);
#9784 = ORIENTED_EDGE('',*,*,#9785,.T.);
#9785 = EDGE_CURVE('',#1561,#5178,#9786,.T.);
#9786 = LINE('',#9787,#9788);
#9787 = CARTESIAN_POINT('',(258.59,-147.15,-4.6E-02));
#9788 = VECTOR('',#9789,1.);
#9789 = DIRECTION('',(0.,0.,1.));
#9790 = ORIENTED_EDGE('',*,*,#5177,.F.);
#9791 = ORIENTED_EDGE('',*,*,#9785,.F.);
#9792 = CYLINDRICAL_SURFACE('',#9793,1.5);
#9793 = AXIS2_PLACEMENT_3D('',#9794,#9795,#9796);
#9794 = CARTESIAN_POINT('',(258.59,-145.65,-4.6E-02));
#9795 = DIRECTION('',(-0.,-0.,-1.));
#9796 = DIRECTION('',(-0.,-1.,0.));
#9797 = ADVANCED_FACE('',(#9798),#9809,.F.);
#9798 = FACE_BOUND('',#9799,.T.);
#9799 = EDGE_LOOP('',(#9800,#9801,#9807,#9808));
#9800 = ORIENTED_EDGE('',*,*,#1571,.T.);
#9801 = ORIENTED_EDGE('',*,*,#9802,.T.);
#9802 = EDGE_CURVE('',#1572,#5189,#9803,.T.);
#9803 = LINE('',#9804,#9805);
#9804 = CARTESIAN_POINT('',(262.4,-150.1839,-4.6E-02));
#9805 = VECTOR('',#9806,1.);
#9806 = DIRECTION('',(0.,0.,1.));
#9807 = ORIENTED_EDGE('',*,*,#5188,.F.);
#9808 = ORIENTED_EDGE('',*,*,#9802,.F.);
#9809 = CYLINDRICAL_SURFACE('',#9810,1.9939);
#9810 = AXIS2_PLACEMENT_3D('',#9811,#9812,#9813);
#9811 = CARTESIAN_POINT('',(262.4,-148.19,-4.6E-02));
#9812 = DIRECTION('',(-0.,-0.,-1.));
#9813 = DIRECTION('',(-0.,-1.,0.));
#9814 = ADVANCED_FACE('',(#9815),#9826,.F.);
#9815 = FACE_BOUND('',#9816,.T.);
#9816 = EDGE_LOOP('',(#9817,#9818,#9824,#9825));
#9817 = ORIENTED_EDGE('',*,*,#1582,.T.);
#9818 = ORIENTED_EDGE('',*,*,#9819,.T.);
#9819 = EDGE_CURVE('',#1583,#5200,#9820,.T.);
#9820 = LINE('',#9821,#9822);
#9821 = CARTESIAN_POINT('',(267.48,-149.065,-4.6E-02));
#9822 = VECTOR('',#9823,1.);
#9823 = DIRECTION('',(0.,0.,1.));
#9824 = ORIENTED_EDGE('',*,*,#5199,.F.);
#9825 = ORIENTED_EDGE('',*,*,#9819,.F.);
#9826 = CYLINDRICAL_SURFACE('',#9827,0.875);
#9827 = AXIS2_PLACEMENT_3D('',#9828,#9829,#9830);
#9828 = CARTESIAN_POINT('',(267.48,-148.19,-4.6E-02));
#9829 = DIRECTION('',(-0.,-0.,-1.));
#9830 = DIRECTION('',(-0.,-1.,0.));
#9831 = ADVANCED_FACE('',(#9832),#9843,.F.);
#9832 = FACE_BOUND('',#9833,.T.);
#9833 = EDGE_LOOP('',(#9834,#9835,#9841,#9842));
#9834 = ORIENTED_EDGE('',*,*,#1593,.T.);
#9835 = ORIENTED_EDGE('',*,*,#9836,.T.);
#9836 = EDGE_CURVE('',#1594,#5211,#9837,.T.);
#9837 = LINE('',#9838,#9839);
#9838 = CARTESIAN_POINT('',(264.94,-144.61,-4.6E-02));
#9839 = VECTOR('',#9840,1.);
#9840 = DIRECTION('',(0.,0.,1.));
#9841 = ORIENTED_EDGE('',*,*,#5210,.F.);
#9842 = ORIENTED_EDGE('',*,*,#9836,.F.);
#9843 = CYLINDRICAL_SURFACE('',#9844,1.5);
#9844 = AXIS2_PLACEMENT_3D('',#9845,#9846,#9847);
#9845 = CARTESIAN_POINT('',(264.94,-143.11,-4.6E-02));
#9846 = DIRECTION('',(-0.,-0.,-1.));
#9847 = DIRECTION('',(-0.,-1.,0.));
#9848 = ADVANCED_FACE('',(#9849),#9860,.F.);
#9849 = FACE_BOUND('',#9850,.T.);
#9850 = EDGE_LOOP('',(#9851,#9852,#9858,#9859));
#9851 = ORIENTED_EDGE('',*,*,#1604,.T.);
#9852 = ORIENTED_EDGE('',*,*,#9853,.T.);
#9853 = EDGE_CURVE('',#1605,#5222,#9854,.T.);
#9854 = LINE('',#9855,#9856);
#9855 = CARTESIAN_POINT('',(382.643806,-166.503806,-4.6E-02));
#9856 = VECTOR('',#9857,1.);
#9857 = DIRECTION('',(0.,0.,1.));
#9858 = ORIENTED_EDGE('',*,*,#5221,.F.);
#9859 = ORIENTED_EDGE('',*,*,#9853,.F.);
#9860 = CYLINDRICAL_SURFACE('',#9861,1.6);
#9861 = AXIS2_PLACEMENT_3D('',#9862,#9863,#9864);
#9862 = CARTESIAN_POINT('',(382.643806,-164.903806,-4.6E-02));
#9863 = DIRECTION('',(-0.,-0.,-1.));
#9864 = DIRECTION('',(-3.552713678801E-14,-1.,0.));
#9865 = ADVANCED_FACE('',(#9866),#9877,.F.);
#9866 = FACE_BOUND('',#9867,.T.);
#9867 = EDGE_LOOP('',(#9868,#9869,#9875,#9876));
#9868 = ORIENTED_EDGE('',*,*,#1615,.T.);
#9869 = ORIENTED_EDGE('',*,*,#9870,.T.);
#9870 = EDGE_CURVE('',#1616,#5233,#9871,.T.);
#9871 = LINE('',#9872,#9873);
#9872 = CARTESIAN_POINT('',(359.,-153.575,-4.6E-02));
#9873 = VECTOR('',#9874,1.);
#9874 = DIRECTION('',(0.,0.,1.));
#9875 = ORIENTED_EDGE('',*,*,#5232,.F.);
#9876 = ORIENTED_EDGE('',*,*,#9870,.F.);
#9877 = CYLINDRICAL_SURFACE('',#9878,0.875);
#9878 = AXIS2_PLACEMENT_3D('',#9879,#9880,#9881);
#9879 = CARTESIAN_POINT('',(359.,-152.7,-4.6E-02));
#9880 = DIRECTION('',(-0.,-0.,-1.));
#9881 = DIRECTION('',(-0.,-1.,0.));
#9882 = ADVANCED_FACE('',(#9883),#9894,.F.);
#9883 = FACE_BOUND('',#9884,.T.);
#9884 = EDGE_LOOP('',(#9885,#9886,#9892,#9893));
#9885 = ORIENTED_EDGE('',*,*,#1626,.T.);
#9886 = ORIENTED_EDGE('',*,*,#9887,.T.);
#9887 = EDGE_CURVE('',#1627,#5244,#9888,.T.);
#9888 = LINE('',#9889,#9890);
#9889 = CARTESIAN_POINT('',(360.27,-151.66,-4.6E-02));
#9890 = VECTOR('',#9891,1.);
#9891 = DIRECTION('',(0.,0.,1.));
#9892 = ORIENTED_EDGE('',*,*,#5243,.F.);
#9893 = ORIENTED_EDGE('',*,*,#9887,.F.);
#9894 = CYLINDRICAL_SURFACE('',#9895,1.5);
#9895 = AXIS2_PLACEMENT_3D('',#9896,#9897,#9898);
#9896 = CARTESIAN_POINT('',(360.27,-150.16,-4.6E-02));
#9897 = DIRECTION('',(-0.,-0.,-1.));
#9898 = DIRECTION('',(-0.,-1.,0.));
#9899 = ADVANCED_FACE('',(#9900),#9911,.F.);
#9900 = FACE_BOUND('',#9901,.T.);
#9901 = EDGE_LOOP('',(#9902,#9903,#9909,#9910));
#9902 = ORIENTED_EDGE('',*,*,#1637,.T.);
#9903 = ORIENTED_EDGE('',*,*,#9904,.T.);
#9904 = EDGE_CURVE('',#1638,#5255,#9905,.T.);
#9905 = LINE('',#9906,#9907);
#9906 = CARTESIAN_POINT('',(364.08,-154.6939,-4.6E-02));
#9907 = VECTOR('',#9908,1.);
#9908 = DIRECTION('',(0.,0.,1.));
#9909 = ORIENTED_EDGE('',*,*,#5254,.F.);
#9910 = ORIENTED_EDGE('',*,*,#9904,.F.);
#9911 = CYLINDRICAL_SURFACE('',#9912,1.9939);
#9912 = AXIS2_PLACEMENT_3D('',#9913,#9914,#9915);
#9913 = CARTESIAN_POINT('',(364.08,-152.7,-4.6E-02));
#9914 = DIRECTION('',(-0.,-0.,-1.));
#9915 = DIRECTION('',(-0.,-1.,0.));
#9916 = ADVANCED_FACE('',(#9917),#9928,.F.);
#9917 = FACE_BOUND('',#9918,.T.);
#9918 = EDGE_LOOP('',(#9919,#9920,#9926,#9927));
#9919 = ORIENTED_EDGE('',*,*,#1648,.T.);
#9920 = ORIENTED_EDGE('',*,*,#9921,.T.);
#9921 = EDGE_CURVE('',#1649,#5266,#9922,.T.);
#9922 = LINE('',#9923,#9924);
#9923 = CARTESIAN_POINT('',(369.16,-153.575,-4.6E-02));
#9924 = VECTOR('',#9925,1.);
#9925 = DIRECTION('',(0.,0.,1.));
#9926 = ORIENTED_EDGE('',*,*,#5265,.F.);
#9927 = ORIENTED_EDGE('',*,*,#9921,.F.);
#9928 = CYLINDRICAL_SURFACE('',#9929,0.875);
#9929 = AXIS2_PLACEMENT_3D('',#9930,#9931,#9932);
#9930 = CARTESIAN_POINT('',(369.16,-152.7,-4.6E-02));
#9931 = DIRECTION('',(-0.,-0.,-1.));
#9932 = DIRECTION('',(-0.,-1.,0.));
#9933 = ADVANCED_FACE('',(#9934),#9945,.F.);
#9934 = FACE_BOUND('',#9935,.T.);
#9935 = EDGE_LOOP('',(#9936,#9937,#9943,#9944));
#9936 = ORIENTED_EDGE('',*,*,#1659,.T.);
#9937 = ORIENTED_EDGE('',*,*,#9938,.T.);
#9938 = EDGE_CURVE('',#1660,#5277,#9939,.T.);
#9939 = LINE('',#9940,#9941);
#9940 = CARTESIAN_POINT('',(366.62,-149.12,-4.6E-02));
#9941 = VECTOR('',#9942,1.);
#9942 = DIRECTION('',(0.,0.,1.));
#9943 = ORIENTED_EDGE('',*,*,#5276,.F.);
#9944 = ORIENTED_EDGE('',*,*,#9938,.F.);
#9945 = CYLINDRICAL_SURFACE('',#9946,1.5);
#9946 = AXIS2_PLACEMENT_3D('',#9947,#9948,#9949);
#9947 = CARTESIAN_POINT('',(366.62,-147.62,-4.6E-02));
#9948 = DIRECTION('',(-0.,-0.,-1.));
#9949 = DIRECTION('',(-0.,-1.,0.));
#9950 = ADVANCED_FACE('',(#9951),#9962,.F.);
#9951 = FACE_BOUND('',#9952,.T.);
#9952 = EDGE_LOOP('',(#9953,#9954,#9960,#9961));
#9953 = ORIENTED_EDGE('',*,*,#1670,.T.);
#9954 = ORIENTED_EDGE('',*,*,#9955,.T.);
#9955 = EDGE_CURVE('',#1671,#5288,#9956,.T.);
#9956 = LINE('',#9957,#9958);
#9957 = CARTESIAN_POINT('',(282.89,-141.355,-4.6E-02));
#9958 = VECTOR('',#9959,1.);
#9959 = DIRECTION('',(0.,0.,1.));
#9960 = ORIENTED_EDGE('',*,*,#5287,.F.);
#9961 = ORIENTED_EDGE('',*,*,#9955,.F.);
#9962 = CYLINDRICAL_SURFACE('',#9963,0.875);
#9963 = AXIS2_PLACEMENT_3D('',#9964,#9965,#9966);
#9964 = CARTESIAN_POINT('',(282.89,-140.48,-4.6E-02));
#9965 = DIRECTION('',(-0.,-0.,-1.));
#9966 = DIRECTION('',(-0.,-1.,0.));
#9967 = ADVANCED_FACE('',(#9968),#9979,.F.);
#9968 = FACE_BOUND('',#9969,.T.);
#9969 = EDGE_LOOP('',(#9970,#9971,#9977,#9978));
#9970 = ORIENTED_EDGE('',*,*,#1681,.T.);
#9971 = ORIENTED_EDGE('',*,*,#9972,.T.);
#9972 = EDGE_CURVE('',#1682,#5299,#9973,.T.);
#9973 = LINE('',#9974,#9975);
#9974 = CARTESIAN_POINT('',(287.97,-142.4739,-4.6E-02));
#9975 = VECTOR('',#9976,1.);
#9976 = DIRECTION('',(0.,0.,1.));
#9977 = ORIENTED_EDGE('',*,*,#5298,.F.);
#9978 = ORIENTED_EDGE('',*,*,#9972,.F.);
#9979 = CYLINDRICAL_SURFACE('',#9980,1.9939);
#9980 = AXIS2_PLACEMENT_3D('',#9981,#9982,#9983);
#9981 = CARTESIAN_POINT('',(287.97,-140.48,-4.6E-02));
#9982 = DIRECTION('',(-0.,-0.,-1.));
#9983 = DIRECTION('',(-0.,-1.,0.));
#9984 = ADVANCED_FACE('',(#9985),#9996,.F.);
#9985 = FACE_BOUND('',#9986,.T.);
#9986 = EDGE_LOOP('',(#9987,#9988,#9994,#9995));
#9987 = ORIENTED_EDGE('',*,*,#1692,.T.);
#9988 = ORIENTED_EDGE('',*,*,#9989,.T.);
#9989 = EDGE_CURVE('',#1693,#5310,#9990,.T.);
#9990 = LINE('',#9991,#9992);
#9991 = CARTESIAN_POINT('',(284.16,-139.44,-4.6E-02));
#9992 = VECTOR('',#9993,1.);
#9993 = DIRECTION('',(0.,0.,1.));
#9994 = ORIENTED_EDGE('',*,*,#5309,.F.);
#9995 = ORIENTED_EDGE('',*,*,#9989,.F.);
#9996 = CYLINDRICAL_SURFACE('',#9997,1.5);
#9997 = AXIS2_PLACEMENT_3D('',#9998,#9999,#10000);
#9998 = CARTESIAN_POINT('',(284.16,-137.94,-4.6E-02));
#9999 = DIRECTION('',(-0.,-0.,-1.));
#10000 = DIRECTION('',(-0.,-1.,0.));
#10001 = ADVANCED_FACE('',(#10002),#10013,.F.);
#10002 = FACE_BOUND('',#10003,.T.);
#10003 = EDGE_LOOP('',(#10004,#10005,#10011,#10012));
#10004 = ORIENTED_EDGE('',*,*,#1703,.T.);
#10005 = ORIENTED_EDGE('',*,*,#10006,.T.);
#10006 = EDGE_CURVE('',#1704,#5321,#10007,.T.);
#10007 = LINE('',#10008,#10009);
#10008 = CARTESIAN_POINT('',(293.05,-141.355,-4.6E-02));
#10009 = VECTOR('',#10010,1.);
#10010 = DIRECTION('',(0.,0.,1.));
#10011 = ORIENTED_EDGE('',*,*,#5320,.F.);
#10012 = ORIENTED_EDGE('',*,*,#10006,.F.);
#10013 = CYLINDRICAL_SURFACE('',#10014,0.875);
#10014 = AXIS2_PLACEMENT_3D('',#10015,#10016,#10017);
#10015 = CARTESIAN_POINT('',(293.05,-140.48,-4.6E-02));
#10016 = DIRECTION('',(-0.,-0.,-1.));
#10017 = DIRECTION('',(-0.,-1.,0.));
#10018 = ADVANCED_FACE('',(#10019),#10030,.F.);
#10019 = FACE_BOUND('',#10020,.T.);
#10020 = EDGE_LOOP('',(#10021,#10022,#10028,#10029));
#10021 = ORIENTED_EDGE('',*,*,#1714,.T.);
#10022 = ORIENTED_EDGE('',*,*,#10023,.T.);
#10023 = EDGE_CURVE('',#1715,#5332,#10024,.T.);
#10024 = LINE('',#10025,#10026);
#10025 = CARTESIAN_POINT('',(290.51,-136.9,-4.6E-02));
#10026 = VECTOR('',#10027,1.);
#10027 = DIRECTION('',(0.,0.,1.));
#10028 = ORIENTED_EDGE('',*,*,#5331,.F.);
#10029 = ORIENTED_EDGE('',*,*,#10023,.F.);
#10030 = CYLINDRICAL_SURFACE('',#10031,1.5);
#10031 = AXIS2_PLACEMENT_3D('',#10032,#10033,#10034);
#10032 = CARTESIAN_POINT('',(290.51,-135.4,-4.6E-02));
#10033 = DIRECTION('',(-0.,-0.,-1.));
#10034 = DIRECTION('',(-0.,-1.,0.));
#10035 = ADVANCED_FACE('',(#10036),#10047,.F.);
#10036 = FACE_BOUND('',#10037,.T.);
#10037 = EDGE_LOOP('',(#10038,#10039,#10045,#10046));
#10038 = ORIENTED_EDGE('',*,*,#1725,.T.);
#10039 = ORIENTED_EDGE('',*,*,#10040,.T.);
#10040 = EDGE_CURVE('',#1726,#5343,#10041,.T.);
#10041 = LINE('',#10042,#10043);
#10042 = CARTESIAN_POINT('',(220.6,-120.38,-4.6E-02));
#10043 = VECTOR('',#10044,1.);
#10044 = DIRECTION('',(0.,0.,1.));
#10045 = ORIENTED_EDGE('',*,*,#5342,.F.);
#10046 = ORIENTED_EDGE('',*,*,#10040,.F.);
#10047 = CYLINDRICAL_SURFACE('',#10048,0.25);
#10048 = AXIS2_PLACEMENT_3D('',#10049,#10050,#10051);
#10049 = CARTESIAN_POINT('',(220.6,-120.13,-4.6E-02));
#10050 = DIRECTION('',(-0.,-0.,-1.));
#10051 = DIRECTION('',(-0.,-1.,0.));
#10052 = ADVANCED_FACE('',(#10053),#10064,.F.);
#10053 = FACE_BOUND('',#10054,.T.);
#10054 = EDGE_LOOP('',(#10055,#10056,#10062,#10063));
#10055 = ORIENTED_EDGE('',*,*,#1736,.T.);
#10056 = ORIENTED_EDGE('',*,*,#10057,.T.);
#10057 = EDGE_CURVE('',#1737,#5354,#10058,.T.);
#10058 = LINE('',#10059,#10060);
#10059 = CARTESIAN_POINT('',(220.6,-119.63,-4.6E-02));
#10060 = VECTOR('',#10061,1.);
#10061 = DIRECTION('',(0.,0.,1.));
#10062 = ORIENTED_EDGE('',*,*,#5353,.F.);
#10063 = ORIENTED_EDGE('',*,*,#10057,.F.);
#10064 = CYLINDRICAL_SURFACE('',#10065,0.25);
#10065 = AXIS2_PLACEMENT_3D('',#10066,#10067,#10068);
#10066 = CARTESIAN_POINT('',(220.6,-119.38,-4.6E-02));
#10067 = DIRECTION('',(-0.,-0.,-1.));
#10068 = DIRECTION('',(-0.,-1.,0.));
#10069 = ADVANCED_FACE('',(#10070),#10081,.F.);
#10070 = FACE_BOUND('',#10071,.T.);
#10071 = EDGE_LOOP('',(#10072,#10073,#10079,#10080));
#10072 = ORIENTED_EDGE('',*,*,#1747,.T.);
#10073 = ORIENTED_EDGE('',*,*,#10074,.T.);
#10074 = EDGE_CURVE('',#1748,#5365,#10075,.T.);
#10075 = LINE('',#10076,#10077);
#10076 = CARTESIAN_POINT('',(220.6,-118.88,-4.6E-02));
#10077 = VECTOR('',#10078,1.);
#10078 = DIRECTION('',(0.,0.,1.));
#10079 = ORIENTED_EDGE('',*,*,#5364,.F.);
#10080 = ORIENTED_EDGE('',*,*,#10074,.F.);
#10081 = CYLINDRICAL_SURFACE('',#10082,0.25);
#10082 = AXIS2_PLACEMENT_3D('',#10083,#10084,#10085);
#10083 = CARTESIAN_POINT('',(220.6,-118.63,-4.6E-02));
#10084 = DIRECTION('',(-0.,-0.,-1.));
#10085 = DIRECTION('',(-0.,-1.,0.));
#10086 = ADVANCED_FACE('',(#10087),#10098,.F.);
#10087 = FACE_BOUND('',#10088,.T.);
#10088 = EDGE_LOOP('',(#10089,#10090,#10096,#10097));
#10089 = ORIENTED_EDGE('',*,*,#1758,.T.);
#10090 = ORIENTED_EDGE('',*,*,#10091,.T.);
#10091 = EDGE_CURVE('',#1759,#5376,#10092,.T.);
#10092 = LINE('',#10093,#10094);
#10093 = CARTESIAN_POINT('',(257.53,-124.105,-4.6E-02));
#10094 = VECTOR('',#10095,1.);
#10095 = DIRECTION('',(0.,0.,1.));
#10096 = ORIENTED_EDGE('',*,*,#5375,.F.);
#10097 = ORIENTED_EDGE('',*,*,#10091,.F.);
#10098 = CYLINDRICAL_SURFACE('',#10099,0.875);
#10099 = AXIS2_PLACEMENT_3D('',#10100,#10101,#10102);
#10100 = CARTESIAN_POINT('',(257.53,-123.23,-4.6E-02));
#10101 = DIRECTION('',(-0.,-0.,-1.));
#10102 = DIRECTION('',(-0.,-1.,0.));
#10103 = ADVANCED_FACE('',(#10104),#10115,.F.);
#10104 = FACE_BOUND('',#10105,.T.);
#10105 = EDGE_LOOP('',(#10106,#10107,#10113,#10114));
#10106 = ORIENTED_EDGE('',*,*,#1769,.T.);
#10107 = ORIENTED_EDGE('',*,*,#10108,.T.);
#10108 = EDGE_CURVE('',#1770,#5387,#10109,.T.);
#10109 = LINE('',#10110,#10111);
#10110 = CARTESIAN_POINT('',(258.8,-122.19,-4.6E-02));
#10111 = VECTOR('',#10112,1.);
#10112 = DIRECTION('',(0.,0.,1.));
#10113 = ORIENTED_EDGE('',*,*,#5386,.F.);
#10114 = ORIENTED_EDGE('',*,*,#10108,.F.);
#10115 = CYLINDRICAL_SURFACE('',#10116,1.5);
#10116 = AXIS2_PLACEMENT_3D('',#10117,#10118,#10119);
#10117 = CARTESIAN_POINT('',(258.8,-120.69,-4.6E-02));
#10118 = DIRECTION('',(-0.,-0.,-1.));
#10119 = DIRECTION('',(-0.,-1.,0.));
#10120 = ADVANCED_FACE('',(#10121),#10132,.F.);
#10121 = FACE_BOUND('',#10122,.T.);
#10122 = EDGE_LOOP('',(#10123,#10124,#10130,#10131));
#10123 = ORIENTED_EDGE('',*,*,#1780,.T.);
#10124 = ORIENTED_EDGE('',*,*,#10125,.T.);
#10125 = EDGE_CURVE('',#1781,#5398,#10126,.T.);
#10126 = LINE('',#10127,#10128);
#10127 = CARTESIAN_POINT('',(220.6,-118.13,-4.6E-02));
#10128 = VECTOR('',#10129,1.);
#10129 = DIRECTION('',(0.,0.,1.));
#10130 = ORIENTED_EDGE('',*,*,#5397,.F.);
#10131 = ORIENTED_EDGE('',*,*,#10125,.F.);
#10132 = CYLINDRICAL_SURFACE('',#10133,0.25);
#10133 = AXIS2_PLACEMENT_3D('',#10134,#10135,#10136);
#10134 = CARTESIAN_POINT('',(220.6,-117.88,-4.6E-02));
#10135 = DIRECTION('',(-0.,-0.,-1.));
#10136 = DIRECTION('',(-0.,-1.,0.));
#10137 = ADVANCED_FACE('',(#10138),#10149,.F.);
#10138 = FACE_BOUND('',#10139,.T.);
#10139 = EDGE_LOOP('',(#10140,#10141,#10147,#10148));
#10140 = ORIENTED_EDGE('',*,*,#1791,.T.);
#10141 = ORIENTED_EDGE('',*,*,#10142,.T.);
#10142 = EDGE_CURVE('',#1792,#5409,#10143,.T.);
#10143 = LINE('',#10144,#10145);
#10144 = CARTESIAN_POINT('',(220.6,-117.38,-4.6E-02));
#10145 = VECTOR('',#10146,1.);
#10146 = DIRECTION('',(0.,0.,1.));
#10147 = ORIENTED_EDGE('',*,*,#5408,.F.);
#10148 = ORIENTED_EDGE('',*,*,#10142,.F.);
#10149 = CYLINDRICAL_SURFACE('',#10150,0.25);
#10150 = AXIS2_PLACEMENT_3D('',#10151,#10152,#10153);
#10151 = CARTESIAN_POINT('',(220.6,-117.13,-4.6E-02));
#10152 = DIRECTION('',(-0.,-0.,-1.));
#10153 = DIRECTION('',(-0.,-1.,0.));
#10154 = ADVANCED_FACE('',(#10155),#10166,.F.);
#10155 = FACE_BOUND('',#10156,.T.);
#10156 = EDGE_LOOP('',(#10157,#10158,#10164,#10165));
#10157 = ORIENTED_EDGE('',*,*,#1802,.T.);
#10158 = ORIENTED_EDGE('',*,*,#10159,.T.);
#10159 = EDGE_CURVE('',#1803,#5420,#10160,.T.);
#10160 = LINE('',#10161,#10162);
#10161 = CARTESIAN_POINT('',(220.6,-116.63,-4.6E-02));
#10162 = VECTOR('',#10163,1.);
#10163 = DIRECTION('',(0.,0.,1.));
#10164 = ORIENTED_EDGE('',*,*,#5419,.F.);
#10165 = ORIENTED_EDGE('',*,*,#10159,.F.);
#10166 = CYLINDRICAL_SURFACE('',#10167,0.25);
#10167 = AXIS2_PLACEMENT_3D('',#10168,#10169,#10170);
#10168 = CARTESIAN_POINT('',(220.6,-116.38,-4.6E-02));
#10169 = DIRECTION('',(-0.,-0.,-1.));
#10170 = DIRECTION('',(-0.,-1.,0.));
#10171 = ADVANCED_FACE('',(#10172),#10183,.F.);
#10172 = FACE_BOUND('',#10173,.T.);
#10173 = EDGE_LOOP('',(#10174,#10175,#10181,#10182));
#10174 = ORIENTED_EDGE('',*,*,#1813,.T.);
#10175 = ORIENTED_EDGE('',*,*,#10176,.T.);
#10176 = EDGE_CURVE('',#1814,#5431,#10177,.T.);
#10177 = LINE('',#10178,#10179);
#10178 = CARTESIAN_POINT('',(220.6,-115.88,-4.6E-02));
#10179 = VECTOR('',#10180,1.);
#10180 = DIRECTION('',(0.,0.,1.));
#10181 = ORIENTED_EDGE('',*,*,#5430,.F.);
#10182 = ORIENTED_EDGE('',*,*,#10176,.F.);
#10183 = CYLINDRICAL_SURFACE('',#10184,0.25);
#10184 = AXIS2_PLACEMENT_3D('',#10185,#10186,#10187);
#10185 = CARTESIAN_POINT('',(220.6,-115.63,-4.6E-02));
#10186 = DIRECTION('',(-0.,-0.,-1.));
#10187 = DIRECTION('',(-0.,-1.,0.));
#10188 = ADVANCED_FACE('',(#10189),#10200,.F.);
#10189 = FACE_BOUND('',#10190,.T.);
#10190 = EDGE_LOOP('',(#10191,#10192,#10198,#10199));
#10191 = ORIENTED_EDGE('',*,*,#1824,.T.);
#10192 = ORIENTED_EDGE('',*,*,#10193,.T.);
#10193 = EDGE_CURVE('',#1825,#5442,#10194,.T.);
#10194 = LINE('',#10195,#10196);
#10195 = CARTESIAN_POINT('',(220.6,-115.13,-4.6E-02));
#10196 = VECTOR('',#10197,1.);
#10197 = DIRECTION('',(0.,0.,1.));
#10198 = ORIENTED_EDGE('',*,*,#5441,.F.);
#10199 = ORIENTED_EDGE('',*,*,#10193,.F.);
#10200 = CYLINDRICAL_SURFACE('',#10201,0.25);
#10201 = AXIS2_PLACEMENT_3D('',#10202,#10203,#10204);
#10202 = CARTESIAN_POINT('',(220.6,-114.88,-4.6E-02));
#10203 = DIRECTION('',(-0.,-0.,-1.));
#10204 = DIRECTION('',(-0.,-1.,0.));
#10205 = ADVANCED_FACE('',(#10206),#10217,.F.);
#10206 = FACE_BOUND('',#10207,.T.);
#10207 = EDGE_LOOP('',(#10208,#10209,#10215,#10216));
#10208 = ORIENTED_EDGE('',*,*,#1835,.T.);
#10209 = ORIENTED_EDGE('',*,*,#10210,.T.);
#10210 = EDGE_CURVE('',#1836,#5453,#10211,.T.);
#10211 = LINE('',#10212,#10213);
#10212 = CARTESIAN_POINT('',(220.6,-114.38,-4.6E-02));
#10213 = VECTOR('',#10214,1.);
#10214 = DIRECTION('',(0.,0.,1.));
#10215 = ORIENTED_EDGE('',*,*,#5452,.F.);
#10216 = ORIENTED_EDGE('',*,*,#10210,.F.);
#10217 = CYLINDRICAL_SURFACE('',#10218,0.25);
#10218 = AXIS2_PLACEMENT_3D('',#10219,#10220,#10221);
#10219 = CARTESIAN_POINT('',(220.6,-114.13,-4.6E-02));
#10220 = DIRECTION('',(-0.,-0.,-1.));
#10221 = DIRECTION('',(-0.,-1.,0.));
#10222 = ADVANCED_FACE('',(#10223),#10234,.F.);
#10223 = FACE_BOUND('',#10224,.T.);
#10224 = EDGE_LOOP('',(#10225,#10226,#10232,#10233));
#10225 = ORIENTED_EDGE('',*,*,#1846,.T.);
#10226 = ORIENTED_EDGE('',*,*,#10227,.T.);
#10227 = EDGE_CURVE('',#1847,#5464,#10228,.T.);
#10228 = LINE('',#10229,#10230);
#10229 = CARTESIAN_POINT('',(220.6,-113.63,-4.6E-02));
#10230 = VECTOR('',#10231,1.);
#10231 = DIRECTION('',(0.,0.,1.));
#10232 = ORIENTED_EDGE('',*,*,#5463,.F.);
#10233 = ORIENTED_EDGE('',*,*,#10227,.F.);
#10234 = CYLINDRICAL_SURFACE('',#10235,0.25);
#10235 = AXIS2_PLACEMENT_3D('',#10236,#10237,#10238);
#10236 = CARTESIAN_POINT('',(220.6,-113.38,-4.6E-02));
#10237 = DIRECTION('',(-0.,-0.,-1.));
#10238 = DIRECTION('',(-0.,-1.,0.));
#10239 = ADVANCED_FACE('',(#10240),#10251,.F.);
#10240 = FACE_BOUND('',#10241,.T.);
#10241 = EDGE_LOOP('',(#10242,#10243,#10249,#10250));
#10242 = ORIENTED_EDGE('',*,*,#1857,.T.);
#10243 = ORIENTED_EDGE('',*,*,#10244,.T.);
#10244 = EDGE_CURVE('',#1858,#5475,#10245,.T.);
#10245 = LINE('',#10246,#10247);
#10246 = CARTESIAN_POINT('',(220.6,-112.88,-4.6E-02));
#10247 = VECTOR('',#10248,1.);
#10248 = DIRECTION('',(0.,0.,1.));
#10249 = ORIENTED_EDGE('',*,*,#5474,.F.);
#10250 = ORIENTED_EDGE('',*,*,#10244,.F.);
#10251 = CYLINDRICAL_SURFACE('',#10252,0.25);
#10252 = AXIS2_PLACEMENT_3D('',#10253,#10254,#10255);
#10253 = CARTESIAN_POINT('',(220.6,-112.63,-4.6E-02));
#10254 = DIRECTION('',(-0.,-0.,-1.));
#10255 = DIRECTION('',(-0.,-1.,0.));
#10256 = ADVANCED_FACE('',(#10257),#10268,.F.);
#10257 = FACE_BOUND('',#10258,.T.);
#10258 = EDGE_LOOP('',(#10259,#10260,#10266,#10267));
#10259 = ORIENTED_EDGE('',*,*,#1868,.T.);
#10260 = ORIENTED_EDGE('',*,*,#10261,.T.);
#10261 = EDGE_CURVE('',#1869,#5486,#10262,.T.);
#10262 = LINE('',#10263,#10264);
#10263 = CARTESIAN_POINT('',(262.61,-125.2239,-4.6E-02));
#10264 = VECTOR('',#10265,1.);
#10265 = DIRECTION('',(0.,0.,1.));
#10266 = ORIENTED_EDGE('',*,*,#5485,.F.);
#10267 = ORIENTED_EDGE('',*,*,#10261,.F.);
#10268 = CYLINDRICAL_SURFACE('',#10269,1.9939);
#10269 = AXIS2_PLACEMENT_3D('',#10270,#10271,#10272);
#10270 = CARTESIAN_POINT('',(262.61,-123.23,-4.6E-02));
#10271 = DIRECTION('',(-0.,-0.,-1.));
#10272 = DIRECTION('',(-0.,-1.,0.));
#10273 = ADVANCED_FACE('',(#10274),#10285,.F.);
#10274 = FACE_BOUND('',#10275,.T.);
#10275 = EDGE_LOOP('',(#10276,#10277,#10283,#10284));
#10276 = ORIENTED_EDGE('',*,*,#1879,.T.);
#10277 = ORIENTED_EDGE('',*,*,#10278,.T.);
#10278 = EDGE_CURVE('',#1880,#5497,#10279,.T.);
#10279 = LINE('',#10280,#10281);
#10280 = CARTESIAN_POINT('',(267.69,-124.105,-4.6E-02));
#10281 = VECTOR('',#10282,1.);
#10282 = DIRECTION('',(0.,0.,1.));
#10283 = ORIENTED_EDGE('',*,*,#5496,.F.);
#10284 = ORIENTED_EDGE('',*,*,#10278,.F.);
#10285 = CYLINDRICAL_SURFACE('',#10286,0.875);
#10286 = AXIS2_PLACEMENT_3D('',#10287,#10288,#10289);
#10287 = CARTESIAN_POINT('',(267.69,-123.23,-4.6E-02));
#10288 = DIRECTION('',(-0.,-0.,-1.));
#10289 = DIRECTION('',(-0.,-1.,0.));
#10290 = ADVANCED_FACE('',(#10291),#10302,.F.);
#10291 = FACE_BOUND('',#10292,.T.);
#10292 = EDGE_LOOP('',(#10293,#10294,#10300,#10301));
#10293 = ORIENTED_EDGE('',*,*,#1890,.T.);
#10294 = ORIENTED_EDGE('',*,*,#10295,.T.);
#10295 = EDGE_CURVE('',#1891,#5508,#10296,.T.);
#10296 = LINE('',#10297,#10298);
#10297 = CARTESIAN_POINT('',(265.15,-119.65,-4.6E-02));
#10298 = VECTOR('',#10299,1.);
#10299 = DIRECTION('',(0.,0.,1.));
#10300 = ORIENTED_EDGE('',*,*,#5507,.F.);
#10301 = ORIENTED_EDGE('',*,*,#10295,.F.);
#10302 = CYLINDRICAL_SURFACE('',#10303,1.5);
#10303 = AXIS2_PLACEMENT_3D('',#10304,#10305,#10306);
#10304 = CARTESIAN_POINT('',(265.15,-118.15,-4.6E-02));
#10305 = DIRECTION('',(-0.,-0.,-1.));
#10306 = DIRECTION('',(-0.,-1.,0.));
#10307 = ADVANCED_FACE('',(#10308),#10319,.F.);
#10308 = FACE_BOUND('',#10309,.T.);
#10309 = EDGE_LOOP('',(#10310,#10311,#10317,#10318));
#10310 = ORIENTED_EDGE('',*,*,#1901,.T.);
#10311 = ORIENTED_EDGE('',*,*,#10312,.T.);
#10312 = EDGE_CURVE('',#1902,#5519,#10313,.T.);
#10313 = LINE('',#10314,#10315);
#10314 = CARTESIAN_POINT('',(282.874824,-116.095,-4.6E-02));
#10315 = VECTOR('',#10316,1.);
#10316 = DIRECTION('',(0.,0.,1.));
#10317 = ORIENTED_EDGE('',*,*,#5518,.F.);
#10318 = ORIENTED_EDGE('',*,*,#10312,.F.);
#10319 = CYLINDRICAL_SURFACE('',#10320,0.875);
#10320 = AXIS2_PLACEMENT_3D('',#10321,#10322,#10323);
#10321 = CARTESIAN_POINT('',(282.874824,-115.22,-4.6E-02));
#10322 = DIRECTION('',(-0.,-0.,-1.));
#10323 = DIRECTION('',(-0.,-1.,0.));
#10324 = ADVANCED_FACE('',(#10325),#10336,.F.);
#10325 = FACE_BOUND('',#10326,.T.);
#10326 = EDGE_LOOP('',(#10327,#10328,#10334,#10335));
#10327 = ORIENTED_EDGE('',*,*,#1912,.T.);
#10328 = ORIENTED_EDGE('',*,*,#10329,.T.);
#10329 = EDGE_CURVE('',#1913,#5530,#10330,.T.);
#10330 = LINE('',#10331,#10332);
#10331 = CARTESIAN_POINT('',(287.954824,-117.2139,-4.6E-02));
#10332 = VECTOR('',#10333,1.);
#10333 = DIRECTION('',(0.,0.,1.));
#10334 = ORIENTED_EDGE('',*,*,#5529,.F.);
#10335 = ORIENTED_EDGE('',*,*,#10329,.F.);
#10336 = CYLINDRICAL_SURFACE('',#10337,1.9939);
#10337 = AXIS2_PLACEMENT_3D('',#10338,#10339,#10340);
#10338 = CARTESIAN_POINT('',(287.954824,-115.22,-4.6E-02));
#10339 = DIRECTION('',(-0.,-0.,-1.));
#10340 = DIRECTION('',(-2.850866084598E-14,-1.,0.));
#10341 = ADVANCED_FACE('',(#10342),#10353,.F.);
#10342 = FACE_BOUND('',#10343,.T.);
#10343 = EDGE_LOOP('',(#10344,#10345,#10351,#10352));
#10344 = ORIENTED_EDGE('',*,*,#1923,.T.);
#10345 = ORIENTED_EDGE('',*,*,#10346,.T.);
#10346 = EDGE_CURVE('',#1924,#5541,#10347,.T.);
#10347 = LINE('',#10348,#10349);
#10348 = CARTESIAN_POINT('',(293.034824,-116.095,-4.6E-02));
#10349 = VECTOR('',#10350,1.);
#10350 = DIRECTION('',(0.,0.,1.));
#10351 = ORIENTED_EDGE('',*,*,#5540,.F.);
#10352 = ORIENTED_EDGE('',*,*,#10346,.F.);
#10353 = CYLINDRICAL_SURFACE('',#10354,0.875);
#10354 = AXIS2_PLACEMENT_3D('',#10355,#10356,#10357);
#10355 = CARTESIAN_POINT('',(293.034824,-115.22,-4.6E-02));
#10356 = DIRECTION('',(-0.,-0.,-1.));
#10357 = DIRECTION('',(-0.,-1.,0.));
#10358 = ADVANCED_FACE('',(#10359),#10370,.F.);
#10359 = FACE_BOUND('',#10360,.T.);
#10360 = EDGE_LOOP('',(#10361,#10362,#10368,#10369));
#10361 = ORIENTED_EDGE('',*,*,#1934,.T.);
#10362 = ORIENTED_EDGE('',*,*,#10363,.T.);
#10363 = EDGE_CURVE('',#1935,#5552,#10364,.T.);
#10364 = LINE('',#10365,#10366);
#10365 = CARTESIAN_POINT('',(284.144824,-114.18,-4.6E-02));
#10366 = VECTOR('',#10367,1.);
#10367 = DIRECTION('',(0.,0.,1.));
#10368 = ORIENTED_EDGE('',*,*,#5551,.F.);
#10369 = ORIENTED_EDGE('',*,*,#10363,.F.);
#10370 = CYLINDRICAL_SURFACE('',#10371,1.5);
#10371 = AXIS2_PLACEMENT_3D('',#10372,#10373,#10374);
#10372 = CARTESIAN_POINT('',(284.144824,-112.68,-4.6E-02));
#10373 = DIRECTION('',(-0.,-0.,-1.));
#10374 = DIRECTION('',(-0.,-1.,0.));
#10375 = ADVANCED_FACE('',(#10376),#10387,.F.);
#10376 = FACE_BOUND('',#10377,.T.);
#10377 = EDGE_LOOP('',(#10378,#10379,#10385,#10386));
#10378 = ORIENTED_EDGE('',*,*,#1945,.T.);
#10379 = ORIENTED_EDGE('',*,*,#10380,.T.);
#10380 = EDGE_CURVE('',#1946,#5563,#10381,.T.);
#10381 = LINE('',#10382,#10383);
#10382 = CARTESIAN_POINT('',(308.24,-134.425,-4.6E-02));
#10383 = VECTOR('',#10384,1.);
#10384 = DIRECTION('',(0.,0.,1.));
#10385 = ORIENTED_EDGE('',*,*,#5562,.F.);
#10386 = ORIENTED_EDGE('',*,*,#10380,.F.);
#10387 = CYLINDRICAL_SURFACE('',#10388,0.875);
#10388 = AXIS2_PLACEMENT_3D('',#10389,#10390,#10391);
#10389 = CARTESIAN_POINT('',(308.24,-133.55,-4.6E-02));
#10390 = DIRECTION('',(-0.,-0.,-1.));
#10391 = DIRECTION('',(-0.,-1.,0.));
#10392 = ADVANCED_FACE('',(#10393),#10404,.F.);
#10393 = FACE_BOUND('',#10394,.T.);
#10394 = EDGE_LOOP('',(#10395,#10396,#10402,#10403));
#10395 = ORIENTED_EDGE('',*,*,#1956,.T.);
#10396 = ORIENTED_EDGE('',*,*,#10397,.T.);
#10397 = EDGE_CURVE('',#1957,#5574,#10398,.T.);
#10398 = LINE('',#10399,#10400);
#10399 = CARTESIAN_POINT('',(313.32,-135.5439,-4.6E-02));
#10400 = VECTOR('',#10401,1.);
#10401 = DIRECTION('',(0.,0.,1.));
#10402 = ORIENTED_EDGE('',*,*,#5573,.F.);
#10403 = ORIENTED_EDGE('',*,*,#10397,.F.);
#10404 = CYLINDRICAL_SURFACE('',#10405,1.9939);
#10405 = AXIS2_PLACEMENT_3D('',#10406,#10407,#10408);
#10406 = CARTESIAN_POINT('',(313.32,-133.55,-4.6E-02));
#10407 = DIRECTION('',(-0.,-0.,-1.));
#10408 = DIRECTION('',(-0.,-1.,0.));
#10409 = ADVANCED_FACE('',(#10410),#10421,.F.);
#10410 = FACE_BOUND('',#10411,.T.);
#10411 = EDGE_LOOP('',(#10412,#10413,#10419,#10420));
#10412 = ORIENTED_EDGE('',*,*,#1967,.T.);
#10413 = ORIENTED_EDGE('',*,*,#10414,.T.);
#10414 = EDGE_CURVE('',#1968,#5585,#10415,.T.);
#10415 = LINE('',#10416,#10417);
#10416 = CARTESIAN_POINT('',(318.4,-134.425,-4.6E-02));
#10417 = VECTOR('',#10418,1.);
#10418 = DIRECTION('',(0.,0.,1.));
#10419 = ORIENTED_EDGE('',*,*,#5584,.F.);
#10420 = ORIENTED_EDGE('',*,*,#10414,.F.);
#10421 = CYLINDRICAL_SURFACE('',#10422,0.875);
#10422 = AXIS2_PLACEMENT_3D('',#10423,#10424,#10425);
#10423 = CARTESIAN_POINT('',(318.4,-133.55,-4.6E-02));
#10424 = DIRECTION('',(-0.,-0.,-1.));
#10425 = DIRECTION('',(-0.,-1.,0.));
#10426 = ADVANCED_FACE('',(#10427),#10438,.F.);
#10427 = FACE_BOUND('',#10428,.T.);
#10428 = EDGE_LOOP('',(#10429,#10430,#10436,#10437));
#10429 = ORIENTED_EDGE('',*,*,#1978,.T.);
#10430 = ORIENTED_EDGE('',*,*,#10431,.T.);
#10431 = EDGE_CURVE('',#1979,#5596,#10432,.T.);
#10432 = LINE('',#10433,#10434);
#10433 = CARTESIAN_POINT('',(333.54,-140.925,-4.6E-02));
#10434 = VECTOR('',#10435,1.);
#10435 = DIRECTION('',(0.,0.,1.));
#10436 = ORIENTED_EDGE('',*,*,#5595,.F.);
#10437 = ORIENTED_EDGE('',*,*,#10431,.F.);
#10438 = CYLINDRICAL_SURFACE('',#10439,0.875);
#10439 = AXIS2_PLACEMENT_3D('',#10440,#10441,#10442);
#10440 = CARTESIAN_POINT('',(333.54,-140.05,-4.6E-02));
#10441 = DIRECTION('',(-0.,-0.,-1.));
#10442 = DIRECTION('',(-0.,-1.,0.));
#10443 = ADVANCED_FACE('',(#10444),#10455,.F.);
#10444 = FACE_BOUND('',#10445,.T.);
#10445 = EDGE_LOOP('',(#10446,#10447,#10453,#10454));
#10446 = ORIENTED_EDGE('',*,*,#1989,.T.);
#10447 = ORIENTED_EDGE('',*,*,#10448,.T.);
#10448 = EDGE_CURVE('',#1990,#5607,#10449,.T.);
#10449 = LINE('',#10450,#10451);
#10450 = CARTESIAN_POINT('',(338.62,-142.0439,-4.6E-02));
#10451 = VECTOR('',#10452,1.);
#10452 = DIRECTION('',(0.,0.,1.));
#10453 = ORIENTED_EDGE('',*,*,#5606,.F.);
#10454 = ORIENTED_EDGE('',*,*,#10448,.F.);
#10455 = CYLINDRICAL_SURFACE('',#10456,1.9939);
#10456 = AXIS2_PLACEMENT_3D('',#10457,#10458,#10459);
#10457 = CARTESIAN_POINT('',(338.62,-140.05,-4.6E-02));
#10458 = DIRECTION('',(-0.,-0.,-1.));
#10459 = DIRECTION('',(-0.,-1.,0.));
#10460 = ADVANCED_FACE('',(#10461),#10472,.F.);
#10461 = FACE_BOUND('',#10462,.T.);
#10462 = EDGE_LOOP('',(#10463,#10464,#10470,#10471));
#10463 = ORIENTED_EDGE('',*,*,#2000,.T.);
#10464 = ORIENTED_EDGE('',*,*,#10465,.T.);
#10465 = EDGE_CURVE('',#2001,#5618,#10466,.T.);
#10466 = LINE('',#10467,#10468);
#10467 = CARTESIAN_POINT('',(334.81,-139.01,-4.6E-02));
#10468 = VECTOR('',#10469,1.);
#10469 = DIRECTION('',(0.,0.,1.));
#10470 = ORIENTED_EDGE('',*,*,#5617,.F.);
#10471 = ORIENTED_EDGE('',*,*,#10465,.F.);
#10472 = CYLINDRICAL_SURFACE('',#10473,1.5);
#10473 = AXIS2_PLACEMENT_3D('',#10474,#10475,#10476);
#10474 = CARTESIAN_POINT('',(334.81,-137.51,-4.6E-02));
#10475 = DIRECTION('',(-0.,-0.,-1.));
#10476 = DIRECTION('',(-0.,-1.,0.));
#10477 = ADVANCED_FACE('',(#10478),#10489,.F.);
#10478 = FACE_BOUND('',#10479,.T.);
#10479 = EDGE_LOOP('',(#10480,#10481,#10487,#10488));
#10480 = ORIENTED_EDGE('',*,*,#2011,.T.);
#10481 = ORIENTED_EDGE('',*,*,#10482,.T.);
#10482 = EDGE_CURVE('',#2012,#5629,#10483,.T.);
#10483 = LINE('',#10484,#10485);
#10484 = CARTESIAN_POINT('',(341.16,-136.47,-4.6E-02));
#10485 = VECTOR('',#10486,1.);
#10486 = DIRECTION('',(0.,0.,1.));
#10487 = ORIENTED_EDGE('',*,*,#5628,.F.);
#10488 = ORIENTED_EDGE('',*,*,#10482,.F.);
#10489 = CYLINDRICAL_SURFACE('',#10490,1.5);
#10490 = AXIS2_PLACEMENT_3D('',#10491,#10492,#10493);
#10491 = CARTESIAN_POINT('',(341.16,-134.97,-4.6E-02));
#10492 = DIRECTION('',(-0.,-0.,-1.));
#10493 = DIRECTION('',(-0.,-1.,0.));
#10494 = ADVANCED_FACE('',(#10495),#10506,.F.);
#10495 = FACE_BOUND('',#10496,.T.);
#10496 = EDGE_LOOP('',(#10497,#10498,#10504,#10505));
#10497 = ORIENTED_EDGE('',*,*,#2022,.T.);
#10498 = ORIENTED_EDGE('',*,*,#10499,.T.);
#10499 = EDGE_CURVE('',#2023,#5640,#10500,.T.);
#10500 = LINE('',#10501,#10502);
#10501 = CARTESIAN_POINT('',(309.51,-132.51,-4.6E-02));
#10502 = VECTOR('',#10503,1.);
#10503 = DIRECTION('',(0.,0.,1.));
#10504 = ORIENTED_EDGE('',*,*,#5639,.F.);
#10505 = ORIENTED_EDGE('',*,*,#10499,.F.);
#10506 = CYLINDRICAL_SURFACE('',#10507,1.5);
#10507 = AXIS2_PLACEMENT_3D('',#10508,#10509,#10510);
#10508 = CARTESIAN_POINT('',(309.51,-131.01,-4.6E-02));
#10509 = DIRECTION('',(-0.,-0.,-1.));
#10510 = DIRECTION('',(-0.,-1.,0.));
#10511 = ADVANCED_FACE('',(#10512),#10523,.F.);
#10512 = FACE_BOUND('',#10513,.T.);
#10513 = EDGE_LOOP('',(#10514,#10515,#10521,#10522));
#10514 = ORIENTED_EDGE('',*,*,#2033,.T.);
#10515 = ORIENTED_EDGE('',*,*,#10516,.T.);
#10516 = EDGE_CURVE('',#2034,#5651,#10517,.T.);
#10517 = LINE('',#10518,#10519);
#10518 = CARTESIAN_POINT('',(315.86,-129.97,-4.6E-02));
#10519 = VECTOR('',#10520,1.);
#10520 = DIRECTION('',(0.,0.,1.));
#10521 = ORIENTED_EDGE('',*,*,#5650,.F.);
#10522 = ORIENTED_EDGE('',*,*,#10516,.F.);
#10523 = CYLINDRICAL_SURFACE('',#10524,1.5);
#10524 = AXIS2_PLACEMENT_3D('',#10525,#10526,#10527);
#10525 = CARTESIAN_POINT('',(315.86,-128.47,-4.6E-02));
#10526 = DIRECTION('',(-0.,-0.,-1.));
#10527 = DIRECTION('',(-0.,-1.,0.));
#10528 = ADVANCED_FACE('',(#10529),#10540,.F.);
#10529 = FACE_BOUND('',#10530,.T.);
#10530 = EDGE_LOOP('',(#10531,#10532,#10538,#10539));
#10531 = ORIENTED_EDGE('',*,*,#2044,.T.);
#10532 = ORIENTED_EDGE('',*,*,#10533,.T.);
#10533 = EDGE_CURVE('',#2045,#5662,#10534,.T.);
#10534 = LINE('',#10535,#10536);
#10535 = CARTESIAN_POINT('',(343.7,-140.925,-4.6E-02));
#10536 = VECTOR('',#10537,1.);
#10537 = DIRECTION('',(0.,0.,1.));
#10538 = ORIENTED_EDGE('',*,*,#5661,.F.);
#10539 = ORIENTED_EDGE('',*,*,#10533,.F.);
#10540 = CYLINDRICAL_SURFACE('',#10541,0.875);
#10541 = AXIS2_PLACEMENT_3D('',#10542,#10543,#10544);
#10542 = CARTESIAN_POINT('',(343.7,-140.05,-4.6E-02));
#10543 = DIRECTION('',(-0.,-0.,-1.));
#10544 = DIRECTION('',(-0.,-1.,0.));
#10545 = ADVANCED_FACE('',(#10546),#10557,.F.);
#10546 = FACE_BOUND('',#10547,.T.);
#10547 = EDGE_LOOP('',(#10548,#10549,#10555,#10556));
#10548 = ORIENTED_EDGE('',*,*,#2055,.T.);
#10549 = ORIENTED_EDGE('',*,*,#10550,.T.);
#10550 = EDGE_CURVE('',#2056,#5673,#10551,.T.);
#10551 = LINE('',#10552,#10553);
#10552 = CARTESIAN_POINT('',(359.04,-128.005,-4.6E-02));
#10553 = VECTOR('',#10554,1.);
#10554 = DIRECTION('',(0.,0.,1.));
#10555 = ORIENTED_EDGE('',*,*,#5672,.F.);
#10556 = ORIENTED_EDGE('',*,*,#10550,.F.);
#10557 = CYLINDRICAL_SURFACE('',#10558,0.875);
#10558 = AXIS2_PLACEMENT_3D('',#10559,#10560,#10561);
#10559 = CARTESIAN_POINT('',(359.04,-127.13,-4.6E-02));
#10560 = DIRECTION('',(-0.,-0.,-1.));
#10561 = DIRECTION('',(-0.,-1.,0.));
#10562 = ADVANCED_FACE('',(#10563),#10574,.F.);
#10563 = FACE_BOUND('',#10564,.T.);
#10564 = EDGE_LOOP('',(#10565,#10566,#10572,#10573));
#10565 = ORIENTED_EDGE('',*,*,#2066,.T.);
#10566 = ORIENTED_EDGE('',*,*,#10567,.T.);
#10567 = EDGE_CURVE('',#2067,#5684,#10568,.T.);
#10568 = LINE('',#10569,#10570);
#10569 = CARTESIAN_POINT('',(364.12,-129.1239,-4.6E-02));
#10570 = VECTOR('',#10571,1.);
#10571 = DIRECTION('',(0.,0.,1.));
#10572 = ORIENTED_EDGE('',*,*,#5683,.F.);
#10573 = ORIENTED_EDGE('',*,*,#10567,.F.);
#10574 = CYLINDRICAL_SURFACE('',#10575,1.9939);
#10575 = AXIS2_PLACEMENT_3D('',#10576,#10577,#10578);
#10576 = CARTESIAN_POINT('',(364.12,-127.13,-4.6E-02));
#10577 = DIRECTION('',(-0.,-0.,-1.));
#10578 = DIRECTION('',(-0.,-1.,0.));
#10579 = ADVANCED_FACE('',(#10580),#10591,.F.);
#10580 = FACE_BOUND('',#10581,.T.);
#10581 = EDGE_LOOP('',(#10582,#10583,#10589,#10590));
#10582 = ORIENTED_EDGE('',*,*,#2077,.T.);
#10583 = ORIENTED_EDGE('',*,*,#10584,.T.);
#10584 = EDGE_CURVE('',#2078,#5695,#10585,.T.);
#10585 = LINE('',#10586,#10587);
#10586 = CARTESIAN_POINT('',(369.2,-128.005,-4.6E-02));
#10587 = VECTOR('',#10588,1.);
#10588 = DIRECTION('',(0.,0.,1.));
#10589 = ORIENTED_EDGE('',*,*,#5694,.F.);
#10590 = ORIENTED_EDGE('',*,*,#10584,.F.);
#10591 = CYLINDRICAL_SURFACE('',#10592,0.875);
#10592 = AXIS2_PLACEMENT_3D('',#10593,#10594,#10595);
#10593 = CARTESIAN_POINT('',(369.2,-127.13,-4.6E-02));
#10594 = DIRECTION('',(-0.,-0.,-1.));
#10595 = DIRECTION('',(-0.,-1.,0.));
#10596 = ADVANCED_FACE('',(#10597),#10608,.F.);
#10597 = FACE_BOUND('',#10598,.T.);
#10598 = EDGE_LOOP('',(#10599,#10600,#10606,#10607));
#10599 = ORIENTED_EDGE('',*,*,#2088,.T.);
#10600 = ORIENTED_EDGE('',*,*,#10601,.T.);
#10601 = EDGE_CURVE('',#2089,#5706,#10602,.T.);
#10602 = LINE('',#10603,#10604);
#10603 = CARTESIAN_POINT('',(333.514824,-116.075,-4.6E-02));
#10604 = VECTOR('',#10605,1.);
#10605 = DIRECTION('',(0.,0.,1.));
#10606 = ORIENTED_EDGE('',*,*,#5705,.F.);
#10607 = ORIENTED_EDGE('',*,*,#10601,.F.);
#10608 = CYLINDRICAL_SURFACE('',#10609,0.875);
#10609 = AXIS2_PLACEMENT_3D('',#10610,#10611,#10612);
#10610 = CARTESIAN_POINT('',(333.514824,-115.2,-4.6E-02));
#10611 = DIRECTION('',(-0.,-0.,-1.));
#10612 = DIRECTION('',(-0.,-1.,0.));
#10613 = ADVANCED_FACE('',(#10614),#10625,.F.);
#10614 = FACE_BOUND('',#10615,.T.);
#10615 = EDGE_LOOP('',(#10616,#10617,#10623,#10624));
#10616 = ORIENTED_EDGE('',*,*,#2099,.T.);
#10617 = ORIENTED_EDGE('',*,*,#10618,.T.);
#10618 = EDGE_CURVE('',#2100,#5717,#10619,.T.);
#10619 = LINE('',#10620,#10621);
#10620 = CARTESIAN_POINT('',(338.594824,-117.1939,-4.6E-02));
#10621 = VECTOR('',#10622,1.);
#10622 = DIRECTION('',(0.,0.,1.));
#10623 = ORIENTED_EDGE('',*,*,#5716,.F.);
#10624 = ORIENTED_EDGE('',*,*,#10618,.F.);
#10625 = CYLINDRICAL_SURFACE('',#10626,1.9939);
#10626 = AXIS2_PLACEMENT_3D('',#10627,#10628,#10629);
#10627 = CARTESIAN_POINT('',(338.594824,-115.2,-4.6E-02));
#10628 = DIRECTION('',(-0.,-0.,-1.));
#10629 = DIRECTION('',(-0.,-1.,0.));
#10630 = ADVANCED_FACE('',(#10631),#10642,.F.);
#10631 = FACE_BOUND('',#10632,.T.);
#10632 = EDGE_LOOP('',(#10633,#10634,#10640,#10641));
#10633 = ORIENTED_EDGE('',*,*,#2110,.T.);
#10634 = ORIENTED_EDGE('',*,*,#10635,.T.);
#10635 = EDGE_CURVE('',#2111,#5728,#10636,.T.);
#10636 = LINE('',#10637,#10638);
#10637 = CARTESIAN_POINT('',(334.784824,-114.16,-4.6E-02));
#10638 = VECTOR('',#10639,1.);
#10639 = DIRECTION('',(0.,0.,1.));
#10640 = ORIENTED_EDGE('',*,*,#5727,.F.);
#10641 = ORIENTED_EDGE('',*,*,#10635,.F.);
#10642 = CYLINDRICAL_SURFACE('',#10643,1.5);
#10643 = AXIS2_PLACEMENT_3D('',#10644,#10645,#10646);
#10644 = CARTESIAN_POINT('',(334.784824,-112.66,-4.6E-02));
#10645 = DIRECTION('',(-0.,-0.,-1.));
#10646 = DIRECTION('',(-0.,-1.,0.));
#10647 = ADVANCED_FACE('',(#10648),#10659,.F.);
#10648 = FACE_BOUND('',#10649,.T.);
#10649 = EDGE_LOOP('',(#10650,#10651,#10657,#10658));
#10650 = ORIENTED_EDGE('',*,*,#2121,.T.);
#10651 = ORIENTED_EDGE('',*,*,#10652,.T.);
#10652 = EDGE_CURVE('',#2122,#5739,#10653,.T.);
#10653 = LINE('',#10654,#10655);
#10654 = CARTESIAN_POINT('',(360.31,-126.09,-4.6E-02));
#10655 = VECTOR('',#10656,1.);
#10656 = DIRECTION('',(0.,0.,1.));
#10657 = ORIENTED_EDGE('',*,*,#5738,.F.);
#10658 = ORIENTED_EDGE('',*,*,#10652,.F.);
#10659 = CYLINDRICAL_SURFACE('',#10660,1.5);
#10660 = AXIS2_PLACEMENT_3D('',#10661,#10662,#10663);
#10661 = CARTESIAN_POINT('',(360.31,-124.59,-4.6E-02));
#10662 = DIRECTION('',(-0.,-0.,-1.));
#10663 = DIRECTION('',(-0.,-1.,0.));
#10664 = ADVANCED_FACE('',(#10665),#10676,.F.);
#10665 = FACE_BOUND('',#10666,.T.);
#10666 = EDGE_LOOP('',(#10667,#10668,#10674,#10675));
#10667 = ORIENTED_EDGE('',*,*,#2132,.T.);
#10668 = ORIENTED_EDGE('',*,*,#10669,.T.);
#10669 = EDGE_CURVE('',#2133,#5750,#10670,.T.);
#10670 = LINE('',#10671,#10672);
#10671 = CARTESIAN_POINT('',(366.66,-123.55,-4.6E-02));
#10672 = VECTOR('',#10673,1.);
#10673 = DIRECTION('',(0.,0.,1.));
#10674 = ORIENTED_EDGE('',*,*,#5749,.F.);
#10675 = ORIENTED_EDGE('',*,*,#10669,.F.);
#10676 = CYLINDRICAL_SURFACE('',#10677,1.5);
#10677 = AXIS2_PLACEMENT_3D('',#10678,#10679,#10680);
#10678 = CARTESIAN_POINT('',(366.66,-122.05,-4.6E-02));
#10679 = DIRECTION('',(-0.,-0.,-1.));
#10680 = DIRECTION('',(-0.,-1.,0.));
#10681 = ADVANCED_FACE('',(#10682),#10693,.F.);
#10682 = FACE_BOUND('',#10683,.T.);
#10683 = EDGE_LOOP('',(#10684,#10685,#10691,#10692));
#10684 = ORIENTED_EDGE('',*,*,#2143,.T.);
#10685 = ORIENTED_EDGE('',*,*,#10686,.T.);
#10686 = EDGE_CURVE('',#2144,#5761,#10687,.T.);
#10687 = LINE('',#10688,#10689);
#10688 = CARTESIAN_POINT('',(343.674824,-116.075,-4.6E-02));
#10689 = VECTOR('',#10690,1.);
#10690 = DIRECTION('',(0.,0.,1.));
#10691 = ORIENTED_EDGE('',*,*,#5760,.F.);
#10692 = ORIENTED_EDGE('',*,*,#10686,.F.);
#10693 = CYLINDRICAL_SURFACE('',#10694,0.875);
#10694 = AXIS2_PLACEMENT_3D('',#10695,#10696,#10697);
#10695 = CARTESIAN_POINT('',(343.674824,-115.2,-4.6E-02));
#10696 = DIRECTION('',(-0.,-0.,-1.));
#10697 = DIRECTION('',(-0.,-1.,0.));
#10698 = ADVANCED_FACE('',(#10699),#10710,.F.);
#10699 = FACE_BOUND('',#10700,.T.);
#10700 = EDGE_LOOP('',(#10701,#10702,#10708,#10709));
#10701 = ORIENTED_EDGE('',*,*,#2154,.T.);
#10702 = ORIENTED_EDGE('',*,*,#10703,.T.);
#10703 = EDGE_CURVE('',#2155,#5772,#10704,.T.);
#10704 = LINE('',#10705,#10706);
#10705 = CARTESIAN_POINT('',(66.35,-102.655,-4.6E-02));
#10706 = VECTOR('',#10707,1.);
#10707 = DIRECTION('',(0.,0.,1.));
#10708 = ORIENTED_EDGE('',*,*,#5771,.F.);
#10709 = ORIENTED_EDGE('',*,*,#10703,.F.);
#10710 = CYLINDRICAL_SURFACE('',#10711,0.875);
#10711 = AXIS2_PLACEMENT_3D('',#10712,#10713,#10714);
#10712 = CARTESIAN_POINT('',(66.35,-101.78,-4.6E-02));
#10713 = DIRECTION('',(-0.,-0.,-1.));
#10714 = DIRECTION('',(-0.,-1.,0.));
#10715 = ADVANCED_FACE('',(#10716),#10727,.F.);
#10716 = FACE_BOUND('',#10717,.T.);
#10717 = EDGE_LOOP('',(#10718,#10719,#10725,#10726));
#10718 = ORIENTED_EDGE('',*,*,#2165,.T.);
#10719 = ORIENTED_EDGE('',*,*,#10720,.T.);
#10720 = EDGE_CURVE('',#2166,#5783,#10721,.T.);
#10721 = LINE('',#10722,#10723);
#10722 = CARTESIAN_POINT('',(71.43,-103.7739,-4.6E-02));
#10723 = VECTOR('',#10724,1.);
#10724 = DIRECTION('',(0.,0.,1.));
#10725 = ORIENTED_EDGE('',*,*,#5782,.F.);
#10726 = ORIENTED_EDGE('',*,*,#10720,.F.);
#10727 = CYLINDRICAL_SURFACE('',#10728,1.9939);
#10728 = AXIS2_PLACEMENT_3D('',#10729,#10730,#10731);
#10729 = CARTESIAN_POINT('',(71.43,-101.78,-4.6E-02));
#10730 = DIRECTION('',(-0.,-0.,-1.));
#10731 = DIRECTION('',(-0.,-1.,0.));
#10732 = ADVANCED_FACE('',(#10733),#10744,.F.);
#10733 = FACE_BOUND('',#10734,.T.);
#10734 = EDGE_LOOP('',(#10735,#10736,#10742,#10743));
#10735 = ORIENTED_EDGE('',*,*,#2176,.T.);
#10736 = ORIENTED_EDGE('',*,*,#10737,.T.);
#10737 = EDGE_CURVE('',#2177,#5794,#10738,.T.);
#10738 = LINE('',#10739,#10740);
#10739 = CARTESIAN_POINT('',(67.62,-100.74,-4.6E-02));
#10740 = VECTOR('',#10741,1.);
#10741 = DIRECTION('',(0.,0.,1.));
#10742 = ORIENTED_EDGE('',*,*,#5793,.F.);
#10743 = ORIENTED_EDGE('',*,*,#10737,.F.);
#10744 = CYLINDRICAL_SURFACE('',#10745,1.5);
#10745 = AXIS2_PLACEMENT_3D('',#10746,#10747,#10748);
#10746 = CARTESIAN_POINT('',(67.62,-99.24,-4.6E-02));
#10747 = DIRECTION('',(-0.,-0.,-1.));
#10748 = DIRECTION('',(-0.,-1.,0.));
#10749 = ADVANCED_FACE('',(#10750),#10761,.F.);
#10750 = FACE_BOUND('',#10751,.T.);
#10751 = EDGE_LOOP('',(#10752,#10753,#10759,#10760));
#10752 = ORIENTED_EDGE('',*,*,#2187,.T.);
#10753 = ORIENTED_EDGE('',*,*,#10754,.T.);
#10754 = EDGE_CURVE('',#2188,#5805,#10755,.T.);
#10755 = LINE('',#10756,#10757);
#10756 = CARTESIAN_POINT('',(76.51,-102.655,-4.6E-02));
#10757 = VECTOR('',#10758,1.);
#10758 = DIRECTION('',(0.,0.,1.));
#10759 = ORIENTED_EDGE('',*,*,#5804,.F.);
#10760 = ORIENTED_EDGE('',*,*,#10754,.F.);
#10761 = CYLINDRICAL_SURFACE('',#10762,0.875);
#10762 = AXIS2_PLACEMENT_3D('',#10763,#10764,#10765);
#10763 = CARTESIAN_POINT('',(76.51,-101.78,-4.6E-02));
#10764 = DIRECTION('',(-0.,-0.,-1.));
#10765 = DIRECTION('',(-0.,-1.,0.));
#10766 = ADVANCED_FACE('',(#10767),#10778,.F.);
#10767 = FACE_BOUND('',#10768,.T.);
#10768 = EDGE_LOOP('',(#10769,#10770,#10776,#10777));
#10769 = ORIENTED_EDGE('',*,*,#2198,.T.);
#10770 = ORIENTED_EDGE('',*,*,#10771,.T.);
#10771 = EDGE_CURVE('',#2199,#5816,#10772,.T.);
#10772 = LINE('',#10773,#10774);
#10773 = CARTESIAN_POINT('',(73.97,-98.2,-4.6E-02));
#10774 = VECTOR('',#10775,1.);
#10775 = DIRECTION('',(0.,0.,1.));
#10776 = ORIENTED_EDGE('',*,*,#5815,.F.);
#10777 = ORIENTED_EDGE('',*,*,#10771,.F.);
#10778 = CYLINDRICAL_SURFACE('',#10779,1.5);
#10779 = AXIS2_PLACEMENT_3D('',#10780,#10781,#10782);
#10780 = CARTESIAN_POINT('',(73.97,-96.7,-4.6E-02));
#10781 = DIRECTION('',(-0.,-0.,-1.));
#10782 = DIRECTION('',(-0.,-1.,0.));
#10783 = ADVANCED_FACE('',(#10784),#10795,.F.);
#10784 = FACE_BOUND('',#10785,.T.);
#10785 = EDGE_LOOP('',(#10786,#10787,#10793,#10794));
#10786 = ORIENTED_EDGE('',*,*,#2209,.T.);
#10787 = ORIENTED_EDGE('',*,*,#10788,.T.);
#10788 = EDGE_CURVE('',#2210,#5827,#10789,.T.);
#10789 = LINE('',#10790,#10791);
#10790 = CARTESIAN_POINT('',(99.2,-111.84,-4.6E-02));
#10791 = VECTOR('',#10792,1.);
#10792 = DIRECTION('',(0.,0.,1.));
#10793 = ORIENTED_EDGE('',*,*,#5826,.F.);
#10794 = ORIENTED_EDGE('',*,*,#10788,.F.);
#10795 = CYLINDRICAL_SURFACE('',#10796,1.5);
#10796 = AXIS2_PLACEMENT_3D('',#10797,#10798,#10799);
#10797 = CARTESIAN_POINT('',(99.2,-110.34,-4.6E-02));
#10798 = DIRECTION('',(-0.,-0.,-1.));
#10799 = DIRECTION('',(-0.,-1.,0.));
#10800 = ADVANCED_FACE('',(#10801),#10812,.F.);
#10801 = FACE_BOUND('',#10802,.T.);
#10802 = EDGE_LOOP('',(#10803,#10804,#10810,#10811));
#10803 = ORIENTED_EDGE('',*,*,#2220,.T.);
#10804 = ORIENTED_EDGE('',*,*,#10805,.T.);
#10805 = EDGE_CURVE('',#2221,#5838,#10806,.T.);
#10806 = LINE('',#10807,#10808);
#10807 = CARTESIAN_POINT('',(117.02,-109.435,-4.6E-02));
#10808 = VECTOR('',#10809,1.);
#10809 = DIRECTION('',(0.,0.,1.));
#10810 = ORIENTED_EDGE('',*,*,#5837,.F.);
#10811 = ORIENTED_EDGE('',*,*,#10805,.F.);
#10812 = CYLINDRICAL_SURFACE('',#10813,0.875);
#10813 = AXIS2_PLACEMENT_3D('',#10814,#10815,#10816);
#10814 = CARTESIAN_POINT('',(117.02,-108.56,-4.6E-02));
#10815 = DIRECTION('',(-0.,-0.,-1.));
#10816 = DIRECTION('',(-0.,-1.,0.));
#10817 = ADVANCED_FACE('',(#10818),#10829,.F.);
#10818 = FACE_BOUND('',#10819,.T.);
#10819 = EDGE_LOOP('',(#10820,#10821,#10827,#10828));
#10820 = ORIENTED_EDGE('',*,*,#2231,.T.);
#10821 = ORIENTED_EDGE('',*,*,#10822,.T.);
#10822 = EDGE_CURVE('',#2232,#5849,#10823,.T.);
#10823 = LINE('',#10824,#10825);
#10824 = CARTESIAN_POINT('',(122.1,-110.5539,-4.6E-02));
#10825 = VECTOR('',#10826,1.);
#10826 = DIRECTION('',(0.,0.,1.));
#10827 = ORIENTED_EDGE('',*,*,#5848,.F.);
#10828 = ORIENTED_EDGE('',*,*,#10822,.F.);
#10829 = CYLINDRICAL_SURFACE('',#10830,1.9939);
#10830 = AXIS2_PLACEMENT_3D('',#10831,#10832,#10833);
#10831 = CARTESIAN_POINT('',(122.1,-108.56,-4.6E-02));
#10832 = DIRECTION('',(-0.,-0.,-1.));
#10833 = DIRECTION('',(-0.,-1.,0.));
#10834 = ADVANCED_FACE('',(#10835),#10846,.F.);
#10835 = FACE_BOUND('',#10836,.T.);
#10836 = EDGE_LOOP('',(#10837,#10838,#10844,#10845));
#10837 = ORIENTED_EDGE('',*,*,#2242,.T.);
#10838 = ORIENTED_EDGE('',*,*,#10839,.T.);
#10839 = EDGE_CURVE('',#2243,#5860,#10840,.T.);
#10840 = LINE('',#10841,#10842);
#10841 = CARTESIAN_POINT('',(127.18,-109.435,-4.6E-02));
#10842 = VECTOR('',#10843,1.);
#10843 = DIRECTION('',(0.,0.,1.));
#10844 = ORIENTED_EDGE('',*,*,#5859,.F.);
#10845 = ORIENTED_EDGE('',*,*,#10839,.F.);
#10846 = CYLINDRICAL_SURFACE('',#10847,0.875);
#10847 = AXIS2_PLACEMENT_3D('',#10848,#10849,#10850);
#10848 = CARTESIAN_POINT('',(127.18,-108.56,-4.6E-02));
#10849 = DIRECTION('',(-0.,-0.,-1.));
#10850 = DIRECTION('',(-0.,-1.,0.));
#10851 = ADVANCED_FACE('',(#10852),#10863,.F.);
#10852 = FACE_BOUND('',#10853,.T.);
#10853 = EDGE_LOOP('',(#10854,#10855,#10861,#10862));
#10854 = ORIENTED_EDGE('',*,*,#2253,.T.);
#10855 = ORIENTED_EDGE('',*,*,#10856,.T.);
#10856 = EDGE_CURVE('',#2254,#5871,#10857,.T.);
#10857 = LINE('',#10858,#10859);
#10858 = CARTESIAN_POINT('',(118.29,-107.52,-4.6E-02));
#10859 = VECTOR('',#10860,1.);
#10860 = DIRECTION('',(0.,0.,1.));
#10861 = ORIENTED_EDGE('',*,*,#5870,.F.);
#10862 = ORIENTED_EDGE('',*,*,#10856,.F.);
#10863 = CYLINDRICAL_SURFACE('',#10864,1.5);
#10864 = AXIS2_PLACEMENT_3D('',#10865,#10866,#10867);
#10865 = CARTESIAN_POINT('',(118.29,-106.02,-4.6E-02));
#10866 = DIRECTION('',(-0.,-0.,-1.));
#10867 = DIRECTION('',(-0.,-1.,0.));
#10868 = ADVANCED_FACE('',(#10869),#10880,.F.);
#10869 = FACE_BOUND('',#10870,.T.);
#10870 = EDGE_LOOP('',(#10871,#10872,#10878,#10879));
#10871 = ORIENTED_EDGE('',*,*,#2264,.T.);
#10872 = ORIENTED_EDGE('',*,*,#10873,.T.);
#10873 = EDGE_CURVE('',#2265,#5882,#10874,.T.);
#10874 = LINE('',#10875,#10876);
#10875 = CARTESIAN_POINT('',(124.64,-104.98,-4.6E-02));
#10876 = VECTOR('',#10877,1.);
#10877 = DIRECTION('',(0.,0.,1.));
#10878 = ORIENTED_EDGE('',*,*,#5881,.F.);
#10879 = ORIENTED_EDGE('',*,*,#10873,.F.);
#10880 = CYLINDRICAL_SURFACE('',#10881,1.5);
#10881 = AXIS2_PLACEMENT_3D('',#10882,#10883,#10884);
#10882 = CARTESIAN_POINT('',(124.64,-103.48,-4.6E-02));
#10883 = DIRECTION('',(-0.,-0.,-1.));
#10884 = DIRECTION('',(-0.,-1.,0.));
#10885 = ADVANCED_FACE('',(#10886),#10897,.F.);
#10886 = FACE_BOUND('',#10887,.T.);
#10887 = EDGE_LOOP('',(#10888,#10889,#10895,#10896));
#10888 = ORIENTED_EDGE('',*,*,#2275,.T.);
#10889 = ORIENTED_EDGE('',*,*,#10890,.T.);
#10890 = EDGE_CURVE('',#2276,#5893,#10891,.T.);
#10891 = LINE('',#10892,#10893);
#10892 = CARTESIAN_POINT('',(91.59,-90.925,-4.6E-02));
#10893 = VECTOR('',#10894,1.);
#10894 = DIRECTION('',(0.,0.,1.));
#10895 = ORIENTED_EDGE('',*,*,#5892,.F.);
#10896 = ORIENTED_EDGE('',*,*,#10890,.F.);
#10897 = CYLINDRICAL_SURFACE('',#10898,0.875);
#10898 = AXIS2_PLACEMENT_3D('',#10899,#10900,#10901);
#10899 = CARTESIAN_POINT('',(91.59,-90.05,-4.6E-02));
#10900 = DIRECTION('',(-0.,-0.,-1.));
#10901 = DIRECTION('',(-0.,-1.,0.));
#10902 = ADVANCED_FACE('',(#10903),#10914,.F.);
#10903 = FACE_BOUND('',#10904,.T.);
#10904 = EDGE_LOOP('',(#10905,#10906,#10912,#10913));
#10905 = ORIENTED_EDGE('',*,*,#2286,.T.);
#10906 = ORIENTED_EDGE('',*,*,#10907,.T.);
#10907 = EDGE_CURVE('',#2287,#5904,#10908,.T.);
#10908 = LINE('',#10909,#10910);
#10909 = CARTESIAN_POINT('',(92.86,-89.01,-4.6E-02));
#10910 = VECTOR('',#10911,1.);
#10911 = DIRECTION('',(0.,0.,1.));
#10912 = ORIENTED_EDGE('',*,*,#5903,.F.);
#10913 = ORIENTED_EDGE('',*,*,#10907,.F.);
#10914 = CYLINDRICAL_SURFACE('',#10915,1.5);
#10915 = AXIS2_PLACEMENT_3D('',#10916,#10917,#10918);
#10916 = CARTESIAN_POINT('',(92.86,-87.51,-4.6E-02));
#10917 = DIRECTION('',(-0.,-0.,-1.));
#10918 = DIRECTION('',(-0.,-1.,0.));
#10919 = ADVANCED_FACE('',(#10920),#10931,.F.);
#10920 = FACE_BOUND('',#10921,.T.);
#10921 = EDGE_LOOP('',(#10922,#10923,#10929,#10930));
#10922 = ORIENTED_EDGE('',*,*,#2297,.T.);
#10923 = ORIENTED_EDGE('',*,*,#10924,.T.);
#10924 = EDGE_CURVE('',#2298,#5915,#10925,.T.);
#10925 = LINE('',#10926,#10927);
#10926 = CARTESIAN_POINT('',(96.67,-92.0439,-4.6E-02));
#10927 = VECTOR('',#10928,1.);
#10928 = DIRECTION('',(0.,0.,1.));
#10929 = ORIENTED_EDGE('',*,*,#5914,.F.);
#10930 = ORIENTED_EDGE('',*,*,#10924,.F.);
#10931 = CYLINDRICAL_SURFACE('',#10932,1.9939);
#10932 = AXIS2_PLACEMENT_3D('',#10933,#10934,#10935);
#10933 = CARTESIAN_POINT('',(96.67,-90.05,-4.6E-02));
#10934 = DIRECTION('',(-0.,-0.,-1.));
#10935 = DIRECTION('',(-0.,-1.,0.));
#10936 = ADVANCED_FACE('',(#10937),#10948,.F.);
#10937 = FACE_BOUND('',#10938,.T.);
#10938 = EDGE_LOOP('',(#10939,#10940,#10946,#10947));
#10939 = ORIENTED_EDGE('',*,*,#2308,.T.);
#10940 = ORIENTED_EDGE('',*,*,#10941,.T.);
#10941 = EDGE_CURVE('',#2309,#5926,#10942,.T.);
#10942 = LINE('',#10943,#10944);
#10943 = CARTESIAN_POINT('',(101.75,-90.925,-4.6E-02));
#10944 = VECTOR('',#10945,1.);
#10945 = DIRECTION('',(0.,0.,1.));
#10946 = ORIENTED_EDGE('',*,*,#5925,.F.);
#10947 = ORIENTED_EDGE('',*,*,#10941,.F.);
#10948 = CYLINDRICAL_SURFACE('',#10949,0.875);
#10949 = AXIS2_PLACEMENT_3D('',#10950,#10951,#10952);
#10950 = CARTESIAN_POINT('',(101.75,-90.05,-4.6E-02));
#10951 = DIRECTION('',(-0.,-0.,-1.));
#10952 = DIRECTION('',(-0.,-1.,0.));
#10953 = ADVANCED_FACE('',(#10954),#10965,.F.);
#10954 = FACE_BOUND('',#10955,.T.);
#10955 = EDGE_LOOP('',(#10956,#10957,#10963,#10964));
#10956 = ORIENTED_EDGE('',*,*,#2319,.T.);
#10957 = ORIENTED_EDGE('',*,*,#10958,.T.);
#10958 = EDGE_CURVE('',#2320,#5937,#10959,.T.);
#10959 = LINE('',#10960,#10961);
#10960 = CARTESIAN_POINT('',(99.21,-86.47,-4.6E-02));
#10961 = VECTOR('',#10962,1.);
#10962 = DIRECTION('',(0.,0.,1.));
#10963 = ORIENTED_EDGE('',*,*,#5936,.F.);
#10964 = ORIENTED_EDGE('',*,*,#10958,.F.);
#10965 = CYLINDRICAL_SURFACE('',#10966,1.5);
#10966 = AXIS2_PLACEMENT_3D('',#10967,#10968,#10969);
#10967 = CARTESIAN_POINT('',(99.21,-84.97,-4.6E-02));
#10968 = DIRECTION('',(-0.,-0.,-1.));
#10969 = DIRECTION('',(-0.,-1.,0.));
#10970 = ADVANCED_FACE('',(#10971),#10982,.F.);
#10971 = FACE_BOUND('',#10972,.T.);
#10972 = EDGE_LOOP('',(#10973,#10974,#10980,#10981));
#10973 = ORIENTED_EDGE('',*,*,#2330,.T.);
#10974 = ORIENTED_EDGE('',*,*,#10975,.T.);
#10975 = EDGE_CURVE('',#2331,#5948,#10976,.T.);
#10976 = LINE('',#10977,#10978);
#10977 = CARTESIAN_POINT('',(117.01,-84.075,-4.6E-02));
#10978 = VECTOR('',#10979,1.);
#10979 = DIRECTION('',(0.,0.,1.));
#10980 = ORIENTED_EDGE('',*,*,#5947,.F.);
#10981 = ORIENTED_EDGE('',*,*,#10975,.F.);
#10982 = CYLINDRICAL_SURFACE('',#10983,0.875);
#10983 = AXIS2_PLACEMENT_3D('',#10984,#10985,#10986);
#10984 = CARTESIAN_POINT('',(117.01,-83.2,-4.6E-02));
#10985 = DIRECTION('',(-0.,-0.,-1.));
#10986 = DIRECTION('',(-0.,-1.,0.));
#10987 = ADVANCED_FACE('',(#10988),#10999,.F.);
#10988 = FACE_BOUND('',#10989,.T.);
#10989 = EDGE_LOOP('',(#10990,#10991,#10997,#10998));
#10990 = ORIENTED_EDGE('',*,*,#2341,.T.);
#10991 = ORIENTED_EDGE('',*,*,#10992,.T.);
#10992 = EDGE_CURVE('',#2342,#5959,#10993,.T.);
#10993 = LINE('',#10994,#10995);
#10994 = CARTESIAN_POINT('',(122.09,-85.1939,-4.6E-02));
#10995 = VECTOR('',#10996,1.);
#10996 = DIRECTION('',(0.,0.,1.));
#10997 = ORIENTED_EDGE('',*,*,#5958,.F.);
#10998 = ORIENTED_EDGE('',*,*,#10992,.F.);
#10999 = CYLINDRICAL_SURFACE('',#11000,1.9939);
#11000 = AXIS2_PLACEMENT_3D('',#11001,#11002,#11003);
#11001 = CARTESIAN_POINT('',(122.09,-83.2,-4.6E-02));
#11002 = DIRECTION('',(-0.,-0.,-1.));
#11003 = DIRECTION('',(-0.,-1.,0.));
#11004 = ADVANCED_FACE('',(#11005),#11016,.F.);
#11005 = FACE_BOUND('',#11006,.T.);
#11006 = EDGE_LOOP('',(#11007,#11008,#11014,#11015));
#11007 = ORIENTED_EDGE('',*,*,#2352,.T.);
#11008 = ORIENTED_EDGE('',*,*,#11009,.T.);
#11009 = EDGE_CURVE('',#2353,#5970,#11010,.T.);
#11010 = LINE('',#11011,#11012);
#11011 = CARTESIAN_POINT('',(127.17,-84.075,-4.6E-02));
#11012 = VECTOR('',#11013,1.);
#11013 = DIRECTION('',(0.,0.,1.));
#11014 = ORIENTED_EDGE('',*,*,#5969,.F.);
#11015 = ORIENTED_EDGE('',*,*,#11009,.F.);
#11016 = CYLINDRICAL_SURFACE('',#11017,0.875);
#11017 = AXIS2_PLACEMENT_3D('',#11018,#11019,#11020);
#11018 = CARTESIAN_POINT('',(127.17,-83.2,-4.6E-02));
#11019 = DIRECTION('',(-0.,0.,-1.));
#11020 = DIRECTION('',(1.624097681737E-14,-1.,-0.));
#11021 = ADVANCED_FACE('',(#11022),#11033,.F.);
#11022 = FACE_BOUND('',#11023,.T.);
#11023 = EDGE_LOOP('',(#11024,#11025,#11031,#11032));
#11024 = ORIENTED_EDGE('',*,*,#2363,.T.);
#11025 = ORIENTED_EDGE('',*,*,#11026,.T.);
#11026 = EDGE_CURVE('',#2364,#5981,#11027,.T.);
#11027 = LINE('',#11028,#11029);
#11028 = CARTESIAN_POINT('',(150.034824,-111.35,-4.6E-02));
#11029 = VECTOR('',#11030,1.);
#11030 = DIRECTION('',(0.,0.,1.));
#11031 = ORIENTED_EDGE('',*,*,#5980,.F.);
#11032 = ORIENTED_EDGE('',*,*,#11026,.F.);
#11033 = CYLINDRICAL_SURFACE('',#11034,1.5);
#11034 = AXIS2_PLACEMENT_3D('',#11035,#11036,#11037);
#11035 = CARTESIAN_POINT('',(150.034824,-109.85,-4.6E-02));
#11036 = DIRECTION('',(-0.,-0.,-1.));
#11037 = DIRECTION('',(-0.,-1.,0.));
#11038 = ADVANCED_FACE('',(#11039),#11050,.F.);
#11039 = FACE_BOUND('',#11040,.T.);
#11040 = EDGE_LOOP('',(#11041,#11042,#11048,#11049));
#11041 = ORIENTED_EDGE('',*,*,#2374,.T.);
#11042 = ORIENTED_EDGE('',*,*,#11043,.T.);
#11043 = EDGE_CURVE('',#2375,#5992,#11044,.T.);
#11044 = LINE('',#11045,#11046);
#11045 = CARTESIAN_POINT('',(167.72,-98.965,-4.6E-02));
#11046 = VECTOR('',#11047,1.);
#11047 = DIRECTION('',(0.,0.,1.));
#11048 = ORIENTED_EDGE('',*,*,#5991,.F.);
#11049 = ORIENTED_EDGE('',*,*,#11043,.F.);
#11050 = CYLINDRICAL_SURFACE('',#11051,0.875);
#11051 = AXIS2_PLACEMENT_3D('',#11052,#11053,#11054);
#11052 = CARTESIAN_POINT('',(167.72,-98.09,-4.6E-02));
#11053 = DIRECTION('',(-0.,-0.,-1.));
#11054 = DIRECTION('',(-0.,-1.,0.));
#11055 = ADVANCED_FACE('',(#11056),#11067,.F.);
#11056 = FACE_BOUND('',#11057,.T.);
#11057 = EDGE_LOOP('',(#11058,#11059,#11065,#11066));
#11058 = ORIENTED_EDGE('',*,*,#2385,.T.);
#11059 = ORIENTED_EDGE('',*,*,#11060,.T.);
#11060 = EDGE_CURVE('',#2386,#6003,#11061,.T.);
#11061 = LINE('',#11062,#11063);
#11062 = CARTESIAN_POINT('',(172.8,-100.0839,-4.6E-02));
#11063 = VECTOR('',#11064,1.);
#11064 = DIRECTION('',(0.,0.,1.));
#11065 = ORIENTED_EDGE('',*,*,#6002,.F.);
#11066 = ORIENTED_EDGE('',*,*,#11060,.F.);
#11067 = CYLINDRICAL_SURFACE('',#11068,1.9939);
#11068 = AXIS2_PLACEMENT_3D('',#11069,#11070,#11071);
#11069 = CARTESIAN_POINT('',(172.8,-98.09,-4.6E-02));
#11070 = DIRECTION('',(-0.,-0.,-1.));
#11071 = DIRECTION('',(-0.,-1.,0.));
#11072 = ADVANCED_FACE('',(#11073),#11084,.F.);
#11073 = FACE_BOUND('',#11074,.T.);
#11074 = EDGE_LOOP('',(#11075,#11076,#11082,#11083));
#11075 = ORIENTED_EDGE('',*,*,#2396,.T.);
#11076 = ORIENTED_EDGE('',*,*,#11077,.T.);
#11077 = EDGE_CURVE('',#2397,#6014,#11078,.T.);
#11078 = LINE('',#11079,#11080);
#11079 = CARTESIAN_POINT('',(177.88,-98.965,-4.6E-02));
#11080 = VECTOR('',#11081,1.);
#11081 = DIRECTION('',(0.,0.,1.));
#11082 = ORIENTED_EDGE('',*,*,#6013,.F.);
#11083 = ORIENTED_EDGE('',*,*,#11077,.F.);
#11084 = CYLINDRICAL_SURFACE('',#11085,0.875);
#11085 = AXIS2_PLACEMENT_3D('',#11086,#11087,#11088);
#11086 = CARTESIAN_POINT('',(177.88,-98.09,-4.6E-02));
#11087 = DIRECTION('',(-0.,-0.,-1.));
#11088 = DIRECTION('',(-0.,-1.,0.));
#11089 = ADVANCED_FACE('',(#11090),#11101,.F.);
#11090 = FACE_BOUND('',#11091,.T.);
#11091 = EDGE_LOOP('',(#11092,#11093,#11099,#11100));
#11092 = ORIENTED_EDGE('',*,*,#2407,.T.);
#11093 = ORIENTED_EDGE('',*,*,#11094,.T.);
#11094 = EDGE_CURVE('',#2408,#6025,#11095,.T.);
#11095 = LINE('',#11096,#11097);
#11096 = CARTESIAN_POINT('',(142.39,-90.875,-4.6E-02));
#11097 = VECTOR('',#11098,1.);
#11098 = DIRECTION('',(0.,0.,1.));
#11099 = ORIENTED_EDGE('',*,*,#6024,.F.);
#11100 = ORIENTED_EDGE('',*,*,#11094,.F.);
#11101 = CYLINDRICAL_SURFACE('',#11102,0.875);
#11102 = AXIS2_PLACEMENT_3D('',#11103,#11104,#11105);
#11103 = CARTESIAN_POINT('',(142.39,-90.,-4.6E-02));
#11104 = DIRECTION('',(-0.,-0.,-1.));
#11105 = DIRECTION('',(-0.,-1.,0.));
#11106 = ADVANCED_FACE('',(#11107),#11118,.F.);
#11107 = FACE_BOUND('',#11108,.T.);
#11108 = EDGE_LOOP('',(#11109,#11110,#11116,#11117));
#11109 = ORIENTED_EDGE('',*,*,#2418,.T.);
#11110 = ORIENTED_EDGE('',*,*,#11111,.T.);
#11111 = EDGE_CURVE('',#2419,#6036,#11112,.T.);
#11112 = LINE('',#11113,#11114);
#11113 = CARTESIAN_POINT('',(147.47,-91.9939,-4.6E-02));
#11114 = VECTOR('',#11115,1.);
#11115 = DIRECTION('',(0.,0.,1.));
#11116 = ORIENTED_EDGE('',*,*,#6035,.F.);
#11117 = ORIENTED_EDGE('',*,*,#11111,.F.);
#11118 = CYLINDRICAL_SURFACE('',#11119,1.9939);
#11119 = AXIS2_PLACEMENT_3D('',#11120,#11121,#11122);
#11120 = CARTESIAN_POINT('',(147.47,-90.,-4.6E-02));
#11121 = DIRECTION('',(-0.,-0.,-1.));
#11122 = DIRECTION('',(-0.,-1.,0.));
#11123 = ADVANCED_FACE('',(#11124),#11135,.F.);
#11124 = FACE_BOUND('',#11125,.T.);
#11125 = EDGE_LOOP('',(#11126,#11127,#11133,#11134));
#11126 = ORIENTED_EDGE('',*,*,#2429,.T.);
#11127 = ORIENTED_EDGE('',*,*,#11128,.T.);
#11128 = EDGE_CURVE('',#2430,#6047,#11129,.T.);
#11129 = LINE('',#11130,#11131);
#11130 = CARTESIAN_POINT('',(152.55,-90.875,-4.6E-02));
#11131 = VECTOR('',#11132,1.);
#11132 = DIRECTION('',(0.,0.,1.));
#11133 = ORIENTED_EDGE('',*,*,#6046,.F.);
#11134 = ORIENTED_EDGE('',*,*,#11128,.F.);
#11135 = CYLINDRICAL_SURFACE('',#11136,0.875);
#11136 = AXIS2_PLACEMENT_3D('',#11137,#11138,#11139);
#11137 = CARTESIAN_POINT('',(152.55,-90.,-4.6E-02));
#11138 = DIRECTION('',(-0.,-0.,-1.));
#11139 = DIRECTION('',(-0.,-1.,0.));
#11140 = ADVANCED_FACE('',(#11141),#11152,.F.);
#11141 = FACE_BOUND('',#11142,.T.);
#11142 = EDGE_LOOP('',(#11143,#11144,#11150,#11151));
#11143 = ORIENTED_EDGE('',*,*,#2440,.T.);
#11144 = ORIENTED_EDGE('',*,*,#11145,.T.);
#11145 = EDGE_CURVE('',#2441,#6058,#11146,.T.);
#11146 = LINE('',#11147,#11148);
#11147 = CARTESIAN_POINT('',(168.99,-97.05,-4.6E-02));
#11148 = VECTOR('',#11149,1.);
#11149 = DIRECTION('',(0.,0.,1.));
#11150 = ORIENTED_EDGE('',*,*,#6057,.F.);
#11151 = ORIENTED_EDGE('',*,*,#11145,.F.);
#11152 = CYLINDRICAL_SURFACE('',#11153,1.5);
#11153 = AXIS2_PLACEMENT_3D('',#11154,#11155,#11156);
#11154 = CARTESIAN_POINT('',(168.99,-95.55,-4.6E-02));
#11155 = DIRECTION('',(-0.,-0.,-1.));
#11156 = DIRECTION('',(-0.,-1.,0.));
#11157 = ADVANCED_FACE('',(#11158),#11169,.F.);
#11158 = FACE_BOUND('',#11159,.T.);
#11159 = EDGE_LOOP('',(#11160,#11161,#11167,#11168));
#11160 = ORIENTED_EDGE('',*,*,#2451,.T.);
#11161 = ORIENTED_EDGE('',*,*,#11162,.T.);
#11162 = EDGE_CURVE('',#2452,#6069,#11163,.T.);
#11163 = LINE('',#11164,#11165);
#11164 = CARTESIAN_POINT('',(175.34,-94.51,-4.6E-02));
#11165 = VECTOR('',#11166,1.);
#11166 = DIRECTION('',(0.,0.,1.));
#11167 = ORIENTED_EDGE('',*,*,#6068,.F.);
#11168 = ORIENTED_EDGE('',*,*,#11162,.F.);
#11169 = CYLINDRICAL_SURFACE('',#11170,1.5);
#11170 = AXIS2_PLACEMENT_3D('',#11171,#11172,#11173);
#11171 = CARTESIAN_POINT('',(175.34,-93.01,-4.6E-02));
#11172 = DIRECTION('',(-0.,-0.,-1.));
#11173 = DIRECTION('',(-0.,-1.,0.));
#11174 = ADVANCED_FACE('',(#11175),#11186,.F.);
#11175 = FACE_BOUND('',#11176,.T.);
#11176 = EDGE_LOOP('',(#11177,#11178,#11184,#11185));
#11177 = ORIENTED_EDGE('',*,*,#2462,.T.);
#11178 = ORIENTED_EDGE('',*,*,#11179,.T.);
#11179 = EDGE_CURVE('',#2463,#6080,#11180,.T.);
#11180 = LINE('',#11181,#11182);
#11181 = CARTESIAN_POINT('',(143.66,-88.96,-4.6E-02));
#11182 = VECTOR('',#11183,1.);
#11183 = DIRECTION('',(0.,0.,1.));
#11184 = ORIENTED_EDGE('',*,*,#6079,.F.);
#11185 = ORIENTED_EDGE('',*,*,#11179,.F.);
#11186 = CYLINDRICAL_SURFACE('',#11187,1.5);
#11187 = AXIS2_PLACEMENT_3D('',#11188,#11189,#11190);
#11188 = CARTESIAN_POINT('',(143.66,-87.46,-4.6E-02));
#11189 = DIRECTION('',(-0.,-0.,-1.));
#11190 = DIRECTION('',(-0.,-1.,0.));
#11191 = ADVANCED_FACE('',(#11192),#11203,.F.);
#11192 = FACE_BOUND('',#11193,.T.);
#11193 = EDGE_LOOP('',(#11194,#11195,#11201,#11202));
#11194 = ORIENTED_EDGE('',*,*,#2473,.T.);
#11195 = ORIENTED_EDGE('',*,*,#11196,.T.);
#11196 = EDGE_CURVE('',#2474,#6091,#11197,.T.);
#11197 = LINE('',#11198,#11199);
#11198 = CARTESIAN_POINT('',(150.01,-86.42,-4.6E-02));
#11199 = VECTOR('',#11200,1.);
#11200 = DIRECTION('',(0.,0.,1.));
#11201 = ORIENTED_EDGE('',*,*,#6090,.F.);
#11202 = ORIENTED_EDGE('',*,*,#11196,.F.);
#11203 = CYLINDRICAL_SURFACE('',#11204,1.5);
#11204 = AXIS2_PLACEMENT_3D('',#11205,#11206,#11207);
#11205 = CARTESIAN_POINT('',(150.01,-84.92,-4.6E-02));
#11206 = DIRECTION('',(-0.,-0.,-1.));
#11207 = DIRECTION('',(-0.,-1.,0.));
#11208 = ADVANCED_FACE('',(#11209),#11220,.F.);
#11209 = FACE_BOUND('',#11210,.T.);
#11210 = EDGE_LOOP('',(#11211,#11212,#11218,#11219));
#11211 = ORIENTED_EDGE('',*,*,#2484,.T.);
#11212 = ORIENTED_EDGE('',*,*,#11213,.T.);
#11213 = EDGE_CURVE('',#2485,#6102,#11214,.T.);
#11214 = LINE('',#11215,#11216);
#11215 = CARTESIAN_POINT('',(66.36,-77.485,-4.6E-02));
#11216 = VECTOR('',#11217,1.);
#11217 = DIRECTION('',(0.,0.,1.));
#11218 = ORIENTED_EDGE('',*,*,#6101,.F.);
#11219 = ORIENTED_EDGE('',*,*,#11213,.F.);
#11220 = CYLINDRICAL_SURFACE('',#11221,0.875);
#11221 = AXIS2_PLACEMENT_3D('',#11222,#11223,#11224);
#11222 = CARTESIAN_POINT('',(66.36,-76.61,-4.6E-02));
#11223 = DIRECTION('',(-0.,-0.,-1.));
#11224 = DIRECTION('',(-0.,-1.,0.));
#11225 = ADVANCED_FACE('',(#11226),#11237,.F.);
#11226 = FACE_BOUND('',#11227,.T.);
#11227 = EDGE_LOOP('',(#11228,#11229,#11235,#11236));
#11228 = ORIENTED_EDGE('',*,*,#2495,.T.);
#11229 = ORIENTED_EDGE('',*,*,#11230,.T.);
#11230 = EDGE_CURVE('',#2496,#6113,#11231,.T.);
#11231 = LINE('',#11232,#11233);
#11232 = CARTESIAN_POINT('',(71.44,-78.6039,-4.6E-02));
#11233 = VECTOR('',#11234,1.);
#11234 = DIRECTION('',(0.,0.,1.));
#11235 = ORIENTED_EDGE('',*,*,#6112,.F.);
#11236 = ORIENTED_EDGE('',*,*,#11230,.F.);
#11237 = CYLINDRICAL_SURFACE('',#11238,1.9939);
#11238 = AXIS2_PLACEMENT_3D('',#11239,#11240,#11241);
#11239 = CARTESIAN_POINT('',(71.44,-76.61,-4.6E-02));
#11240 = DIRECTION('',(-0.,-0.,-1.));
#11241 = DIRECTION('',(-0.,-1.,0.));
#11242 = ADVANCED_FACE('',(#11243),#11254,.F.);
#11243 = FACE_BOUND('',#11244,.T.);
#11244 = EDGE_LOOP('',(#11245,#11246,#11252,#11253));
#11245 = ORIENTED_EDGE('',*,*,#2506,.T.);
#11246 = ORIENTED_EDGE('',*,*,#11247,.T.);
#11247 = EDGE_CURVE('',#2507,#6124,#11248,.T.);
#11248 = LINE('',#11249,#11250);
#11249 = CARTESIAN_POINT('',(67.63,-75.57,-4.6E-02));
#11250 = VECTOR('',#11251,1.);
#11251 = DIRECTION('',(0.,0.,1.));
#11252 = ORIENTED_EDGE('',*,*,#6123,.F.);
#11253 = ORIENTED_EDGE('',*,*,#11247,.F.);
#11254 = CYLINDRICAL_SURFACE('',#11255,1.5);
#11255 = AXIS2_PLACEMENT_3D('',#11256,#11257,#11258);
#11256 = CARTESIAN_POINT('',(67.63,-74.07,-4.6E-02));
#11257 = DIRECTION('',(-0.,-0.,-1.));
#11258 = DIRECTION('',(-0.,-1.,0.));
#11259 = ADVANCED_FACE('',(#11260),#11271,.F.);
#11260 = FACE_BOUND('',#11261,.T.);
#11261 = EDGE_LOOP('',(#11262,#11263,#11269,#11270));
#11262 = ORIENTED_EDGE('',*,*,#2517,.T.);
#11263 = ORIENTED_EDGE('',*,*,#11264,.T.);
#11264 = EDGE_CURVE('',#2518,#6135,#11265,.T.);
#11265 = LINE('',#11266,#11267);
#11266 = CARTESIAN_POINT('',(76.52,-77.485,-4.6E-02));
#11267 = VECTOR('',#11268,1.);
#11268 = DIRECTION('',(0.,0.,1.));
#11269 = ORIENTED_EDGE('',*,*,#6134,.F.);
#11270 = ORIENTED_EDGE('',*,*,#11264,.F.);
#11271 = CYLINDRICAL_SURFACE('',#11272,0.875);
#11272 = AXIS2_PLACEMENT_3D('',#11273,#11274,#11275);
#11273 = CARTESIAN_POINT('',(76.52,-76.61,-4.6E-02));
#11274 = DIRECTION('',(-0.,-0.,-1.));
#11275 = DIRECTION('',(-0.,-1.,0.));
#11276 = ADVANCED_FACE('',(#11277),#11288,.F.);
#11277 = FACE_BOUND('',#11278,.T.);
#11278 = EDGE_LOOP('',(#11279,#11280,#11286,#11287));
#11279 = ORIENTED_EDGE('',*,*,#2528,.T.);
#11280 = ORIENTED_EDGE('',*,*,#11281,.T.);
#11281 = EDGE_CURVE('',#2529,#6146,#11282,.T.);
#11282 = LINE('',#11283,#11284);
#11283 = CARTESIAN_POINT('',(73.98,-73.03,-4.6E-02));
#11284 = VECTOR('',#11285,1.);
#11285 = DIRECTION('',(0.,0.,1.));
#11286 = ORIENTED_EDGE('',*,*,#6145,.F.);
#11287 = ORIENTED_EDGE('',*,*,#11281,.F.);
#11288 = CYLINDRICAL_SURFACE('',#11289,1.5);
#11289 = AXIS2_PLACEMENT_3D('',#11290,#11291,#11292);
#11290 = CARTESIAN_POINT('',(73.98,-71.53,-4.6E-02));
#11291 = DIRECTION('',(-0.,-0.,-1.));
#11292 = DIRECTION('',(-0.,-1.,0.));
#11293 = ADVANCED_FACE('',(#11294),#11305,.F.);
#11294 = FACE_BOUND('',#11295,.T.);
#11295 = EDGE_LOOP('',(#11296,#11297,#11303,#11304));
#11296 = ORIENTED_EDGE('',*,*,#2539,.T.);
#11297 = ORIENTED_EDGE('',*,*,#11298,.T.);
#11298 = EDGE_CURVE('',#2540,#6157,#11299,.T.);
#11299 = LINE('',#11300,#11301);
#11300 = CARTESIAN_POINT('',(118.28,-82.16,-4.6E-02));
#11301 = VECTOR('',#11302,1.);
#11302 = DIRECTION('',(0.,0.,1.));
#11303 = ORIENTED_EDGE('',*,*,#6156,.F.);
#11304 = ORIENTED_EDGE('',*,*,#11298,.F.);
#11305 = CYLINDRICAL_SURFACE('',#11306,1.5);
#11306 = AXIS2_PLACEMENT_3D('',#11307,#11308,#11309);
#11307 = CARTESIAN_POINT('',(118.28,-80.66,-4.6E-02));
#11308 = DIRECTION('',(-0.,-0.,-1.));
#11309 = DIRECTION('',(-0.,-1.,0.));
#11310 = ADVANCED_FACE('',(#11311),#11322,.F.);
#11311 = FACE_BOUND('',#11312,.T.);
#11312 = EDGE_LOOP('',(#11313,#11314,#11320,#11321));
#11313 = ORIENTED_EDGE('',*,*,#2550,.T.);
#11314 = ORIENTED_EDGE('',*,*,#11315,.T.);
#11315 = EDGE_CURVE('',#2551,#6168,#11316,.T.);
#11316 = LINE('',#11317,#11318);
#11317 = CARTESIAN_POINT('',(124.63,-79.62,-4.6E-02));
#11318 = VECTOR('',#11319,1.);
#11319 = DIRECTION('',(0.,0.,1.));
#11320 = ORIENTED_EDGE('',*,*,#6167,.F.);
#11321 = ORIENTED_EDGE('',*,*,#11315,.F.);
#11322 = CYLINDRICAL_SURFACE('',#11323,1.5);
#11323 = AXIS2_PLACEMENT_3D('',#11324,#11325,#11326);
#11324 = CARTESIAN_POINT('',(124.63,-78.12,-4.6E-02));
#11325 = DIRECTION('',(-0.,-0.,-1.));
#11326 = DIRECTION('',(-0.,-1.,0.));
#11327 = ADVANCED_FACE('',(#11328),#11339,.F.);
#11328 = FACE_BOUND('',#11329,.T.);
#11329 = EDGE_LOOP('',(#11330,#11331,#11337,#11338));
#11330 = ORIENTED_EDGE('',*,*,#2561,.T.);
#11331 = ORIENTED_EDGE('',*,*,#11332,.T.);
#11332 = EDGE_CURVE('',#2562,#6179,#11333,.T.);
#11333 = LINE('',#11334,#11335);
#11334 = CARTESIAN_POINT('',(53.566193,-67.606193,-4.6E-02));
#11335 = VECTOR('',#11336,1.);
#11336 = DIRECTION('',(0.,0.,1.));
#11337 = ORIENTED_EDGE('',*,*,#6178,.F.);
#11338 = ORIENTED_EDGE('',*,*,#11332,.F.);
#11339 = CYLINDRICAL_SURFACE('',#11340,1.6);
#11340 = AXIS2_PLACEMENT_3D('',#11341,#11342,#11343);
#11341 = CARTESIAN_POINT('',(53.566193,-66.006193,-4.6E-02));
#11342 = DIRECTION('',(-0.,-0.,-1.));
#11343 = DIRECTION('',(-0.,-1.,0.));
#11344 = ADVANCED_FACE('',(#11345),#11356,.F.);
#11345 = FACE_BOUND('',#11346,.T.);
#11346 = EDGE_LOOP('',(#11347,#11348,#11354,#11355));
#11347 = ORIENTED_EDGE('',*,*,#2572,.T.);
#11348 = ORIENTED_EDGE('',*,*,#11349,.T.);
#11349 = EDGE_CURVE('',#2573,#6190,#11350,.T.);
#11350 = LINE('',#11351,#11352);
#11351 = CARTESIAN_POINT('',(91.55,-65.305,-4.6E-02));
#11352 = VECTOR('',#11353,1.);
#11353 = DIRECTION('',(0.,0.,1.));
#11354 = ORIENTED_EDGE('',*,*,#6189,.F.);
#11355 = ORIENTED_EDGE('',*,*,#11349,.F.);
#11356 = CYLINDRICAL_SURFACE('',#11357,0.875);
#11357 = AXIS2_PLACEMENT_3D('',#11358,#11359,#11360);
#11358 = CARTESIAN_POINT('',(91.55,-64.43,-4.6E-02));
#11359 = DIRECTION('',(-0.,-0.,-1.));
#11360 = DIRECTION('',(-0.,-1.,0.));
#11361 = ADVANCED_FACE('',(#11362),#11373,.F.);
#11362 = FACE_BOUND('',#11363,.T.);
#11363 = EDGE_LOOP('',(#11364,#11365,#11371,#11372));
#11364 = ORIENTED_EDGE('',*,*,#2583,.T.);
#11365 = ORIENTED_EDGE('',*,*,#11366,.T.);
#11366 = EDGE_CURVE('',#2584,#6201,#11367,.T.);
#11367 = LINE('',#11368,#11369);
#11368 = CARTESIAN_POINT('',(92.82,-63.39,-4.6E-02));
#11369 = VECTOR('',#11370,1.);
#11370 = DIRECTION('',(0.,0.,1.));
#11371 = ORIENTED_EDGE('',*,*,#6200,.F.);
#11372 = ORIENTED_EDGE('',*,*,#11366,.F.);
#11373 = CYLINDRICAL_SURFACE('',#11374,1.5);
#11374 = AXIS2_PLACEMENT_3D('',#11375,#11376,#11377);
#11375 = CARTESIAN_POINT('',(92.82,-61.89,-4.6E-02));
#11376 = DIRECTION('',(-0.,-0.,-1.));
#11377 = DIRECTION('',(-0.,-1.,0.));
#11378 = ADVANCED_FACE('',(#11379),#11390,.F.);
#11379 = FACE_BOUND('',#11380,.T.);
#11380 = EDGE_LOOP('',(#11381,#11382,#11388,#11389));
#11381 = ORIENTED_EDGE('',*,*,#2594,.T.);
#11382 = ORIENTED_EDGE('',*,*,#11383,.T.);
#11383 = EDGE_CURVE('',#2595,#6212,#11384,.T.);
#11384 = LINE('',#11385,#11386);
#11385 = CARTESIAN_POINT('',(96.63,-66.4239,-4.6E-02));
#11386 = VECTOR('',#11387,1.);
#11387 = DIRECTION('',(0.,0.,1.));
#11388 = ORIENTED_EDGE('',*,*,#6211,.F.);
#11389 = ORIENTED_EDGE('',*,*,#11383,.F.);
#11390 = CYLINDRICAL_SURFACE('',#11391,1.9939);
#11391 = AXIS2_PLACEMENT_3D('',#11392,#11393,#11394);
#11392 = CARTESIAN_POINT('',(96.63,-64.43,-4.6E-02));
#11393 = DIRECTION('',(-0.,-0.,-1.));
#11394 = DIRECTION('',(-0.,-1.,0.));
#11395 = ADVANCED_FACE('',(#11396),#11407,.F.);
#11396 = FACE_BOUND('',#11397,.T.);
#11397 = EDGE_LOOP('',(#11398,#11399,#11405,#11406));
#11398 = ORIENTED_EDGE('',*,*,#2605,.T.);
#11399 = ORIENTED_EDGE('',*,*,#11400,.T.);
#11400 = EDGE_CURVE('',#2606,#6223,#11401,.T.);
#11401 = LINE('',#11402,#11403);
#11402 = CARTESIAN_POINT('',(101.71,-65.305,-4.6E-02));
#11403 = VECTOR('',#11404,1.);
#11404 = DIRECTION('',(0.,0.,1.));
#11405 = ORIENTED_EDGE('',*,*,#6222,.F.);
#11406 = ORIENTED_EDGE('',*,*,#11400,.F.);
#11407 = CYLINDRICAL_SURFACE('',#11408,0.875);
#11408 = AXIS2_PLACEMENT_3D('',#11409,#11410,#11411);
#11409 = CARTESIAN_POINT('',(101.71,-64.43,-4.6E-02));
#11410 = DIRECTION('',(-0.,-0.,-1.));
#11411 = DIRECTION('',(-0.,-1.,0.));
#11412 = ADVANCED_FACE('',(#11413),#11424,.F.);
#11413 = FACE_BOUND('',#11414,.T.);
#11414 = EDGE_LOOP('',(#11415,#11416,#11422,#11423));
#11415 = ORIENTED_EDGE('',*,*,#2616,.T.);
#11416 = ORIENTED_EDGE('',*,*,#11417,.T.);
#11417 = EDGE_CURVE('',#2617,#6234,#11418,.T.);
#11418 = LINE('',#11419,#11420);
#11419 = CARTESIAN_POINT('',(99.17,-60.85,-4.6E-02));
#11420 = VECTOR('',#11421,1.);
#11421 = DIRECTION('',(0.,0.,1.));
#11422 = ORIENTED_EDGE('',*,*,#6233,.F.);
#11423 = ORIENTED_EDGE('',*,*,#11417,.F.);
#11424 = CYLINDRICAL_SURFACE('',#11425,1.5);
#11425 = AXIS2_PLACEMENT_3D('',#11426,#11427,#11428);
#11426 = CARTESIAN_POINT('',(99.17,-59.35,-4.6E-02));
#11427 = DIRECTION('',(-0.,-0.,-1.));
#11428 = DIRECTION('',(-0.,-1.,0.));
#11429 = ADVANCED_FACE('',(#11430),#11441,.F.);
#11430 = FACE_BOUND('',#11431,.T.);
#11431 = EDGE_LOOP('',(#11432,#11433,#11439,#11440));
#11432 = ORIENTED_EDGE('',*,*,#2627,.T.);
#11433 = ORIENTED_EDGE('',*,*,#11434,.T.);
#11434 = EDGE_CURVE('',#2628,#6245,#11435,.T.);
#11435 = LINE('',#11436,#11437);
#11436 = CARTESIAN_POINT('',(116.984824,-58.895,-4.6E-02));
#11437 = VECTOR('',#11438,1.);
#11438 = DIRECTION('',(0.,0.,1.));
#11439 = ORIENTED_EDGE('',*,*,#6244,.F.);
#11440 = ORIENTED_EDGE('',*,*,#11434,.F.);
#11441 = CYLINDRICAL_SURFACE('',#11442,0.875);
#11442 = AXIS2_PLACEMENT_3D('',#11443,#11444,#11445);
#11443 = CARTESIAN_POINT('',(116.984824,-58.02,-4.6E-02));
#11444 = DIRECTION('',(-0.,-0.,-1.));
#11445 = DIRECTION('',(-0.,-1.,0.));
#11446 = ADVANCED_FACE('',(#11447),#11458,.F.);
#11447 = FACE_BOUND('',#11448,.T.);
#11448 = EDGE_LOOP('',(#11449,#11450,#11456,#11457));
#11449 = ORIENTED_EDGE('',*,*,#2638,.T.);
#11450 = ORIENTED_EDGE('',*,*,#11451,.T.);
#11451 = EDGE_CURVE('',#2639,#6256,#11452,.T.);
#11452 = LINE('',#11453,#11454);
#11453 = CARTESIAN_POINT('',(122.064824,-60.0139,-4.6E-02));
#11454 = VECTOR('',#11455,1.);
#11455 = DIRECTION('',(0.,0.,1.));
#11456 = ORIENTED_EDGE('',*,*,#6255,.F.);
#11457 = ORIENTED_EDGE('',*,*,#11451,.F.);
#11458 = CYLINDRICAL_SURFACE('',#11459,1.9939);
#11459 = AXIS2_PLACEMENT_3D('',#11460,#11461,#11462);
#11460 = CARTESIAN_POINT('',(122.064824,-58.02,-4.6E-02));
#11461 = DIRECTION('',(-0.,-0.,-1.));
#11462 = DIRECTION('',(-0.,-1.,0.));
#11463 = ADVANCED_FACE('',(#11464),#11475,.F.);
#11464 = FACE_BOUND('',#11465,.T.);
#11465 = EDGE_LOOP('',(#11466,#11467,#11473,#11474));
#11466 = ORIENTED_EDGE('',*,*,#2649,.T.);
#11467 = ORIENTED_EDGE('',*,*,#11468,.T.);
#11468 = EDGE_CURVE('',#2650,#6267,#11469,.T.);
#11469 = LINE('',#11470,#11471);
#11470 = CARTESIAN_POINT('',(118.254824,-56.98,-4.6E-02));
#11471 = VECTOR('',#11472,1.);
#11472 = DIRECTION('',(0.,0.,1.));
#11473 = ORIENTED_EDGE('',*,*,#6266,.F.);
#11474 = ORIENTED_EDGE('',*,*,#11468,.F.);
#11475 = CYLINDRICAL_SURFACE('',#11476,1.5);
#11476 = AXIS2_PLACEMENT_3D('',#11477,#11478,#11479);
#11477 = CARTESIAN_POINT('',(118.254824,-55.48,-4.6E-02));
#11478 = DIRECTION('',(-0.,-0.,-1.));
#11479 = DIRECTION('',(-0.,-1.,0.));
#11480 = ADVANCED_FACE('',(#11481),#11492,.F.);
#11481 = FACE_BOUND('',#11482,.T.);
#11482 = EDGE_LOOP('',(#11483,#11484,#11490,#11491));
#11483 = ORIENTED_EDGE('',*,*,#2660,.T.);
#11484 = ORIENTED_EDGE('',*,*,#11485,.T.);
#11485 = EDGE_CURVE('',#2661,#6278,#11486,.T.);
#11486 = LINE('',#11487,#11488);
#11487 = CARTESIAN_POINT('',(127.144824,-58.895,-4.6E-02));
#11488 = VECTOR('',#11489,1.);
#11489 = DIRECTION('',(0.,0.,1.));
#11490 = ORIENTED_EDGE('',*,*,#6277,.F.);
#11491 = ORIENTED_EDGE('',*,*,#11485,.F.);
#11492 = CYLINDRICAL_SURFACE('',#11493,0.875);
#11493 = AXIS2_PLACEMENT_3D('',#11494,#11495,#11496);
#11494 = CARTESIAN_POINT('',(127.144824,-58.02,-4.6E-02));
#11495 = DIRECTION('',(-0.,-0.,-1.));
#11496 = DIRECTION('',(-0.,-1.,0.));
#11497 = ADVANCED_FACE('',(#11498),#11509,.F.);
#11498 = FACE_BOUND('',#11499,.T.);
#11499 = EDGE_LOOP('',(#11500,#11501,#11507,#11508));
#11500 = ORIENTED_EDGE('',*,*,#2671,.T.);
#11501 = ORIENTED_EDGE('',*,*,#11502,.T.);
#11502 = EDGE_CURVE('',#2672,#6289,#11503,.T.);
#11503 = LINE('',#11504,#11505);
#11504 = CARTESIAN_POINT('',(124.604824,-54.44,-4.6E-02));
#11505 = VECTOR('',#11506,1.);
#11506 = DIRECTION('',(0.,0.,1.));
#11507 = ORIENTED_EDGE('',*,*,#6288,.F.);
#11508 = ORIENTED_EDGE('',*,*,#11502,.F.);
#11509 = CYLINDRICAL_SURFACE('',#11510,1.5);
#11510 = AXIS2_PLACEMENT_3D('',#11511,#11512,#11513);
#11511 = CARTESIAN_POINT('',(124.604824,-52.94,-4.6E-02));
#11512 = DIRECTION('',(-0.,-0.,-1.));
#11513 = DIRECTION('',(-0.,-1.,0.));
#11514 = ADVANCED_FACE('',(#11515),#11526,.F.);
#11515 = FACE_BOUND('',#11516,.T.);
#11516 = EDGE_LOOP('',(#11517,#11518,#11524,#11525));
#11517 = ORIENTED_EDGE('',*,*,#2682,.T.);
#11518 = ORIENTED_EDGE('',*,*,#11519,.T.);
#11519 = EDGE_CURVE('',#2683,#6300,#11520,.T.);
#11520 = LINE('',#11521,#11522);
#11521 = CARTESIAN_POINT('',(167.704824,-73.625,-4.6E-02));
#11522 = VECTOR('',#11523,1.);
#11523 = DIRECTION('',(0.,0.,1.));
#11524 = ORIENTED_EDGE('',*,*,#6299,.F.);
#11525 = ORIENTED_EDGE('',*,*,#11519,.F.);
#11526 = CYLINDRICAL_SURFACE('',#11527,0.875);
#11527 = AXIS2_PLACEMENT_3D('',#11528,#11529,#11530);
#11528 = CARTESIAN_POINT('',(167.704824,-72.75,-4.6E-02));
#11529 = DIRECTION('',(-0.,-0.,-1.));
#11530 = DIRECTION('',(-0.,-1.,0.));
#11531 = ADVANCED_FACE('',(#11532),#11543,.F.);
#11532 = FACE_BOUND('',#11533,.T.);
#11533 = EDGE_LOOP('',(#11534,#11535,#11541,#11542));
#11534 = ORIENTED_EDGE('',*,*,#2693,.T.);
#11535 = ORIENTED_EDGE('',*,*,#11536,.T.);
#11536 = EDGE_CURVE('',#2694,#6311,#11537,.T.);
#11537 = LINE('',#11538,#11539);
#11538 = CARTESIAN_POINT('',(172.784824,-74.7439,-4.6E-02));
#11539 = VECTOR('',#11540,1.);
#11540 = DIRECTION('',(0.,0.,1.));
#11541 = ORIENTED_EDGE('',*,*,#6310,.F.);
#11542 = ORIENTED_EDGE('',*,*,#11536,.F.);
#11543 = CYLINDRICAL_SURFACE('',#11544,1.9939);
#11544 = AXIS2_PLACEMENT_3D('',#11545,#11546,#11547);
#11545 = CARTESIAN_POINT('',(172.784824,-72.75,-4.6E-02));
#11546 = DIRECTION('',(-0.,-0.,-1.));
#11547 = DIRECTION('',(-1.425433042299E-14,-1.,0.));
#11548 = ADVANCED_FACE('',(#11549),#11560,.F.);
#11549 = FACE_BOUND('',#11550,.T.);
#11550 = EDGE_LOOP('',(#11551,#11552,#11558,#11559));
#11551 = ORIENTED_EDGE('',*,*,#2704,.T.);
#11552 = ORIENTED_EDGE('',*,*,#11553,.T.);
#11553 = EDGE_CURVE('',#2705,#6322,#11554,.T.);
#11554 = LINE('',#11555,#11556);
#11555 = CARTESIAN_POINT('',(168.974824,-71.71,-4.6E-02));
#11556 = VECTOR('',#11557,1.);
#11557 = DIRECTION('',(0.,0.,1.));
#11558 = ORIENTED_EDGE('',*,*,#6321,.F.);
#11559 = ORIENTED_EDGE('',*,*,#11553,.F.);
#11560 = CYLINDRICAL_SURFACE('',#11561,1.5);
#11561 = AXIS2_PLACEMENT_3D('',#11562,#11563,#11564);
#11562 = CARTESIAN_POINT('',(168.974824,-70.21,-4.6E-02));
#11563 = DIRECTION('',(-0.,-0.,-1.));
#11564 = DIRECTION('',(-0.,-1.,0.));
#11565 = ADVANCED_FACE('',(#11566),#11577,.F.);
#11566 = FACE_BOUND('',#11567,.T.);
#11567 = EDGE_LOOP('',(#11568,#11569,#11575,#11576));
#11568 = ORIENTED_EDGE('',*,*,#2715,.T.);
#11569 = ORIENTED_EDGE('',*,*,#11570,.T.);
#11570 = EDGE_CURVE('',#2716,#6333,#11571,.T.);
#11571 = LINE('',#11572,#11573);
#11572 = CARTESIAN_POINT('',(175.324824,-69.17,-4.6E-02));
#11573 = VECTOR('',#11574,1.);
#11574 = DIRECTION('',(0.,0.,1.));
#11575 = ORIENTED_EDGE('',*,*,#6332,.F.);
#11576 = ORIENTED_EDGE('',*,*,#11570,.F.);
#11577 = CYLINDRICAL_SURFACE('',#11578,1.5);
#11578 = AXIS2_PLACEMENT_3D('',#11579,#11580,#11581);
#11579 = CARTESIAN_POINT('',(175.324824,-67.67,-4.6E-02));
#11580 = DIRECTION('',(-0.,-0.,-1.));
#11581 = DIRECTION('',(-0.,-1.,0.));
#11582 = ADVANCED_FACE('',(#11583),#11594,.F.);
#11583 = FACE_BOUND('',#11584,.T.);
#11584 = EDGE_LOOP('',(#11585,#11586,#11592,#11593));
#11585 = ORIENTED_EDGE('',*,*,#2726,.T.);
#11586 = ORIENTED_EDGE('',*,*,#11587,.T.);
#11587 = EDGE_CURVE('',#2727,#6344,#11588,.T.);
#11588 = LINE('',#11589,#11590);
#11589 = CARTESIAN_POINT('',(202.32,-77.24,-4.6E-02));
#11590 = VECTOR('',#11591,1.);
#11591 = DIRECTION('',(0.,0.,1.));
#11592 = ORIENTED_EDGE('',*,*,#6343,.F.);
#11593 = ORIENTED_EDGE('',*,*,#11587,.F.);
#11594 = CYLINDRICAL_SURFACE('',#11595,1.25);
#11595 = AXIS2_PLACEMENT_3D('',#11596,#11597,#11598);
#11596 = CARTESIAN_POINT('',(202.32,-75.99,-4.6E-02));
#11597 = DIRECTION('',(-0.,-0.,-1.));
#11598 = DIRECTION('',(-0.,-1.,0.));
#11599 = ADVANCED_FACE('',(#11600),#11611,.F.);
#11600 = FACE_BOUND('',#11601,.T.);
#11601 = EDGE_LOOP('',(#11602,#11603,#11609,#11610));
#11602 = ORIENTED_EDGE('',*,*,#2737,.T.);
#11603 = ORIENTED_EDGE('',*,*,#11604,.T.);
#11604 = EDGE_CURVE('',#2738,#6355,#11605,.T.);
#11605 = LINE('',#11606,#11607);
#11606 = CARTESIAN_POINT('',(215.65,-74.13,-4.6E-02));
#11607 = VECTOR('',#11608,1.);
#11608 = DIRECTION('',(0.,0.,1.));
#11609 = ORIENTED_EDGE('',*,*,#6354,.F.);
#11610 = ORIENTED_EDGE('',*,*,#11604,.F.);
#11611 = CYLINDRICAL_SURFACE('',#11612,0.25);
#11612 = AXIS2_PLACEMENT_3D('',#11613,#11614,#11615);
#11613 = CARTESIAN_POINT('',(215.65,-73.88,-4.6E-02));
#11614 = DIRECTION('',(-0.,-0.,-1.));
#11615 = DIRECTION('',(-0.,-1.,0.));
#11616 = ADVANCED_FACE('',(#11617),#11628,.F.);
#11617 = FACE_BOUND('',#11618,.T.);
#11618 = EDGE_LOOP('',(#11619,#11620,#11626,#11627));
#11619 = ORIENTED_EDGE('',*,*,#2748,.T.);
#11620 = ORIENTED_EDGE('',*,*,#11621,.T.);
#11621 = EDGE_CURVE('',#2749,#6366,#11622,.T.);
#11622 = LINE('',#11623,#11624);
#11623 = CARTESIAN_POINT('',(177.864824,-73.625,-4.6E-02));
#11624 = VECTOR('',#11625,1.);
#11625 = DIRECTION('',(0.,0.,1.));
#11626 = ORIENTED_EDGE('',*,*,#6365,.F.);
#11627 = ORIENTED_EDGE('',*,*,#11621,.F.);
#11628 = CYLINDRICAL_SURFACE('',#11629,0.875);
#11629 = AXIS2_PLACEMENT_3D('',#11630,#11631,#11632);
#11630 = CARTESIAN_POINT('',(177.864824,-72.75,-4.6E-02));
#11631 = DIRECTION('',(-0.,-0.,-1.));
#11632 = DIRECTION('',(-0.,-1.,0.));
#11633 = ADVANCED_FACE('',(#11634),#11645,.F.);
#11634 = FACE_BOUND('',#11635,.T.);
#11635 = EDGE_LOOP('',(#11636,#11637,#11643,#11644));
#11636 = ORIENTED_EDGE('',*,*,#2759,.T.);
#11637 = ORIENTED_EDGE('',*,*,#11638,.T.);
#11638 = EDGE_CURVE('',#2760,#6377,#11639,.T.);
#11639 = LINE('',#11640,#11641);
#11640 = CARTESIAN_POINT('',(202.32,-73.84,-4.6E-02));
#11641 = VECTOR('',#11642,1.);
#11642 = DIRECTION('',(0.,0.,1.));
#11643 = ORIENTED_EDGE('',*,*,#6376,.F.);
#11644 = ORIENTED_EDGE('',*,*,#11638,.F.);
#11645 = CYLINDRICAL_SURFACE('',#11646,1.25);
#11646 = AXIS2_PLACEMENT_3D('',#11647,#11648,#11649);
#11647 = CARTESIAN_POINT('',(202.32,-72.59,-4.6E-02));
#11648 = DIRECTION('',(-0.,-0.,-1.));
#11649 = DIRECTION('',(-0.,-1.,0.));
#11650 = ADVANCED_FACE('',(#11651),#11662,.F.);
#11651 = FACE_BOUND('',#11652,.T.);
#11652 = EDGE_LOOP('',(#11653,#11654,#11660,#11661));
#11653 = ORIENTED_EDGE('',*,*,#2770,.T.);
#11654 = ORIENTED_EDGE('',*,*,#11655,.T.);
#11655 = EDGE_CURVE('',#2771,#6388,#11656,.T.);
#11656 = LINE('',#11657,#11658);
#11657 = CARTESIAN_POINT('',(215.65,-73.38,-4.6E-02));
#11658 = VECTOR('',#11659,1.);
#11659 = DIRECTION('',(0.,0.,1.));
#11660 = ORIENTED_EDGE('',*,*,#6387,.F.);
#11661 = ORIENTED_EDGE('',*,*,#11655,.F.);
#11662 = CYLINDRICAL_SURFACE('',#11663,0.25);
#11663 = AXIS2_PLACEMENT_3D('',#11664,#11665,#11666);
#11664 = CARTESIAN_POINT('',(215.65,-73.13,-4.6E-02));
#11665 = DIRECTION('',(-0.,-0.,-1.));
#11666 = DIRECTION('',(-0.,-1.,0.));
#11667 = ADVANCED_FACE('',(#11668),#11679,.F.);
#11668 = FACE_BOUND('',#11669,.T.);
#11669 = EDGE_LOOP('',(#11670,#11671,#11677,#11678));
#11670 = ORIENTED_EDGE('',*,*,#2781,.T.);
#11671 = ORIENTED_EDGE('',*,*,#11672,.T.);
#11672 = EDGE_CURVE('',#2782,#6399,#11673,.T.);
#11673 = LINE('',#11674,#11675);
#11674 = CARTESIAN_POINT('',(215.65,-72.63,-4.6E-02));
#11675 = VECTOR('',#11676,1.);
#11676 = DIRECTION('',(0.,0.,1.));
#11677 = ORIENTED_EDGE('',*,*,#6398,.F.);
#11678 = ORIENTED_EDGE('',*,*,#11672,.F.);
#11679 = CYLINDRICAL_SURFACE('',#11680,0.25);
#11680 = AXIS2_PLACEMENT_3D('',#11681,#11682,#11683);
#11681 = CARTESIAN_POINT('',(215.65,-72.38,-4.6E-02));
#11682 = DIRECTION('',(-0.,-0.,-1.));
#11683 = DIRECTION('',(-0.,-1.,0.));
#11684 = ADVANCED_FACE('',(#11685),#11696,.F.);
#11685 = FACE_BOUND('',#11686,.T.);
#11686 = EDGE_LOOP('',(#11687,#11688,#11694,#11695));
#11687 = ORIENTED_EDGE('',*,*,#2792,.T.);
#11688 = ORIENTED_EDGE('',*,*,#11689,.T.);
#11689 = EDGE_CURVE('',#2793,#6410,#11690,.T.);
#11690 = LINE('',#11691,#11692);
#11691 = CARTESIAN_POINT('',(215.65,-71.88,-4.6E-02));
#11692 = VECTOR('',#11693,1.);
#11693 = DIRECTION('',(0.,0.,1.));
#11694 = ORIENTED_EDGE('',*,*,#6409,.F.);
#11695 = ORIENTED_EDGE('',*,*,#11689,.F.);
#11696 = CYLINDRICAL_SURFACE('',#11697,0.25);
#11697 = AXIS2_PLACEMENT_3D('',#11698,#11699,#11700);
#11698 = CARTESIAN_POINT('',(215.65,-71.63,-4.6E-02));
#11699 = DIRECTION('',(-0.,-0.,-1.));
#11700 = DIRECTION('',(-0.,-1.,0.));
#11701 = ADVANCED_FACE('',(#11702),#11713,.F.);
#11702 = FACE_BOUND('',#11703,.T.);
#11703 = EDGE_LOOP('',(#11704,#11705,#11711,#11712));
#11704 = ORIENTED_EDGE('',*,*,#2803,.T.);
#11705 = ORIENTED_EDGE('',*,*,#11706,.T.);
#11706 = EDGE_CURVE('',#2804,#6421,#11707,.T.);
#11707 = LINE('',#11708,#11709);
#11708 = CARTESIAN_POINT('',(215.65,-71.13,-4.6E-02));
#11709 = VECTOR('',#11710,1.);
#11710 = DIRECTION('',(0.,0.,1.));
#11711 = ORIENTED_EDGE('',*,*,#6420,.F.);
#11712 = ORIENTED_EDGE('',*,*,#11706,.F.);
#11713 = CYLINDRICAL_SURFACE('',#11714,0.25);
#11714 = AXIS2_PLACEMENT_3D('',#11715,#11716,#11717);
#11715 = CARTESIAN_POINT('',(215.65,-70.88,-4.6E-02));
#11716 = DIRECTION('',(-0.,-0.,-1.));
#11717 = DIRECTION('',(-0.,-1.,0.));
#11718 = ADVANCED_FACE('',(#11719),#11730,.F.);
#11719 = FACE_BOUND('',#11720,.T.);
#11720 = EDGE_LOOP('',(#11721,#11722,#11728,#11729));
#11721 = ORIENTED_EDGE('',*,*,#2814,.T.);
#11722 = ORIENTED_EDGE('',*,*,#11723,.T.);
#11723 = EDGE_CURVE('',#2815,#6432,#11724,.T.);
#11724 = LINE('',#11725,#11726);
#11725 = CARTESIAN_POINT('',(215.65,-70.38,-4.6E-02));
#11726 = VECTOR('',#11727,1.);
#11727 = DIRECTION('',(0.,0.,1.));
#11728 = ORIENTED_EDGE('',*,*,#6431,.F.);
#11729 = ORIENTED_EDGE('',*,*,#11723,.F.);
#11730 = CYLINDRICAL_SURFACE('',#11731,0.25);
#11731 = AXIS2_PLACEMENT_3D('',#11732,#11733,#11734);
#11732 = CARTESIAN_POINT('',(215.65,-70.13,-4.6E-02));
#11733 = DIRECTION('',(-0.,-0.,-1.));
#11734 = DIRECTION('',(-0.,-1.,0.));
#11735 = ADVANCED_FACE('',(#11736),#11747,.F.);
#11736 = FACE_BOUND('',#11737,.T.);
#11737 = EDGE_LOOP('',(#11738,#11739,#11745,#11746));
#11738 = ORIENTED_EDGE('',*,*,#2825,.T.);
#11739 = ORIENTED_EDGE('',*,*,#11740,.T.);
#11740 = EDGE_CURVE('',#2826,#6443,#11741,.T.);
#11741 = LINE('',#11742,#11743);
#11742 = CARTESIAN_POINT('',(210.903806,-71.296194,-4.6E-02));
#11743 = VECTOR('',#11744,1.);
#11744 = DIRECTION('',(0.,0.,1.));
#11745 = ORIENTED_EDGE('',*,*,#6442,.F.);
#11746 = ORIENTED_EDGE('',*,*,#11740,.F.);
#11747 = CYLINDRICAL_SURFACE('',#11748,1.6);
#11748 = AXIS2_PLACEMENT_3D('',#11749,#11750,#11751);
#11749 = CARTESIAN_POINT('',(210.903806,-69.696194,-4.6E-02));
#11750 = DIRECTION('',(-0.,-0.,-1.));
#11751 = DIRECTION('',(-0.,-1.,0.));
#11752 = ADVANCED_FACE('',(#11753),#11764,.F.);
#11753 = FACE_BOUND('',#11754,.T.);
#11754 = EDGE_LOOP('',(#11755,#11756,#11762,#11763));
#11755 = ORIENTED_EDGE('',*,*,#2836,.T.);
#11756 = ORIENTED_EDGE('',*,*,#11757,.T.);
#11757 = EDGE_CURVE('',#2837,#6454,#11758,.T.);
#11758 = LINE('',#11759,#11760);
#11759 = CARTESIAN_POINT('',(215.65,-69.63,-4.6E-02));
#11760 = VECTOR('',#11761,1.);
#11761 = DIRECTION('',(0.,0.,1.));
#11762 = ORIENTED_EDGE('',*,*,#6453,.F.);
#11763 = ORIENTED_EDGE('',*,*,#11757,.F.);
#11764 = CYLINDRICAL_SURFACE('',#11765,0.25);
#11765 = AXIS2_PLACEMENT_3D('',#11766,#11767,#11768);
#11766 = CARTESIAN_POINT('',(215.65,-69.38,-4.6E-02));
#11767 = DIRECTION('',(-0.,-0.,-1.));
#11768 = DIRECTION('',(-0.,-1.,0.));
#11769 = ADVANCED_FACE('',(#11770),#11781,.F.);
#11770 = FACE_BOUND('',#11771,.T.);
#11771 = EDGE_LOOP('',(#11772,#11773,#11779,#11780));
#11772 = ORIENTED_EDGE('',*,*,#2847,.T.);
#11773 = ORIENTED_EDGE('',*,*,#11774,.T.);
#11774 = EDGE_CURVE('',#2848,#6465,#11775,.T.);
#11775 = LINE('',#11776,#11777);
#11776 = CARTESIAN_POINT('',(215.65,-68.88,-4.6E-02));
#11777 = VECTOR('',#11778,1.);
#11778 = DIRECTION('',(0.,0.,1.));
#11779 = ORIENTED_EDGE('',*,*,#6464,.F.);
#11780 = ORIENTED_EDGE('',*,*,#11774,.F.);
#11781 = CYLINDRICAL_SURFACE('',#11782,0.25);
#11782 = AXIS2_PLACEMENT_3D('',#11783,#11784,#11785);
#11783 = CARTESIAN_POINT('',(215.65,-68.63,-4.6E-02));
#11784 = DIRECTION('',(-0.,-0.,-1.));
#11785 = DIRECTION('',(-0.,-1.,0.));
#11786 = ADVANCED_FACE('',(#11787),#11798,.F.);
#11787 = FACE_BOUND('',#11788,.T.);
#11788 = EDGE_LOOP('',(#11789,#11790,#11796,#11797));
#11789 = ORIENTED_EDGE('',*,*,#2858,.T.);
#11790 = ORIENTED_EDGE('',*,*,#11791,.T.);
#11791 = EDGE_CURVE('',#2859,#6476,#11792,.T.);
#11792 = LINE('',#11793,#11794);
#11793 = CARTESIAN_POINT('',(215.65,-68.13,-4.6E-02));
#11794 = VECTOR('',#11795,1.);
#11795 = DIRECTION('',(0.,0.,1.));
#11796 = ORIENTED_EDGE('',*,*,#6475,.F.);
#11797 = ORIENTED_EDGE('',*,*,#11791,.F.);
#11798 = CYLINDRICAL_SURFACE('',#11799,0.25);
#11799 = AXIS2_PLACEMENT_3D('',#11800,#11801,#11802);
#11800 = CARTESIAN_POINT('',(215.65,-67.88,-4.6E-02));
#11801 = DIRECTION('',(-0.,-0.,-1.));
#11802 = DIRECTION('',(-0.,-1.,0.));
#11803 = ADVANCED_FACE('',(#11804),#11815,.F.);
#11804 = FACE_BOUND('',#11805,.T.);
#11805 = EDGE_LOOP('',(#11806,#11807,#11813,#11814));
#11806 = ORIENTED_EDGE('',*,*,#2869,.T.);
#11807 = ORIENTED_EDGE('',*,*,#11808,.T.);
#11808 = EDGE_CURVE('',#2870,#6487,#11809,.T.);
#11809 = LINE('',#11810,#11811);
#11810 = CARTESIAN_POINT('',(215.65,-67.38,-4.6E-02));
#11811 = VECTOR('',#11812,1.);
#11812 = DIRECTION('',(0.,0.,1.));
#11813 = ORIENTED_EDGE('',*,*,#6486,.F.);
#11814 = ORIENTED_EDGE('',*,*,#11808,.F.);
#11815 = CYLINDRICAL_SURFACE('',#11816,0.25);
#11816 = AXIS2_PLACEMENT_3D('',#11817,#11818,#11819);
#11817 = CARTESIAN_POINT('',(215.65,-67.13,-4.6E-02));
#11818 = DIRECTION('',(-0.,-0.,-1.));
#11819 = DIRECTION('',(-0.,-1.,0.));
#11820 = ADVANCED_FACE('',(#11821),#11832,.F.);
#11821 = FACE_BOUND('',#11822,.T.);
#11822 = EDGE_LOOP('',(#11823,#11824,#11830,#11831));
#11823 = ORIENTED_EDGE('',*,*,#2880,.T.);
#11824 = ORIENTED_EDGE('',*,*,#11825,.T.);
#11825 = EDGE_CURVE('',#2881,#6498,#11826,.T.);
#11826 = LINE('',#11827,#11828);
#11827 = CARTESIAN_POINT('',(142.4,-65.615,-4.6E-02));
#11828 = VECTOR('',#11829,1.);
#11829 = DIRECTION('',(0.,0.,1.));
#11830 = ORIENTED_EDGE('',*,*,#6497,.F.);
#11831 = ORIENTED_EDGE('',*,*,#11825,.F.);
#11832 = CYLINDRICAL_SURFACE('',#11833,0.875);
#11833 = AXIS2_PLACEMENT_3D('',#11834,#11835,#11836);
#11834 = CARTESIAN_POINT('',(142.4,-64.74,-4.6E-02));
#11835 = DIRECTION('',(-0.,-0.,-1.));
#11836 = DIRECTION('',(-0.,-1.,0.));
#11837 = ADVANCED_FACE('',(#11838),#11849,.F.);
#11838 = FACE_BOUND('',#11839,.T.);
#11839 = EDGE_LOOP('',(#11840,#11841,#11847,#11848));
#11840 = ORIENTED_EDGE('',*,*,#2891,.T.);
#11841 = ORIENTED_EDGE('',*,*,#11842,.T.);
#11842 = EDGE_CURVE('',#2892,#6509,#11843,.T.);
#11843 = LINE('',#11844,#11845);
#11844 = CARTESIAN_POINT('',(147.48,-66.7339,-4.6E-02));
#11845 = VECTOR('',#11846,1.);
#11846 = DIRECTION('',(0.,0.,1.));
#11847 = ORIENTED_EDGE('',*,*,#6508,.F.);
#11848 = ORIENTED_EDGE('',*,*,#11842,.F.);
#11849 = CYLINDRICAL_SURFACE('',#11850,1.9939);
#11850 = AXIS2_PLACEMENT_3D('',#11851,#11852,#11853);
#11851 = CARTESIAN_POINT('',(147.48,-64.74,-4.6E-02));
#11852 = DIRECTION('',(-0.,-0.,-1.));
#11853 = DIRECTION('',(-0.,-1.,0.));
#11854 = ADVANCED_FACE('',(#11855),#11866,.F.);
#11855 = FACE_BOUND('',#11856,.T.);
#11856 = EDGE_LOOP('',(#11857,#11858,#11864,#11865));
#11857 = ORIENTED_EDGE('',*,*,#2902,.T.);
#11858 = ORIENTED_EDGE('',*,*,#11859,.T.);
#11859 = EDGE_CURVE('',#2903,#6520,#11860,.T.);
#11860 = LINE('',#11861,#11862);
#11861 = CARTESIAN_POINT('',(152.56,-65.615,-4.6E-02));
#11862 = VECTOR('',#11863,1.);
#11863 = DIRECTION('',(0.,0.,1.));
#11864 = ORIENTED_EDGE('',*,*,#6519,.F.);
#11865 = ORIENTED_EDGE('',*,*,#11859,.F.);
#11866 = CYLINDRICAL_SURFACE('',#11867,0.875);
#11867 = AXIS2_PLACEMENT_3D('',#11868,#11869,#11870);
#11868 = CARTESIAN_POINT('',(152.56,-64.74,-4.6E-02));
#11869 = DIRECTION('',(-0.,-0.,-1.));
#11870 = DIRECTION('',(-0.,-1.,0.));
#11871 = ADVANCED_FACE('',(#11872),#11883,.F.);
#11872 = FACE_BOUND('',#11873,.T.);
#11873 = EDGE_LOOP('',(#11874,#11875,#11881,#11882));
#11874 = ORIENTED_EDGE('',*,*,#2913,.T.);
#11875 = ORIENTED_EDGE('',*,*,#11876,.T.);
#11876 = EDGE_CURVE('',#2914,#6531,#11877,.T.);
#11877 = LINE('',#11878,#11879);
#11878 = CARTESIAN_POINT('',(143.67,-63.7,-4.6E-02));
#11879 = VECTOR('',#11880,1.);
#11880 = DIRECTION('',(0.,0.,1.));
#11881 = ORIENTED_EDGE('',*,*,#6530,.F.);
#11882 = ORIENTED_EDGE('',*,*,#11876,.F.);
#11883 = CYLINDRICAL_SURFACE('',#11884,1.5);
#11884 = AXIS2_PLACEMENT_3D('',#11885,#11886,#11887);
#11885 = CARTESIAN_POINT('',(143.67,-62.2,-4.6E-02));
#11886 = DIRECTION('',(-0.,-0.,-1.));
#11887 = DIRECTION('',(-0.,-1.,0.));
#11888 = ADVANCED_FACE('',(#11889),#11900,.F.);
#11889 = FACE_BOUND('',#11890,.T.);
#11890 = EDGE_LOOP('',(#11891,#11892,#11898,#11899));
#11891 = ORIENTED_EDGE('',*,*,#2924,.T.);
#11892 = ORIENTED_EDGE('',*,*,#11893,.T.);
#11893 = EDGE_CURVE('',#2925,#6542,#11894,.T.);
#11894 = LINE('',#11895,#11896);
#11895 = CARTESIAN_POINT('',(150.02,-61.16,-4.6E-02));
#11896 = VECTOR('',#11897,1.);
#11897 = DIRECTION('',(0.,0.,1.));
#11898 = ORIENTED_EDGE('',*,*,#6541,.F.);
#11899 = ORIENTED_EDGE('',*,*,#11893,.F.);
#11900 = CYLINDRICAL_SURFACE('',#11901,1.5);
#11901 = AXIS2_PLACEMENT_3D('',#11902,#11903,#11904);
#11902 = CARTESIAN_POINT('',(150.02,-59.66,-4.6E-02));
#11903 = DIRECTION('',(-0.,-0.,-1.));
#11904 = DIRECTION('',(-0.,-1.,0.));
#11905 = ADVANCED_FACE('',(#11906),#11917,.F.);
#11906 = FACE_BOUND('',#11907,.T.);
#11907 = EDGE_LOOP('',(#11908,#11909,#11915,#11916));
#11908 = ORIENTED_EDGE('',*,*,#2935,.T.);
#11909 = ORIENTED_EDGE('',*,*,#11910,.T.);
#11910 = EDGE_CURVE('',#2936,#6553,#11911,.T.);
#11911 = LINE('',#11912,#11913);
#11912 = CARTESIAN_POINT('',(257.404824,-98.535,-4.6E-02));
#11913 = VECTOR('',#11914,1.);
#11914 = DIRECTION('',(0.,0.,1.));
#11915 = ORIENTED_EDGE('',*,*,#6552,.F.);
#11916 = ORIENTED_EDGE('',*,*,#11910,.F.);
#11917 = CYLINDRICAL_SURFACE('',#11918,0.875);
#11918 = AXIS2_PLACEMENT_3D('',#11919,#11920,#11921);
#11919 = CARTESIAN_POINT('',(257.404824,-97.66,-4.6E-02));
#11920 = DIRECTION('',(-0.,-0.,-1.));
#11921 = DIRECTION('',(-0.,-1.,0.));
#11922 = ADVANCED_FACE('',(#11923),#11934,.F.);
#11923 = FACE_BOUND('',#11924,.T.);
#11924 = EDGE_LOOP('',(#11925,#11926,#11932,#11933));
#11925 = ORIENTED_EDGE('',*,*,#2946,.T.);
#11926 = ORIENTED_EDGE('',*,*,#11927,.T.);
#11927 = EDGE_CURVE('',#2947,#6564,#11928,.T.);
#11928 = LINE('',#11929,#11930);
#11929 = CARTESIAN_POINT('',(290.494824,-111.64,-4.6E-02));
#11930 = VECTOR('',#11931,1.);
#11931 = DIRECTION('',(0.,0.,1.));
#11932 = ORIENTED_EDGE('',*,*,#6563,.F.);
#11933 = ORIENTED_EDGE('',*,*,#11927,.F.);
#11934 = CYLINDRICAL_SURFACE('',#11935,1.5);
#11935 = AXIS2_PLACEMENT_3D('',#11936,#11937,#11938);
#11936 = CARTESIAN_POINT('',(290.494824,-110.14,-4.6E-02));
#11937 = DIRECTION('',(-0.,-0.,-1.));
#11938 = DIRECTION('',(-0.,-1.,0.));
#11939 = ADVANCED_FACE('',(#11940),#11951,.F.);
#11940 = FACE_BOUND('',#11941,.T.);
#11941 = EDGE_LOOP('',(#11942,#11943,#11949,#11950));
#11942 = ORIENTED_EDGE('',*,*,#2957,.T.);
#11943 = ORIENTED_EDGE('',*,*,#11944,.T.);
#11944 = EDGE_CURVE('',#2958,#6575,#11945,.T.);
#11945 = LINE('',#11946,#11947);
#11946 = CARTESIAN_POINT('',(262.484824,-99.6539,-4.6E-02));
#11947 = VECTOR('',#11948,1.);
#11948 = DIRECTION('',(0.,0.,1.));
#11949 = ORIENTED_EDGE('',*,*,#6574,.F.);
#11950 = ORIENTED_EDGE('',*,*,#11944,.F.);
#11951 = CYLINDRICAL_SURFACE('',#11952,1.9939);
#11952 = AXIS2_PLACEMENT_3D('',#11953,#11954,#11955);
#11953 = CARTESIAN_POINT('',(262.484824,-97.66,-4.6E-02));
#11954 = DIRECTION('',(-0.,-0.,-1.));
#11955 = DIRECTION('',(-0.,-1.,0.));
#11956 = ADVANCED_FACE('',(#11957),#11968,.F.);
#11957 = FACE_BOUND('',#11958,.T.);
#11958 = EDGE_LOOP('',(#11959,#11960,#11966,#11967));
#11959 = ORIENTED_EDGE('',*,*,#2968,.T.);
#11960 = ORIENTED_EDGE('',*,*,#11961,.T.);
#11961 = EDGE_CURVE('',#2969,#6586,#11962,.T.);
#11962 = LINE('',#11963,#11964);
#11963 = CARTESIAN_POINT('',(267.564824,-98.535,-4.6E-02));
#11964 = VECTOR('',#11965,1.);
#11965 = DIRECTION('',(0.,0.,1.));
#11966 = ORIENTED_EDGE('',*,*,#6585,.F.);
#11967 = ORIENTED_EDGE('',*,*,#11961,.F.);
#11968 = CYLINDRICAL_SURFACE('',#11969,0.875);
#11969 = AXIS2_PLACEMENT_3D('',#11970,#11971,#11972);
#11970 = CARTESIAN_POINT('',(267.564824,-97.66,-4.6E-02));
#11971 = DIRECTION('',(-0.,-0.,-1.));
#11972 = DIRECTION('',(-0.,-1.,0.));
#11973 = ADVANCED_FACE('',(#11974),#11990,.F.);
#11974 = FACE_BOUND('',#11975,.T.);
#11975 = EDGE_LOOP('',(#11976,#11982,#11983,#11989));
#11976 = ORIENTED_EDGE('',*,*,#11977,.T.);
#11977 = EDGE_CURVE('',#2980,#6597,#11978,.T.);
#11978 = LINE('',#11979,#11980);
#11979 = CARTESIAN_POINT('',(220.68,-75.14,0.));
#11980 = VECTOR('',#11981,1.);
#11981 = DIRECTION('',(0.,0.,1.));
#11982 = ORIENTED_EDGE('',*,*,#6596,.T.);
#11983 = ORIENTED_EDGE('',*,*,#11984,.F.);
#11984 = EDGE_CURVE('',#2982,#6599,#11985,.T.);
#11985 = LINE('',#11986,#11987);
#11986 = CARTESIAN_POINT('',(215.61998,-75.13,0.));
#11987 = VECTOR('',#11988,1.);
#11988 = DIRECTION('',(0.,0.,1.));
#11989 = ORIENTED_EDGE('',*,*,#2979,.F.);
#11990 = CYLINDRICAL_SURFACE('',#11991,2.530019881501);
#11991 = AXIS2_PLACEMENT_3D('',#11992,#11993,#11994);
#11992 = CARTESIAN_POINT('',(218.1499998815,-75.12999994059,0.));
#11993 = DIRECTION('',(-0.,-0.,-1.));
#11994 = DIRECTION('',(0.999992188598,-3.952561591898E-03,0.));
#11995 = ADVANCED_FACE('',(#11996),#12007,.T.);
#11996 = FACE_BOUND('',#11997,.T.);
#11997 = EDGE_LOOP('',(#11998,#12004,#12005,#12006));
#11998 = ORIENTED_EDGE('',*,*,#11999,.T.);
#11999 = EDGE_CURVE('',#2991,#6608,#12000,.T.);
#12000 = LINE('',#12001,#12002);
#12001 = CARTESIAN_POINT('',(220.64011,-111.27,0.));
#12002 = VECTOR('',#12003,1.);
#12003 = DIRECTION('',(0.,0.,1.));
#12004 = ORIENTED_EDGE('',*,*,#6607,.T.);
#12005 = ORIENTED_EDGE('',*,*,#11977,.F.);
#12006 = ORIENTED_EDGE('',*,*,#2990,.F.);
#12007 = PLANE('',#12008);
#12008 = AXIS2_PLACEMENT_3D('',#12009,#12010,#12011);
#12009 = CARTESIAN_POINT('',(220.64011,-111.27,0.));
#12010 = DIRECTION('',(-0.999999390517,1.104067968108E-03,0.));
#12011 = DIRECTION('',(1.104067968108E-03,0.999999390517,0.));
#12012 = ADVANCED_FACE('',(#12013),#12024,.T.);
#12013 = FACE_BOUND('',#12014,.T.);
#12014 = EDGE_LOOP('',(#12015,#12016,#12017,#12023));
#12015 = ORIENTED_EDGE('',*,*,#11984,.T.);
#12016 = ORIENTED_EDGE('',*,*,#6624,.T.);
#12017 = ORIENTED_EDGE('',*,*,#12018,.F.);
#12018 = EDGE_CURVE('',#2999,#6616,#12019,.T.);
#12019 = LINE('',#12020,#12021);
#12020 = CARTESIAN_POINT('',(215.557509,-111.38,0.));
#12021 = VECTOR('',#12022,1.);
#12022 = DIRECTION('',(0.,0.,1.));
#12023 = ORIENTED_EDGE('',*,*,#3007,.F.);
#12024 = PLANE('',#12025);
#12025 = AXIS2_PLACEMENT_3D('',#12026,#12027,#12028);
#12026 = CARTESIAN_POINT('',(215.61998,-75.13,0.));
#12027 = DIRECTION('',(0.999998515056,-1.723335371975E-03,0.));
#12028 = DIRECTION('',(-1.723335371975E-03,-0.999998515056,0.));
#12029 = ADVANCED_FACE('',(#12030),#12036,.F.);
#12030 = FACE_BOUND('',#12031,.T.);
#12031 = EDGE_LOOP('',(#12032,#12033,#12034,#12035));
#12032 = ORIENTED_EDGE('',*,*,#12018,.T.);
#12033 = ORIENTED_EDGE('',*,*,#6615,.T.);
#12034 = ORIENTED_EDGE('',*,*,#11999,.F.);
#12035 = ORIENTED_EDGE('',*,*,#2998,.F.);
#12036 = CYLINDRICAL_SURFACE('',#12037,2.542490822889);
#12037 = AXIS2_PLACEMENT_3D('',#12038,#12039,#12040);
#12038 = CARTESIAN_POINT('',(218.09999982288,-111.3799994209,0.));
#12039 = DIRECTION('',(-0.,-0.,-1.));
#12040 = DIRECTION('',(-1.,-2.277508993113E-07,0.));
#12041 = ADVANCED_FACE('',(#12042),#12053,.F.);
#12042 = FACE_BOUND('',#12043,.T.);
#12043 = EDGE_LOOP('',(#12044,#12045,#12051,#12052));
#12044 = ORIENTED_EDGE('',*,*,#3015,.T.);
#12045 = ORIENTED_EDGE('',*,*,#12046,.T.);
#12046 = EDGE_CURVE('',#3016,#6633,#12047,.T.);
#12047 = LINE('',#12048,#12049);
#12048 = CARTESIAN_POINT('',(258.674824,-96.62,-4.6E-02));
#12049 = VECTOR('',#12050,1.);
#12050 = DIRECTION('',(0.,0.,1.));
#12051 = ORIENTED_EDGE('',*,*,#6632,.F.);
#12052 = ORIENTED_EDGE('',*,*,#12046,.F.);
#12053 = CYLINDRICAL_SURFACE('',#12054,1.5);
#12054 = AXIS2_PLACEMENT_3D('',#12055,#12056,#12057);
#12055 = CARTESIAN_POINT('',(258.674824,-95.12,-4.6E-02));
#12056 = DIRECTION('',(-0.,-0.,-1.));
#12057 = DIRECTION('',(-0.,-1.,0.));
#12058 = ADVANCED_FACE('',(#12059),#12070,.F.);
#12059 = FACE_BOUND('',#12060,.T.);
#12060 = EDGE_LOOP('',(#12061,#12062,#12068,#12069));
#12061 = ORIENTED_EDGE('',*,*,#3026,.T.);
#12062 = ORIENTED_EDGE('',*,*,#12063,.T.);
#12063 = EDGE_CURVE('',#3027,#6644,#12064,.T.);
#12064 = LINE('',#12065,#12066);
#12065 = CARTESIAN_POINT('',(265.024824,-94.08,-4.6E-02));
#12066 = VECTOR('',#12067,1.);
#12067 = DIRECTION('',(0.,0.,1.));
#12068 = ORIENTED_EDGE('',*,*,#6643,.F.);
#12069 = ORIENTED_EDGE('',*,*,#12063,.F.);
#12070 = CYLINDRICAL_SURFACE('',#12071,1.5);
#12071 = AXIS2_PLACEMENT_3D('',#12072,#12073,#12074);
#12072 = CARTESIAN_POINT('',(265.024824,-92.58,-4.6E-02));
#12073 = DIRECTION('',(-0.,-0.,-1.));
#12074 = DIRECTION('',(-0.,-1.,0.));
#12075 = ADVANCED_FACE('',(#12076),#12087,.F.);
#12076 = FACE_BOUND('',#12077,.T.);
#12077 = EDGE_LOOP('',(#12078,#12079,#12085,#12086));
#12078 = ORIENTED_EDGE('',*,*,#3037,.T.);
#12079 = ORIENTED_EDGE('',*,*,#12080,.T.);
#12080 = EDGE_CURVE('',#3038,#6655,#12081,.T.);
#12081 = LINE('',#12082,#12083);
#12082 = CARTESIAN_POINT('',(282.874824,-90.525,-4.6E-02));
#12083 = VECTOR('',#12084,1.);
#12084 = DIRECTION('',(0.,0.,1.));
#12085 = ORIENTED_EDGE('',*,*,#6654,.F.);
#12086 = ORIENTED_EDGE('',*,*,#12080,.F.);
#12087 = CYLINDRICAL_SURFACE('',#12088,0.875);
#12088 = AXIS2_PLACEMENT_3D('',#12089,#12090,#12091);
#12089 = CARTESIAN_POINT('',(282.874824,-89.65,-4.6E-02));
#12090 = DIRECTION('',(-0.,-0.,-1.));
#12091 = DIRECTION('',(-0.,-1.,0.));
#12092 = ADVANCED_FACE('',(#12093),#12104,.F.);
#12093 = FACE_BOUND('',#12094,.T.);
#12094 = EDGE_LOOP('',(#12095,#12096,#12102,#12103));
#12095 = ORIENTED_EDGE('',*,*,#3048,.T.);
#12096 = ORIENTED_EDGE('',*,*,#12097,.T.);
#12097 = EDGE_CURVE('',#3049,#6666,#12098,.T.);
#12098 = LINE('',#12099,#12100);
#12099 = CARTESIAN_POINT('',(287.954824,-91.6439,-4.6E-02));
#12100 = VECTOR('',#12101,1.);
#12101 = DIRECTION('',(0.,0.,1.));
#12102 = ORIENTED_EDGE('',*,*,#6665,.F.);
#12103 = ORIENTED_EDGE('',*,*,#12097,.F.);
#12104 = CYLINDRICAL_SURFACE('',#12105,1.9939);
#12105 = AXIS2_PLACEMENT_3D('',#12106,#12107,#12108);
#12106 = CARTESIAN_POINT('',(287.954824,-89.65,-4.6E-02));
#12107 = DIRECTION('',(-0.,-0.,-1.));
#12108 = DIRECTION('',(-2.850866084598E-14,-1.,0.));
#12109 = ADVANCED_FACE('',(#12110),#12121,.F.);
#12110 = FACE_BOUND('',#12111,.T.);
#12111 = EDGE_LOOP('',(#12112,#12113,#12119,#12120));
#12112 = ORIENTED_EDGE('',*,*,#3059,.T.);
#12113 = ORIENTED_EDGE('',*,*,#12114,.T.);
#12114 = EDGE_CURVE('',#3060,#6677,#12115,.T.);
#12115 = LINE('',#12116,#12117);
#12116 = CARTESIAN_POINT('',(293.034824,-90.525,-4.6E-02));
#12117 = VECTOR('',#12118,1.);
#12118 = DIRECTION('',(0.,0.,1.));
#12119 = ORIENTED_EDGE('',*,*,#6676,.F.);
#12120 = ORIENTED_EDGE('',*,*,#12114,.F.);
#12121 = CYLINDRICAL_SURFACE('',#12122,0.875);
#12122 = AXIS2_PLACEMENT_3D('',#12123,#12124,#12125);
#12123 = CARTESIAN_POINT('',(293.034824,-89.65,-4.6E-02));
#12124 = DIRECTION('',(-0.,-0.,-1.));
#12125 = DIRECTION('',(-0.,-1.,0.));
#12126 = ADVANCED_FACE('',(#12127),#12138,.F.);
#12127 = FACE_BOUND('',#12128,.T.);
#12128 = EDGE_LOOP('',(#12129,#12130,#12136,#12137));
#12129 = ORIENTED_EDGE('',*,*,#3070,.T.);
#12130 = ORIENTED_EDGE('',*,*,#12131,.T.);
#12131 = EDGE_CURVE('',#3071,#6688,#12132,.T.);
#12132 = LINE('',#12133,#12134);
#12133 = CARTESIAN_POINT('',(284.144824,-88.61,-4.6E-02));
#12134 = VECTOR('',#12135,1.);
#12135 = DIRECTION('',(0.,0.,1.));
#12136 = ORIENTED_EDGE('',*,*,#6687,.F.);
#12137 = ORIENTED_EDGE('',*,*,#12131,.F.);
#12138 = CYLINDRICAL_SURFACE('',#12139,1.5);
#12139 = AXIS2_PLACEMENT_3D('',#12140,#12141,#12142);
#12140 = CARTESIAN_POINT('',(284.144824,-87.11,-4.6E-02));
#12141 = DIRECTION('',(-0.,-0.,-1.));
#12142 = DIRECTION('',(-0.,-1.,0.));
#12143 = ADVANCED_FACE('',(#12144),#12155,.F.);
#12144 = FACE_BOUND('',#12145,.T.);
#12145 = EDGE_LOOP('',(#12146,#12147,#12153,#12154));
#12146 = ORIENTED_EDGE('',*,*,#3081,.T.);
#12147 = ORIENTED_EDGE('',*,*,#12148,.T.);
#12148 = EDGE_CURVE('',#3082,#6699,#12149,.T.);
#12149 = LINE('',#12150,#12151);
#12150 = CARTESIAN_POINT('',(290.494824,-86.07,-4.6E-02));
#12151 = VECTOR('',#12152,1.);
#12152 = DIRECTION('',(0.,0.,1.));
#12153 = ORIENTED_EDGE('',*,*,#6698,.F.);
#12154 = ORIENTED_EDGE('',*,*,#12148,.F.);
#12155 = CYLINDRICAL_SURFACE('',#12156,1.5);
#12156 = AXIS2_PLACEMENT_3D('',#12157,#12158,#12159);
#12157 = CARTESIAN_POINT('',(290.494824,-84.57,-4.6E-02));
#12158 = DIRECTION('',(-0.,-0.,-1.));
#12159 = DIRECTION('',(-0.,-1.,0.));
#12160 = ADVANCED_FACE('',(#12161),#12172,.F.);
#12161 = FACE_BOUND('',#12162,.T.);
#12162 = EDGE_LOOP('',(#12163,#12164,#12170,#12171));
#12163 = ORIENTED_EDGE('',*,*,#3092,.T.);
#12164 = ORIENTED_EDGE('',*,*,#12165,.T.);
#12165 = EDGE_CURVE('',#3093,#6710,#12166,.T.);
#12166 = LINE('',#12167,#12168);
#12167 = CARTESIAN_POINT('',(308.14,-109.055,-4.6E-02));
#12168 = VECTOR('',#12169,1.);
#12169 = DIRECTION('',(0.,0.,1.));
#12170 = ORIENTED_EDGE('',*,*,#6709,.F.);
#12171 = ORIENTED_EDGE('',*,*,#12165,.F.);
#12172 = CYLINDRICAL_SURFACE('',#12173,0.875);
#12173 = AXIS2_PLACEMENT_3D('',#12174,#12175,#12176);
#12174 = CARTESIAN_POINT('',(308.14,-108.18,-4.6E-02));
#12175 = DIRECTION('',(-0.,-0.,-1.));
#12176 = DIRECTION('',(-0.,-1.,0.));
#12177 = ADVANCED_FACE('',(#12178),#12189,.F.);
#12178 = FACE_BOUND('',#12179,.T.);
#12179 = EDGE_LOOP('',(#12180,#12181,#12187,#12188));
#12180 = ORIENTED_EDGE('',*,*,#3103,.T.);
#12181 = ORIENTED_EDGE('',*,*,#12182,.T.);
#12182 = EDGE_CURVE('',#3104,#6721,#12183,.T.);
#12183 = LINE('',#12184,#12185);
#12184 = CARTESIAN_POINT('',(313.22,-110.1739,-4.6E-02));
#12185 = VECTOR('',#12186,1.);
#12186 = DIRECTION('',(0.,0.,1.));
#12187 = ORIENTED_EDGE('',*,*,#6720,.F.);
#12188 = ORIENTED_EDGE('',*,*,#12182,.F.);
#12189 = CYLINDRICAL_SURFACE('',#12190,1.9939);
#12190 = AXIS2_PLACEMENT_3D('',#12191,#12192,#12193);
#12191 = CARTESIAN_POINT('',(313.22,-108.18,-4.6E-02));
#12192 = DIRECTION('',(-0.,-0.,-1.));
#12193 = DIRECTION('',(-0.,-1.,0.));
#12194 = ADVANCED_FACE('',(#12195),#12206,.F.);
#12195 = FACE_BOUND('',#12196,.T.);
#12196 = EDGE_LOOP('',(#12197,#12198,#12204,#12205));
#12197 = ORIENTED_EDGE('',*,*,#3114,.T.);
#12198 = ORIENTED_EDGE('',*,*,#12199,.T.);
#12199 = EDGE_CURVE('',#3115,#6732,#12200,.T.);
#12200 = LINE('',#12201,#12202);
#12201 = CARTESIAN_POINT('',(318.3,-109.055,-4.6E-02));
#12202 = VECTOR('',#12203,1.);
#12203 = DIRECTION('',(0.,0.,1.));
#12204 = ORIENTED_EDGE('',*,*,#6731,.F.);
#12205 = ORIENTED_EDGE('',*,*,#12199,.F.);
#12206 = CYLINDRICAL_SURFACE('',#12207,0.875);
#12207 = AXIS2_PLACEMENT_3D('',#12208,#12209,#12210);
#12208 = CARTESIAN_POINT('',(318.3,-108.18,-4.6E-02));
#12209 = DIRECTION('',(-0.,-0.,-1.));
#12210 = DIRECTION('',(-0.,-1.,0.));
#12211 = ADVANCED_FACE('',(#12212),#12223,.F.);
#12212 = FACE_BOUND('',#12213,.T.);
#12213 = EDGE_LOOP('',(#12214,#12215,#12221,#12222));
#12214 = ORIENTED_EDGE('',*,*,#3125,.T.);
#12215 = ORIENTED_EDGE('',*,*,#12216,.T.);
#12216 = EDGE_CURVE('',#3126,#6743,#12217,.T.);
#12217 = LINE('',#12218,#12219);
#12218 = CARTESIAN_POINT('',(309.41,-107.14,-4.6E-02));
#12219 = VECTOR('',#12220,1.);
#12220 = DIRECTION('',(0.,0.,1.));
#12221 = ORIENTED_EDGE('',*,*,#6742,.F.);
#12222 = ORIENTED_EDGE('',*,*,#12216,.F.);
#12223 = CYLINDRICAL_SURFACE('',#12224,1.5);
#12224 = AXIS2_PLACEMENT_3D('',#12225,#12226,#12227);
#12225 = CARTESIAN_POINT('',(309.41,-105.64,-4.6E-02));
#12226 = DIRECTION('',(-0.,-0.,-1.));
#12227 = DIRECTION('',(-0.,-1.,0.));
#12228 = ADVANCED_FACE('',(#12229),#12240,.F.);
#12229 = FACE_BOUND('',#12230,.T.);
#12230 = EDGE_LOOP('',(#12231,#12232,#12238,#12239));
#12231 = ORIENTED_EDGE('',*,*,#3136,.T.);
#12232 = ORIENTED_EDGE('',*,*,#12233,.T.);
#12233 = EDGE_CURVE('',#3137,#6754,#12234,.T.);
#12234 = LINE('',#12235,#12236);
#12235 = CARTESIAN_POINT('',(341.134824,-111.62,-4.6E-02));
#12236 = VECTOR('',#12237,1.);
#12237 = DIRECTION('',(0.,0.,1.));
#12238 = ORIENTED_EDGE('',*,*,#6753,.F.);
#12239 = ORIENTED_EDGE('',*,*,#12233,.F.);
#12240 = CYLINDRICAL_SURFACE('',#12241,1.5);
#12241 = AXIS2_PLACEMENT_3D('',#12242,#12243,#12244);
#12242 = CARTESIAN_POINT('',(341.134824,-110.12,-4.6E-02));
#12243 = DIRECTION('',(-0.,-0.,-1.));
#12244 = DIRECTION('',(-0.,-1.,0.));
#12245 = ADVANCED_FACE('',(#12246),#12257,.F.);
#12246 = FACE_BOUND('',#12247,.T.);
#12247 = EDGE_LOOP('',(#12248,#12249,#12255,#12256));
#12248 = ORIENTED_EDGE('',*,*,#3147,.T.);
#12249 = ORIENTED_EDGE('',*,*,#12250,.T.);
#12250 = EDGE_CURVE('',#3148,#6765,#12251,.T.);
#12251 = LINE('',#12252,#12253);
#12252 = CARTESIAN_POINT('',(315.76,-104.6,-4.6E-02));
#12253 = VECTOR('',#12254,1.);
#12254 = DIRECTION('',(0.,0.,1.));
#12255 = ORIENTED_EDGE('',*,*,#6764,.F.);
#12256 = ORIENTED_EDGE('',*,*,#12250,.F.);
#12257 = CYLINDRICAL_SURFACE('',#12258,1.5);
#12258 = AXIS2_PLACEMENT_3D('',#12259,#12260,#12261);
#12259 = CARTESIAN_POINT('',(315.76,-103.1,-4.6E-02));
#12260 = DIRECTION('',(-0.,-0.,-1.));
#12261 = DIRECTION('',(-0.,-1.,0.));
#12262 = ADVANCED_FACE('',(#12263),#12274,.F.);
#12263 = FACE_BOUND('',#12264,.T.);
#12264 = EDGE_LOOP('',(#12265,#12266,#12272,#12273));
#12265 = ORIENTED_EDGE('',*,*,#3158,.T.);
#12266 = ORIENTED_EDGE('',*,*,#12267,.T.);
#12267 = EDGE_CURVE('',#3159,#6776,#12268,.T.);
#12268 = LINE('',#12269,#12270);
#12269 = CARTESIAN_POINT('',(359.04,-102.945,-4.6E-02));
#12270 = VECTOR('',#12271,1.);
#12271 = DIRECTION('',(0.,0.,1.));
#12272 = ORIENTED_EDGE('',*,*,#6775,.F.);
#12273 = ORIENTED_EDGE('',*,*,#12267,.F.);
#12274 = CYLINDRICAL_SURFACE('',#12275,0.875);
#12275 = AXIS2_PLACEMENT_3D('',#12276,#12277,#12278);
#12276 = CARTESIAN_POINT('',(359.04,-102.07,-4.6E-02));
#12277 = DIRECTION('',(-0.,-0.,-1.));
#12278 = DIRECTION('',(-0.,-1.,0.));
#12279 = ADVANCED_FACE('',(#12280),#12291,.F.);
#12280 = FACE_BOUND('',#12281,.T.);
#12281 = EDGE_LOOP('',(#12282,#12283,#12289,#12290));
#12282 = ORIENTED_EDGE('',*,*,#3169,.T.);
#12283 = ORIENTED_EDGE('',*,*,#12284,.T.);
#12284 = EDGE_CURVE('',#3170,#6787,#12285,.T.);
#12285 = LINE('',#12286,#12287);
#12286 = CARTESIAN_POINT('',(360.31,-101.03,-4.6E-02));
#12287 = VECTOR('',#12288,1.);
#12288 = DIRECTION('',(0.,0.,1.));
#12289 = ORIENTED_EDGE('',*,*,#6786,.F.);
#12290 = ORIENTED_EDGE('',*,*,#12284,.F.);
#12291 = CYLINDRICAL_SURFACE('',#12292,1.5);
#12292 = AXIS2_PLACEMENT_3D('',#12293,#12294,#12295);
#12293 = CARTESIAN_POINT('',(360.31,-99.53,-4.6E-02));
#12294 = DIRECTION('',(-0.,-0.,-1.));
#12295 = DIRECTION('',(-0.,-1.,0.));
#12296 = ADVANCED_FACE('',(#12297),#12308,.F.);
#12297 = FACE_BOUND('',#12298,.T.);
#12298 = EDGE_LOOP('',(#12299,#12300,#12306,#12307));
#12299 = ORIENTED_EDGE('',*,*,#3180,.T.);
#12300 = ORIENTED_EDGE('',*,*,#12301,.T.);
#12301 = EDGE_CURVE('',#3181,#6798,#12302,.T.);
#12302 = LINE('',#12303,#12304);
#12303 = CARTESIAN_POINT('',(364.12,-104.0639,-4.6E-02));
#12304 = VECTOR('',#12305,1.);
#12305 = DIRECTION('',(0.,0.,1.));
#12306 = ORIENTED_EDGE('',*,*,#6797,.F.);
#12307 = ORIENTED_EDGE('',*,*,#12301,.F.);
#12308 = CYLINDRICAL_SURFACE('',#12309,1.9939);
#12309 = AXIS2_PLACEMENT_3D('',#12310,#12311,#12312);
#12310 = CARTESIAN_POINT('',(364.12,-102.07,-4.6E-02));
#12311 = DIRECTION('',(-0.,-0.,-1.));
#12312 = DIRECTION('',(-0.,-1.,0.));
#12313 = ADVANCED_FACE('',(#12314),#12325,.F.);
#12314 = FACE_BOUND('',#12315,.T.);
#12315 = EDGE_LOOP('',(#12316,#12317,#12323,#12324));
#12316 = ORIENTED_EDGE('',*,*,#3191,.T.);
#12317 = ORIENTED_EDGE('',*,*,#12318,.T.);
#12318 = EDGE_CURVE('',#3192,#6809,#12319,.T.);
#12319 = LINE('',#12320,#12321);
#12320 = CARTESIAN_POINT('',(369.2,-102.945,-4.6E-02));
#12321 = VECTOR('',#12322,1.);
#12322 = DIRECTION('',(0.,0.,1.));
#12323 = ORIENTED_EDGE('',*,*,#6808,.F.);
#12324 = ORIENTED_EDGE('',*,*,#12318,.F.);
#12325 = CYLINDRICAL_SURFACE('',#12326,0.875);
#12326 = AXIS2_PLACEMENT_3D('',#12327,#12328,#12329);
#12327 = CARTESIAN_POINT('',(369.2,-102.07,-4.6E-02));
#12328 = DIRECTION('',(-0.,-0.,-1.));
#12329 = DIRECTION('',(-0.,-1.,0.));
#12330 = ADVANCED_FACE('',(#12331),#12342,.F.);
#12331 = FACE_BOUND('',#12332,.T.);
#12332 = EDGE_LOOP('',(#12333,#12334,#12340,#12341));
#12333 = ORIENTED_EDGE('',*,*,#3202,.T.);
#12334 = ORIENTED_EDGE('',*,*,#12335,.T.);
#12335 = EDGE_CURVE('',#3203,#6820,#12336,.T.);
#12336 = LINE('',#12337,#12338);
#12337 = CARTESIAN_POINT('',(366.66,-98.49,-4.6E-02));
#12338 = VECTOR('',#12339,1.);
#12339 = DIRECTION('',(0.,0.,1.));
#12340 = ORIENTED_EDGE('',*,*,#6819,.F.);
#12341 = ORIENTED_EDGE('',*,*,#12335,.F.);
#12342 = CYLINDRICAL_SURFACE('',#12343,1.5);
#12343 = AXIS2_PLACEMENT_3D('',#12344,#12345,#12346);
#12344 = CARTESIAN_POINT('',(366.66,-96.99,-4.6E-02));
#12345 = DIRECTION('',(-0.,-0.,-1.));
#12346 = DIRECTION('',(-0.,-1.,0.));
#12347 = ADVANCED_FACE('',(#12348),#12359,.F.);
#12348 = FACE_BOUND('',#12349,.T.);
#12349 = EDGE_LOOP('',(#12350,#12351,#12357,#12358));
#12350 = ORIENTED_EDGE('',*,*,#3213,.T.);
#12351 = ORIENTED_EDGE('',*,*,#12352,.T.);
#12352 = EDGE_CURVE('',#3214,#6831,#12353,.T.);
#12353 = LINE('',#12354,#12355);
#12354 = CARTESIAN_POINT('',(333.514824,-90.495,-4.6E-02));
#12355 = VECTOR('',#12356,1.);
#12356 = DIRECTION('',(0.,0.,1.));
#12357 = ORIENTED_EDGE('',*,*,#6830,.F.);
#12358 = ORIENTED_EDGE('',*,*,#12352,.F.);
#12359 = CYLINDRICAL_SURFACE('',#12360,0.875);
#12360 = AXIS2_PLACEMENT_3D('',#12361,#12362,#12363);
#12361 = CARTESIAN_POINT('',(333.514824,-89.62,-4.6E-02));
#12362 = DIRECTION('',(-0.,-0.,-1.));
#12363 = DIRECTION('',(-0.,-1.,0.));
#12364 = ADVANCED_FACE('',(#12365),#12376,.F.);
#12365 = FACE_BOUND('',#12366,.T.);
#12366 = EDGE_LOOP('',(#12367,#12368,#12374,#12375));
#12367 = ORIENTED_EDGE('',*,*,#3224,.T.);
#12368 = ORIENTED_EDGE('',*,*,#12369,.T.);
#12369 = EDGE_CURVE('',#3225,#6842,#12370,.T.);
#12370 = LINE('',#12371,#12372);
#12371 = CARTESIAN_POINT('',(338.594824,-91.6139,-4.6E-02));
#12372 = VECTOR('',#12373,1.);
#12373 = DIRECTION('',(0.,0.,1.));
#12374 = ORIENTED_EDGE('',*,*,#6841,.F.);
#12375 = ORIENTED_EDGE('',*,*,#12369,.F.);
#12376 = CYLINDRICAL_SURFACE('',#12377,1.9939);
#12377 = AXIS2_PLACEMENT_3D('',#12378,#12379,#12380);
#12378 = CARTESIAN_POINT('',(338.594824,-89.62,-4.6E-02));
#12379 = DIRECTION('',(-0.,-0.,-1.));
#12380 = DIRECTION('',(-0.,-1.,0.));
#12381 = ADVANCED_FACE('',(#12382),#12393,.F.);
#12382 = FACE_BOUND('',#12383,.T.);
#12383 = EDGE_LOOP('',(#12384,#12385,#12391,#12392));
#12384 = ORIENTED_EDGE('',*,*,#3235,.T.);
#12385 = ORIENTED_EDGE('',*,*,#12386,.T.);
#12386 = EDGE_CURVE('',#3236,#6853,#12387,.T.);
#12387 = LINE('',#12388,#12389);
#12388 = CARTESIAN_POINT('',(308.324824,-83.785,-4.6E-02));
#12389 = VECTOR('',#12390,1.);
#12390 = DIRECTION('',(0.,0.,1.));
#12391 = ORIENTED_EDGE('',*,*,#6852,.F.);
#12392 = ORIENTED_EDGE('',*,*,#12386,.F.);
#12393 = CYLINDRICAL_SURFACE('',#12394,0.875);
#12394 = AXIS2_PLACEMENT_3D('',#12395,#12396,#12397);
#12395 = CARTESIAN_POINT('',(308.324824,-82.91,-4.6E-02));
#12396 = DIRECTION('',(-0.,-0.,-1.));
#12397 = DIRECTION('',(-0.,-1.,0.));
#12398 = ADVANCED_FACE('',(#12399),#12410,.F.);
#12399 = FACE_BOUND('',#12400,.T.);
#12400 = EDGE_LOOP('',(#12401,#12402,#12408,#12409));
#12401 = ORIENTED_EDGE('',*,*,#3246,.T.);
#12402 = ORIENTED_EDGE('',*,*,#12403,.T.);
#12403 = EDGE_CURVE('',#3247,#6864,#12404,.T.);
#12404 = LINE('',#12405,#12406);
#12405 = CARTESIAN_POINT('',(313.404824,-84.9039,-4.6E-02));
#12406 = VECTOR('',#12407,1.);
#12407 = DIRECTION('',(0.,0.,1.));
#12408 = ORIENTED_EDGE('',*,*,#6863,.F.);
#12409 = ORIENTED_EDGE('',*,*,#12403,.F.);
#12410 = CYLINDRICAL_SURFACE('',#12411,1.9939);
#12411 = AXIS2_PLACEMENT_3D('',#12412,#12413,#12414);
#12412 = CARTESIAN_POINT('',(313.404824,-82.91,-4.6E-02));
#12413 = DIRECTION('',(-0.,-0.,-1.));
#12414 = DIRECTION('',(-0.,-1.,0.));
#12415 = ADVANCED_FACE('',(#12416),#12427,.F.);
#12416 = FACE_BOUND('',#12417,.T.);
#12417 = EDGE_LOOP('',(#12418,#12419,#12425,#12426));
#12418 = ORIENTED_EDGE('',*,*,#3257,.T.);
#12419 = ORIENTED_EDGE('',*,*,#12420,.T.);
#12420 = EDGE_CURVE('',#3258,#6875,#12421,.T.);
#12421 = LINE('',#12422,#12423);
#12422 = CARTESIAN_POINT('',(318.484824,-83.785,-4.6E-02));
#12423 = VECTOR('',#12424,1.);
#12424 = DIRECTION('',(0.,0.,1.));
#12425 = ORIENTED_EDGE('',*,*,#6874,.F.);
#12426 = ORIENTED_EDGE('',*,*,#12420,.F.);
#12427 = CYLINDRICAL_SURFACE('',#12428,0.875);
#12428 = AXIS2_PLACEMENT_3D('',#12429,#12430,#12431);
#12429 = CARTESIAN_POINT('',(318.484824,-82.91,-4.6E-02));
#12430 = DIRECTION('',(-0.,-0.,-1.));
#12431 = DIRECTION('',(-0.,-1.,0.));
#12432 = ADVANCED_FACE('',(#12433),#12444,.F.);
#12433 = FACE_BOUND('',#12434,.T.);
#12434 = EDGE_LOOP('',(#12435,#12436,#12442,#12443));
#12435 = ORIENTED_EDGE('',*,*,#3268,.T.);
#12436 = ORIENTED_EDGE('',*,*,#12437,.T.);
#12437 = EDGE_CURVE('',#3269,#6886,#12438,.T.);
#12438 = LINE('',#12439,#12440);
#12439 = CARTESIAN_POINT('',(334.784824,-88.58,-4.6E-02));
#12440 = VECTOR('',#12441,1.);
#12441 = DIRECTION('',(0.,0.,1.));
#12442 = ORIENTED_EDGE('',*,*,#6885,.F.);
#12443 = ORIENTED_EDGE('',*,*,#12437,.F.);
#12444 = CYLINDRICAL_SURFACE('',#12445,1.5);
#12445 = AXIS2_PLACEMENT_3D('',#12446,#12447,#12448);
#12446 = CARTESIAN_POINT('',(334.784824,-87.08,-4.6E-02));
#12447 = DIRECTION('',(-0.,-0.,-1.));
#12448 = DIRECTION('',(-0.,-1.,0.));
#12449 = ADVANCED_FACE('',(#12450),#12461,.F.);
#12450 = FACE_BOUND('',#12451,.T.);
#12451 = EDGE_LOOP('',(#12452,#12453,#12459,#12460));
#12452 = ORIENTED_EDGE('',*,*,#3279,.T.);
#12453 = ORIENTED_EDGE('',*,*,#12454,.T.);
#12454 = EDGE_CURVE('',#3280,#6897,#12455,.T.);
#12455 = LINE('',#12456,#12457);
#12456 = CARTESIAN_POINT('',(341.134824,-86.04,-4.6E-02));
#12457 = VECTOR('',#12458,1.);
#12458 = DIRECTION('',(0.,0.,1.));
#12459 = ORIENTED_EDGE('',*,*,#6896,.F.);
#12460 = ORIENTED_EDGE('',*,*,#12454,.F.);
#12461 = CYLINDRICAL_SURFACE('',#12462,1.5);
#12462 = AXIS2_PLACEMENT_3D('',#12463,#12464,#12465);
#12463 = CARTESIAN_POINT('',(341.134824,-84.54,-4.6E-02));
#12464 = DIRECTION('',(-0.,-0.,-1.));
#12465 = DIRECTION('',(-0.,-1.,0.));
#12466 = ADVANCED_FACE('',(#12467),#12478,.F.);
#12467 = FACE_BOUND('',#12468,.T.);
#12468 = EDGE_LOOP('',(#12469,#12470,#12476,#12477));
#12469 = ORIENTED_EDGE('',*,*,#3290,.T.);
#12470 = ORIENTED_EDGE('',*,*,#12471,.T.);
#12471 = EDGE_CURVE('',#3291,#6908,#12472,.T.);
#12472 = LINE('',#12473,#12474);
#12473 = CARTESIAN_POINT('',(343.674824,-90.495,-4.6E-02));
#12474 = VECTOR('',#12475,1.);
#12475 = DIRECTION('',(0.,0.,1.));
#12476 = ORIENTED_EDGE('',*,*,#6907,.F.);
#12477 = ORIENTED_EDGE('',*,*,#12471,.F.);
#12478 = CYLINDRICAL_SURFACE('',#12479,0.875);
#12479 = AXIS2_PLACEMENT_3D('',#12480,#12481,#12482);
#12480 = CARTESIAN_POINT('',(343.674824,-89.62,-4.6E-02));
#12481 = DIRECTION('',(-0.,-0.,-1.));
#12482 = DIRECTION('',(-0.,-1.,0.));
#12483 = ADVANCED_FACE('',(#12484),#12495,.F.);
#12484 = FACE_BOUND('',#12485,.T.);
#12485 = EDGE_LOOP('',(#12486,#12487,#12493,#12494));
#12486 = ORIENTED_EDGE('',*,*,#3301,.T.);
#12487 = ORIENTED_EDGE('',*,*,#12488,.T.);
#12488 = EDGE_CURVE('',#3302,#6919,#12489,.T.);
#12489 = LINE('',#12490,#12491);
#12490 = CARTESIAN_POINT('',(220.65,-74.13,-4.6E-02));
#12491 = VECTOR('',#12492,1.);
#12492 = DIRECTION('',(0.,0.,1.));
#12493 = ORIENTED_EDGE('',*,*,#6918,.F.);
#12494 = ORIENTED_EDGE('',*,*,#12488,.F.);
#12495 = CYLINDRICAL_SURFACE('',#12496,0.25);
#12496 = AXIS2_PLACEMENT_3D('',#12497,#12498,#12499);
#12497 = CARTESIAN_POINT('',(220.65,-73.88,-4.6E-02));
#12498 = DIRECTION('',(-0.,-0.,-1.));
#12499 = DIRECTION('',(-0.,-1.,0.));
#12500 = ADVANCED_FACE('',(#12501),#12512,.F.);
#12501 = FACE_BOUND('',#12502,.T.);
#12502 = EDGE_LOOP('',(#12503,#12504,#12510,#12511));
#12503 = ORIENTED_EDGE('',*,*,#3312,.T.);
#12504 = ORIENTED_EDGE('',*,*,#12505,.T.);
#12505 = EDGE_CURVE('',#3313,#6930,#12506,.T.);
#12506 = LINE('',#12507,#12508);
#12507 = CARTESIAN_POINT('',(241.655,-77.4231,-4.6E-02));
#12508 = VECTOR('',#12509,1.);
#12509 = DIRECTION('',(0.,0.,1.));
#12510 = ORIENTED_EDGE('',*,*,#6929,.F.);
#12511 = ORIENTED_EDGE('',*,*,#12505,.F.);
#12512 = CYLINDRICAL_SURFACE('',#12513,1.25);
#12513 = AXIS2_PLACEMENT_3D('',#12514,#12515,#12516);
#12514 = CARTESIAN_POINT('',(241.655,-76.1731,-4.6E-02));
#12515 = DIRECTION('',(-0.,-0.,-1.));
#12516 = DIRECTION('',(-0.,-1.,0.));
#12517 = ADVANCED_FACE('',(#12518),#12529,.F.);
#12518 = FACE_BOUND('',#12519,.T.);
#12519 = EDGE_LOOP('',(#12520,#12521,#12527,#12528));
#12520 = ORIENTED_EDGE('',*,*,#3323,.T.);
#12521 = ORIENTED_EDGE('',*,*,#12522,.T.);
#12522 = EDGE_CURVE('',#3324,#6941,#12523,.T.);
#12523 = LINE('',#12524,#12525);
#12524 = CARTESIAN_POINT('',(220.65,-73.38,-4.6E-02));
#12525 = VECTOR('',#12526,1.);
#12526 = DIRECTION('',(0.,0.,1.));
#12527 = ORIENTED_EDGE('',*,*,#6940,.F.);
#12528 = ORIENTED_EDGE('',*,*,#12522,.F.);
#12529 = CYLINDRICAL_SURFACE('',#12530,0.25);
#12530 = AXIS2_PLACEMENT_3D('',#12531,#12532,#12533);
#12531 = CARTESIAN_POINT('',(220.65,-73.13,-4.6E-02));
#12532 = DIRECTION('',(-0.,-0.,-1.));
#12533 = DIRECTION('',(-0.,-1.,0.));
#12534 = ADVANCED_FACE('',(#12535),#12546,.F.);
#12535 = FACE_BOUND('',#12536,.T.);
#12536 = EDGE_LOOP('',(#12537,#12538,#12544,#12545));
#12537 = ORIENTED_EDGE('',*,*,#3334,.T.);
#12538 = ORIENTED_EDGE('',*,*,#12539,.T.);
#12539 = EDGE_CURVE('',#3335,#6952,#12540,.T.);
#12540 = LINE('',#12541,#12542);
#12541 = CARTESIAN_POINT('',(220.65,-72.63,-4.6E-02));
#12542 = VECTOR('',#12543,1.);
#12543 = DIRECTION('',(0.,0.,1.));
#12544 = ORIENTED_EDGE('',*,*,#6951,.F.);
#12545 = ORIENTED_EDGE('',*,*,#12539,.F.);
#12546 = CYLINDRICAL_SURFACE('',#12547,0.25);
#12547 = AXIS2_PLACEMENT_3D('',#12548,#12549,#12550);
#12548 = CARTESIAN_POINT('',(220.65,-72.38,-4.6E-02));
#12549 = DIRECTION('',(-0.,-0.,-1.));
#12550 = DIRECTION('',(-0.,-1.,0.));
#12551 = ADVANCED_FACE('',(#12552),#12563,.F.);
#12552 = FACE_BOUND('',#12553,.T.);
#12553 = EDGE_LOOP('',(#12554,#12555,#12561,#12562));
#12554 = ORIENTED_EDGE('',*,*,#3345,.T.);
#12555 = ORIENTED_EDGE('',*,*,#12556,.T.);
#12556 = EDGE_CURVE('',#3346,#6963,#12557,.T.);
#12557 = LINE('',#12558,#12559);
#12558 = CARTESIAN_POINT('',(220.65,-71.88,-4.6E-02));
#12559 = VECTOR('',#12560,1.);
#12560 = DIRECTION('',(0.,0.,1.));
#12561 = ORIENTED_EDGE('',*,*,#6962,.F.);
#12562 = ORIENTED_EDGE('',*,*,#12556,.F.);
#12563 = CYLINDRICAL_SURFACE('',#12564,0.25);
#12564 = AXIS2_PLACEMENT_3D('',#12565,#12566,#12567);
#12565 = CARTESIAN_POINT('',(220.65,-71.63,-4.6E-02));
#12566 = DIRECTION('',(-0.,-0.,-1.));
#12567 = DIRECTION('',(-0.,-1.,0.));
#12568 = ADVANCED_FACE('',(#12569),#12580,.F.);
#12569 = FACE_BOUND('',#12570,.T.);
#12570 = EDGE_LOOP('',(#12571,#12572,#12578,#12579));
#12571 = ORIENTED_EDGE('',*,*,#3356,.T.);
#12572 = ORIENTED_EDGE('',*,*,#12573,.T.);
#12573 = EDGE_CURVE('',#3357,#6974,#12574,.T.);
#12574 = LINE('',#12575,#12576);
#12575 = CARTESIAN_POINT('',(220.65,-71.13,-4.6E-02));
#12576 = VECTOR('',#12577,1.);
#12577 = DIRECTION('',(0.,0.,1.));
#12578 = ORIENTED_EDGE('',*,*,#6973,.F.);
#12579 = ORIENTED_EDGE('',*,*,#12573,.F.);
#12580 = CYLINDRICAL_SURFACE('',#12581,0.25);
#12581 = AXIS2_PLACEMENT_3D('',#12582,#12583,#12584);
#12582 = CARTESIAN_POINT('',(220.65,-70.88,-4.6E-02));
#12583 = DIRECTION('',(-0.,-0.,-1.));
#12584 = DIRECTION('',(-0.,-1.,0.));
#12585 = ADVANCED_FACE('',(#12586),#12597,.F.);
#12586 = FACE_BOUND('',#12587,.T.);
#12587 = EDGE_LOOP('',(#12588,#12589,#12595,#12596));
#12588 = ORIENTED_EDGE('',*,*,#3367,.T.);
#12589 = ORIENTED_EDGE('',*,*,#12590,.T.);
#12590 = EDGE_CURVE('',#3368,#6985,#12591,.T.);
#12591 = LINE('',#12592,#12593);
#12592 = CARTESIAN_POINT('',(220.65,-70.38,-4.6E-02));
#12593 = VECTOR('',#12594,1.);
#12594 = DIRECTION('',(0.,0.,1.));
#12595 = ORIENTED_EDGE('',*,*,#6984,.F.);
#12596 = ORIENTED_EDGE('',*,*,#12590,.F.);
#12597 = CYLINDRICAL_SURFACE('',#12598,0.25);
#12598 = AXIS2_PLACEMENT_3D('',#12599,#12600,#12601);
#12599 = CARTESIAN_POINT('',(220.65,-70.13,-4.6E-02));
#12600 = DIRECTION('',(-0.,-0.,-1.));
#12601 = DIRECTION('',(-0.,-1.,0.));
#12602 = ADVANCED_FACE('',(#12603),#12614,.F.);
#12603 = FACE_BOUND('',#12604,.T.);
#12604 = EDGE_LOOP('',(#12605,#12606,#12612,#12613));
#12605 = ORIENTED_EDGE('',*,*,#3378,.T.);
#12606 = ORIENTED_EDGE('',*,*,#12607,.T.);
#12607 = EDGE_CURVE('',#3379,#6996,#12608,.T.);
#12608 = LINE('',#12609,#12610);
#12609 = CARTESIAN_POINT('',(220.65,-69.63,-4.6E-02));
#12610 = VECTOR('',#12611,1.);
#12611 = DIRECTION('',(0.,0.,1.));
#12612 = ORIENTED_EDGE('',*,*,#6995,.F.);
#12613 = ORIENTED_EDGE('',*,*,#12607,.F.);
#12614 = CYLINDRICAL_SURFACE('',#12615,0.25);
#12615 = AXIS2_PLACEMENT_3D('',#12616,#12617,#12618);
#12616 = CARTESIAN_POINT('',(220.65,-69.38,-4.6E-02));
#12617 = DIRECTION('',(-0.,-0.,-1.));
#12618 = DIRECTION('',(-0.,-1.,0.));
#12619 = ADVANCED_FACE('',(#12620),#12631,.F.);
#12620 = FACE_BOUND('',#12621,.T.);
#12621 = EDGE_LOOP('',(#12622,#12623,#12629,#12630));
#12622 = ORIENTED_EDGE('',*,*,#3389,.T.);
#12623 = ORIENTED_EDGE('',*,*,#12624,.T.);
#12624 = EDGE_CURVE('',#3390,#7007,#12625,.T.);
#12625 = LINE('',#12626,#12627);
#12626 = CARTESIAN_POINT('',(220.65,-68.88,-4.6E-02));
#12627 = VECTOR('',#12628,1.);
#12628 = DIRECTION('',(0.,0.,1.));
#12629 = ORIENTED_EDGE('',*,*,#7006,.F.);
#12630 = ORIENTED_EDGE('',*,*,#12624,.F.);
#12631 = CYLINDRICAL_SURFACE('',#12632,0.25);
#12632 = AXIS2_PLACEMENT_3D('',#12633,#12634,#12635);
#12633 = CARTESIAN_POINT('',(220.65,-68.63,-4.6E-02));
#12634 = DIRECTION('',(-0.,-0.,-1.));
#12635 = DIRECTION('',(-0.,-1.,0.));
#12636 = ADVANCED_FACE('',(#12637),#12648,.F.);
#12637 = FACE_BOUND('',#12638,.T.);
#12638 = EDGE_LOOP('',(#12639,#12640,#12646,#12647));
#12639 = ORIENTED_EDGE('',*,*,#3400,.T.);
#12640 = ORIENTED_EDGE('',*,*,#12641,.T.);
#12641 = EDGE_CURVE('',#3401,#7018,#12642,.T.);
#12642 = LINE('',#12643,#12644);
#12643 = CARTESIAN_POINT('',(225.406194,-71.386194,-4.6E-02));
#12644 = VECTOR('',#12645,1.);
#12645 = DIRECTION('',(0.,0.,1.));
#12646 = ORIENTED_EDGE('',*,*,#7017,.F.);
#12647 = ORIENTED_EDGE('',*,*,#12641,.F.);
#12648 = CYLINDRICAL_SURFACE('',#12649,1.6);
#12649 = AXIS2_PLACEMENT_3D('',#12650,#12651,#12652);
#12650 = CARTESIAN_POINT('',(225.406194,-69.786194,-4.6E-02));
#12651 = DIRECTION('',(-0.,-0.,-1.));
#12652 = DIRECTION('',(-0.,-1.,0.));
#12653 = ADVANCED_FACE('',(#12654),#12665,.F.);
#12654 = FACE_BOUND('',#12655,.T.);
#12655 = EDGE_LOOP('',(#12656,#12657,#12663,#12664));
#12656 = ORIENTED_EDGE('',*,*,#3411,.T.);
#12657 = ORIENTED_EDGE('',*,*,#12658,.T.);
#12658 = EDGE_CURVE('',#3412,#7029,#12659,.T.);
#12659 = LINE('',#12660,#12661);
#12660 = CARTESIAN_POINT('',(220.65,-68.13,-4.6E-02));
#12661 = VECTOR('',#12662,1.);
#12662 = DIRECTION('',(0.,0.,1.));
#12663 = ORIENTED_EDGE('',*,*,#7028,.F.);
#12664 = ORIENTED_EDGE('',*,*,#12658,.F.);
#12665 = CYLINDRICAL_SURFACE('',#12666,0.25);
#12666 = AXIS2_PLACEMENT_3D('',#12667,#12668,#12669);
#12667 = CARTESIAN_POINT('',(220.65,-67.88,-4.6E-02));
#12668 = DIRECTION('',(-0.,-0.,-1.));
#12669 = DIRECTION('',(-0.,-1.,0.));
#12670 = ADVANCED_FACE('',(#12671),#12682,.F.);
#12671 = FACE_BOUND('',#12672,.T.);
#12672 = EDGE_LOOP('',(#12673,#12674,#12680,#12681));
#12673 = ORIENTED_EDGE('',*,*,#3422,.T.);
#12674 = ORIENTED_EDGE('',*,*,#12675,.T.);
#12675 = EDGE_CURVE('',#3423,#7040,#12676,.T.);
#12676 = LINE('',#12677,#12678);
#12677 = CARTESIAN_POINT('',(220.65,-67.38,-4.6E-02));
#12678 = VECTOR('',#12679,1.);
#12679 = DIRECTION('',(0.,0.,1.));
#12680 = ORIENTED_EDGE('',*,*,#7039,.F.);
#12681 = ORIENTED_EDGE('',*,*,#12675,.F.);
#12682 = CYLINDRICAL_SURFACE('',#12683,0.25);
#12683 = AXIS2_PLACEMENT_3D('',#12684,#12685,#12686);
#12684 = CARTESIAN_POINT('',(220.65,-67.13,-4.6E-02));
#12685 = DIRECTION('',(-0.,-0.,-1.));
#12686 = DIRECTION('',(-0.,-1.,0.));
#12687 = ADVANCED_FACE('',(#12688),#12699,.F.);
#12688 = FACE_BOUND('',#12689,.T.);
#12689 = EDGE_LOOP('',(#12690,#12691,#12697,#12698));
#12690 = ORIENTED_EDGE('',*,*,#3433,.T.);
#12691 = ORIENTED_EDGE('',*,*,#12692,.T.);
#12692 = EDGE_CURVE('',#3434,#7051,#12693,.T.);
#12693 = LINE('',#12694,#12695);
#12694 = CARTESIAN_POINT('',(241.655,-74.0231,-4.6E-02));
#12695 = VECTOR('',#12696,1.);
#12696 = DIRECTION('',(0.,0.,1.));
#12697 = ORIENTED_EDGE('',*,*,#7050,.F.);
#12698 = ORIENTED_EDGE('',*,*,#12692,.F.);
#12699 = CYLINDRICAL_SURFACE('',#12700,1.25);
#12700 = AXIS2_PLACEMENT_3D('',#12701,#12702,#12703);
#12701 = CARTESIAN_POINT('',(241.655,-72.7731,-4.6E-02));
#12702 = DIRECTION('',(-0.,-0.,-1.));
#12703 = DIRECTION('',(-0.,-1.,0.));
#12704 = ADVANCED_FACE('',(#12705),#12716,.F.);
#12705 = FACE_BOUND('',#12706,.T.);
#12706 = EDGE_LOOP('',(#12707,#12708,#12714,#12715));
#12707 = ORIENTED_EDGE('',*,*,#3444,.T.);
#12708 = ORIENTED_EDGE('',*,*,#12709,.T.);
#12709 = EDGE_CURVE('',#3445,#7062,#12710,.T.);
#12710 = LINE('',#12711,#12712);
#12711 = CARTESIAN_POINT('',(257.42,-73.265,-4.6E-02));
#12712 = VECTOR('',#12713,1.);
#12713 = DIRECTION('',(0.,0.,1.));
#12714 = ORIENTED_EDGE('',*,*,#7061,.F.);
#12715 = ORIENTED_EDGE('',*,*,#12709,.F.);
#12716 = CYLINDRICAL_SURFACE('',#12717,0.875);
#12717 = AXIS2_PLACEMENT_3D('',#12718,#12719,#12720);
#12718 = CARTESIAN_POINT('',(257.42,-72.39,-4.6E-02));
#12719 = DIRECTION('',(-0.,-0.,-1.));
#12720 = DIRECTION('',(-0.,-1.,0.));
#12721 = ADVANCED_FACE('',(#12722),#12733,.F.);
#12722 = FACE_BOUND('',#12723,.T.);
#12723 = EDGE_LOOP('',(#12724,#12725,#12731,#12732));
#12724 = ORIENTED_EDGE('',*,*,#3455,.T.);
#12725 = ORIENTED_EDGE('',*,*,#12726,.T.);
#12726 = EDGE_CURVE('',#3456,#7073,#12727,.T.);
#12727 = LINE('',#12728,#12729);
#12728 = CARTESIAN_POINT('',(258.69,-71.35,-4.6E-02));
#12729 = VECTOR('',#12730,1.);
#12730 = DIRECTION('',(0.,0.,1.));
#12731 = ORIENTED_EDGE('',*,*,#7072,.F.);
#12732 = ORIENTED_EDGE('',*,*,#12726,.F.);
#12733 = CYLINDRICAL_SURFACE('',#12734,1.5);
#12734 = AXIS2_PLACEMENT_3D('',#12735,#12736,#12737);
#12735 = CARTESIAN_POINT('',(258.69,-69.85,-4.6E-02));
#12736 = DIRECTION('',(-0.,-0.,-1.));
#12737 = DIRECTION('',(-0.,-1.,0.));
#12738 = ADVANCED_FACE('',(#12739),#12750,.F.);
#12739 = FACE_BOUND('',#12740,.T.);
#12740 = EDGE_LOOP('',(#12741,#12742,#12748,#12749));
#12741 = ORIENTED_EDGE('',*,*,#3466,.T.);
#12742 = ORIENTED_EDGE('',*,*,#12743,.T.);
#12743 = EDGE_CURVE('',#3467,#7084,#12744,.T.);
#12744 = LINE('',#12745,#12746);
#12745 = CARTESIAN_POINT('',(262.5,-74.3839,-4.6E-02));
#12746 = VECTOR('',#12747,1.);
#12747 = DIRECTION('',(0.,0.,1.));
#12748 = ORIENTED_EDGE('',*,*,#7083,.F.);
#12749 = ORIENTED_EDGE('',*,*,#12743,.F.);
#12750 = CYLINDRICAL_SURFACE('',#12751,1.9939);
#12751 = AXIS2_PLACEMENT_3D('',#12752,#12753,#12754);
#12752 = CARTESIAN_POINT('',(262.5,-72.39,-4.6E-02));
#12753 = DIRECTION('',(-0.,-0.,-1.));
#12754 = DIRECTION('',(-0.,-1.,0.));
#12755 = ADVANCED_FACE('',(#12756),#12767,.F.);
#12756 = FACE_BOUND('',#12757,.T.);
#12757 = EDGE_LOOP('',(#12758,#12759,#12765,#12766));
#12758 = ORIENTED_EDGE('',*,*,#3477,.T.);
#12759 = ORIENTED_EDGE('',*,*,#12760,.T.);
#12760 = EDGE_CURVE('',#3478,#7095,#12761,.T.);
#12761 = LINE('',#12762,#12763);
#12762 = CARTESIAN_POINT('',(267.58,-73.265,-4.6E-02));
#12763 = VECTOR('',#12764,1.);
#12764 = DIRECTION('',(0.,0.,1.));
#12765 = ORIENTED_EDGE('',*,*,#7094,.F.);
#12766 = ORIENTED_EDGE('',*,*,#12760,.F.);
#12767 = CYLINDRICAL_SURFACE('',#12768,0.875);
#12768 = AXIS2_PLACEMENT_3D('',#12769,#12770,#12771);
#12769 = CARTESIAN_POINT('',(267.58,-72.39,-4.6E-02));
#12770 = DIRECTION('',(-0.,-0.,-1.));
#12771 = DIRECTION('',(-0.,-1.,0.));
#12772 = ADVANCED_FACE('',(#12773),#12784,.F.);
#12773 = FACE_BOUND('',#12774,.T.);
#12774 = EDGE_LOOP('',(#12775,#12776,#12782,#12783));
#12775 = ORIENTED_EDGE('',*,*,#3488,.T.);
#12776 = ORIENTED_EDGE('',*,*,#12777,.T.);
#12777 = EDGE_CURVE('',#3489,#7106,#12778,.T.);
#12778 = LINE('',#12779,#12780);
#12779 = CARTESIAN_POINT('',(265.04,-68.81,-4.6E-02));
#12780 = VECTOR('',#12781,1.);
#12781 = DIRECTION('',(0.,0.,1.));
#12782 = ORIENTED_EDGE('',*,*,#7105,.F.);
#12783 = ORIENTED_EDGE('',*,*,#12777,.F.);
#12784 = CYLINDRICAL_SURFACE('',#12785,1.5);
#12785 = AXIS2_PLACEMENT_3D('',#12786,#12787,#12788);
#12786 = CARTESIAN_POINT('',(265.04,-67.31,-4.6E-02));
#12787 = DIRECTION('',(-0.,-0.,-1.));
#12788 = DIRECTION('',(-0.,-1.,0.));
#12789 = ADVANCED_FACE('',(#12790),#12801,.F.);
#12790 = FACE_BOUND('',#12791,.T.);
#12791 = EDGE_LOOP('',(#12792,#12793,#12799,#12800));
#12792 = ORIENTED_EDGE('',*,*,#3499,.T.);
#12793 = ORIENTED_EDGE('',*,*,#12794,.T.);
#12794 = EDGE_CURVE('',#3500,#7117,#12795,.T.);
#12795 = LINE('',#12796,#12797);
#12796 = CARTESIAN_POINT('',(282.744824,-64.795,-4.6E-02));
#12797 = VECTOR('',#12798,1.);
#12798 = DIRECTION('',(0.,0.,1.));
#12799 = ORIENTED_EDGE('',*,*,#7116,.F.);
#12800 = ORIENTED_EDGE('',*,*,#12794,.F.);
#12801 = CYLINDRICAL_SURFACE('',#12802,0.875);
#12802 = AXIS2_PLACEMENT_3D('',#12803,#12804,#12805);
#12803 = CARTESIAN_POINT('',(282.744824,-63.92,-4.6E-02));
#12804 = DIRECTION('',(-0.,-0.,-1.));
#12805 = DIRECTION('',(-0.,-1.,0.));
#12806 = ADVANCED_FACE('',(#12807),#12818,.F.);
#12807 = FACE_BOUND('',#12808,.T.);
#12808 = EDGE_LOOP('',(#12809,#12810,#12816,#12817));
#12809 = ORIENTED_EDGE('',*,*,#3510,.T.);
#12810 = ORIENTED_EDGE('',*,*,#12811,.T.);
#12811 = EDGE_CURVE('',#3511,#7128,#12812,.T.);
#12812 = LINE('',#12813,#12814);
#12813 = CARTESIAN_POINT('',(287.824824,-65.9139,-4.6E-02));
#12814 = VECTOR('',#12815,1.);
#12815 = DIRECTION('',(0.,0.,1.));
#12816 = ORIENTED_EDGE('',*,*,#7127,.F.);
#12817 = ORIENTED_EDGE('',*,*,#12811,.F.);
#12818 = CYLINDRICAL_SURFACE('',#12819,1.9939);
#12819 = AXIS2_PLACEMENT_3D('',#12820,#12821,#12822);
#12820 = CARTESIAN_POINT('',(287.824824,-63.92,-4.6E-02));
#12821 = DIRECTION('',(-0.,-0.,-1.));
#12822 = DIRECTION('',(-0.,-1.,0.));
#12823 = ADVANCED_FACE('',(#12824),#12835,.F.);
#12824 = FACE_BOUND('',#12825,.T.);
#12825 = EDGE_LOOP('',(#12826,#12827,#12833,#12834));
#12826 = ORIENTED_EDGE('',*,*,#3521,.T.);
#12827 = ORIENTED_EDGE('',*,*,#12828,.T.);
#12828 = EDGE_CURVE('',#3522,#7139,#12829,.T.);
#12829 = LINE('',#12830,#12831);
#12830 = CARTESIAN_POINT('',(292.904824,-64.795,-4.6E-02));
#12831 = VECTOR('',#12832,1.);
#12832 = DIRECTION('',(0.,0.,1.));
#12833 = ORIENTED_EDGE('',*,*,#7138,.F.);
#12834 = ORIENTED_EDGE('',*,*,#12828,.F.);
#12835 = CYLINDRICAL_SURFACE('',#12836,0.875);
#12836 = AXIS2_PLACEMENT_3D('',#12837,#12838,#12839);
#12837 = CARTESIAN_POINT('',(292.904824,-63.92,-4.6E-02));
#12838 = DIRECTION('',(-0.,-0.,-1.));
#12839 = DIRECTION('',(-0.,-1.,0.));
#12840 = ADVANCED_FACE('',(#12841),#12852,.F.);
#12841 = FACE_BOUND('',#12842,.T.);
#12842 = EDGE_LOOP('',(#12843,#12844,#12850,#12851));
#12843 = ORIENTED_EDGE('',*,*,#3532,.T.);
#12844 = ORIENTED_EDGE('',*,*,#12845,.T.);
#12845 = EDGE_CURVE('',#3533,#7150,#12846,.T.);
#12846 = LINE('',#12847,#12848);
#12847 = CARTESIAN_POINT('',(284.014824,-62.88,-4.6E-02));
#12848 = VECTOR('',#12849,1.);
#12849 = DIRECTION('',(0.,0.,1.));
#12850 = ORIENTED_EDGE('',*,*,#7149,.F.);
#12851 = ORIENTED_EDGE('',*,*,#12845,.F.);
#12852 = CYLINDRICAL_SURFACE('',#12853,1.5);
#12853 = AXIS2_PLACEMENT_3D('',#12854,#12855,#12856);
#12854 = CARTESIAN_POINT('',(284.014824,-61.38,-4.6E-02));
#12855 = DIRECTION('',(-0.,-0.,-1.));
#12856 = DIRECTION('',(-0.,-1.,0.));
#12857 = ADVANCED_FACE('',(#12858),#12869,.F.);
#12858 = FACE_BOUND('',#12859,.T.);
#12859 = EDGE_LOOP('',(#12860,#12861,#12867,#12868));
#12860 = ORIENTED_EDGE('',*,*,#3543,.T.);
#12861 = ORIENTED_EDGE('',*,*,#12862,.T.);
#12862 = EDGE_CURVE('',#3544,#7161,#12863,.T.);
#12863 = LINE('',#12864,#12865);
#12864 = CARTESIAN_POINT('',(290.364824,-60.34,-4.6E-02));
#12865 = VECTOR('',#12866,1.);
#12866 = DIRECTION('',(0.,0.,1.));
#12867 = ORIENTED_EDGE('',*,*,#7160,.F.);
#12868 = ORIENTED_EDGE('',*,*,#12862,.F.);
#12869 = CYLINDRICAL_SURFACE('',#12870,1.5);
#12870 = AXIS2_PLACEMENT_3D('',#12871,#12872,#12873);
#12871 = CARTESIAN_POINT('',(290.364824,-58.84,-4.6E-02));
#12872 = DIRECTION('',(-0.,-0.,-1.));
#12873 = DIRECTION('',(-0.,-1.,0.));
#12874 = ADVANCED_FACE('',(#12875),#12886,.F.);
#12875 = FACE_BOUND('',#12876,.T.);
#12876 = EDGE_LOOP('',(#12877,#12878,#12884,#12885));
#12877 = ORIENTED_EDGE('',*,*,#3554,.T.);
#12878 = ORIENTED_EDGE('',*,*,#12879,.T.);
#12879 = EDGE_CURVE('',#3555,#7172,#12880,.T.);
#12880 = LINE('',#12881,#12882);
#12881 = CARTESIAN_POINT('',(309.594824,-81.87,-4.6E-02));
#12882 = VECTOR('',#12883,1.);
#12883 = DIRECTION('',(0.,0.,1.));
#12884 = ORIENTED_EDGE('',*,*,#7171,.F.);
#12885 = ORIENTED_EDGE('',*,*,#12879,.F.);
#12886 = CYLINDRICAL_SURFACE('',#12887,1.5);
#12887 = AXIS2_PLACEMENT_3D('',#12888,#12889,#12890);
#12888 = CARTESIAN_POINT('',(309.594824,-80.37,-4.6E-02));
#12889 = DIRECTION('',(-0.,-0.,-1.));
#12890 = DIRECTION('',(-0.,-1.,0.));
#12891 = ADVANCED_FACE('',(#12892),#12903,.F.);
#12892 = FACE_BOUND('',#12893,.T.);
#12893 = EDGE_LOOP('',(#12894,#12895,#12901,#12902));
#12894 = ORIENTED_EDGE('',*,*,#3565,.T.);
#12895 = ORIENTED_EDGE('',*,*,#12896,.T.);
#12896 = EDGE_CURVE('',#3566,#7183,#12897,.T.);
#12897 = LINE('',#12898,#12899);
#12898 = CARTESIAN_POINT('',(315.944824,-79.33,-4.6E-02));
#12899 = VECTOR('',#12900,1.);
#12900 = DIRECTION('',(0.,0.,1.));
#12901 = ORIENTED_EDGE('',*,*,#7182,.F.);
#12902 = ORIENTED_EDGE('',*,*,#12896,.F.);
#12903 = CYLINDRICAL_SURFACE('',#12904,1.5);
#12904 = AXIS2_PLACEMENT_3D('',#12905,#12906,#12907);
#12905 = CARTESIAN_POINT('',(315.944824,-77.83,-4.6E-02));
#12906 = DIRECTION('',(-0.,-0.,-1.));
#12907 = DIRECTION('',(-0.,-1.,0.));
#12908 = ADVANCED_FACE('',(#12909),#12920,.F.);
#12909 = FACE_BOUND('',#12910,.T.);
#12910 = EDGE_LOOP('',(#12911,#12912,#12918,#12919));
#12911 = ORIENTED_EDGE('',*,*,#3576,.T.);
#12912 = ORIENTED_EDGE('',*,*,#12913,.T.);
#12913 = EDGE_CURVE('',#3577,#7194,#12914,.T.);
#12914 = LINE('',#12915,#12916);
#12915 = CARTESIAN_POINT('',(359.04,-77.825,-4.6E-02));
#12916 = VECTOR('',#12917,1.);
#12917 = DIRECTION('',(0.,0.,1.));
#12918 = ORIENTED_EDGE('',*,*,#7193,.F.);
#12919 = ORIENTED_EDGE('',*,*,#12913,.F.);
#12920 = CYLINDRICAL_SURFACE('',#12921,0.875);
#12921 = AXIS2_PLACEMENT_3D('',#12922,#12923,#12924);
#12922 = CARTESIAN_POINT('',(359.04,-76.95,-4.6E-02));
#12923 = DIRECTION('',(-0.,-0.,-1.));
#12924 = DIRECTION('',(-0.,-1.,0.));
#12925 = ADVANCED_FACE('',(#12926),#12937,.F.);
#12926 = FACE_BOUND('',#12927,.T.);
#12927 = EDGE_LOOP('',(#12928,#12929,#12935,#12936));
#12928 = ORIENTED_EDGE('',*,*,#3587,.T.);
#12929 = ORIENTED_EDGE('',*,*,#12930,.T.);
#12930 = EDGE_CURVE('',#3588,#7205,#12931,.T.);
#12931 = LINE('',#12932,#12933);
#12932 = CARTESIAN_POINT('',(360.31,-75.91,-4.6E-02));
#12933 = VECTOR('',#12934,1.);
#12934 = DIRECTION('',(0.,0.,1.));
#12935 = ORIENTED_EDGE('',*,*,#7204,.F.);
#12936 = ORIENTED_EDGE('',*,*,#12930,.F.);
#12937 = CYLINDRICAL_SURFACE('',#12938,1.5);
#12938 = AXIS2_PLACEMENT_3D('',#12939,#12940,#12941);
#12939 = CARTESIAN_POINT('',(360.31,-74.41,-4.6E-02));
#12940 = DIRECTION('',(-0.,-0.,-1.));
#12941 = DIRECTION('',(-0.,-1.,0.));
#12942 = ADVANCED_FACE('',(#12943),#12954,.F.);
#12943 = FACE_BOUND('',#12944,.T.);
#12944 = EDGE_LOOP('',(#12945,#12946,#12952,#12953));
#12945 = ORIENTED_EDGE('',*,*,#3598,.T.);
#12946 = ORIENTED_EDGE('',*,*,#12947,.T.);
#12947 = EDGE_CURVE('',#3599,#7216,#12948,.T.);
#12948 = LINE('',#12949,#12950);
#12949 = CARTESIAN_POINT('',(364.12,-78.9439,-4.6E-02));
#12950 = VECTOR('',#12951,1.);
#12951 = DIRECTION('',(0.,0.,1.));
#12952 = ORIENTED_EDGE('',*,*,#7215,.F.);
#12953 = ORIENTED_EDGE('',*,*,#12947,.F.);
#12954 = CYLINDRICAL_SURFACE('',#12955,1.9939);
#12955 = AXIS2_PLACEMENT_3D('',#12956,#12957,#12958);
#12956 = CARTESIAN_POINT('',(364.12,-76.95,-4.6E-02));
#12957 = DIRECTION('',(-0.,-0.,-1.));
#12958 = DIRECTION('',(-0.,-1.,0.));
#12959 = ADVANCED_FACE('',(#12960),#12971,.F.);
#12960 = FACE_BOUND('',#12961,.T.);
#12961 = EDGE_LOOP('',(#12962,#12963,#12969,#12970));
#12962 = ORIENTED_EDGE('',*,*,#3609,.T.);
#12963 = ORIENTED_EDGE('',*,*,#12964,.T.);
#12964 = EDGE_CURVE('',#3610,#7227,#12965,.T.);
#12965 = LINE('',#12966,#12967);
#12966 = CARTESIAN_POINT('',(369.2,-77.825,-4.6E-02));
#12967 = VECTOR('',#12968,1.);
#12968 = DIRECTION('',(0.,0.,1.));
#12969 = ORIENTED_EDGE('',*,*,#7226,.F.);
#12970 = ORIENTED_EDGE('',*,*,#12964,.F.);
#12971 = CYLINDRICAL_SURFACE('',#12972,0.875);
#12972 = AXIS2_PLACEMENT_3D('',#12973,#12974,#12975);
#12973 = CARTESIAN_POINT('',(369.2,-76.95,-4.6E-02));
#12974 = DIRECTION('',(-0.,-0.,-1.));
#12975 = DIRECTION('',(-0.,-1.,0.));
#12976 = ADVANCED_FACE('',(#12977),#12988,.F.);
#12977 = FACE_BOUND('',#12978,.T.);
#12978 = EDGE_LOOP('',(#12979,#12980,#12986,#12987));
#12979 = ORIENTED_EDGE('',*,*,#3620,.T.);
#12980 = ORIENTED_EDGE('',*,*,#12981,.T.);
#12981 = EDGE_CURVE('',#3621,#7238,#12982,.T.);
#12982 = LINE('',#12983,#12984);
#12983 = CARTESIAN_POINT('',(366.66,-73.37,-4.6E-02));
#12984 = VECTOR('',#12985,1.);
#12985 = DIRECTION('',(0.,0.,1.));
#12986 = ORIENTED_EDGE('',*,*,#7237,.F.);
#12987 = ORIENTED_EDGE('',*,*,#12981,.F.);
#12988 = CYLINDRICAL_SURFACE('',#12989,1.5);
#12989 = AXIS2_PLACEMENT_3D('',#12990,#12991,#12992);
#12990 = CARTESIAN_POINT('',(366.66,-71.87,-4.6E-02));
#12991 = DIRECTION('',(-0.,-0.,-1.));
#12992 = DIRECTION('',(-0.,-1.,0.));
#12993 = ADVANCED_FACE('',(#12994),#13005,.F.);
#12994 = FACE_BOUND('',#12995,.T.);
#12995 = EDGE_LOOP('',(#12996,#12997,#13003,#13004));
#12996 = ORIENTED_EDGE('',*,*,#3631,.T.);
#12997 = ORIENTED_EDGE('',*,*,#12998,.T.);
#12998 = EDGE_CURVE('',#3632,#7249,#12999,.T.);
#12999 = LINE('',#13000,#13001);
#13000 = CARTESIAN_POINT('',(333.64,-65.025,-4.6E-02));
#13001 = VECTOR('',#13002,1.);
#13002 = DIRECTION('',(0.,0.,1.));
#13003 = ORIENTED_EDGE('',*,*,#7248,.F.);
#13004 = ORIENTED_EDGE('',*,*,#12998,.F.);
#13005 = CYLINDRICAL_SURFACE('',#13006,0.875);
#13006 = AXIS2_PLACEMENT_3D('',#13007,#13008,#13009);
#13007 = CARTESIAN_POINT('',(333.64,-64.15,-4.6E-02));
#13008 = DIRECTION('',(-0.,-0.,-1.));
#13009 = DIRECTION('',(-0.,-1.,0.));
#13010 = ADVANCED_FACE('',(#13011),#13022,.F.);
#13011 = FACE_BOUND('',#13012,.T.);
#13012 = EDGE_LOOP('',(#13013,#13014,#13020,#13021));
#13013 = ORIENTED_EDGE('',*,*,#3642,.T.);
#13014 = ORIENTED_EDGE('',*,*,#13015,.T.);
#13015 = EDGE_CURVE('',#3643,#7260,#13016,.T.);
#13016 = LINE('',#13017,#13018);
#13017 = CARTESIAN_POINT('',(338.72,-66.1439,-4.6E-02));
#13018 = VECTOR('',#13019,1.);
#13019 = DIRECTION('',(0.,0.,1.));
#13020 = ORIENTED_EDGE('',*,*,#7259,.F.);
#13021 = ORIENTED_EDGE('',*,*,#13015,.F.);
#13022 = CYLINDRICAL_SURFACE('',#13023,1.9939);
#13023 = AXIS2_PLACEMENT_3D('',#13024,#13025,#13026);
#13024 = CARTESIAN_POINT('',(338.72,-64.15,-4.6E-02));
#13025 = DIRECTION('',(-0.,-0.,-1.));
#13026 = DIRECTION('',(-0.,-1.,0.));
#13027 = ADVANCED_FACE('',(#13028),#13039,.F.);
#13028 = FACE_BOUND('',#13029,.T.);
#13029 = EDGE_LOOP('',(#13030,#13031,#13037,#13038));
#13030 = ORIENTED_EDGE('',*,*,#3653,.T.);
#13031 = ORIENTED_EDGE('',*,*,#13032,.T.);
#13032 = EDGE_CURVE('',#3654,#7271,#13033,.T.);
#13033 = LINE('',#13034,#13035);
#13034 = CARTESIAN_POINT('',(334.91,-63.11,-4.6E-02));
#13035 = VECTOR('',#13036,1.);
#13036 = DIRECTION('',(0.,0.,1.));
#13037 = ORIENTED_EDGE('',*,*,#7270,.F.);
#13038 = ORIENTED_EDGE('',*,*,#13032,.F.);
#13039 = CYLINDRICAL_SURFACE('',#13040,1.5);
#13040 = AXIS2_PLACEMENT_3D('',#13041,#13042,#13043);
#13041 = CARTESIAN_POINT('',(334.91,-61.61,-4.6E-02));
#13042 = DIRECTION('',(-0.,-0.,-1.));
#13043 = DIRECTION('',(-0.,-1.,0.));
#13044 = ADVANCED_FACE('',(#13045),#13056,.F.);
#13045 = FACE_BOUND('',#13046,.T.);
#13046 = EDGE_LOOP('',(#13047,#13048,#13054,#13055));
#13047 = ORIENTED_EDGE('',*,*,#3664,.T.);
#13048 = ORIENTED_EDGE('',*,*,#13049,.T.);
#13049 = EDGE_CURVE('',#3665,#7282,#13050,.T.);
#13050 = LINE('',#13051,#13052);
#13051 = CARTESIAN_POINT('',(341.26,-60.57,-4.6E-02));
#13052 = VECTOR('',#13053,1.);
#13053 = DIRECTION('',(0.,0.,1.));
#13054 = ORIENTED_EDGE('',*,*,#7281,.F.);
#13055 = ORIENTED_EDGE('',*,*,#13049,.F.);
#13056 = CYLINDRICAL_SURFACE('',#13057,1.5);
#13057 = AXIS2_PLACEMENT_3D('',#13058,#13059,#13060);
#13058 = CARTESIAN_POINT('',(341.26,-59.07,-4.6E-02));
#13059 = DIRECTION('',(-0.,-0.,-1.));
#13060 = DIRECTION('',(-0.,-1.,0.));
#13061 = ADVANCED_FACE('',(#13062),#13073,.F.);
#13062 = FACE_BOUND('',#13063,.T.);
#13063 = EDGE_LOOP('',(#13064,#13065,#13071,#13072));
#13064 = ORIENTED_EDGE('',*,*,#3675,.T.);
#13065 = ORIENTED_EDGE('',*,*,#13066,.T.);
#13066 = EDGE_CURVE('',#3676,#7293,#13067,.T.);
#13067 = LINE('',#13068,#13069);
#13068 = CARTESIAN_POINT('',(308.14,-58.735,-4.6E-02));
#13069 = VECTOR('',#13070,1.);
#13070 = DIRECTION('',(0.,0.,1.));
#13071 = ORIENTED_EDGE('',*,*,#7292,.F.);
#13072 = ORIENTED_EDGE('',*,*,#13066,.F.);
#13073 = CYLINDRICAL_SURFACE('',#13074,0.875);
#13074 = AXIS2_PLACEMENT_3D('',#13075,#13076,#13077);
#13075 = CARTESIAN_POINT('',(308.14,-57.86,-4.6E-02));
#13076 = DIRECTION('',(-0.,-0.,-1.));
#13077 = DIRECTION('',(-0.,-1.,0.));
#13078 = ADVANCED_FACE('',(#13079),#13090,.F.);
#13079 = FACE_BOUND('',#13080,.T.);
#13080 = EDGE_LOOP('',(#13081,#13082,#13088,#13089));
#13081 = ORIENTED_EDGE('',*,*,#3686,.T.);
#13082 = ORIENTED_EDGE('',*,*,#13083,.T.);
#13083 = EDGE_CURVE('',#3687,#7304,#13084,.T.);
#13084 = LINE('',#13085,#13086);
#13085 = CARTESIAN_POINT('',(309.41,-56.82,-4.6E-02));
#13086 = VECTOR('',#13087,1.);
#13087 = DIRECTION('',(0.,0.,1.));
#13088 = ORIENTED_EDGE('',*,*,#7303,.F.);
#13089 = ORIENTED_EDGE('',*,*,#13083,.F.);
#13090 = CYLINDRICAL_SURFACE('',#13091,1.5);
#13091 = AXIS2_PLACEMENT_3D('',#13092,#13093,#13094);
#13092 = CARTESIAN_POINT('',(309.41,-55.32,-4.6E-02));
#13093 = DIRECTION('',(-0.,-0.,-1.));
#13094 = DIRECTION('',(-0.,-1.,0.));
#13095 = ADVANCED_FACE('',(#13096),#13107,.F.);
#13096 = FACE_BOUND('',#13097,.T.);
#13097 = EDGE_LOOP('',(#13098,#13099,#13105,#13106));
#13098 = ORIENTED_EDGE('',*,*,#3697,.T.);
#13099 = ORIENTED_EDGE('',*,*,#13100,.T.);
#13100 = EDGE_CURVE('',#3698,#7315,#13101,.T.);
#13101 = LINE('',#13102,#13103);
#13102 = CARTESIAN_POINT('',(313.22,-59.8539,-4.6E-02));
#13103 = VECTOR('',#13104,1.);
#13104 = DIRECTION('',(0.,0.,1.));
#13105 = ORIENTED_EDGE('',*,*,#7314,.F.);
#13106 = ORIENTED_EDGE('',*,*,#13100,.F.);
#13107 = CYLINDRICAL_SURFACE('',#13108,1.9939);
#13108 = AXIS2_PLACEMENT_3D('',#13109,#13110,#13111);
#13109 = CARTESIAN_POINT('',(313.22,-57.86,-4.6E-02));
#13110 = DIRECTION('',(-0.,-0.,-1.));
#13111 = DIRECTION('',(-0.,-1.,0.));
#13112 = ADVANCED_FACE('',(#13113),#13124,.F.);
#13113 = FACE_BOUND('',#13114,.T.);
#13114 = EDGE_LOOP('',(#13115,#13116,#13122,#13123));
#13115 = ORIENTED_EDGE('',*,*,#3708,.T.);
#13116 = ORIENTED_EDGE('',*,*,#13117,.T.);
#13117 = EDGE_CURVE('',#3709,#7326,#13118,.T.);
#13118 = LINE('',#13119,#13120);
#13119 = CARTESIAN_POINT('',(318.3,-58.735,-4.6E-02));
#13120 = VECTOR('',#13121,1.);
#13121 = DIRECTION('',(0.,0.,1.));
#13122 = ORIENTED_EDGE('',*,*,#7325,.F.);
#13123 = ORIENTED_EDGE('',*,*,#13117,.F.);
#13124 = CYLINDRICAL_SURFACE('',#13125,0.875);
#13125 = AXIS2_PLACEMENT_3D('',#13126,#13127,#13128);
#13126 = CARTESIAN_POINT('',(318.3,-57.86,-4.6E-02));
#13127 = DIRECTION('',(-0.,-0.,-1.));
#13128 = DIRECTION('',(-0.,-1.,0.));
#13129 = ADVANCED_FACE('',(#13130),#13141,.F.);
#13130 = FACE_BOUND('',#13131,.T.);
#13131 = EDGE_LOOP('',(#13132,#13133,#13139,#13140));
#13132 = ORIENTED_EDGE('',*,*,#3719,.T.);
#13133 = ORIENTED_EDGE('',*,*,#13134,.T.);
#13134 = EDGE_CURVE('',#3720,#7337,#13135,.T.);
#13135 = LINE('',#13136,#13137);
#13136 = CARTESIAN_POINT('',(315.76,-54.28,-4.6E-02));
#13137 = VECTOR('',#13138,1.);
#13138 = DIRECTION('',(0.,0.,1.));
#13139 = ORIENTED_EDGE('',*,*,#7336,.F.);
#13140 = ORIENTED_EDGE('',*,*,#13134,.F.);
#13141 = CYLINDRICAL_SURFACE('',#13142,1.5);
#13142 = AXIS2_PLACEMENT_3D('',#13143,#13144,#13145);
#13143 = CARTESIAN_POINT('',(315.76,-52.78,-4.6E-02));
#13144 = DIRECTION('',(-0.,-0.,-1.));
#13145 = DIRECTION('',(-0.,-1.,0.));
#13146 = ADVANCED_FACE('',(#13147),#13158,.F.);
#13147 = FACE_BOUND('',#13148,.T.);
#13148 = EDGE_LOOP('',(#13149,#13150,#13156,#13157));
#13149 = ORIENTED_EDGE('',*,*,#3730,.T.);
#13150 = ORIENTED_EDGE('',*,*,#13151,.T.);
#13151 = EDGE_CURVE('',#3731,#7348,#13152,.T.);
#13152 = LINE('',#13153,#13154);
#13153 = CARTESIAN_POINT('',(343.8,-65.025,-4.6E-02));
#13154 = VECTOR('',#13155,1.);
#13155 = DIRECTION('',(0.,0.,1.));
#13156 = ORIENTED_EDGE('',*,*,#7347,.F.);
#13157 = ORIENTED_EDGE('',*,*,#13151,.F.);
#13158 = CYLINDRICAL_SURFACE('',#13159,0.875);
#13159 = AXIS2_PLACEMENT_3D('',#13160,#13161,#13162);
#13160 = CARTESIAN_POINT('',(343.8,-64.15,-4.6E-02));
#13161 = DIRECTION('',(-0.,-0.,-1.));
#13162 = DIRECTION('',(-0.,-1.,0.));
#13163 = ADVANCED_FACE('',(#13164),#13175,.F.);
#13164 = FACE_BOUND('',#13165,.T.);
#13165 = EDGE_LOOP('',(#13166,#13167,#13173,#13174));
#13166 = ORIENTED_EDGE('',*,*,#3741,.T.);
#13167 = ORIENTED_EDGE('',*,*,#13168,.T.);
#13168 = EDGE_CURVE('',#3742,#7359,#13169,.T.);
#13169 = LINE('',#13170,#13171);
#13170 = CARTESIAN_POINT('',(382.643806,-67.586194,-4.6E-02));
#13171 = VECTOR('',#13172,1.);
#13172 = DIRECTION('',(0.,0.,1.));
#13173 = ORIENTED_EDGE('',*,*,#7358,.F.);
#13174 = ORIENTED_EDGE('',*,*,#13168,.F.);
#13175 = CYLINDRICAL_SURFACE('',#13176,1.6);
#13176 = AXIS2_PLACEMENT_3D('',#13177,#13178,#13179);
#13177 = CARTESIAN_POINT('',(382.643806,-65.986194,-4.6E-02));
#13178 = DIRECTION('',(-0.,-0.,-1.));
#13179 = DIRECTION('',(-3.552713678801E-14,-1.,0.));
#13180 = ( GEOMETRIC_REPRESENTATION_CONTEXT(3) 
GLOBAL_UNCERTAINTY_ASSIGNED_CONTEXT((#13184)) 
GLOBAL_UNIT_ASSIGNED_CONTEXT((#13181,#13182,#13183)) 
REPRESENTATION_CONTEXT('Context #1',
  '3D Context with UNIT and UNCERTAINTY') );
#13181 = ( LENGTH_UNIT() NAMED_UNIT(*) SI_UNIT(.MILLI.,.METRE.) );
#13182 = ( NAMED_UNIT(*) PLANE_ANGLE_UNIT() SI_UNIT($,.RADIAN.) );
#13183 = ( NAMED_UNIT(*) SI_UNIT($,.STERADIAN.) SOLID_ANGLE_UNIT() );
#13184 = UNCERTAINTY_MEASURE_WITH_UNIT(LENGTH_MEASURE(1.E-07),#13181,
  'distance_accuracy_value','confusion accuracy');
#13185 = CONTEXT_DEPENDENT_SHAPE_REPRESENTATION(#13186,#13188);
#13186 = ( REPRESENTATION_RELATIONSHIP('','',#32,#10) 
REPRESENTATION_RELATIONSHIP_WITH_TRANSFORMATION(#13187) 
SHAPE_REPRESENTATION_RELATIONSHIP() );
#13187 = ITEM_DEFINED_TRANSFORMATION('','',#11,#15);
#13188 = PRODUCT_DEFINITION_SHAPE('Placement','Placement of an item',
  #13189);
#13189 = NEXT_ASSEMBLY_USAGE_OCCURRENCE('1','=>[0:1:1:2]','',#5,#27,$);
#13190 = PRODUCT_RELATED_PRODUCT_CATEGORY('part',$,(#29));
#13191 = MECHANICAL_DESIGN_GEOMETRIC_PRESENTATION_REPRESENTATION('',(
    #13192),#13180);
#13192 = STYLED_ITEM('color',(#13193),#33);
#13193 = PRESENTATION_STYLE_ASSIGNMENT((#13194));
#13194 = SURFACE_STYLE_USAGE(.BOTH.,#13195);
#13195 = SURFACE_SIDE_STYLE('',(#13196));
#13196 = SURFACE_STYLE_FILL_AREA(#13197);
#13197 = FILL_AREA_STYLE('',(#13198));
#13198 = FILL_AREA_STYLE_COLOUR('',#13199);
#13199 = COLOUR_RGB('',0.313304153717,0.484529207832,0.410020903123);
ENDSEC;
END-ISO-10303-21;
