ISO-10303-21;
HEADER;
/* Generated by software containing ST-Developer
 * from STEP Tools, Inc. (www.steptools.com) 
 */

FILE_DESCRIPTION(
/* description */ ('KiCad electronic assembly'),
/* implementation_level */ '2;1');

FILE_NAME(
/* name */ 'TheDuplex.step',
/* time_stamp */ '2026-03-15T16:23:35-04:00',
/* author */ (''),
/* organization */ (''),
/* preprocessor_version */ 'ST-DEVELOPER v20.1',
/* originating_system */ 'Autodesk Translation Framework v14.24.0.0',
/* authorisation */ '');

FILE_SCHEMA (('AUTOMOTIVE_DESIGN { 1 0 10303 214 3 1 1 }'));
ENDSEC;

DATA;
#10=MECHANICAL_DESIGN_GEOMETRIC_PRESENTATION_REPRESENTATION('',(#13,#14,
#15,#16,#17,#18,#19,#20,#21,#22,#23,#24,#25,#26,#27,#28,#29,#30),#17172);
#11=SHAPE_REPRESENTATION_RELATIONSHIP('SRR','None',#17178,#12);
#12=ADVANCED_BREP_SHAPE_REPRESENTATION('',(#31,#32,#33,#34,#35,#36,#37,
#38,#39,#40,#41,#42,#43,#44,#45,#46,#47,#48),#17171);
#13=STYLED_ITEM('',(#17187),#31);
#14=STYLED_ITEM('',(#17187),#32);
#15=STYLED_ITEM('',(#17187),#33);
#16=STYLED_ITEM('',(#17187),#34);
#17=STYLED_ITEM('',(#17187),#35);
#18=STYLED_ITEM('',(#17187),#36);
#19=STYLED_ITEM('',(#17187),#37);
#20=STYLED_ITEM('',(#17187),#38);
#21=STYLED_ITEM('',(#17187),#39);
#22=STYLED_ITEM('',(#17187),#40);
#23=STYLED_ITEM('',(#17187),#41);
#24=STYLED_ITEM('',(#17187),#42);
#25=STYLED_ITEM('',(#17187),#43);
#26=STYLED_ITEM('',(#17187),#44);
#27=STYLED_ITEM('',(#17187),#45);
#28=STYLED_ITEM('',(#17187),#46);
#29=STYLED_ITEM('',(#17187),#47);
#30=STYLED_ITEM('',(#17187),#48);
#31=MANIFOLD_SOLID_BREP('Body1',#10807);
#32=MANIFOLD_SOLID_BREP('Body2',#10808);
#33=MANIFOLD_SOLID_BREP('Body3',#10809);
#34=MANIFOLD_SOLID_BREP('Body4',#10810);
#35=MANIFOLD_SOLID_BREP('Body5',#10811);
#36=MANIFOLD_SOLID_BREP('Body6',#10812);
#37=MANIFOLD_SOLID_BREP('Body7',#10813);
#38=MANIFOLD_SOLID_BREP('Body8',#10814);
#39=MANIFOLD_SOLID_BREP('Body9',#10815);
#40=MANIFOLD_SOLID_BREP('Body26',#10816);
#41=MANIFOLD_SOLID_BREP('Body27',#10817);
#42=MANIFOLD_SOLID_BREP('Body28',#10818);
#43=MANIFOLD_SOLID_BREP('Body29',#10819);
#44=MANIFOLD_SOLID_BREP('Body30',#10820);
#45=MANIFOLD_SOLID_BREP('Body31',#10821);
#46=MANIFOLD_SOLID_BREP('Body32',#10822);
#47=MANIFOLD_SOLID_BREP('Body33',#10823);
#48=MANIFOLD_SOLID_BREP('Body34',#10824);
#49=CYLINDRICAL_SURFACE('',#10873,1.24993799308022);
#50=CYLINDRICAL_SURFACE('',#10875,1.25);
#51=CYLINDRICAL_SURFACE('',#10881,1.24993799308022);
#52=CYLINDRICAL_SURFACE('',#10883,1.25);
#53=CYLINDRICAL_SURFACE('',#10909,3.44982886090145);
#54=CYLINDRICAL_SURFACE('',#10919,3.44982886090145);
#55=CYLINDRICAL_SURFACE('',#10965,3.44982886090143);
#56=CYLINDRICAL_SURFACE('',#10979,3.44982886090143);
#57=CYLINDRICAL_SURFACE('',#11012,1.24993799308022);
#58=CYLINDRICAL_SURFACE('',#11015,1.25);
#59=CYLINDRICAL_SURFACE('',#11020,1.24993799308022);
#60=CYLINDRICAL_SURFACE('',#11023,1.25);
#61=CYLINDRICAL_SURFACE('',#11028,1.5999206311427);
#62=CYLINDRICAL_SURFACE('',#11031,1.6);
#63=CYLINDRICAL_SURFACE('',#11034,3.44982886090145);
#64=CYLINDRICAL_SURFACE('',#11039,1.5999206311427);
#65=CYLINDRICAL_SURFACE('',#11042,1.6);
#66=CYLINDRICAL_SURFACE('',#11045,3.44982886090145);
#67=CYLINDRICAL_SURFACE('',#11050,1.5999206311427);
#68=CYLINDRICAL_SURFACE('',#11053,1.6);
#69=CYLINDRICAL_SURFACE('',#11056,3.44982886090143);
#70=CYLINDRICAL_SURFACE('',#11061,1.5999206311427);
#71=CYLINDRICAL_SURFACE('',#11064,1.6);
#72=CYLINDRICAL_SURFACE('',#11067,3.44982886090143);
#73=CYLINDRICAL_SURFACE('',#11119,1.59992063114269);
#74=CYLINDRICAL_SURFACE('',#11122,1.59992063114269);
#75=CYLINDRICAL_SURFACE('',#11125,1.5999206311427);
#76=CYLINDRICAL_SURFACE('',#11128,1.5999206311427);
#77=CYLINDRICAL_SURFACE('',#11202,1.24993799308022);
#78=CYLINDRICAL_SURFACE('',#11204,1.25);
#79=CYLINDRICAL_SURFACE('',#11210,1.24993799308022);
#80=CYLINDRICAL_SURFACE('',#11212,1.25);
#81=CYLINDRICAL_SURFACE('',#11238,3.44982886090145);
#82=CYLINDRICAL_SURFACE('',#11248,3.44982886090145);
#83=CYLINDRICAL_SURFACE('',#11294,3.44982886090143);
#84=CYLINDRICAL_SURFACE('',#11308,3.44982886090143);
#85=CYLINDRICAL_SURFACE('',#11341,1.24993799308022);
#86=CYLINDRICAL_SURFACE('',#11344,1.25);
#87=CYLINDRICAL_SURFACE('',#11349,1.24993799308022);
#88=CYLINDRICAL_SURFACE('',#11352,1.25);
#89=CYLINDRICAL_SURFACE('',#11357,1.5999206311427);
#90=CYLINDRICAL_SURFACE('',#11360,1.6);
#91=CYLINDRICAL_SURFACE('',#11363,3.44982886090145);
#92=CYLINDRICAL_SURFACE('',#11368,1.5999206311427);
#93=CYLINDRICAL_SURFACE('',#11371,1.6);
#94=CYLINDRICAL_SURFACE('',#11374,3.44982886090145);
#95=CYLINDRICAL_SURFACE('',#11379,1.5999206311427);
#96=CYLINDRICAL_SURFACE('',#11382,1.6);
#97=CYLINDRICAL_SURFACE('',#11385,3.44982886090143);
#98=CYLINDRICAL_SURFACE('',#11390,1.5999206311427);
#99=CYLINDRICAL_SURFACE('',#11393,1.6);
#100=CYLINDRICAL_SURFACE('',#11396,3.44982886090143);
#101=CYLINDRICAL_SURFACE('',#11448,1.59992063114269);
#102=CYLINDRICAL_SURFACE('',#11451,1.59992063114269);
#103=CYLINDRICAL_SURFACE('',#11454,1.5999206311427);
#104=CYLINDRICAL_SURFACE('',#11457,1.5999206311427);
#105=CIRCLE('',#10830,1.25);
#106=CIRCLE('',#10831,1.24993799308022);
#107=CIRCLE('',#10832,1.25);
#108=CIRCLE('',#10833,1.24993799308022);
#109=CIRCLE('',#10834,3.44982886090145);
#110=CIRCLE('',#10835,3.44982886090145);
#111=CIRCLE('',#10836,3.44982886090143);
#112=CIRCLE('',#10837,3.44982886090143);
#113=CIRCLE('',#10874,1.24993799308022);
#114=CIRCLE('',#10876,1.25);
#115=CIRCLE('',#10882,1.24993799308022);
#116=CIRCLE('',#10884,1.25);
#117=CIRCLE('',#10910,3.44982886090145);
#118=CIRCLE('',#10920,3.44982886090145);
#119=CIRCLE('',#10966,3.44982886090143);
#120=CIRCLE('',#10980,3.44982886090143);
#121=CIRCLE('',#11013,1.24993799308022);
#122=CIRCLE('',#11014,1.24993799308022);
#123=CIRCLE('',#11016,1.25);
#124=CIRCLE('',#11017,1.25);
#125=CIRCLE('',#11021,1.24993799308022);
#126=CIRCLE('',#11022,1.24993799308022);
#127=CIRCLE('',#11024,1.25);
#128=CIRCLE('',#11025,1.25);
#129=CIRCLE('',#11029,1.5999206311427);
#130=CIRCLE('',#11030,1.5999206311427);
#131=CIRCLE('',#11032,1.6);
#132=CIRCLE('',#11033,1.6);
#133=CIRCLE('',#11035,3.44982886090145);
#134=CIRCLE('',#11036,3.44982886090145);
#135=CIRCLE('',#11040,1.5999206311427);
#136=CIRCLE('',#11041,1.5999206311427);
#137=CIRCLE('',#11043,1.6);
#138=CIRCLE('',#11044,1.6);
#139=CIRCLE('',#11046,3.44982886090145);
#140=CIRCLE('',#11047,3.44982886090145);
#141=CIRCLE('',#11051,1.5999206311427);
#142=CIRCLE('',#11052,1.5999206311427);
#143=CIRCLE('',#11054,1.6);
#144=CIRCLE('',#11055,1.6);
#145=CIRCLE('',#11057,3.44982886090143);
#146=CIRCLE('',#11058,3.44982886090143);
#147=CIRCLE('',#11062,1.5999206311427);
#148=CIRCLE('',#11063,1.5999206311427);
#149=CIRCLE('',#11065,1.6);
#150=CIRCLE('',#11066,1.6);
#151=CIRCLE('',#11068,3.44982886090143);
#152=CIRCLE('',#11069,3.44982886090143);
#153=CIRCLE('',#11120,1.59992063114269);
#154=CIRCLE('',#11121,1.59992063114269);
#155=CIRCLE('',#11123,1.59992063114269);
#156=CIRCLE('',#11124,1.59992063114269);
#157=CIRCLE('',#11126,1.5999206311427);
#158=CIRCLE('',#11127,1.5999206311427);
#159=CIRCLE('',#11129,1.5999206311427);
#160=CIRCLE('',#11130,1.5999206311427);
#161=CIRCLE('',#11159,1.25);
#162=CIRCLE('',#11160,1.24993799308022);
#163=CIRCLE('',#11161,1.25);
#164=CIRCLE('',#11162,1.24993799308022);
#165=CIRCLE('',#11163,3.44982886090145);
#166=CIRCLE('',#11164,3.44982886090145);
#167=CIRCLE('',#11165,3.44982886090143);
#168=CIRCLE('',#11166,3.44982886090143);
#169=CIRCLE('',#11203,1.24993799308022);
#170=CIRCLE('',#11205,1.25);
#171=CIRCLE('',#11211,1.24993799308022);
#172=CIRCLE('',#11213,1.25);
#173=CIRCLE('',#11239,3.44982886090145);
#174=CIRCLE('',#11249,3.44982886090145);
#175=CIRCLE('',#11295,3.44982886090143);
#176=CIRCLE('',#11309,3.44982886090143);
#177=CIRCLE('',#11342,1.24993799308022);
#178=CIRCLE('',#11343,1.24993799308022);
#179=CIRCLE('',#11345,1.25);
#180=CIRCLE('',#11346,1.25);
#181=CIRCLE('',#11350,1.24993799308022);
#182=CIRCLE('',#11351,1.24993799308022);
#183=CIRCLE('',#11353,1.25);
#184=CIRCLE('',#11354,1.25);
#185=CIRCLE('',#11358,1.5999206311427);
#186=CIRCLE('',#11359,1.5999206311427);
#187=CIRCLE('',#11361,1.6);
#188=CIRCLE('',#11362,1.6);
#189=CIRCLE('',#11364,3.44982886090145);
#190=CIRCLE('',#11365,3.44982886090145);
#191=CIRCLE('',#11369,1.5999206311427);
#192=CIRCLE('',#11370,1.5999206311427);
#193=CIRCLE('',#11372,1.6);
#194=CIRCLE('',#11373,1.6);
#195=CIRCLE('',#11375,3.44982886090145);
#196=CIRCLE('',#11376,3.44982886090145);
#197=CIRCLE('',#11380,1.5999206311427);
#198=CIRCLE('',#11381,1.5999206311427);
#199=CIRCLE('',#11383,1.6);
#200=CIRCLE('',#11384,1.6);
#201=CIRCLE('',#11386,3.44982886090143);
#202=CIRCLE('',#11387,3.44982886090143);
#203=CIRCLE('',#11391,1.5999206311427);
#204=CIRCLE('',#11392,1.5999206311427);
#205=CIRCLE('',#11394,1.6);
#206=CIRCLE('',#11395,1.6);
#207=CIRCLE('',#11397,3.44982886090143);
#208=CIRCLE('',#11398,3.44982886090143);
#209=CIRCLE('',#11449,1.59992063114269);
#210=CIRCLE('',#11450,1.59992063114269);
#211=CIRCLE('',#11452,1.59992063114269);
#212=CIRCLE('',#11453,1.59992063114269);
#213=CIRCLE('',#11455,1.5999206311427);
#214=CIRCLE('',#11456,1.5999206311427);
#215=CIRCLE('',#11458,1.5999206311427);
#216=CIRCLE('',#11459,1.5999206311427);
#217=FACE_BOUND('',#915,.T.);
#218=FACE_BOUND('',#916,.T.);
#219=FACE_BOUND('',#917,.T.);
#220=FACE_BOUND('',#918,.T.);
#221=FACE_BOUND('',#919,.T.);
#222=FACE_BOUND('',#920,.T.);
#223=FACE_BOUND('',#921,.T.);
#224=FACE_BOUND('',#922,.T.);
#225=FACE_BOUND('',#923,.T.);
#226=FACE_BOUND('',#924,.T.);
#227=FACE_BOUND('',#925,.T.);
#228=FACE_BOUND('',#926,.T.);
#229=FACE_BOUND('',#927,.T.);
#230=FACE_BOUND('',#928,.T.);
#231=FACE_BOUND('',#929,.T.);
#232=FACE_BOUND('',#930,.T.);
#233=FACE_BOUND('',#931,.T.);
#234=FACE_BOUND('',#932,.T.);
#235=FACE_BOUND('',#933,.T.);
#236=FACE_BOUND('',#934,.T.);
#237=FACE_BOUND('',#935,.T.);
#238=FACE_BOUND('',#936,.T.);
#239=FACE_BOUND('',#937,.T.);
#240=FACE_BOUND('',#938,.T.);
#241=FACE_BOUND('',#939,.T.);
#242=FACE_BOUND('',#940,.T.);
#243=FACE_BOUND('',#941,.T.);
#244=FACE_BOUND('',#942,.T.);
#245=FACE_BOUND('',#1109,.T.);
#246=FACE_BOUND('',#1110,.T.);
#247=FACE_BOUND('',#1111,.T.);
#248=FACE_BOUND('',#1112,.T.);
#249=FACE_BOUND('',#1113,.T.);
#250=FACE_BOUND('',#1114,.T.);
#251=FACE_BOUND('',#1115,.T.);
#252=FACE_BOUND('',#1116,.T.);
#253=FACE_BOUND('',#1117,.T.);
#254=FACE_BOUND('',#1118,.T.);
#255=FACE_BOUND('',#1119,.T.);
#256=FACE_BOUND('',#1120,.T.);
#257=FACE_BOUND('',#1121,.T.);
#258=FACE_BOUND('',#1122,.T.);
#259=FACE_BOUND('',#1123,.T.);
#260=FACE_BOUND('',#1124,.T.);
#261=FACE_BOUND('',#1125,.T.);
#262=FACE_BOUND('',#1126,.T.);
#263=FACE_BOUND('',#1127,.T.);
#264=FACE_BOUND('',#1128,.T.);
#265=FACE_BOUND('',#1129,.T.);
#266=FACE_BOUND('',#1130,.T.);
#267=FACE_BOUND('',#1131,.T.);
#268=FACE_BOUND('',#1132,.T.);
#269=FACE_BOUND('',#1133,.T.);
#270=FACE_BOUND('',#1134,.T.);
#271=FACE_BOUND('',#1135,.T.);
#272=FACE_BOUND('',#1136,.T.);
#273=FACE_BOUND('',#1149,.T.);
#274=FACE_BOUND('',#1151,.T.);
#275=FACE_BOUND('',#1156,.T.);
#276=FACE_BOUND('',#1158,.T.);
#277=FACE_BOUND('',#1163,.T.);
#278=FACE_BOUND('',#1165,.T.);
#279=FACE_BOUND('',#1170,.T.);
#280=FACE_BOUND('',#1172,.T.);
#281=FACE_BOUND('',#1219,.T.);
#282=FACE_BOUND('',#1221,.T.);
#283=FACE_BOUND('',#1249,.T.);
#284=FACE_BOUND('',#1250,.T.);
#285=FACE_BOUND('',#1251,.T.);
#286=FACE_BOUND('',#1252,.T.);
#287=FACE_BOUND('',#1254,.T.);
#288=FACE_BOUND('',#1255,.T.);
#289=FACE_BOUND('',#1256,.T.);
#290=FACE_BOUND('',#1257,.T.);
#291=FACE_BOUND('',#1262,.T.);
#292=FACE_BOUND('',#1263,.T.);
#293=FACE_BOUND('',#1264,.T.);
#294=FACE_BOUND('',#1265,.T.);
#295=FACE_BOUND('',#1266,.T.);
#296=FACE_BOUND('',#1267,.T.);
#297=FACE_BOUND('',#1268,.T.);
#298=FACE_BOUND('',#1269,.T.);
#299=FACE_BOUND('',#1270,.T.);
#300=FACE_BOUND('',#1271,.T.);
#301=FACE_BOUND('',#1272,.T.);
#302=FACE_BOUND('',#1273,.T.);
#303=FACE_BOUND('',#1274,.T.);
#304=FACE_BOUND('',#1275,.T.);
#305=FACE_BOUND('',#1276,.T.);
#306=FACE_BOUND('',#1277,.T.);
#307=FACE_BOUND('',#1278,.T.);
#308=FACE_BOUND('',#1279,.T.);
#309=FACE_BOUND('',#1280,.T.);
#310=FACE_BOUND('',#1281,.T.);
#311=FACE_BOUND('',#1282,.T.);
#312=FACE_BOUND('',#1283,.T.);
#313=FACE_BOUND('',#1284,.T.);
#314=FACE_BOUND('',#1285,.T.);
#315=FACE_BOUND('',#1286,.T.);
#316=FACE_BOUND('',#1287,.T.);
#317=FACE_BOUND('',#1288,.T.);
#318=FACE_BOUND('',#1289,.T.);
#319=FACE_BOUND('',#1456,.T.);
#320=FACE_BOUND('',#1457,.T.);
#321=FACE_BOUND('',#1458,.T.);
#322=FACE_BOUND('',#1459,.T.);
#323=FACE_BOUND('',#1460,.T.);
#324=FACE_BOUND('',#1461,.T.);
#325=FACE_BOUND('',#1462,.T.);
#326=FACE_BOUND('',#1463,.T.);
#327=FACE_BOUND('',#1464,.T.);
#328=FACE_BOUND('',#1465,.T.);
#329=FACE_BOUND('',#1466,.T.);
#330=FACE_BOUND('',#1467,.T.);
#331=FACE_BOUND('',#1468,.T.);
#332=FACE_BOUND('',#1469,.T.);
#333=FACE_BOUND('',#1470,.T.);
#334=FACE_BOUND('',#1471,.T.);
#335=FACE_BOUND('',#1472,.T.);
#336=FACE_BOUND('',#1473,.T.);
#337=FACE_BOUND('',#1474,.T.);
#338=FACE_BOUND('',#1475,.T.);
#339=FACE_BOUND('',#1476,.T.);
#340=FACE_BOUND('',#1477,.T.);
#341=FACE_BOUND('',#1478,.T.);
#342=FACE_BOUND('',#1479,.T.);
#343=FACE_BOUND('',#1480,.T.);
#344=FACE_BOUND('',#1481,.T.);
#345=FACE_BOUND('',#1482,.T.);
#346=FACE_BOUND('',#1483,.T.);
#347=FACE_BOUND('',#1496,.T.);
#348=FACE_BOUND('',#1498,.T.);
#349=FACE_BOUND('',#1503,.T.);
#350=FACE_BOUND('',#1505,.T.);
#351=FACE_BOUND('',#1510,.T.);
#352=FACE_BOUND('',#1512,.T.);
#353=FACE_BOUND('',#1517,.T.);
#354=FACE_BOUND('',#1519,.T.);
#355=FACE_BOUND('',#1566,.T.);
#356=FACE_BOUND('',#1568,.T.);
#357=FACE_BOUND('',#1596,.T.);
#358=FACE_BOUND('',#1597,.T.);
#359=FACE_BOUND('',#1598,.T.);
#360=FACE_BOUND('',#1599,.T.);
#361=FACE_BOUND('',#1601,.T.);
#362=FACE_BOUND('',#1602,.T.);
#363=FACE_BOUND('',#1603,.T.);
#364=FACE_BOUND('',#1604,.T.);
#365=FACE_OUTER_BOUND('',#911,.T.);
#366=FACE_OUTER_BOUND('',#912,.T.);
#367=FACE_OUTER_BOUND('',#913,.T.);
#368=FACE_OUTER_BOUND('',#914,.T.);
#369=FACE_OUTER_BOUND('',#943,.T.);
#370=FACE_OUTER_BOUND('',#944,.T.);
#371=FACE_OUTER_BOUND('',#945,.T.);
#372=FACE_OUTER_BOUND('',#946,.T.);
#373=FACE_OUTER_BOUND('',#947,.T.);
#374=FACE_OUTER_BOUND('',#948,.T.);
#375=FACE_OUTER_BOUND('',#949,.T.);
#376=FACE_OUTER_BOUND('',#950,.T.);
#377=FACE_OUTER_BOUND('',#951,.T.);
#378=FACE_OUTER_BOUND('',#952,.T.);
#379=FACE_OUTER_BOUND('',#953,.T.);
#380=FACE_OUTER_BOUND('',#954,.T.);
#381=FACE_OUTER_BOUND('',#955,.T.);
#382=FACE_OUTER_BOUND('',#956,.T.);
#383=FACE_OUTER_BOUND('',#957,.T.);
#384=FACE_OUTER_BOUND('',#958,.T.);
#385=FACE_OUTER_BOUND('',#959,.T.);
#386=FACE_OUTER_BOUND('',#960,.T.);
#387=FACE_OUTER_BOUND('',#961,.T.);
#388=FACE_OUTER_BOUND('',#962,.T.);
#389=FACE_OUTER_BOUND('',#963,.T.);
#390=FACE_OUTER_BOUND('',#964,.T.);
#391=FACE_OUTER_BOUND('',#965,.T.);
#392=FACE_OUTER_BOUND('',#966,.T.);
#393=FACE_OUTER_BOUND('',#967,.T.);
#394=FACE_OUTER_BOUND('',#968,.T.);
#395=FACE_OUTER_BOUND('',#969,.T.);
#396=FACE_OUTER_BOUND('',#970,.T.);
#397=FACE_OUTER_BOUND('',#971,.T.);
#398=FACE_OUTER_BOUND('',#972,.T.);
#399=FACE_OUTER_BOUND('',#973,.T.);
#400=FACE_OUTER_BOUND('',#974,.T.);
#401=FACE_OUTER_BOUND('',#975,.T.);
#402=FACE_OUTER_BOUND('',#976,.T.);
#403=FACE_OUTER_BOUND('',#977,.T.);
#404=FACE_OUTER_BOUND('',#978,.T.);
#405=FACE_OUTER_BOUND('',#979,.T.);
#406=FACE_OUTER_BOUND('',#980,.T.);
#407=FACE_OUTER_BOUND('',#981,.T.);
#408=FACE_OUTER_BOUND('',#982,.T.);
#409=FACE_OUTER_BOUND('',#983,.T.);
#410=FACE_OUTER_BOUND('',#984,.T.);
#411=FACE_OUTER_BOUND('',#985,.T.);
#412=FACE_OUTER_BOUND('',#986,.T.);
#413=FACE_OUTER_BOUND('',#987,.T.);
#414=FACE_OUTER_BOUND('',#988,.T.);
#415=FACE_OUTER_BOUND('',#989,.T.);
#416=FACE_OUTER_BOUND('',#990,.T.);
#417=FACE_OUTER_BOUND('',#991,.T.);
#418=FACE_OUTER_BOUND('',#992,.T.);
#419=FACE_OUTER_BOUND('',#993,.T.);
#420=FACE_OUTER_BOUND('',#994,.T.);
#421=FACE_OUTER_BOUND('',#995,.T.);
#422=FACE_OUTER_BOUND('',#996,.T.);
#423=FACE_OUTER_BOUND('',#997,.T.);
#424=FACE_OUTER_BOUND('',#998,.T.);
#425=FACE_OUTER_BOUND('',#999,.T.);
#426=FACE_OUTER_BOUND('',#1000,.T.);
#427=FACE_OUTER_BOUND('',#1001,.T.);
#428=FACE_OUTER_BOUND('',#1002,.T.);
#429=FACE_OUTER_BOUND('',#1003,.T.);
#430=FACE_OUTER_BOUND('',#1004,.T.);
#431=FACE_OUTER_BOUND('',#1005,.T.);
#432=FACE_OUTER_BOUND('',#1006,.T.);
#433=FACE_OUTER_BOUND('',#1007,.T.);
#434=FACE_OUTER_BOUND('',#1008,.T.);
#435=FACE_OUTER_BOUND('',#1009,.T.);
#436=FACE_OUTER_BOUND('',#1010,.T.);
#437=FACE_OUTER_BOUND('',#1011,.T.);
#438=FACE_OUTER_BOUND('',#1012,.T.);
#439=FACE_OUTER_BOUND('',#1013,.T.);
#440=FACE_OUTER_BOUND('',#1014,.T.);
#441=FACE_OUTER_BOUND('',#1015,.T.);
#442=FACE_OUTER_BOUND('',#1016,.T.);
#443=FACE_OUTER_BOUND('',#1017,.T.);
#444=FACE_OUTER_BOUND('',#1018,.T.);
#445=FACE_OUTER_BOUND('',#1019,.T.);
#446=FACE_OUTER_BOUND('',#1020,.T.);
#447=FACE_OUTER_BOUND('',#1021,.T.);
#448=FACE_OUTER_BOUND('',#1022,.T.);
#449=FACE_OUTER_BOUND('',#1023,.T.);
#450=FACE_OUTER_BOUND('',#1024,.T.);
#451=FACE_OUTER_BOUND('',#1025,.T.);
#452=FACE_OUTER_BOUND('',#1026,.T.);
#453=FACE_OUTER_BOUND('',#1027,.T.);
#454=FACE_OUTER_BOUND('',#1028,.T.);
#455=FACE_OUTER_BOUND('',#1029,.T.);
#456=FACE_OUTER_BOUND('',#1030,.T.);
#457=FACE_OUTER_BOUND('',#1031,.T.);
#458=FACE_OUTER_BOUND('',#1032,.T.);
#459=FACE_OUTER_BOUND('',#1033,.T.);
#460=FACE_OUTER_BOUND('',#1034,.T.);
#461=FACE_OUTER_BOUND('',#1035,.T.);
#462=FACE_OUTER_BOUND('',#1036,.T.);
#463=FACE_OUTER_BOUND('',#1037,.T.);
#464=FACE_OUTER_BOUND('',#1038,.T.);
#465=FACE_OUTER_BOUND('',#1039,.T.);
#466=FACE_OUTER_BOUND('',#1040,.T.);
#467=FACE_OUTER_BOUND('',#1041,.T.);
#468=FACE_OUTER_BOUND('',#1042,.T.);
#469=FACE_OUTER_BOUND('',#1043,.T.);
#470=FACE_OUTER_BOUND('',#1044,.T.);
#471=FACE_OUTER_BOUND('',#1045,.T.);
#472=FACE_OUTER_BOUND('',#1046,.T.);
#473=FACE_OUTER_BOUND('',#1047,.T.);
#474=FACE_OUTER_BOUND('',#1048,.T.);
#475=FACE_OUTER_BOUND('',#1049,.T.);
#476=FACE_OUTER_BOUND('',#1050,.T.);
#477=FACE_OUTER_BOUND('',#1051,.T.);
#478=FACE_OUTER_BOUND('',#1052,.T.);
#479=FACE_OUTER_BOUND('',#1053,.T.);
#480=FACE_OUTER_BOUND('',#1054,.T.);
#481=FACE_OUTER_BOUND('',#1055,.T.);
#482=FACE_OUTER_BOUND('',#1056,.T.);
#483=FACE_OUTER_BOUND('',#1057,.T.);
#484=FACE_OUTER_BOUND('',#1058,.T.);
#485=FACE_OUTER_BOUND('',#1059,.T.);
#486=FACE_OUTER_BOUND('',#1060,.T.);
#487=FACE_OUTER_BOUND('',#1061,.T.);
#488=FACE_OUTER_BOUND('',#1062,.T.);
#489=FACE_OUTER_BOUND('',#1063,.T.);
#490=FACE_OUTER_BOUND('',#1064,.T.);
#491=FACE_OUTER_BOUND('',#1065,.T.);
#492=FACE_OUTER_BOUND('',#1066,.T.);
#493=FACE_OUTER_BOUND('',#1067,.T.);
#494=FACE_OUTER_BOUND('',#1068,.T.);
#495=FACE_OUTER_BOUND('',#1069,.T.);
#496=FACE_OUTER_BOUND('',#1070,.T.);
#497=FACE_OUTER_BOUND('',#1071,.T.);
#498=FACE_OUTER_BOUND('',#1072,.T.);
#499=FACE_OUTER_BOUND('',#1073,.T.);
#500=FACE_OUTER_BOUND('',#1074,.T.);
#501=FACE_OUTER_BOUND('',#1075,.T.);
#502=FACE_OUTER_BOUND('',#1076,.T.);
#503=FACE_OUTER_BOUND('',#1077,.T.);
#504=FACE_OUTER_BOUND('',#1078,.T.);
#505=FACE_OUTER_BOUND('',#1079,.T.);
#506=FACE_OUTER_BOUND('',#1080,.T.);
#507=FACE_OUTER_BOUND('',#1081,.T.);
#508=FACE_OUTER_BOUND('',#1082,.T.);
#509=FACE_OUTER_BOUND('',#1083,.T.);
#510=FACE_OUTER_BOUND('',#1084,.T.);
#511=FACE_OUTER_BOUND('',#1085,.T.);
#512=FACE_OUTER_BOUND('',#1086,.T.);
#513=FACE_OUTER_BOUND('',#1087,.T.);
#514=FACE_OUTER_BOUND('',#1088,.T.);
#515=FACE_OUTER_BOUND('',#1089,.T.);
#516=FACE_OUTER_BOUND('',#1090,.T.);
#517=FACE_OUTER_BOUND('',#1091,.T.);
#518=FACE_OUTER_BOUND('',#1092,.T.);
#519=FACE_OUTER_BOUND('',#1093,.T.);
#520=FACE_OUTER_BOUND('',#1094,.T.);
#521=FACE_OUTER_BOUND('',#1095,.T.);
#522=FACE_OUTER_BOUND('',#1096,.T.);
#523=FACE_OUTER_BOUND('',#1097,.T.);
#524=FACE_OUTER_BOUND('',#1098,.T.);
#525=FACE_OUTER_BOUND('',#1099,.T.);
#526=FACE_OUTER_BOUND('',#1100,.T.);
#527=FACE_OUTER_BOUND('',#1101,.T.);
#528=FACE_OUTER_BOUND('',#1102,.T.);
#529=FACE_OUTER_BOUND('',#1103,.T.);
#530=FACE_OUTER_BOUND('',#1104,.T.);
#531=FACE_OUTER_BOUND('',#1105,.T.);
#532=FACE_OUTER_BOUND('',#1106,.T.);
#533=FACE_OUTER_BOUND('',#1107,.T.);
#534=FACE_OUTER_BOUND('',#1108,.T.);
#535=FACE_OUTER_BOUND('',#1137,.T.);
#536=FACE_OUTER_BOUND('',#1138,.T.);
#537=FACE_OUTER_BOUND('',#1139,.T.);
#538=FACE_OUTER_BOUND('',#1140,.T.);
#539=FACE_OUTER_BOUND('',#1141,.T.);
#540=FACE_OUTER_BOUND('',#1142,.T.);
#541=FACE_OUTER_BOUND('',#1143,.T.);
#542=FACE_OUTER_BOUND('',#1144,.T.);
#543=FACE_OUTER_BOUND('',#1145,.T.);
#544=FACE_OUTER_BOUND('',#1146,.T.);
#545=FACE_OUTER_BOUND('',#1147,.T.);
#546=FACE_OUTER_BOUND('',#1148,.T.);
#547=FACE_OUTER_BOUND('',#1150,.T.);
#548=FACE_OUTER_BOUND('',#1152,.T.);
#549=FACE_OUTER_BOUND('',#1153,.T.);
#550=FACE_OUTER_BOUND('',#1154,.T.);
#551=FACE_OUTER_BOUND('',#1155,.T.);
#552=FACE_OUTER_BOUND('',#1157,.T.);
#553=FACE_OUTER_BOUND('',#1159,.T.);
#554=FACE_OUTER_BOUND('',#1160,.T.);
#555=FACE_OUTER_BOUND('',#1161,.T.);
#556=FACE_OUTER_BOUND('',#1162,.T.);
#557=FACE_OUTER_BOUND('',#1164,.T.);
#558=FACE_OUTER_BOUND('',#1166,.T.);
#559=FACE_OUTER_BOUND('',#1167,.T.);
#560=FACE_OUTER_BOUND('',#1168,.T.);
#561=FACE_OUTER_BOUND('',#1169,.T.);
#562=FACE_OUTER_BOUND('',#1171,.T.);
#563=FACE_OUTER_BOUND('',#1173,.T.);
#564=FACE_OUTER_BOUND('',#1174,.T.);
#565=FACE_OUTER_BOUND('',#1175,.T.);
#566=FACE_OUTER_BOUND('',#1176,.T.);
#567=FACE_OUTER_BOUND('',#1177,.T.);
#568=FACE_OUTER_BOUND('',#1178,.T.);
#569=FACE_OUTER_BOUND('',#1179,.T.);
#570=FACE_OUTER_BOUND('',#1180,.T.);
#571=FACE_OUTER_BOUND('',#1181,.T.);
#572=FACE_OUTER_BOUND('',#1182,.T.);
#573=FACE_OUTER_BOUND('',#1183,.T.);
#574=FACE_OUTER_BOUND('',#1184,.T.);
#575=FACE_OUTER_BOUND('',#1185,.T.);
#576=FACE_OUTER_BOUND('',#1186,.T.);
#577=FACE_OUTER_BOUND('',#1187,.T.);
#578=FACE_OUTER_BOUND('',#1188,.T.);
#579=FACE_OUTER_BOUND('',#1189,.T.);
#580=FACE_OUTER_BOUND('',#1190,.T.);
#581=FACE_OUTER_BOUND('',#1191,.T.);
#582=FACE_OUTER_BOUND('',#1192,.T.);
#583=FACE_OUTER_BOUND('',#1193,.T.);
#584=FACE_OUTER_BOUND('',#1194,.T.);
#585=FACE_OUTER_BOUND('',#1195,.T.);
#586=FACE_OUTER_BOUND('',#1196,.T.);
#587=FACE_OUTER_BOUND('',#1197,.T.);
#588=FACE_OUTER_BOUND('',#1198,.T.);
#589=FACE_OUTER_BOUND('',#1199,.T.);
#590=FACE_OUTER_BOUND('',#1200,.T.);
#591=FACE_OUTER_BOUND('',#1201,.T.);
#592=FACE_OUTER_BOUND('',#1202,.T.);
#593=FACE_OUTER_BOUND('',#1203,.T.);
#594=FACE_OUTER_BOUND('',#1204,.T.);
#595=FACE_OUTER_BOUND('',#1205,.T.);
#596=FACE_OUTER_BOUND('',#1206,.T.);
#597=FACE_OUTER_BOUND('',#1207,.T.);
#598=FACE_OUTER_BOUND('',#1208,.T.);
#599=FACE_OUTER_BOUND('',#1209,.T.);
#600=FACE_OUTER_BOUND('',#1210,.T.);
#601=FACE_OUTER_BOUND('',#1211,.T.);
#602=FACE_OUTER_BOUND('',#1212,.T.);
#603=FACE_OUTER_BOUND('',#1213,.T.);
#604=FACE_OUTER_BOUND('',#1214,.T.);
#605=FACE_OUTER_BOUND('',#1215,.T.);
#606=FACE_OUTER_BOUND('',#1216,.T.);
#607=FACE_OUTER_BOUND('',#1217,.T.);
#608=FACE_OUTER_BOUND('',#1218,.T.);
#609=FACE_OUTER_BOUND('',#1220,.T.);
#610=FACE_OUTER_BOUND('',#1222,.T.);
#611=FACE_OUTER_BOUND('',#1223,.T.);
#612=FACE_OUTER_BOUND('',#1224,.T.);
#613=FACE_OUTER_BOUND('',#1225,.T.);
#614=FACE_OUTER_BOUND('',#1226,.T.);
#615=FACE_OUTER_BOUND('',#1227,.T.);
#616=FACE_OUTER_BOUND('',#1228,.T.);
#617=FACE_OUTER_BOUND('',#1229,.T.);
#618=FACE_OUTER_BOUND('',#1230,.T.);
#619=FACE_OUTER_BOUND('',#1231,.T.);
#620=FACE_OUTER_BOUND('',#1232,.T.);
#621=FACE_OUTER_BOUND('',#1233,.T.);
#622=FACE_OUTER_BOUND('',#1234,.T.);
#623=FACE_OUTER_BOUND('',#1235,.T.);
#624=FACE_OUTER_BOUND('',#1236,.T.);
#625=FACE_OUTER_BOUND('',#1237,.T.);
#626=FACE_OUTER_BOUND('',#1238,.T.);
#627=FACE_OUTER_BOUND('',#1239,.T.);
#628=FACE_OUTER_BOUND('',#1240,.T.);
#629=FACE_OUTER_BOUND('',#1241,.T.);
#630=FACE_OUTER_BOUND('',#1242,.T.);
#631=FACE_OUTER_BOUND('',#1243,.T.);
#632=FACE_OUTER_BOUND('',#1244,.T.);
#633=FACE_OUTER_BOUND('',#1245,.T.);
#634=FACE_OUTER_BOUND('',#1246,.T.);
#635=FACE_OUTER_BOUND('',#1247,.T.);
#636=FACE_OUTER_BOUND('',#1248,.T.);
#637=FACE_OUTER_BOUND('',#1253,.T.);
#638=FACE_OUTER_BOUND('',#1258,.T.);
#639=FACE_OUTER_BOUND('',#1259,.T.);
#640=FACE_OUTER_BOUND('',#1260,.T.);
#641=FACE_OUTER_BOUND('',#1261,.T.);
#642=FACE_OUTER_BOUND('',#1290,.T.);
#643=FACE_OUTER_BOUND('',#1291,.T.);
#644=FACE_OUTER_BOUND('',#1292,.T.);
#645=FACE_OUTER_BOUND('',#1293,.T.);
#646=FACE_OUTER_BOUND('',#1294,.T.);
#647=FACE_OUTER_BOUND('',#1295,.T.);
#648=FACE_OUTER_BOUND('',#1296,.T.);
#649=FACE_OUTER_BOUND('',#1297,.T.);
#650=FACE_OUTER_BOUND('',#1298,.T.);
#651=FACE_OUTER_BOUND('',#1299,.T.);
#652=FACE_OUTER_BOUND('',#1300,.T.);
#653=FACE_OUTER_BOUND('',#1301,.T.);
#654=FACE_OUTER_BOUND('',#1302,.T.);
#655=FACE_OUTER_BOUND('',#1303,.T.);
#656=FACE_OUTER_BOUND('',#1304,.T.);
#657=FACE_OUTER_BOUND('',#1305,.T.);
#658=FACE_OUTER_BOUND('',#1306,.T.);
#659=FACE_OUTER_BOUND('',#1307,.T.);
#660=FACE_OUTER_BOUND('',#1308,.T.);
#661=FACE_OUTER_BOUND('',#1309,.T.);
#662=FACE_OUTER_BOUND('',#1310,.T.);
#663=FACE_OUTER_BOUND('',#1311,.T.);
#664=FACE_OUTER_BOUND('',#1312,.T.);
#665=FACE_OUTER_BOUND('',#1313,.T.);
#666=FACE_OUTER_BOUND('',#1314,.T.);
#667=FACE_OUTER_BOUND('',#1315,.T.);
#668=FACE_OUTER_BOUND('',#1316,.T.);
#669=FACE_OUTER_BOUND('',#1317,.T.);
#670=FACE_OUTER_BOUND('',#1318,.T.);
#671=FACE_OUTER_BOUND('',#1319,.T.);
#672=FACE_OUTER_BOUND('',#1320,.T.);
#673=FACE_OUTER_BOUND('',#1321,.T.);
#674=FACE_OUTER_BOUND('',#1322,.T.);
#675=FACE_OUTER_BOUND('',#1323,.T.);
#676=FACE_OUTER_BOUND('',#1324,.T.);
#677=FACE_OUTER_BOUND('',#1325,.T.);
#678=FACE_OUTER_BOUND('',#1326,.T.);
#679=FACE_OUTER_BOUND('',#1327,.T.);
#680=FACE_OUTER_BOUND('',#1328,.T.);
#681=FACE_OUTER_BOUND('',#1329,.T.);
#682=FACE_OUTER_BOUND('',#1330,.T.);
#683=FACE_OUTER_BOUND('',#1331,.T.);
#684=FACE_OUTER_BOUND('',#1332,.T.);
#685=FACE_OUTER_BOUND('',#1333,.T.);
#686=FACE_OUTER_BOUND('',#1334,.T.);
#687=FACE_OUTER_BOUND('',#1335,.T.);
#688=FACE_OUTER_BOUND('',#1336,.T.);
#689=FACE_OUTER_BOUND('',#1337,.T.);
#690=FACE_OUTER_BOUND('',#1338,.T.);
#691=FACE_OUTER_BOUND('',#1339,.T.);
#692=FACE_OUTER_BOUND('',#1340,.T.);
#693=FACE_OUTER_BOUND('',#1341,.T.);
#694=FACE_OUTER_BOUND('',#1342,.T.);
#695=FACE_OUTER_BOUND('',#1343,.T.);
#696=FACE_OUTER_BOUND('',#1344,.T.);
#697=FACE_OUTER_BOUND('',#1345,.T.);
#698=FACE_OUTER_BOUND('',#1346,.T.);
#699=FACE_OUTER_BOUND('',#1347,.T.);
#700=FACE_OUTER_BOUND('',#1348,.T.);
#701=FACE_OUTER_BOUND('',#1349,.T.);
#702=FACE_OUTER_BOUND('',#1350,.T.);
#703=FACE_OUTER_BOUND('',#1351,.T.);
#704=FACE_OUTER_BOUND('',#1352,.T.);
#705=FACE_OUTER_BOUND('',#1353,.T.);
#706=FACE_OUTER_BOUND('',#1354,.T.);
#707=FACE_OUTER_BOUND('',#1355,.T.);
#708=FACE_OUTER_BOUND('',#1356,.T.);
#709=FACE_OUTER_BOUND('',#1357,.T.);
#710=FACE_OUTER_BOUND('',#1358,.T.);
#711=FACE_OUTER_BOUND('',#1359,.T.);
#712=FACE_OUTER_BOUND('',#1360,.T.);
#713=FACE_OUTER_BOUND('',#1361,.T.);
#714=FACE_OUTER_BOUND('',#1362,.T.);
#715=FACE_OUTER_BOUND('',#1363,.T.);
#716=FACE_OUTER_BOUND('',#1364,.T.);
#717=FACE_OUTER_BOUND('',#1365,.T.);
#718=FACE_OUTER_BOUND('',#1366,.T.);
#719=FACE_OUTER_BOUND('',#1367,.T.);
#720=FACE_OUTER_BOUND('',#1368,.T.);
#721=FACE_OUTER_BOUND('',#1369,.T.);
#722=FACE_OUTER_BOUND('',#1370,.T.);
#723=FACE_OUTER_BOUND('',#1371,.T.);
#724=FACE_OUTER_BOUND('',#1372,.T.);
#725=FACE_OUTER_BOUND('',#1373,.T.);
#726=FACE_OUTER_BOUND('',#1374,.T.);
#727=FACE_OUTER_BOUND('',#1375,.T.);
#728=FACE_OUTER_BOUND('',#1376,.T.);
#729=FACE_OUTER_BOUND('',#1377,.T.);
#730=FACE_OUTER_BOUND('',#1378,.T.);
#731=FACE_OUTER_BOUND('',#1379,.T.);
#732=FACE_OUTER_BOUND('',#1380,.T.);
#733=FACE_OUTER_BOUND('',#1381,.T.);
#734=FACE_OUTER_BOUND('',#1382,.T.);
#735=FACE_OUTER_BOUND('',#1383,.T.);
#736=FACE_OUTER_BOUND('',#1384,.T.);
#737=FACE_OUTER_BOUND('',#1385,.T.);
#738=FACE_OUTER_BOUND('',#1386,.T.);
#739=FACE_OUTER_BOUND('',#1387,.T.);
#740=FACE_OUTER_BOUND('',#1388,.T.);
#741=FACE_OUTER_BOUND('',#1389,.T.);
#742=FACE_OUTER_BOUND('',#1390,.T.);
#743=FACE_OUTER_BOUND('',#1391,.T.);
#744=FACE_OUTER_BOUND('',#1392,.T.);
#745=FACE_OUTER_BOUND('',#1393,.T.);
#746=FACE_OUTER_BOUND('',#1394,.T.);
#747=FACE_OUTER_BOUND('',#1395,.T.);
#748=FACE_OUTER_BOUND('',#1396,.T.);
#749=FACE_OUTER_BOUND('',#1397,.T.);
#750=FACE_OUTER_BOUND('',#1398,.T.);
#751=FACE_OUTER_BOUND('',#1399,.T.);
#752=FACE_OUTER_BOUND('',#1400,.T.);
#753=FACE_OUTER_BOUND('',#1401,.T.);
#754=FACE_OUTER_BOUND('',#1402,.T.);
#755=FACE_OUTER_BOUND('',#1403,.T.);
#756=FACE_OUTER_BOUND('',#1404,.T.);
#757=FACE_OUTER_BOUND('',#1405,.T.);
#758=FACE_OUTER_BOUND('',#1406,.T.);
#759=FACE_OUTER_BOUND('',#1407,.T.);
#760=FACE_OUTER_BOUND('',#1408,.T.);
#761=FACE_OUTER_BOUND('',#1409,.T.);
#762=FACE_OUTER_BOUND('',#1410,.T.);
#763=FACE_OUTER_BOUND('',#1411,.T.);
#764=FACE_OUTER_BOUND('',#1412,.T.);
#765=FACE_OUTER_BOUND('',#1413,.T.);
#766=FACE_OUTER_BOUND('',#1414,.T.);
#767=FACE_OUTER_BOUND('',#1415,.T.);
#768=FACE_OUTER_BOUND('',#1416,.T.);
#769=FACE_OUTER_BOUND('',#1417,.T.);
#770=FACE_OUTER_BOUND('',#1418,.T.);
#771=FACE_OUTER_BOUND('',#1419,.T.);
#772=FACE_OUTER_BOUND('',#1420,.T.);
#773=FACE_OUTER_BOUND('',#1421,.T.);
#774=FACE_OUTER_BOUND('',#1422,.T.);
#775=FACE_OUTER_BOUND('',#1423,.T.);
#776=FACE_OUTER_BOUND('',#1424,.T.);
#777=FACE_OUTER_BOUND('',#1425,.T.);
#778=FACE_OUTER_BOUND('',#1426,.T.);
#779=FACE_OUTER_BOUND('',#1427,.T.);
#780=FACE_OUTER_BOUND('',#1428,.T.);
#781=FACE_OUTER_BOUND('',#1429,.T.);
#782=FACE_OUTER_BOUND('',#1430,.T.);
#783=FACE_OUTER_BOUND('',#1431,.T.);
#784=FACE_OUTER_BOUND('',#1432,.T.);
#785=FACE_OUTER_BOUND('',#1433,.T.);
#786=FACE_OUTER_BOUND('',#1434,.T.);
#787=FACE_OUTER_BOUND('',#1435,.T.);
#788=FACE_OUTER_BOUND('',#1436,.T.);
#789=FACE_OUTER_BOUND('',#1437,.T.);
#790=FACE_OUTER_BOUND('',#1438,.T.);
#791=FACE_OUTER_BOUND('',#1439,.T.);
#792=FACE_OUTER_BOUND('',#1440,.T.);
#793=FACE_OUTER_BOUND('',#1441,.T.);
#794=FACE_OUTER_BOUND('',#1442,.T.);
#795=FACE_OUTER_BOUND('',#1443,.T.);
#796=FACE_OUTER_BOUND('',#1444,.T.);
#797=FACE_OUTER_BOUND('',#1445,.T.);
#798=FACE_OUTER_BOUND('',#1446,.T.);
#799=FACE_OUTER_BOUND('',#1447,.T.);
#800=FACE_OUTER_BOUND('',#1448,.T.);
#801=FACE_OUTER_BOUND('',#1449,.T.);
#802=FACE_OUTER_BOUND('',#1450,.T.);
#803=FACE_OUTER_BOUND('',#1451,.T.);
#804=FACE_OUTER_BOUND('',#1452,.T.);
#805=FACE_OUTER_BOUND('',#1453,.T.);
#806=FACE_OUTER_BOUND('',#1454,.T.);
#807=FACE_OUTER_BOUND('',#1455,.T.);
#808=FACE_OUTER_BOUND('',#1484,.T.);
#809=FACE_OUTER_BOUND('',#1485,.T.);
#810=FACE_OUTER_BOUND('',#1486,.T.);
#811=FACE_OUTER_BOUND('',#1487,.T.);
#812=FACE_OUTER_BOUND('',#1488,.T.);
#813=FACE_OUTER_BOUND('',#1489,.T.);
#814=FACE_OUTER_BOUND('',#1490,.T.);
#815=FACE_OUTER_BOUND('',#1491,.T.);
#816=FACE_OUTER_BOUND('',#1492,.T.);
#817=FACE_OUTER_BOUND('',#1493,.T.);
#818=FACE_OUTER_BOUND('',#1494,.T.);
#819=FACE_OUTER_BOUND('',#1495,.T.);
#820=FACE_OUTER_BOUND('',#1497,.T.);
#821=FACE_OUTER_BOUND('',#1499,.T.);
#822=FACE_OUTER_BOUND('',#1500,.T.);
#823=FACE_OUTER_BOUND('',#1501,.T.);
#824=FACE_OUTER_BOUND('',#1502,.T.);
#825=FACE_OUTER_BOUND('',#1504,.T.);
#826=FACE_OUTER_BOUND('',#1506,.T.);
#827=FACE_OUTER_BOUND('',#1507,.T.);
#828=FACE_OUTER_BOUND('',#1508,.T.);
#829=FACE_OUTER_BOUND('',#1509,.T.);
#830=FACE_OUTER_BOUND('',#1511,.T.);
#831=FACE_OUTER_BOUND('',#1513,.T.);
#832=FACE_OUTER_BOUND('',#1514,.T.);
#833=FACE_OUTER_BOUND('',#1515,.T.);
#834=FACE_OUTER_BOUND('',#1516,.T.);
#835=FACE_OUTER_BOUND('',#1518,.T.);
#836=FACE_OUTER_BOUND('',#1520,.T.);
#837=FACE_OUTER_BOUND('',#1521,.T.);
#838=FACE_OUTER_BOUND('',#1522,.T.);
#839=FACE_OUTER_BOUND('',#1523,.T.);
#840=FACE_OUTER_BOUND('',#1524,.T.);
#841=FACE_OUTER_BOUND('',#1525,.T.);
#842=FACE_OUTER_BOUND('',#1526,.T.);
#843=FACE_OUTER_BOUND('',#1527,.T.);
#844=FACE_OUTER_BOUND('',#1528,.T.);
#845=FACE_OUTER_BOUND('',#1529,.T.);
#846=FACE_OUTER_BOUND('',#1530,.T.);
#847=FACE_OUTER_BOUND('',#1531,.T.);
#848=FACE_OUTER_BOUND('',#1532,.T.);
#849=FACE_OUTER_BOUND('',#1533,.T.);
#850=FACE_OUTER_BOUND('',#1534,.T.);
#851=FACE_OUTER_BOUND('',#1535,.T.);
#852=FACE_OUTER_BOUND('',#1536,.T.);
#853=FACE_OUTER_BOUND('',#1537,.T.);
#854=FACE_OUTER_BOUND('',#1538,.T.);
#855=FACE_OUTER_BOUND('',#1539,.T.);
#856=FACE_OUTER_BOUND('',#1540,.T.);
#857=FACE_OUTER_BOUND('',#1541,.T.);
#858=FACE_OUTER_BOUND('',#1542,.T.);
#859=FACE_OUTER_BOUND('',#1543,.T.);
#860=FACE_OUTER_BOUND('',#1544,.T.);
#861=FACE_OUTER_BOUND('',#1545,.T.);
#862=FACE_OUTER_BOUND('',#1546,.T.);
#863=FACE_OUTER_BOUND('',#1547,.T.);
#864=FACE_OUTER_BOUND('',#1548,.T.);
#865=FACE_OUTER_BOUND('',#1549,.T.);
#866=FACE_OUTER_BOUND('',#1550,.T.);
#867=FACE_OUTER_BOUND('',#1551,.T.);
#868=FACE_OUTER_BOUND('',#1552,.T.);
#869=FACE_OUTER_BOUND('',#1553,.T.);
#870=FACE_OUTER_BOUND('',#1554,.T.);
#871=FACE_OUTER_BOUND('',#1555,.T.);
#872=FACE_OUTER_BOUND('',#1556,.T.);
#873=FACE_OUTER_BOUND('',#1557,.T.);
#874=FACE_OUTER_BOUND('',#1558,.T.);
#875=FACE_OUTER_BOUND('',#1559,.T.);
#876=FACE_OUTER_BOUND('',#1560,.T.);
#877=FACE_OUTER_BOUND('',#1561,.T.);
#878=FACE_OUTER_BOUND('',#1562,.T.);
#879=FACE_OUTER_BOUND('',#1563,.T.);
#880=FACE_OUTER_BOUND('',#1564,.T.);
#881=FACE_OUTER_BOUND('',#1565,.T.);
#882=FACE_OUTER_BOUND('',#1567,.T.);
#883=FACE_OUTER_BOUND('',#1569,.T.);
#884=FACE_OUTER_BOUND('',#1570,.T.);
#885=FACE_OUTER_BOUND('',#1571,.T.);
#886=FACE_OUTER_BOUND('',#1572,.T.);
#887=FACE_OUTER_BOUND('',#1573,.T.);
#888=FACE_OUTER_BOUND('',#1574,.T.);
#889=FACE_OUTER_BOUND('',#1575,.T.);
#890=FACE_OUTER_BOUND('',#1576,.T.);
#891=FACE_OUTER_BOUND('',#1577,.T.);
#892=FACE_OUTER_BOUND('',#1578,.T.);
#893=FACE_OUTER_BOUND('',#1579,.T.);
#894=FACE_OUTER_BOUND('',#1580,.T.);
#895=FACE_OUTER_BOUND('',#1581,.T.);
#896=FACE_OUTER_BOUND('',#1582,.T.);
#897=FACE_OUTER_BOUND('',#1583,.T.);
#898=FACE_OUTER_BOUND('',#1584,.T.);
#899=FACE_OUTER_BOUND('',#1585,.T.);
#900=FACE_OUTER_BOUND('',#1586,.T.);
#901=FACE_OUTER_BOUND('',#1587,.T.);
#902=FACE_OUTER_BOUND('',#1588,.T.);
#903=FACE_OUTER_BOUND('',#1589,.T.);
#904=FACE_OUTER_BOUND('',#1590,.T.);
#905=FACE_OUTER_BOUND('',#1591,.T.);
#906=FACE_OUTER_BOUND('',#1592,.T.);
#907=FACE_OUTER_BOUND('',#1593,.T.);
#908=FACE_OUTER_BOUND('',#1594,.T.);
#909=FACE_OUTER_BOUND('',#1595,.T.);
#910=FACE_OUTER_BOUND('',#1600,.T.);
#911=EDGE_LOOP('',(#6799,#6800,#6801,#6802));
#912=EDGE_LOOP('',(#6803,#6804,#6805,#6806));
#913=EDGE_LOOP('',(#6807,#6808,#6809,#6810));
#914=EDGE_LOOP('',(#6811,#6812,#6813,#6814,#6815,#6816,#6817,#6818,#6819,
#6820,#6821,#6822,#6823,#6824,#6825,#6826,#6827,#6828,#6829,#6830,#6831,
#6832));
#915=EDGE_LOOP('',(#6833,#6834,#6835,#6836));
#916=EDGE_LOOP('',(#6837,#6838,#6839,#6840));
#917=EDGE_LOOP('',(#6841,#6842,#6843,#6844));
#918=EDGE_LOOP('',(#6845,#6846));
#919=EDGE_LOOP('',(#6847,#6848,#6849,#6850));
#920=EDGE_LOOP('',(#6851,#6852));
#921=EDGE_LOOP('',(#6853,#6854,#6855,#6856));
#922=EDGE_LOOP('',(#6857,#6858,#6859,#6860));
#923=EDGE_LOOP('',(#6861,#6862,#6863,#6864));
#924=EDGE_LOOP('',(#6865,#6866,#6867,#6868));
#925=EDGE_LOOP('',(#6869,#6870,#6871,#6872));
#926=EDGE_LOOP('',(#6873,#6874,#6875,#6876));
#927=EDGE_LOOP('',(#6877));
#928=EDGE_LOOP('',(#6878,#6879,#6880,#6881));
#929=EDGE_LOOP('',(#6882,#6883,#6884,#6885));
#930=EDGE_LOOP('',(#6886));
#931=EDGE_LOOP('',(#6887,#6888,#6889,#6890));
#932=EDGE_LOOP('',(#6891,#6892,#6893,#6894));
#933=EDGE_LOOP('',(#6895,#6896,#6897,#6898));
#934=EDGE_LOOP('',(#6899,#6900,#6901,#6902,#6903,#6904,#6905,#6906,#6907,
#6908,#6909,#6910,#6911,#6912,#6913,#6914,#6915,#6916,#6917,#6918,#6919,
#6920,#6921,#6922,#6923,#6924,#6925,#6926,#6927,#6928,#6929,#6930));
#935=EDGE_LOOP('',(#6931));
#936=EDGE_LOOP('',(#6932,#6933,#6934,#6935));
#937=EDGE_LOOP('',(#6936,#6937,#6938,#6939));
#938=EDGE_LOOP('',(#6940,#6941,#6942,#6943));
#939=EDGE_LOOP('',(#6944));
#940=EDGE_LOOP('',(#6945,#6946,#6947,#6948));
#941=EDGE_LOOP('',(#6949,#6950,#6951,#6952));
#942=EDGE_LOOP('',(#6953,#6954,#6955,#6956));
#943=EDGE_LOOP('',(#6957,#6958,#6959,#6960));
#944=EDGE_LOOP('',(#6961,#6962,#6963,#6964));
#945=EDGE_LOOP('',(#6965,#6966,#6967,#6968));
#946=EDGE_LOOP('',(#6969,#6970,#6971,#6972));
#947=EDGE_LOOP('',(#6973,#6974,#6975,#6976));
#948=EDGE_LOOP('',(#6977,#6978,#6979,#6980));
#949=EDGE_LOOP('',(#6981,#6982,#6983,#6984));
#950=EDGE_LOOP('',(#6985,#6986,#6987,#6988));
#951=EDGE_LOOP('',(#6989,#6990,#6991,#6992));
#952=EDGE_LOOP('',(#6993,#6994,#6995,#6996));
#953=EDGE_LOOP('',(#6997,#6998,#6999,#7000));
#954=EDGE_LOOP('',(#7001,#7002,#7003,#7004));
#955=EDGE_LOOP('',(#7005,#7006,#7007,#7008));
#956=EDGE_LOOP('',(#7009,#7010,#7011,#7012));
#957=EDGE_LOOP('',(#7013,#7014,#7015,#7016));
#958=EDGE_LOOP('',(#7017,#7018,#7019,#7020));
#959=EDGE_LOOP('',(#7021,#7022,#7023,#7024));
#960=EDGE_LOOP('',(#7025,#7026,#7027,#7028));
#961=EDGE_LOOP('',(#7029,#7030,#7031,#7032));
#962=EDGE_LOOP('',(#7033,#7034,#7035,#7036));
#963=EDGE_LOOP('',(#7037,#7038,#7039,#7040));
#964=EDGE_LOOP('',(#7041,#7042,#7043,#7044));
#965=EDGE_LOOP('',(#7045,#7046,#7047,#7048));
#966=EDGE_LOOP('',(#7049,#7050,#7051,#7052));
#967=EDGE_LOOP('',(#7053,#7054,#7055,#7056));
#968=EDGE_LOOP('',(#7057,#7058,#7059,#7060));
#969=EDGE_LOOP('',(#7061,#7062,#7063,#7064));
#970=EDGE_LOOP('',(#7065,#7066,#7067,#7068));
#971=EDGE_LOOP('',(#7069,#7070,#7071,#7072));
#972=EDGE_LOOP('',(#7073,#7074,#7075,#7076));
#973=EDGE_LOOP('',(#7077,#7078,#7079,#7080));
#974=EDGE_LOOP('',(#7081,#7082,#7083,#7084));
#975=EDGE_LOOP('',(#7085,#7086,#7087,#7088));
#976=EDGE_LOOP('',(#7089,#7090,#7091,#7092));
#977=EDGE_LOOP('',(#7093,#7094,#7095,#7096));
#978=EDGE_LOOP('',(#7097,#7098,#7099,#7100));
#979=EDGE_LOOP('',(#7101,#7102,#7103,#7104));
#980=EDGE_LOOP('',(#7105,#7106,#7107,#7108));
#981=EDGE_LOOP('',(#7109,#7110,#7111,#7112));
#982=EDGE_LOOP('',(#7113,#7114,#7115,#7116));
#983=EDGE_LOOP('',(#7117,#7118,#7119,#7120));
#984=EDGE_LOOP('',(#7121,#7122,#7123,#7124));
#985=EDGE_LOOP('',(#7125,#7126,#7127,#7128));
#986=EDGE_LOOP('',(#7129,#7130,#7131,#7132));
#987=EDGE_LOOP('',(#7133,#7134,#7135,#7136));
#988=EDGE_LOOP('',(#7137,#7138,#7139,#7140));
#989=EDGE_LOOP('',(#7141,#7142,#7143,#7144));
#990=EDGE_LOOP('',(#7145,#7146,#7147,#7148));
#991=EDGE_LOOP('',(#7149,#7150,#7151,#7152));
#992=EDGE_LOOP('',(#7153,#7154,#7155,#7156));
#993=EDGE_LOOP('',(#7157,#7158,#7159,#7160));
#994=EDGE_LOOP('',(#7161,#7162,#7163,#7164));
#995=EDGE_LOOP('',(#7165,#7166,#7167,#7168));
#996=EDGE_LOOP('',(#7169,#7170,#7171,#7172));
#997=EDGE_LOOP('',(#7173,#7174,#7175,#7176));
#998=EDGE_LOOP('',(#7177,#7178,#7179,#7180));
#999=EDGE_LOOP('',(#7181,#7182,#7183,#7184));
#1000=EDGE_LOOP('',(#7185,#7186,#7187,#7188));
#1001=EDGE_LOOP('',(#7189,#7190,#7191,#7192));
#1002=EDGE_LOOP('',(#7193,#7194,#7195,#7196));
#1003=EDGE_LOOP('',(#7197,#7198,#7199,#7200));
#1004=EDGE_LOOP('',(#7201,#7202,#7203,#7204));
#1005=EDGE_LOOP('',(#7205,#7206,#7207,#7208));
#1006=EDGE_LOOP('',(#7209,#7210,#7211,#7212));
#1007=EDGE_LOOP('',(#7213,#7214,#7215,#7216));
#1008=EDGE_LOOP('',(#7217,#7218,#7219,#7220));
#1009=EDGE_LOOP('',(#7221,#7222,#7223,#7224));
#1010=EDGE_LOOP('',(#7225,#7226,#7227,#7228));
#1011=EDGE_LOOP('',(#7229,#7230,#7231,#7232));
#1012=EDGE_LOOP('',(#7233,#7234,#7235,#7236));
#1013=EDGE_LOOP('',(#7237,#7238,#7239,#7240));
#1014=EDGE_LOOP('',(#7241,#7242,#7243,#7244));
#1015=EDGE_LOOP('',(#7245,#7246,#7247,#7248));
#1016=EDGE_LOOP('',(#7249,#7250,#7251,#7252));
#1017=EDGE_LOOP('',(#7253,#7254,#7255,#7256));
#1018=EDGE_LOOP('',(#7257,#7258,#7259,#7260));
#1019=EDGE_LOOP('',(#7261,#7262,#7263,#7264));
#1020=EDGE_LOOP('',(#7265,#7266,#7267,#7268));
#1021=EDGE_LOOP('',(#7269,#7270,#7271,#7272));
#1022=EDGE_LOOP('',(#7273,#7274,#7275,#7276));
#1023=EDGE_LOOP('',(#7277,#7278,#7279,#7280));
#1024=EDGE_LOOP('',(#7281,#7282,#7283,#7284));
#1025=EDGE_LOOP('',(#7285,#7286,#7287,#7288));
#1026=EDGE_LOOP('',(#7289,#7290,#7291,#7292));
#1027=EDGE_LOOP('',(#7293,#7294,#7295,#7296));
#1028=EDGE_LOOP('',(#7297,#7298,#7299,#7300));
#1029=EDGE_LOOP('',(#7301,#7302,#7303,#7304));
#1030=EDGE_LOOP('',(#7305,#7306,#7307,#7308));
#1031=EDGE_LOOP('',(#7309,#7310,#7311,#7312));
#1032=EDGE_LOOP('',(#7313,#7314,#7315,#7316));
#1033=EDGE_LOOP('',(#7317,#7318,#7319,#7320));
#1034=EDGE_LOOP('',(#7321,#7322,#7323,#7324));
#1035=EDGE_LOOP('',(#7325,#7326,#7327,#7328));
#1036=EDGE_LOOP('',(#7329,#7330,#7331,#7332));
#1037=EDGE_LOOP('',(#7333,#7334,#7335,#7336));
#1038=EDGE_LOOP('',(#7337,#7338,#7339,#7340));
#1039=EDGE_LOOP('',(#7341,#7342,#7343,#7344));
#1040=EDGE_LOOP('',(#7345,#7346,#7347,#7348));
#1041=EDGE_LOOP('',(#7349,#7350,#7351,#7352));
#1042=EDGE_LOOP('',(#7353,#7354,#7355,#7356));
#1043=EDGE_LOOP('',(#7357,#7358,#7359,#7360));
#1044=EDGE_LOOP('',(#7361,#7362,#7363,#7364));
#1045=EDGE_LOOP('',(#7365,#7366,#7367,#7368));
#1046=EDGE_LOOP('',(#7369,#7370,#7371,#7372));
#1047=EDGE_LOOP('',(#7373,#7374,#7375,#7376));
#1048=EDGE_LOOP('',(#7377,#7378,#7379,#7380));
#1049=EDGE_LOOP('',(#7381,#7382,#7383,#7384));
#1050=EDGE_LOOP('',(#7385,#7386,#7387,#7388));
#1051=EDGE_LOOP('',(#7389,#7390,#7391,#7392));
#1052=EDGE_LOOP('',(#7393,#7394,#7395,#7396));
#1053=EDGE_LOOP('',(#7397,#7398,#7399,#7400));
#1054=EDGE_LOOP('',(#7401,#7402,#7403,#7404));
#1055=EDGE_LOOP('',(#7405,#7406,#7407,#7408));
#1056=EDGE_LOOP('',(#7409,#7410,#7411,#7412));
#1057=EDGE_LOOP('',(#7413,#7414,#7415,#7416));
#1058=EDGE_LOOP('',(#7417,#7418,#7419,#7420));
#1059=EDGE_LOOP('',(#7421,#7422,#7423,#7424));
#1060=EDGE_LOOP('',(#7425,#7426,#7427,#7428));
#1061=EDGE_LOOP('',(#7429,#7430,#7431,#7432));
#1062=EDGE_LOOP('',(#7433,#7434,#7435,#7436));
#1063=EDGE_LOOP('',(#7437,#7438,#7439,#7440));
#1064=EDGE_LOOP('',(#7441,#7442,#7443,#7444));
#1065=EDGE_LOOP('',(#7445,#7446,#7447,#7448));
#1066=EDGE_LOOP('',(#7449,#7450,#7451,#7452));
#1067=EDGE_LOOP('',(#7453,#7454,#7455,#7456));
#1068=EDGE_LOOP('',(#7457,#7458,#7459,#7460));
#1069=EDGE_LOOP('',(#7461,#7462,#7463,#7464));
#1070=EDGE_LOOP('',(#7465,#7466,#7467,#7468));
#1071=EDGE_LOOP('',(#7469,#7470,#7471,#7472));
#1072=EDGE_LOOP('',(#7473,#7474,#7475,#7476));
#1073=EDGE_LOOP('',(#7477,#7478,#7479,#7480));
#1074=EDGE_LOOP('',(#7481,#7482,#7483,#7484));
#1075=EDGE_LOOP('',(#7485,#7486,#7487,#7488));
#1076=EDGE_LOOP('',(#7489,#7490,#7491,#7492));
#1077=EDGE_LOOP('',(#7493,#7494,#7495,#7496));
#1078=EDGE_LOOP('',(#7497,#7498,#7499,#7500));
#1079=EDGE_LOOP('',(#7501,#7502,#7503,#7504));
#1080=EDGE_LOOP('',(#7505,#7506,#7507,#7508));
#1081=EDGE_LOOP('',(#7509,#7510,#7511,#7512));
#1082=EDGE_LOOP('',(#7513,#7514,#7515,#7516));
#1083=EDGE_LOOP('',(#7517,#7518,#7519,#7520));
#1084=EDGE_LOOP('',(#7521,#7522,#7523,#7524));
#1085=EDGE_LOOP('',(#7525,#7526,#7527,#7528));
#1086=EDGE_LOOP('',(#7529,#7530,#7531,#7532));
#1087=EDGE_LOOP('',(#7533,#7534,#7535,#7536));
#1088=EDGE_LOOP('',(#7537,#7538,#7539,#7540));
#1089=EDGE_LOOP('',(#7541,#7542,#7543,#7544));
#1090=EDGE_LOOP('',(#7545,#7546,#7547,#7548));
#1091=EDGE_LOOP('',(#7549,#7550,#7551,#7552));
#1092=EDGE_LOOP('',(#7553,#7554,#7555,#7556));
#1093=EDGE_LOOP('',(#7557,#7558,#7559,#7560));
#1094=EDGE_LOOP('',(#7561,#7562,#7563,#7564));
#1095=EDGE_LOOP('',(#7565,#7566,#7567,#7568));
#1096=EDGE_LOOP('',(#7569,#7570,#7571,#7572));
#1097=EDGE_LOOP('',(#7573,#7574,#7575,#7576));
#1098=EDGE_LOOP('',(#7577,#7578,#7579,#7580));
#1099=EDGE_LOOP('',(#7581,#7582,#7583,#7584));
#1100=EDGE_LOOP('',(#7585,#7586,#7587,#7588));
#1101=EDGE_LOOP('',(#7589,#7590,#7591,#7592));
#1102=EDGE_LOOP('',(#7593,#7594,#7595,#7596));
#1103=EDGE_LOOP('',(#7597,#7598,#7599,#7600));
#1104=EDGE_LOOP('',(#7601,#7602,#7603,#7604));
#1105=EDGE_LOOP('',(#7605,#7606,#7607,#7608));
#1106=EDGE_LOOP('',(#7609,#7610,#7611,#7612));
#1107=EDGE_LOOP('',(#7613,#7614,#7615,#7616));
#1108=EDGE_LOOP('',(#7617,#7618,#7619,#7620,#7621,#7622,#7623,#7624,#7625,
#7626,#7627,#7628,#7629,#7630,#7631,#7632,#7633,#7634,#7635,#7636,#7637,
#7638));
#1109=EDGE_LOOP('',(#7639,#7640,#7641,#7642));
#1110=EDGE_LOOP('',(#7643,#7644,#7645,#7646));
#1111=EDGE_LOOP('',(#7647,#7648,#7649,#7650));
#1112=EDGE_LOOP('',(#7651));
#1113=EDGE_LOOP('',(#7652,#7653,#7654,#7655));
#1114=EDGE_LOOP('',(#7656,#7657,#7658,#7659));
#1115=EDGE_LOOP('',(#7660,#7661,#7662,#7663));
#1116=EDGE_LOOP('',(#7664));
#1117=EDGE_LOOP('',(#7665,#7666,#7667,#7668,#7669,#7670,#7671,#7672,#7673,
#7674,#7675,#7676,#7677,#7678,#7679,#7680,#7681,#7682,#7683,#7684,#7685,
#7686,#7687,#7688,#7689,#7690,#7691,#7692,#7693,#7694,#7695,#7696));
#1118=EDGE_LOOP('',(#7697,#7698,#7699,#7700));
#1119=EDGE_LOOP('',(#7701,#7702,#7703,#7704));
#1120=EDGE_LOOP('',(#7705,#7706,#7707,#7708));
#1121=EDGE_LOOP('',(#7709));
#1122=EDGE_LOOP('',(#7710,#7711,#7712,#7713));
#1123=EDGE_LOOP('',(#7714,#7715,#7716,#7717));
#1124=EDGE_LOOP('',(#7718));
#1125=EDGE_LOOP('',(#7719,#7720,#7721,#7722));
#1126=EDGE_LOOP('',(#7723,#7724,#7725,#7726));
#1127=EDGE_LOOP('',(#7727,#7728,#7729,#7730));
#1128=EDGE_LOOP('',(#7731,#7732,#7733,#7734));
#1129=EDGE_LOOP('',(#7735,#7736,#7737,#7738));
#1130=EDGE_LOOP('',(#7739,#7740,#7741,#7742));
#1131=EDGE_LOOP('',(#7743,#7744));
#1132=EDGE_LOOP('',(#7745,#7746,#7747,#7748));
#1133=EDGE_LOOP('',(#7749,#7750));
#1134=EDGE_LOOP('',(#7751,#7752,#7753,#7754));
#1135=EDGE_LOOP('',(#7755,#7756,#7757,#7758));
#1136=EDGE_LOOP('',(#7759,#7760,#7761,#7762));
#1137=EDGE_LOOP('',(#7763,#7764,#7765,#7766));
#1138=EDGE_LOOP('',(#7767,#7768,#7769,#7770));
#1139=EDGE_LOOP('',(#7771,#7772));
#1140=EDGE_LOOP('',(#7773,#7774));
#1141=EDGE_LOOP('',(#7775,#7776,#7777,#7778));
#1142=EDGE_LOOP('',(#7779,#7780,#7781,#7782));
#1143=EDGE_LOOP('',(#7783,#7784));
#1144=EDGE_LOOP('',(#7785,#7786));
#1145=EDGE_LOOP('',(#7787,#7788,#7789,#7790));
#1146=EDGE_LOOP('',(#7791,#7792,#7793,#7794));
#1147=EDGE_LOOP('',(#7795,#7796,#7797,#7798));
#1148=EDGE_LOOP('',(#7799));
#1149=EDGE_LOOP('',(#7800,#7801));
#1150=EDGE_LOOP('',(#7802));
#1151=EDGE_LOOP('',(#7803,#7804));
#1152=EDGE_LOOP('',(#7805,#7806,#7807,#7808));
#1153=EDGE_LOOP('',(#7809,#7810,#7811,#7812));
#1154=EDGE_LOOP('',(#7813,#7814,#7815,#7816));
#1155=EDGE_LOOP('',(#7817));
#1156=EDGE_LOOP('',(#7818,#7819));
#1157=EDGE_LOOP('',(#7820));
#1158=EDGE_LOOP('',(#7821,#7822));
#1159=EDGE_LOOP('',(#7823,#7824,#7825,#7826));
#1160=EDGE_LOOP('',(#7827,#7828,#7829,#7830));
#1161=EDGE_LOOP('',(#7831,#7832,#7833,#7834));
#1162=EDGE_LOOP('',(#7835));
#1163=EDGE_LOOP('',(#7836,#7837));
#1164=EDGE_LOOP('',(#7838));
#1165=EDGE_LOOP('',(#7839,#7840));
#1166=EDGE_LOOP('',(#7841,#7842,#7843,#7844));
#1167=EDGE_LOOP('',(#7845,#7846,#7847,#7848));
#1168=EDGE_LOOP('',(#7849,#7850,#7851,#7852));
#1169=EDGE_LOOP('',(#7853));
#1170=EDGE_LOOP('',(#7854,#7855));
#1171=EDGE_LOOP('',(#7856));
#1172=EDGE_LOOP('',(#7857,#7858));
#1173=EDGE_LOOP('',(#7859,#7860,#7861,#7862));
#1174=EDGE_LOOP('',(#7863,#7864,#7865,#7866));
#1175=EDGE_LOOP('',(#7867,#7868,#7869,#7870));
#1176=EDGE_LOOP('',(#7871,#7872,#7873,#7874));
#1177=EDGE_LOOP('',(#7875,#7876,#7877,#7878));
#1178=EDGE_LOOP('',(#7879,#7880,#7881,#7882));
#1179=EDGE_LOOP('',(#7883,#7884,#7885,#7886));
#1180=EDGE_LOOP('',(#7887,#7888,#7889,#7890));
#1181=EDGE_LOOP('',(#7891,#7892,#7893,#7894));
#1182=EDGE_LOOP('',(#7895,#7896,#7897,#7898));
#1183=EDGE_LOOP('',(#7899,#7900,#7901,#7902));
#1184=EDGE_LOOP('',(#7903,#7904,#7905,#7906));
#1185=EDGE_LOOP('',(#7907,#7908,#7909,#7910));
#1186=EDGE_LOOP('',(#7911,#7912,#7913,#7914));
#1187=EDGE_LOOP('',(#7915,#7916,#7917,#7918));
#1188=EDGE_LOOP('',(#7919,#7920,#7921,#7922));
#1189=EDGE_LOOP('',(#7923,#7924,#7925,#7926));
#1190=EDGE_LOOP('',(#7927,#7928,#7929,#7930));
#1191=EDGE_LOOP('',(#7931,#7932,#7933,#7934));
#1192=EDGE_LOOP('',(#7935,#7936,#7937,#7938));
#1193=EDGE_LOOP('',(#7939,#7940,#7941,#7942));
#1194=EDGE_LOOP('',(#7943,#7944,#7945,#7946));
#1195=EDGE_LOOP('',(#7947,#7948,#7949,#7950));
#1196=EDGE_LOOP('',(#7951,#7952,#7953,#7954));
#1197=EDGE_LOOP('',(#7955,#7956,#7957,#7958));
#1198=EDGE_LOOP('',(#7959,#7960,#7961,#7962));
#1199=EDGE_LOOP('',(#7963,#7964,#7965,#7966));
#1200=EDGE_LOOP('',(#7967,#7968,#7969,#7970));
#1201=EDGE_LOOP('',(#7971,#7972,#7973,#7974));
#1202=EDGE_LOOP('',(#7975,#7976,#7977,#7978));
#1203=EDGE_LOOP('',(#7979,#7980,#7981,#7982));
#1204=EDGE_LOOP('',(#7983,#7984,#7985,#7986));
#1205=EDGE_LOOP('',(#7987,#7988,#7989,#7990));
#1206=EDGE_LOOP('',(#7991,#7992,#7993,#7994));
#1207=EDGE_LOOP('',(#7995,#7996,#7997,#7998));
#1208=EDGE_LOOP('',(#7999,#8000,#8001,#8002));
#1209=EDGE_LOOP('',(#8003,#8004,#8005,#8006));
#1210=EDGE_LOOP('',(#8007,#8008,#8009,#8010));
#1211=EDGE_LOOP('',(#8011,#8012,#8013,#8014));
#1212=EDGE_LOOP('',(#8015,#8016,#8017,#8018));
#1213=EDGE_LOOP('',(#8019,#8020,#8021,#8022));
#1214=EDGE_LOOP('',(#8023,#8024,#8025,#8026));
#1215=EDGE_LOOP('',(#8027,#8028,#8029,#8030));
#1216=EDGE_LOOP('',(#8031,#8032,#8033,#8034));
#1217=EDGE_LOOP('',(#8035,#8036,#8037,#8038));
#1218=EDGE_LOOP('',(#8039,#8040,#8041,#8042,#8043,#8044,#8045,#8046,#8047,
#8048,#8049,#8050,#8051,#8052,#8053,#8054,#8055,#8056,#8057,#8058,#8059,
#8060));
#1219=EDGE_LOOP('',(#8061,#8062,#8063,#8064,#8065,#8066,#8067,#8068,#8069,
#8070,#8071,#8072,#8073,#8074,#8075,#8076,#8077,#8078,#8079,#8080,#8081,
#8082,#8083));
#1220=EDGE_LOOP('',(#8084,#8085,#8086,#8087,#8088,#8089,#8090,#8091,#8092,
#8093,#8094,#8095,#8096,#8097,#8098,#8099,#8100,#8101,#8102,#8103,#8104,
#8105));
#1221=EDGE_LOOP('',(#8106,#8107,#8108,#8109,#8110,#8111,#8112,#8113,#8114,
#8115,#8116,#8117,#8118,#8119,#8120,#8121,#8122,#8123,#8124,#8125,#8126,
#8127,#8128));
#1222=EDGE_LOOP('',(#8129,#8130,#8131,#8132));
#1223=EDGE_LOOP('',(#8133,#8134,#8135,#8136));
#1224=EDGE_LOOP('',(#8137,#8138,#8139,#8140));
#1225=EDGE_LOOP('',(#8141,#8142,#8143,#8144));
#1226=EDGE_LOOP('',(#8145,#8146,#8147,#8148));
#1227=EDGE_LOOP('',(#8149,#8150,#8151,#8152));
#1228=EDGE_LOOP('',(#8153,#8154,#8155,#8156));
#1229=EDGE_LOOP('',(#8157,#8158,#8159,#8160));
#1230=EDGE_LOOP('',(#8161,#8162,#8163,#8164));
#1231=EDGE_LOOP('',(#8165,#8166,#8167,#8168));
#1232=EDGE_LOOP('',(#8169,#8170,#8171,#8172));
#1233=EDGE_LOOP('',(#8173,#8174,#8175,#8176));
#1234=EDGE_LOOP('',(#8177,#8178,#8179,#8180));
#1235=EDGE_LOOP('',(#8181,#8182,#8183,#8184));
#1236=EDGE_LOOP('',(#8185,#8186,#8187,#8188));
#1237=EDGE_LOOP('',(#8189,#8190,#8191,#8192));
#1238=EDGE_LOOP('',(#8193,#8194,#8195,#8196));
#1239=EDGE_LOOP('',(#8197,#8198,#8199,#8200));
#1240=EDGE_LOOP('',(#8201,#8202,#8203,#8204));
#1241=EDGE_LOOP('',(#8205,#8206,#8207,#8208));
#1242=EDGE_LOOP('',(#8209,#8210,#8211,#8212));
#1243=EDGE_LOOP('',(#8213,#8214,#8215,#8216));
#1244=EDGE_LOOP('',(#8217,#8218,#8219,#8220));
#1245=EDGE_LOOP('',(#8221,#8222,#8223,#8224));
#1246=EDGE_LOOP('',(#8225,#8226,#8227,#8228));
#1247=EDGE_LOOP('',(#8229,#8230,#8231,#8232));
#1248=EDGE_LOOP('',(#8233,#8234,#8235,#8236,#8237,#8238,#8239,#8240,#8241,
#8242,#8243,#8244,#8245,#8246,#8247,#8248,#8249,#8250,#8251,#8252,#8253,
#8254));
#1249=EDGE_LOOP('',(#8255));
#1250=EDGE_LOOP('',(#8256));
#1251=EDGE_LOOP('',(#8257));
#1252=EDGE_LOOP('',(#8258));
#1253=EDGE_LOOP('',(#8259,#8260,#8261,#8262,#8263,#8264,#8265,#8266,#8267,
#8268,#8269,#8270,#8271,#8272,#8273,#8274,#8275,#8276,#8277,#8278,#8279,
#8280));
#1254=EDGE_LOOP('',(#8281));
#1255=EDGE_LOOP('',(#8282));
#1256=EDGE_LOOP('',(#8283));
#1257=EDGE_LOOP('',(#8284));
#1258=EDGE_LOOP('',(#8285,#8286,#8287,#8288));
#1259=EDGE_LOOP('',(#8289,#8290,#8291,#8292));
#1260=EDGE_LOOP('',(#8293,#8294,#8295,#8296));
#1261=EDGE_LOOP('',(#8297,#8298,#8299,#8300,#8301,#8302,#8303,#8304,#8305,
#8306,#8307,#8308,#8309,#8310,#8311,#8312,#8313,#8314,#8315,#8316,#8317,
#8318));
#1262=EDGE_LOOP('',(#8319,#8320,#8321,#8322));
#1263=EDGE_LOOP('',(#8323,#8324,#8325,#8326));
#1264=EDGE_LOOP('',(#8327,#8328,#8329,#8330));
#1265=EDGE_LOOP('',(#8331,#8332));
#1266=EDGE_LOOP('',(#8333,#8334,#8335,#8336));
#1267=EDGE_LOOP('',(#8337,#8338));
#1268=EDGE_LOOP('',(#8339,#8340,#8341,#8342));
#1269=EDGE_LOOP('',(#8343,#8344,#8345,#8346));
#1270=EDGE_LOOP('',(#8347,#8348,#8349,#8350));
#1271=EDGE_LOOP('',(#8351,#8352,#8353,#8354));
#1272=EDGE_LOOP('',(#8355,#8356,#8357,#8358));
#1273=EDGE_LOOP('',(#8359,#8360,#8361,#8362));
#1274=EDGE_LOOP('',(#8363));
#1275=EDGE_LOOP('',(#8364,#8365,#8366,#8367));
#1276=EDGE_LOOP('',(#8368,#8369,#8370,#8371));
#1277=EDGE_LOOP('',(#8372));
#1278=EDGE_LOOP('',(#8373,#8374,#8375,#8376));
#1279=EDGE_LOOP('',(#8377,#8378,#8379,#8380));
#1280=EDGE_LOOP('',(#8381,#8382,#8383,#8384));
#1281=EDGE_LOOP('',(#8385,#8386,#8387,#8388,#8389,#8390,#8391,#8392,#8393,
#8394,#8395,#8396,#8397,#8398,#8399,#8400,#8401,#8402,#8403,#8404,#8405,
#8406,#8407,#8408,#8409,#8410,#8411,#8412,#8413,#8414,#8415,#8416));
#1282=EDGE_LOOP('',(#8417));
#1283=EDGE_LOOP('',(#8418,#8419,#8420,#8421));
#1284=EDGE_LOOP('',(#8422,#8423,#8424,#8425));
#1285=EDGE_LOOP('',(#8426,#8427,#8428,#8429));
#1286=EDGE_LOOP('',(#8430));
#1287=EDGE_LOOP('',(#8431,#8432,#8433,#8434));
#1288=EDGE_LOOP('',(#8435,#8436,#8437,#8438));
#1289=EDGE_LOOP('',(#8439,#8440,#8441,#8442));
#1290=EDGE_LOOP('',(#8443,#8444,#8445,#8446));
#1291=EDGE_LOOP('',(#8447,#8448,#8449,#8450));
#1292=EDGE_LOOP('',(#8451,#8452,#8453,#8454));
#1293=EDGE_LOOP('',(#8455,#8456,#8457,#8458));
#1294=EDGE_LOOP('',(#8459,#8460,#8461,#8462));
#1295=EDGE_LOOP('',(#8463,#8464,#8465,#8466));
#1296=EDGE_LOOP('',(#8467,#8468,#8469,#8470));
#1297=EDGE_LOOP('',(#8471,#8472,#8473,#8474));
#1298=EDGE_LOOP('',(#8475,#8476,#8477,#8478));
#1299=EDGE_LOOP('',(#8479,#8480,#8481,#8482));
#1300=EDGE_LOOP('',(#8483,#8484,#8485,#8486));
#1301=EDGE_LOOP('',(#8487,#8488,#8489,#8490));
#1302=EDGE_LOOP('',(#8491,#8492,#8493,#8494));
#1303=EDGE_LOOP('',(#8495,#8496,#8497,#8498));
#1304=EDGE_LOOP('',(#8499,#8500,#8501,#8502));
#1305=EDGE_LOOP('',(#8503,#8504,#8505,#8506));
#1306=EDGE_LOOP('',(#8507,#8508,#8509,#8510));
#1307=EDGE_LOOP('',(#8511,#8512,#8513,#8514));
#1308=EDGE_LOOP('',(#8515,#8516,#8517,#8518));
#1309=EDGE_LOOP('',(#8519,#8520,#8521,#8522));
#1310=EDGE_LOOP('',(#8523,#8524,#8525,#8526));
#1311=EDGE_LOOP('',(#8527,#8528,#8529,#8530));
#1312=EDGE_LOOP('',(#8531,#8532,#8533,#8534));
#1313=EDGE_LOOP('',(#8535,#8536,#8537,#8538));
#1314=EDGE_LOOP('',(#8539,#8540,#8541,#8542));
#1315=EDGE_LOOP('',(#8543,#8544,#8545,#8546));
#1316=EDGE_LOOP('',(#8547,#8548,#8549,#8550));
#1317=EDGE_LOOP('',(#8551,#8552,#8553,#8554));
#1318=EDGE_LOOP('',(#8555,#8556,#8557,#8558));
#1319=EDGE_LOOP('',(#8559,#8560,#8561,#8562));
#1320=EDGE_LOOP('',(#8563,#8564,#8565,#8566));
#1321=EDGE_LOOP('',(#8567,#8568,#8569,#8570));
#1322=EDGE_LOOP('',(#8571,#8572,#8573,#8574));
#1323=EDGE_LOOP('',(#8575,#8576,#8577,#8578));
#1324=EDGE_LOOP('',(#8579,#8580,#8581,#8582));
#1325=EDGE_LOOP('',(#8583,#8584,#8585,#8586));
#1326=EDGE_LOOP('',(#8587,#8588,#8589,#8590));
#1327=EDGE_LOOP('',(#8591,#8592,#8593,#8594));
#1328=EDGE_LOOP('',(#8595,#8596,#8597,#8598));
#1329=EDGE_LOOP('',(#8599,#8600,#8601,#8602));
#1330=EDGE_LOOP('',(#8603,#8604,#8605,#8606));
#1331=EDGE_LOOP('',(#8607,#8608,#8609,#8610));
#1332=EDGE_LOOP('',(#8611,#8612,#8613,#8614));
#1333=EDGE_LOOP('',(#8615,#8616,#8617,#8618));
#1334=EDGE_LOOP('',(#8619,#8620,#8621,#8622));
#1335=EDGE_LOOP('',(#8623,#8624,#8625,#8626));
#1336=EDGE_LOOP('',(#8627,#8628,#8629,#8630));
#1337=EDGE_LOOP('',(#8631,#8632,#8633,#8634));
#1338=EDGE_LOOP('',(#8635,#8636,#8637,#8638));
#1339=EDGE_LOOP('',(#8639,#8640,#8641,#8642));
#1340=EDGE_LOOP('',(#8643,#8644,#8645,#8646));
#1341=EDGE_LOOP('',(#8647,#8648,#8649,#8650));
#1342=EDGE_LOOP('',(#8651,#8652,#8653,#8654));
#1343=EDGE_LOOP('',(#8655,#8656,#8657,#8658));
#1344=EDGE_LOOP('',(#8659,#8660,#8661,#8662));
#1345=EDGE_LOOP('',(#8663,#8664,#8665,#8666));
#1346=EDGE_LOOP('',(#8667,#8668,#8669,#8670));
#1347=EDGE_LOOP('',(#8671,#8672,#8673,#8674));
#1348=EDGE_LOOP('',(#8675,#8676,#8677,#8678));
#1349=EDGE_LOOP('',(#8679,#8680,#8681,#8682));
#1350=EDGE_LOOP('',(#8683,#8684,#8685,#8686));
#1351=EDGE_LOOP('',(#8687,#8688,#8689,#8690));
#1352=EDGE_LOOP('',(#8691,#8692,#8693,#8694));
#1353=EDGE_LOOP('',(#8695,#8696,#8697,#8698));
#1354=EDGE_LOOP('',(#8699,#8700,#8701,#8702));
#1355=EDGE_LOOP('',(#8703,#8704,#8705,#8706));
#1356=EDGE_LOOP('',(#8707,#8708,#8709,#8710));
#1357=EDGE_LOOP('',(#8711,#8712,#8713,#8714));
#1358=EDGE_LOOP('',(#8715,#8716,#8717,#8718));
#1359=EDGE_LOOP('',(#8719,#8720,#8721,#8722));
#1360=EDGE_LOOP('',(#8723,#8724,#8725,#8726));
#1361=EDGE_LOOP('',(#8727,#8728,#8729,#8730));
#1362=EDGE_LOOP('',(#8731,#8732,#8733,#8734));
#1363=EDGE_LOOP('',(#8735,#8736,#8737,#8738));
#1364=EDGE_LOOP('',(#8739,#8740,#8741,#8742));
#1365=EDGE_LOOP('',(#8743,#8744,#8745,#8746));
#1366=EDGE_LOOP('',(#8747,#8748,#8749,#8750));
#1367=EDGE_LOOP('',(#8751,#8752,#8753,#8754));
#1368=EDGE_LOOP('',(#8755,#8756,#8757,#8758));
#1369=EDGE_LOOP('',(#8759,#8760,#8761,#8762));
#1370=EDGE_LOOP('',(#8763,#8764,#8765,#8766));
#1371=EDGE_LOOP('',(#8767,#8768,#8769,#8770));
#1372=EDGE_LOOP('',(#8771,#8772,#8773,#8774));
#1373=EDGE_LOOP('',(#8775,#8776,#8777,#8778));
#1374=EDGE_LOOP('',(#8779,#8780,#8781,#8782));
#1375=EDGE_LOOP('',(#8783,#8784,#8785,#8786));
#1376=EDGE_LOOP('',(#8787,#8788,#8789,#8790));
#1377=EDGE_LOOP('',(#8791,#8792,#8793,#8794));
#1378=EDGE_LOOP('',(#8795,#8796,#8797,#8798));
#1379=EDGE_LOOP('',(#8799,#8800,#8801,#8802));
#1380=EDGE_LOOP('',(#8803,#8804,#8805,#8806));
#1381=EDGE_LOOP('',(#8807,#8808,#8809,#8810));
#1382=EDGE_LOOP('',(#8811,#8812,#8813,#8814));
#1383=EDGE_LOOP('',(#8815,#8816,#8817,#8818));
#1384=EDGE_LOOP('',(#8819,#8820,#8821,#8822));
#1385=EDGE_LOOP('',(#8823,#8824,#8825,#8826));
#1386=EDGE_LOOP('',(#8827,#8828,#8829,#8830));
#1387=EDGE_LOOP('',(#8831,#8832,#8833,#8834));
#1388=EDGE_LOOP('',(#8835,#8836,#8837,#8838));
#1389=EDGE_LOOP('',(#8839,#8840,#8841,#8842));
#1390=EDGE_LOOP('',(#8843,#8844,#8845,#8846));
#1391=EDGE_LOOP('',(#8847,#8848,#8849,#8850));
#1392=EDGE_LOOP('',(#8851,#8852,#8853,#8854));
#1393=EDGE_LOOP('',(#8855,#8856,#8857,#8858));
#1394=EDGE_LOOP('',(#8859,#8860,#8861,#8862));
#1395=EDGE_LOOP('',(#8863,#8864,#8865,#8866));
#1396=EDGE_LOOP('',(#8867,#8868,#8869,#8870));
#1397=EDGE_LOOP('',(#8871,#8872,#8873,#8874));
#1398=EDGE_LOOP('',(#8875,#8876,#8877,#8878));
#1399=EDGE_LOOP('',(#8879,#8880,#8881,#8882));
#1400=EDGE_LOOP('',(#8883,#8884,#8885,#8886));
#1401=EDGE_LOOP('',(#8887,#8888,#8889,#8890));
#1402=EDGE_LOOP('',(#8891,#8892,#8893,#8894));
#1403=EDGE_LOOP('',(#8895,#8896,#8897,#8898));
#1404=EDGE_LOOP('',(#8899,#8900,#8901,#8902));
#1405=EDGE_LOOP('',(#8903,#8904,#8905,#8906));
#1406=EDGE_LOOP('',(#8907,#8908,#8909,#8910));
#1407=EDGE_LOOP('',(#8911,#8912,#8913,#8914));
#1408=EDGE_LOOP('',(#8915,#8916,#8917,#8918));
#1409=EDGE_LOOP('',(#8919,#8920,#8921,#8922));
#1410=EDGE_LOOP('',(#8923,#8924,#8925,#8926));
#1411=EDGE_LOOP('',(#8927,#8928,#8929,#8930));
#1412=EDGE_LOOP('',(#8931,#8932,#8933,#8934));
#1413=EDGE_LOOP('',(#8935,#8936,#8937,#8938));
#1414=EDGE_LOOP('',(#8939,#8940,#8941,#8942));
#1415=EDGE_LOOP('',(#8943,#8944,#8945,#8946));
#1416=EDGE_LOOP('',(#8947,#8948,#8949,#8950));
#1417=EDGE_LOOP('',(#8951,#8952,#8953,#8954));
#1418=EDGE_LOOP('',(#8955,#8956,#8957,#8958));
#1419=EDGE_LOOP('',(#8959,#8960,#8961,#8962));
#1420=EDGE_LOOP('',(#8963,#8964,#8965,#8966));
#1421=EDGE_LOOP('',(#8967,#8968,#8969,#8970));
#1422=EDGE_LOOP('',(#8971,#8972,#8973,#8974));
#1423=EDGE_LOOP('',(#8975,#8976,#8977,#8978));
#1424=EDGE_LOOP('',(#8979,#8980,#8981,#8982));
#1425=EDGE_LOOP('',(#8983,#8984,#8985,#8986));
#1426=EDGE_LOOP('',(#8987,#8988,#8989,#8990));
#1427=EDGE_LOOP('',(#8991,#8992,#8993,#8994));
#1428=EDGE_LOOP('',(#8995,#8996,#8997,#8998));
#1429=EDGE_LOOP('',(#8999,#9000,#9001,#9002));
#1430=EDGE_LOOP('',(#9003,#9004,#9005,#9006));
#1431=EDGE_LOOP('',(#9007,#9008,#9009,#9010));
#1432=EDGE_LOOP('',(#9011,#9012,#9013,#9014));
#1433=EDGE_LOOP('',(#9015,#9016,#9017,#9018));
#1434=EDGE_LOOP('',(#9019,#9020,#9021,#9022));
#1435=EDGE_LOOP('',(#9023,#9024,#9025,#9026));
#1436=EDGE_LOOP('',(#9027,#9028,#9029,#9030));
#1437=EDGE_LOOP('',(#9031,#9032,#9033,#9034));
#1438=EDGE_LOOP('',(#9035,#9036,#9037,#9038));
#1439=EDGE_LOOP('',(#9039,#9040,#9041,#9042));
#1440=EDGE_LOOP('',(#9043,#9044,#9045,#9046));
#1441=EDGE_LOOP('',(#9047,#9048,#9049,#9050));
#1442=EDGE_LOOP('',(#9051,#9052,#9053,#9054));
#1443=EDGE_LOOP('',(#9055,#9056,#9057,#9058));
#1444=EDGE_LOOP('',(#9059,#9060,#9061,#9062));
#1445=EDGE_LOOP('',(#9063,#9064,#9065,#9066));
#1446=EDGE_LOOP('',(#9067,#9068,#9069,#9070));
#1447=EDGE_LOOP('',(#9071,#9072,#9073,#9074));
#1448=EDGE_LOOP('',(#9075,#9076,#9077,#9078));
#1449=EDGE_LOOP('',(#9079,#9080,#9081,#9082));
#1450=EDGE_LOOP('',(#9083,#9084,#9085,#9086));
#1451=EDGE_LOOP('',(#9087,#9088,#9089,#9090));
#1452=EDGE_LOOP('',(#9091,#9092,#9093,#9094));
#1453=EDGE_LOOP('',(#9095,#9096,#9097,#9098));
#1454=EDGE_LOOP('',(#9099,#9100,#9101,#9102));
#1455=EDGE_LOOP('',(#9103,#9104,#9105,#9106,#9107,#9108,#9109,#9110,#9111,
#9112,#9113,#9114,#9115,#9116,#9117,#9118,#9119,#9120,#9121,#9122,#9123,
#9124));
#1456=EDGE_LOOP('',(#9125,#9126,#9127,#9128));
#1457=EDGE_LOOP('',(#9129,#9130,#9131,#9132));
#1458=EDGE_LOOP('',(#9133,#9134,#9135,#9136));
#1459=EDGE_LOOP('',(#9137));
#1460=EDGE_LOOP('',(#9138,#9139,#9140,#9141));
#1461=EDGE_LOOP('',(#9142,#9143,#9144,#9145));
#1462=EDGE_LOOP('',(#9146,#9147,#9148,#9149));
#1463=EDGE_LOOP('',(#9150));
#1464=EDGE_LOOP('',(#9151,#9152,#9153,#9154,#9155,#9156,#9157,#9158,#9159,
#9160,#9161,#9162,#9163,#9164,#9165,#9166,#9167,#9168,#9169,#9170,#9171,
#9172,#9173,#9174,#9175,#9176,#9177,#9178,#9179,#9180,#9181,#9182));
#1465=EDGE_LOOP('',(#9183,#9184,#9185,#9186));
#1466=EDGE_LOOP('',(#9187,#9188,#9189,#9190));
#1467=EDGE_LOOP('',(#9191,#9192,#9193,#9194));
#1468=EDGE_LOOP('',(#9195));
#1469=EDGE_LOOP('',(#9196,#9197,#9198,#9199));
#1470=EDGE_LOOP('',(#9200,#9201,#9202,#9203));
#1471=EDGE_LOOP('',(#9204));
#1472=EDGE_LOOP('',(#9205,#9206,#9207,#9208));
#1473=EDGE_LOOP('',(#9209,#9210,#9211,#9212));
#1474=EDGE_LOOP('',(#9213,#9214,#9215,#9216));
#1475=EDGE_LOOP('',(#9217,#9218,#9219,#9220));
#1476=EDGE_LOOP('',(#9221,#9222,#9223,#9224));
#1477=EDGE_LOOP('',(#9225,#9226,#9227,#9228));
#1478=EDGE_LOOP('',(#9229,#9230));
#1479=EDGE_LOOP('',(#9231,#9232,#9233,#9234));
#1480=EDGE_LOOP('',(#9235,#9236));
#1481=EDGE_LOOP('',(#9237,#9238,#9239,#9240));
#1482=EDGE_LOOP('',(#9241,#9242,#9243,#9244));
#1483=EDGE_LOOP('',(#9245,#9246,#9247,#9248));
#1484=EDGE_LOOP('',(#9249,#9250,#9251,#9252));
#1485=EDGE_LOOP('',(#9253,#9254,#9255,#9256));
#1486=EDGE_LOOP('',(#9257,#9258));
#1487=EDGE_LOOP('',(#9259,#9260));
#1488=EDGE_LOOP('',(#9261,#9262,#9263,#9264));
#1489=EDGE_LOOP('',(#9265,#9266,#9267,#9268));
#1490=EDGE_LOOP('',(#9269,#9270));
#1491=EDGE_LOOP('',(#9271,#9272));
#1492=EDGE_LOOP('',(#9273,#9274,#9275,#9276));
#1493=EDGE_LOOP('',(#9277,#9278,#9279,#9280));
#1494=EDGE_LOOP('',(#9281,#9282,#9283,#9284));
#1495=EDGE_LOOP('',(#9285));
#1496=EDGE_LOOP('',(#9286,#9287));
#1497=EDGE_LOOP('',(#9288));
#1498=EDGE_LOOP('',(#9289,#9290));
#1499=EDGE_LOOP('',(#9291,#9292,#9293,#9294));
#1500=EDGE_LOOP('',(#9295,#9296,#9297,#9298));
#1501=EDGE_LOOP('',(#9299,#9300,#9301,#9302));
#1502=EDGE_LOOP('',(#9303));
#1503=EDGE_LOOP('',(#9304,#9305));
#1504=EDGE_LOOP('',(#9306));
#1505=EDGE_LOOP('',(#9307,#9308));
#1506=EDGE_LOOP('',(#9309,#9310,#9311,#9312));
#1507=EDGE_LOOP('',(#9313,#9314,#9315,#9316));
#1508=EDGE_LOOP('',(#9317,#9318,#9319,#9320));
#1509=EDGE_LOOP('',(#9321));
#1510=EDGE_LOOP('',(#9322,#9323));
#1511=EDGE_LOOP('',(#9324));
#1512=EDGE_LOOP('',(#9325,#9326));
#1513=EDGE_LOOP('',(#9327,#9328,#9329,#9330));
#1514=EDGE_LOOP('',(#9331,#9332,#9333,#9334));
#1515=EDGE_LOOP('',(#9335,#9336,#9337,#9338));
#1516=EDGE_LOOP('',(#9339));
#1517=EDGE_LOOP('',(#9340,#9341));
#1518=EDGE_LOOP('',(#9342));
#1519=EDGE_LOOP('',(#9343,#9344));
#1520=EDGE_LOOP('',(#9345,#9346,#9347,#9348));
#1521=EDGE_LOOP('',(#9349,#9350,#9351,#9352));
#1522=EDGE_LOOP('',(#9353,#9354,#9355,#9356));
#1523=EDGE_LOOP('',(#9357,#9358,#9359,#9360));
#1524=EDGE_LOOP('',(#9361,#9362,#9363,#9364));
#1525=EDGE_LOOP('',(#9365,#9366,#9367,#9368));
#1526=EDGE_LOOP('',(#9369,#9370,#9371,#9372));
#1527=EDGE_LOOP('',(#9373,#9374,#9375,#9376));
#1528=EDGE_LOOP('',(#9377,#9378,#9379,#9380));
#1529=EDGE_LOOP('',(#9381,#9382,#9383,#9384));
#1530=EDGE_LOOP('',(#9385,#9386,#9387,#9388));
#1531=EDGE_LOOP('',(#9389,#9390,#9391,#9392));
#1532=EDGE_LOOP('',(#9393,#9394,#9395,#9396));
#1533=EDGE_LOOP('',(#9397,#9398,#9399,#9400));
#1534=EDGE_LOOP('',(#9401,#9402,#9403,#9404));
#1535=EDGE_LOOP('',(#9405,#9406,#9407,#9408));
#1536=EDGE_LOOP('',(#9409,#9410,#9411,#9412));
#1537=EDGE_LOOP('',(#9413,#9414,#9415,#9416));
#1538=EDGE_LOOP('',(#9417,#9418,#9419,#9420));
#1539=EDGE_LOOP('',(#9421,#9422,#9423,#9424));
#1540=EDGE_LOOP('',(#9425,#9426,#9427,#9428));
#1541=EDGE_LOOP('',(#9429,#9430,#9431,#9432));
#1542=EDGE_LOOP('',(#9433,#9434,#9435,#9436));
#1543=EDGE_LOOP('',(#9437,#9438,#9439,#9440));
#1544=EDGE_LOOP('',(#9441,#9442,#9443,#9444));
#1545=EDGE_LOOP('',(#9445,#9446,#9447,#9448));
#1546=EDGE_LOOP('',(#9449,#9450,#9451,#9452));
#1547=EDGE_LOOP('',(#9453,#9454,#9455,#9456));
#1548=EDGE_LOOP('',(#9457,#9458,#9459,#9460));
#1549=EDGE_LOOP('',(#9461,#9462,#9463,#9464));
#1550=EDGE_LOOP('',(#9465,#9466,#9467,#9468));
#1551=EDGE_LOOP('',(#9469,#9470,#9471,#9472));
#1552=EDGE_LOOP('',(#9473,#9474,#9475,#9476));
#1553=EDGE_LOOP('',(#9477,#9478,#9479,#9480));
#1554=EDGE_LOOP('',(#9481,#9482,#9483,#9484));
#1555=EDGE_LOOP('',(#9485,#9486,#9487,#9488));
#1556=EDGE_LOOP('',(#9489,#9490,#9491,#9492));
#1557=EDGE_LOOP('',(#9493,#9494,#9495,#9496));
#1558=EDGE_LOOP('',(#9497,#9498,#9499,#9500));
#1559=EDGE_LOOP('',(#9501,#9502,#9503,#9504));
#1560=EDGE_LOOP('',(#9505,#9506,#9507,#9508));
#1561=EDGE_LOOP('',(#9509,#9510,#9511,#9512));
#1562=EDGE_LOOP('',(#9513,#9514,#9515,#9516));
#1563=EDGE_LOOP('',(#9517,#9518,#9519,#9520));
#1564=EDGE_LOOP('',(#9521,#9522,#9523,#9524));
#1565=EDGE_LOOP('',(#9525,#9526,#9527,#9528,#9529,#9530,#9531,#9532,#9533,
#9534,#9535,#9536,#9537,#9538,#9539,#9540,#9541,#9542,#9543,#9544,#9545,
#9546));
#1566=EDGE_LOOP('',(#9547,#9548,#9549,#9550,#9551,#9552,#9553,#9554,#9555,
#9556,#9557,#9558,#9559,#9560,#9561,#9562,#9563,#9564,#9565,#9566,#9567,
#9568,#9569));
#1567=EDGE_LOOP('',(#9570,#9571,#9572,#9573,#9574,#9575,#9576,#9577,#9578,
#9579,#9580,#9581,#9582,#9583,#9584,#9585,#9586,#9587,#9588,#9589,#9590,
#9591));
#1568=EDGE_LOOP('',(#9592,#9593,#9594,#9595,#9596,#9597,#9598,#9599,#9600,
#9601,#9602,#9603,#9604,#9605,#9606,#9607,#9608,#9609,#9610,#9611,#9612,
#9613,#9614));
#1569=EDGE_LOOP('',(#9615,#9616,#9617,#9618));
#1570=EDGE_LOOP('',(#9619,#9620,#9621,#9622));
#1571=EDGE_LOOP('',(#9623,#9624,#9625,#9626));
#1572=EDGE_LOOP('',(#9627,#9628,#9629,#9630));
#1573=EDGE_LOOP('',(#9631,#9632,#9633,#9634));
#1574=EDGE_LOOP('',(#9635,#9636,#9637,#9638));
#1575=EDGE_LOOP('',(#9639,#9640,#9641,#9642));
#1576=EDGE_LOOP('',(#9643,#9644,#9645,#9646));
#1577=EDGE_LOOP('',(#9647,#9648,#9649,#9650));
#1578=EDGE_LOOP('',(#9651,#9652,#9653,#9654));
#1579=EDGE_LOOP('',(#9655,#9656,#9657,#9658));
#1580=EDGE_LOOP('',(#9659,#9660,#9661,#9662));
#1581=EDGE_LOOP('',(#9663,#9664,#9665,#9666));
#1582=EDGE_LOOP('',(#9667,#9668,#9669,#9670));
#1583=EDGE_LOOP('',(#9671,#9672,#9673,#9674));
#1584=EDGE_LOOP('',(#9675,#9676,#9677,#9678));
#1585=EDGE_LOOP('',(#9679,#9680,#9681,#9682));
#1586=EDGE_LOOP('',(#9683,#9684,#9685,#9686));
#1587=EDGE_LOOP('',(#9687,#9688,#9689,#9690));
#1588=EDGE_LOOP('',(#9691,#9692,#9693,#9694));
#1589=EDGE_LOOP('',(#9695,#9696,#9697,#9698));
#1590=EDGE_LOOP('',(#9699,#9700,#9701,#9702));
#1591=EDGE_LOOP('',(#9703,#9704,#9705,#9706));
#1592=EDGE_LOOP('',(#9707,#9708,#9709,#9710));
#1593=EDGE_LOOP('',(#9711,#9712,#9713,#9714));
#1594=EDGE_LOOP('',(#9715,#9716,#9717,#9718));
#1595=EDGE_LOOP('',(#9719,#9720,#9721,#9722,#9723,#9724,#9725,#9726,#9727,
#9728,#9729,#9730,#9731,#9732,#9733,#9734,#9735,#9736,#9737,#9738,#9739,
#9740));
#1596=EDGE_LOOP('',(#9741));
#1597=EDGE_LOOP('',(#9742));
#1598=EDGE_LOOP('',(#9743));
#1599=EDGE_LOOP('',(#9744));
#1600=EDGE_LOOP('',(#9745,#9746,#9747,#9748,#9749,#9750,#9751,#9752,#9753,
#9754,#9755,#9756,#9757,#9758,#9759,#9760,#9761,#9762,#9763,#9764,#9765,
#9766));
#1601=EDGE_LOOP('',(#9767));
#1602=EDGE_LOOP('',(#9768));
#1603=EDGE_LOOP('',(#9769));
#1604=EDGE_LOOP('',(#9770));
#1605=LINE('',#14180,#2979);
#1606=LINE('',#14182,#2980);
#1607=LINE('',#14184,#2981);
#1608=LINE('',#14185,#2982);
#1609=LINE('',#14189,#2983);
#1610=LINE('',#14190,#2984);
#1611=LINE('',#14191,#2985);
#1612=LINE('',#14194,#2986);
#1613=LINE('',#14196,#2987);
#1614=LINE('',#14197,#2988);
#1615=LINE('',#14200,#2989);
#1616=LINE('',#14202,#2990);
#1617=LINE('',#14204,#2991);
#1618=LINE('',#14206,#2992);
#1619=LINE('',#14208,#2993);
#1620=LINE('',#14210,#2994);
#1621=LINE('',#14212,#2995);
#1622=LINE('',#14214,#2996);
#1623=LINE('',#14216,#2997);
#1624=LINE('',#14218,#2998);
#1625=LINE('',#14220,#2999);
#1626=LINE('',#14222,#3000);
#1627=LINE('',#14224,#3001);
#1628=LINE('',#14226,#3002);
#1629=LINE('',#14228,#3003);
#1630=LINE('',#14230,#3004);
#1631=LINE('',#14232,#3005);
#1632=LINE('',#14234,#3006);
#1633=LINE('',#14235,#3007);
#1634=LINE('',#14238,#3008);
#1635=LINE('',#14240,#3009);
#1636=LINE('',#14242,#3010);
#1637=LINE('',#14243,#3011);
#1638=LINE('',#14246,#3012);
#1639=LINE('',#14248,#3013);
#1640=LINE('',#14250,#3014);
#1641=LINE('',#14251,#3015);
#1642=LINE('',#14254,#3016);
#1643=LINE('',#14256,#3017);
#1644=LINE('',#14258,#3018);
#1645=LINE('',#14259,#3019);
#1646=LINE('',#14266,#3020);
#1647=LINE('',#14268,#3021);
#1648=LINE('',#14270,#3022);
#1649=LINE('',#14271,#3023);
#1650=LINE('',#14278,#3024);
#1651=LINE('',#14280,#3025);
#1652=LINE('',#14282,#3026);
#1653=LINE('',#14283,#3027);
#1654=LINE('',#14286,#3028);
#1655=LINE('',#14288,#3029);
#1656=LINE('',#14290,#3030);
#1657=LINE('',#14291,#3031);
#1658=LINE('',#14294,#3032);
#1659=LINE('',#14296,#3033);
#1660=LINE('',#14298,#3034);
#1661=LINE('',#14299,#3035);
#1662=LINE('',#14302,#3036);
#1663=LINE('',#14304,#3037);
#1664=LINE('',#14306,#3038);
#1665=LINE('',#14307,#3039);
#1666=LINE('',#14310,#3040);
#1667=LINE('',#14312,#3041);
#1668=LINE('',#14314,#3042);
#1669=LINE('',#14315,#3043);
#1670=LINE('',#14318,#3044);
#1671=LINE('',#14320,#3045);
#1672=LINE('',#14322,#3046);
#1673=LINE('',#14323,#3047);
#1674=LINE('',#14328,#3048);
#1675=LINE('',#14330,#3049);
#1676=LINE('',#14332,#3050);
#1677=LINE('',#14333,#3051);
#1678=LINE('',#14336,#3052);
#1679=LINE('',#14338,#3053);
#1680=LINE('',#14340,#3054);
#1681=LINE('',#14341,#3055);
#1682=LINE('',#14346,#3056);
#1683=LINE('',#14348,#3057);
#1684=LINE('',#14350,#3058);
#1685=LINE('',#14351,#3059);
#1686=LINE('',#14354,#3060);
#1687=LINE('',#14356,#3061);
#1688=LINE('',#14358,#3062);
#1689=LINE('',#14359,#3063);
#1690=LINE('',#14362,#3064);
#1691=LINE('',#14364,#3065);
#1692=LINE('',#14366,#3066);
#1693=LINE('',#14367,#3067);
#1694=LINE('',#14370,#3068);
#1695=LINE('',#14372,#3069);
#1696=LINE('',#14374,#3070);
#1697=LINE('',#14376,#3071);
#1698=LINE('',#14378,#3072);
#1699=LINE('',#14380,#3073);
#1700=LINE('',#14382,#3074);
#1701=LINE('',#14384,#3075);
#1702=LINE('',#14386,#3076);
#1703=LINE('',#14388,#3077);
#1704=LINE('',#14390,#3078);
#1705=LINE('',#14391,#3079);
#1706=LINE('',#14392,#3080);
#1707=LINE('',#14394,#3081);
#1708=LINE('',#14395,#3082);
#1709=LINE('',#14397,#3083);
#1710=LINE('',#14399,#3084);
#1711=LINE('',#14401,#3085);
#1712=LINE('',#14403,#3086);
#1713=LINE('',#14405,#3087);
#1714=LINE('',#14407,#3088);
#1715=LINE('',#14409,#3089);
#1716=LINE('',#14411,#3090);
#1717=LINE('',#14413,#3091);
#1718=LINE('',#14415,#3092);
#1719=LINE('',#14417,#3093);
#1720=LINE('',#14419,#3094);
#1721=LINE('',#14420,#3095);
#1722=LINE('',#14422,#3096);
#1723=LINE('',#14424,#3097);
#1724=LINE('',#14426,#3098);
#1725=LINE('',#14427,#3099);
#1726=LINE('',#14432,#3100);
#1727=LINE('',#14434,#3101);
#1728=LINE('',#14436,#3102);
#1729=LINE('',#14437,#3103);
#1730=LINE('',#14440,#3104);
#1731=LINE('',#14442,#3105);
#1732=LINE('',#14444,#3106);
#1733=LINE('',#14445,#3107);
#1734=LINE('',#14448,#3108);
#1735=LINE('',#14450,#3109);
#1736=LINE('',#14452,#3110);
#1737=LINE('',#14453,#3111);
#1738=LINE('',#14458,#3112);
#1739=LINE('',#14460,#3113);
#1740=LINE('',#14462,#3114);
#1741=LINE('',#14463,#3115);
#1742=LINE('',#14466,#3116);
#1743=LINE('',#14468,#3117);
#1744=LINE('',#14470,#3118);
#1745=LINE('',#14471,#3119);
#1746=LINE('',#14474,#3120);
#1747=LINE('',#14476,#3121);
#1748=LINE('',#14478,#3122);
#1749=LINE('',#14479,#3123);
#1750=LINE('',#14482,#3124);
#1751=LINE('',#14483,#3125);
#1752=LINE('',#14487,#3126);
#1753=LINE('',#14488,#3127);
#1754=LINE('',#14489,#3128);
#1755=LINE('',#14492,#3129);
#1756=LINE('',#14493,#3130);
#1757=LINE('',#14496,#3131);
#1758=LINE('',#14498,#3132);
#1759=LINE('',#14499,#3133);
#1760=LINE('',#14502,#3134);
#1761=LINE('',#14503,#3135);
#1762=LINE('',#14506,#3136);
#1763=LINE('',#14507,#3137);
#1764=LINE('',#14510,#3138);
#1765=LINE('',#14511,#3139);
#1766=LINE('',#14513,#3140);
#1767=LINE('',#14516,#3141);
#1768=LINE('',#14518,#3142);
#1769=LINE('',#14519,#3143);
#1770=LINE('',#14522,#3144);
#1771=LINE('',#14523,#3145);
#1772=LINE('',#14526,#3146);
#1773=LINE('',#14527,#3147);
#1774=LINE('',#14530,#3148);
#1775=LINE('',#14531,#3149);
#1776=LINE('',#14534,#3150);
#1777=LINE('',#14535,#3151);
#1778=LINE('',#14538,#3152);
#1779=LINE('',#14539,#3153);
#1780=LINE('',#14542,#3154);
#1781=LINE('',#14543,#3155);
#1782=LINE('',#14546,#3156);
#1783=LINE('',#14547,#3157);
#1784=LINE('',#14550,#3158);
#1785=LINE('',#14551,#3159);
#1786=LINE('',#14554,#3160);
#1787=LINE('',#14555,#3161);
#1788=LINE('',#14558,#3162);
#1789=LINE('',#14559,#3163);
#1790=LINE('',#14562,#3164);
#1791=LINE('',#14563,#3165);
#1792=LINE('',#14566,#3166);
#1793=LINE('',#14567,#3167);
#1794=LINE('',#14569,#3168);
#1795=LINE('',#14572,#3169);
#1796=LINE('',#14574,#3170);
#1797=LINE('',#14575,#3171);
#1798=LINE('',#14579,#3172);
#1799=LINE('',#14580,#3173);
#1800=LINE('',#14581,#3174);
#1801=LINE('',#14584,#3175);
#1802=LINE('',#14585,#3176);
#1803=LINE('',#14588,#3177);
#1804=LINE('',#14589,#3178);
#1805=LINE('',#14591,#3179);
#1806=LINE('',#14595,#3180);
#1807=LINE('',#14596,#3181);
#1808=LINE('',#14597,#3182);
#1809=LINE('',#14600,#3183);
#1810=LINE('',#14601,#3184);
#1811=LINE('',#14604,#3185);
#1812=LINE('',#14605,#3186);
#1813=LINE('',#14607,#3187);
#1814=LINE('',#14611,#3188);
#1815=LINE('',#14612,#3189);
#1816=LINE('',#14613,#3190);
#1817=LINE('',#14616,#3191);
#1818=LINE('',#14617,#3192);
#1819=LINE('',#14620,#3193);
#1820=LINE('',#14621,#3194);
#1821=LINE('',#14623,#3195);
#1822=LINE('',#14628,#3196);
#1823=LINE('',#14629,#3197);
#1824=LINE('',#14635,#3198);
#1825=LINE('',#14636,#3199);
#1826=LINE('',#14637,#3200);
#1827=LINE('',#14640,#3201);
#1828=LINE('',#14641,#3202);
#1829=LINE('',#14644,#3203);
#1830=LINE('',#14645,#3204);
#1831=LINE('',#14647,#3205);
#1832=LINE('',#14652,#3206);
#1833=LINE('',#14653,#3207);
#1834=LINE('',#14659,#3208);
#1835=LINE('',#14660,#3209);
#1836=LINE('',#14661,#3210);
#1837=LINE('',#14664,#3211);
#1838=LINE('',#14665,#3212);
#1839=LINE('',#14668,#3213);
#1840=LINE('',#14669,#3214);
#1841=LINE('',#14671,#3215);
#1842=LINE('',#14675,#3216);
#1843=LINE('',#14676,#3217);
#1844=LINE('',#14677,#3218);
#1845=LINE('',#14680,#3219);
#1846=LINE('',#14681,#3220);
#1847=LINE('',#14684,#3221);
#1848=LINE('',#14685,#3222);
#1849=LINE('',#14687,#3223);
#1850=LINE('',#14691,#3224);
#1851=LINE('',#14692,#3225);
#1852=LINE('',#14693,#3226);
#1853=LINE('',#14696,#3227);
#1854=LINE('',#14697,#3228);
#1855=LINE('',#14700,#3229);
#1856=LINE('',#14701,#3230);
#1857=LINE('',#14703,#3231);
#1858=LINE('',#14707,#3232);
#1859=LINE('',#14708,#3233);
#1860=LINE('',#14709,#3234);
#1861=LINE('',#14712,#3235);
#1862=LINE('',#14713,#3236);
#1863=LINE('',#14716,#3237);
#1864=LINE('',#14717,#3238);
#1865=LINE('',#14719,#3239);
#1866=LINE('',#14723,#3240);
#1867=LINE('',#14724,#3241);
#1868=LINE('',#14725,#3242);
#1869=LINE('',#14728,#3243);
#1870=LINE('',#14729,#3244);
#1871=LINE('',#14732,#3245);
#1872=LINE('',#14733,#3246);
#1873=LINE('',#14735,#3247);
#1874=LINE('',#14739,#3248);
#1875=LINE('',#14740,#3249);
#1876=LINE('',#14741,#3250);
#1877=LINE('',#14744,#3251);
#1878=LINE('',#14745,#3252);
#1879=LINE('',#14748,#3253);
#1880=LINE('',#14749,#3254);
#1881=LINE('',#14751,#3255);
#1882=LINE('',#14754,#3256);
#1883=LINE('',#14759,#3257);
#1884=LINE('',#14760,#3258);
#1885=LINE('',#14761,#3259);
#1886=LINE('',#14764,#3260);
#1887=LINE('',#14765,#3261);
#1888=LINE('',#14768,#3262);
#1889=LINE('',#14769,#3263);
#1890=LINE('',#14771,#3264);
#1891=LINE('',#14775,#3265);
#1892=LINE('',#14776,#3266);
#1893=LINE('',#14777,#3267);
#1894=LINE('',#14780,#3268);
#1895=LINE('',#14781,#3269);
#1896=LINE('',#14784,#3270);
#1897=LINE('',#14785,#3271);
#1898=LINE('',#14787,#3272);
#1899=LINE('',#14790,#3273);
#1900=LINE('',#14795,#3274);
#1901=LINE('',#14796,#3275);
#1902=LINE('',#14797,#3276);
#1903=LINE('',#14800,#3277);
#1904=LINE('',#14801,#3278);
#1905=LINE('',#14804,#3279);
#1906=LINE('',#14805,#3280);
#1907=LINE('',#14807,#3281);
#1908=LINE('',#14811,#3282);
#1909=LINE('',#14812,#3283);
#1910=LINE('',#14813,#3284);
#1911=LINE('',#14816,#3285);
#1912=LINE('',#14817,#3286);
#1913=LINE('',#14820,#3287);
#1914=LINE('',#14821,#3288);
#1915=LINE('',#14823,#3289);
#1916=LINE('',#14827,#3290);
#1917=LINE('',#14828,#3291);
#1918=LINE('',#14829,#3292);
#1919=LINE('',#14832,#3293);
#1920=LINE('',#14833,#3294);
#1921=LINE('',#14836,#3295);
#1922=LINE('',#14837,#3296);
#1923=LINE('',#14839,#3297);
#1924=LINE('',#14843,#3298);
#1925=LINE('',#14844,#3299);
#1926=LINE('',#14845,#3300);
#1927=LINE('',#14848,#3301);
#1928=LINE('',#14849,#3302);
#1929=LINE('',#14852,#3303);
#1930=LINE('',#14853,#3304);
#1931=LINE('',#14856,#3305);
#1932=LINE('',#14857,#3306);
#1933=LINE('',#14860,#3307);
#1934=LINE('',#14861,#3308);
#1935=LINE('',#14864,#3309);
#1936=LINE('',#14865,#3310);
#1937=LINE('',#14868,#3311);
#1938=LINE('',#14869,#3312);
#1939=LINE('',#14871,#3313);
#1940=LINE('',#14872,#3314);
#1941=LINE('',#14875,#3315);
#1942=LINE('',#14876,#3316);
#1943=LINE('',#14879,#3317);
#1944=LINE('',#14880,#3318);
#1945=LINE('',#14883,#3319);
#1946=LINE('',#14884,#3320);
#1947=LINE('',#14887,#3321);
#1948=LINE('',#14888,#3322);
#1949=LINE('',#14891,#3323);
#1950=LINE('',#14892,#3324);
#1951=LINE('',#14895,#3325);
#1952=LINE('',#14896,#3326);
#1953=LINE('',#14899,#3327);
#1954=LINE('',#14900,#3328);
#1955=LINE('',#14903,#3329);
#1956=LINE('',#14904,#3330);
#1957=LINE('',#14907,#3331);
#1958=LINE('',#14908,#3332);
#1959=LINE('',#14911,#3333);
#1960=LINE('',#14912,#3334);
#1961=LINE('',#14915,#3335);
#1962=LINE('',#14916,#3336);
#1963=LINE('',#14919,#3337);
#1964=LINE('',#14920,#3338);
#1965=LINE('',#14923,#3339);
#1966=LINE('',#14924,#3340);
#1967=LINE('',#14927,#3341);
#1968=LINE('',#14928,#3342);
#1969=LINE('',#14931,#3343);
#1970=LINE('',#14932,#3344);
#1971=LINE('',#14934,#3345);
#1972=LINE('',#14935,#3346);
#1973=LINE('',#14938,#3347);
#1974=LINE('',#14939,#3348);
#1975=LINE('',#14942,#3349);
#1976=LINE('',#14943,#3350);
#1977=LINE('',#14945,#3351);
#1978=LINE('',#14946,#3352);
#1979=LINE('',#14949,#3353);
#1980=LINE('',#14950,#3354);
#1981=LINE('',#14952,#3355);
#1982=LINE('',#14953,#3356);
#1983=LINE('',#14956,#3357);
#1984=LINE('',#14957,#3358);
#1985=LINE('',#14960,#3359);
#1986=LINE('',#14961,#3360);
#1987=LINE('',#14963,#3361);
#1988=LINE('',#14966,#3362);
#1989=LINE('',#14971,#3363);
#1990=LINE('',#14972,#3364);
#1991=LINE('',#14973,#3365);
#1992=LINE('',#14976,#3366);
#1993=LINE('',#14977,#3367);
#1994=LINE('',#14980,#3368);
#1995=LINE('',#14981,#3369);
#1996=LINE('',#14983,#3370);
#1997=LINE('',#14987,#3371);
#1998=LINE('',#14988,#3372);
#1999=LINE('',#14989,#3373);
#2000=LINE('',#14992,#3374);
#2001=LINE('',#14993,#3375);
#2002=LINE('',#14996,#3376);
#2003=LINE('',#14997,#3377);
#2004=LINE('',#14999,#3378);
#2005=LINE('',#15003,#3379);
#2006=LINE('',#15004,#3380);
#2007=LINE('',#15005,#3381);
#2008=LINE('',#15008,#3382);
#2009=LINE('',#15009,#3383);
#2010=LINE('',#15012,#3384);
#2011=LINE('',#15013,#3385);
#2012=LINE('',#15015,#3386);
#2013=LINE('',#15018,#3387);
#2014=LINE('',#15023,#3388);
#2015=LINE('',#15024,#3389);
#2016=LINE('',#15025,#3390);
#2017=LINE('',#15028,#3391);
#2018=LINE('',#15029,#3392);
#2019=LINE('',#15032,#3393);
#2020=LINE('',#15033,#3394);
#2021=LINE('',#15035,#3395);
#2022=LINE('',#15039,#3396);
#2023=LINE('',#15040,#3397);
#2024=LINE('',#15041,#3398);
#2025=LINE('',#15044,#3399);
#2026=LINE('',#15045,#3400);
#2027=LINE('',#15048,#3401);
#2028=LINE('',#15049,#3402);
#2029=LINE('',#15051,#3403);
#2030=LINE('',#15055,#3404);
#2031=LINE('',#15056,#3405);
#2032=LINE('',#15057,#3406);
#2033=LINE('',#15060,#3407);
#2034=LINE('',#15061,#3408);
#2035=LINE('',#15064,#3409);
#2036=LINE('',#15065,#3410);
#2037=LINE('',#15067,#3411);
#2038=LINE('',#15070,#3412);
#2039=LINE('',#15072,#3413);
#2040=LINE('',#15073,#3414);
#2041=LINE('',#15076,#3415);
#2042=LINE('',#15077,#3416);
#2043=LINE('',#15080,#3417);
#2044=LINE('',#15081,#3418);
#2045=LINE('',#15084,#3419);
#2046=LINE('',#15085,#3420);
#2047=LINE('',#15088,#3421);
#2048=LINE('',#15089,#3422);
#2049=LINE('',#15092,#3423);
#2050=LINE('',#15093,#3424);
#2051=LINE('',#15096,#3425);
#2052=LINE('',#15097,#3426);
#2053=LINE('',#15100,#3427);
#2054=LINE('',#15101,#3428);
#2055=LINE('',#15104,#3429);
#2056=LINE('',#15105,#3430);
#2057=LINE('',#15108,#3431);
#2058=LINE('',#15109,#3432);
#2059=LINE('',#15112,#3433);
#2060=LINE('',#15113,#3434);
#2061=LINE('',#15115,#3435);
#2062=LINE('',#15118,#3436);
#2063=LINE('',#15119,#3437);
#2064=LINE('',#15122,#3438);
#2065=LINE('',#15123,#3439);
#2066=LINE('',#15126,#3440);
#2067=LINE('',#15127,#3441);
#2068=LINE('',#15129,#3442);
#2069=LINE('',#15131,#3443);
#2070=LINE('',#15133,#3444);
#2071=LINE('',#15140,#3445);
#2072=LINE('',#15143,#3446);
#2073=LINE('',#15154,#3447);
#2074=LINE('',#15157,#3448);
#2075=LINE('',#15168,#3449);
#2076=LINE('',#15171,#3450);
#2077=LINE('',#15179,#3451);
#2078=LINE('',#15188,#3452);
#2079=LINE('',#15191,#3453);
#2080=LINE('',#15199,#3454);
#2081=LINE('',#15208,#3455);
#2082=LINE('',#15211,#3456);
#2083=LINE('',#15219,#3457);
#2084=LINE('',#15228,#3458);
#2085=LINE('',#15231,#3459);
#2086=LINE('',#15239,#3460);
#2087=LINE('',#15246,#3461);
#2088=LINE('',#15248,#3462);
#2089=LINE('',#15250,#3463);
#2090=LINE('',#15251,#3464);
#2091=LINE('',#15254,#3465);
#2092=LINE('',#15256,#3466);
#2093=LINE('',#15257,#3467);
#2094=LINE('',#15260,#3468);
#2095=LINE('',#15262,#3469);
#2096=LINE('',#15263,#3470);
#2097=LINE('',#15266,#3471);
#2098=LINE('',#15268,#3472);
#2099=LINE('',#15269,#3473);
#2100=LINE('',#15272,#3474);
#2101=LINE('',#15274,#3475);
#2102=LINE('',#15275,#3476);
#2103=LINE('',#15278,#3477);
#2104=LINE('',#15280,#3478);
#2105=LINE('',#15281,#3479);
#2106=LINE('',#15284,#3480);
#2107=LINE('',#15286,#3481);
#2108=LINE('',#15287,#3482);
#2109=LINE('',#15290,#3483);
#2110=LINE('',#15292,#3484);
#2111=LINE('',#15293,#3485);
#2112=LINE('',#15296,#3486);
#2113=LINE('',#15298,#3487);
#2114=LINE('',#15299,#3488);
#2115=LINE('',#15302,#3489);
#2116=LINE('',#15304,#3490);
#2117=LINE('',#15305,#3491);
#2118=LINE('',#15308,#3492);
#2119=LINE('',#15310,#3493);
#2120=LINE('',#15311,#3494);
#2121=LINE('',#15314,#3495);
#2122=LINE('',#15316,#3496);
#2123=LINE('',#15317,#3497);
#2124=LINE('',#15320,#3498);
#2125=LINE('',#15322,#3499);
#2126=LINE('',#15323,#3500);
#2127=LINE('',#15326,#3501);
#2128=LINE('',#15328,#3502);
#2129=LINE('',#15329,#3503);
#2130=LINE('',#15332,#3504);
#2131=LINE('',#15334,#3505);
#2132=LINE('',#15335,#3506);
#2133=LINE('',#15338,#3507);
#2134=LINE('',#15340,#3508);
#2135=LINE('',#15341,#3509);
#2136=LINE('',#15344,#3510);
#2137=LINE('',#15346,#3511);
#2138=LINE('',#15347,#3512);
#2139=LINE('',#15350,#3513);
#2140=LINE('',#15352,#3514);
#2141=LINE('',#15353,#3515);
#2142=LINE('',#15356,#3516);
#2143=LINE('',#15358,#3517);
#2144=LINE('',#15359,#3518);
#2145=LINE('',#15362,#3519);
#2146=LINE('',#15364,#3520);
#2147=LINE('',#15365,#3521);
#2148=LINE('',#15368,#3522);
#2149=LINE('',#15370,#3523);
#2150=LINE('',#15371,#3524);
#2151=LINE('',#15374,#3525);
#2152=LINE('',#15376,#3526);
#2153=LINE('',#15377,#3527);
#2154=LINE('',#15379,#3528);
#2155=LINE('',#15380,#3529);
#2156=LINE('',#15384,#3530);
#2157=LINE('',#15386,#3531);
#2158=LINE('',#15388,#3532);
#2159=LINE('',#15389,#3533);
#2160=LINE('',#15392,#3534);
#2161=LINE('',#15394,#3535);
#2162=LINE('',#15395,#3536);
#2163=LINE('',#15398,#3537);
#2164=LINE('',#15400,#3538);
#2165=LINE('',#15401,#3539);
#2166=LINE('',#15404,#3540);
#2167=LINE('',#15406,#3541);
#2168=LINE('',#15407,#3542);
#2169=LINE('',#15410,#3543);
#2170=LINE('',#15412,#3544);
#2171=LINE('',#15413,#3545);
#2172=LINE('',#15416,#3546);
#2173=LINE('',#15418,#3547);
#2174=LINE('',#15419,#3548);
#2175=LINE('',#15422,#3549);
#2176=LINE('',#15424,#3550);
#2177=LINE('',#15425,#3551);
#2178=LINE('',#15428,#3552);
#2179=LINE('',#15430,#3553);
#2180=LINE('',#15431,#3554);
#2181=LINE('',#15434,#3555);
#2182=LINE('',#15436,#3556);
#2183=LINE('',#15437,#3557);
#2184=LINE('',#15440,#3558);
#2185=LINE('',#15442,#3559);
#2186=LINE('',#15443,#3560);
#2187=LINE('',#15446,#3561);
#2188=LINE('',#15448,#3562);
#2189=LINE('',#15449,#3563);
#2190=LINE('',#15452,#3564);
#2191=LINE('',#15454,#3565);
#2192=LINE('',#15455,#3566);
#2193=LINE('',#15458,#3567);
#2194=LINE('',#15460,#3568);
#2195=LINE('',#15461,#3569);
#2196=LINE('',#15464,#3570);
#2197=LINE('',#15466,#3571);
#2198=LINE('',#15467,#3572);
#2199=LINE('',#15470,#3573);
#2200=LINE('',#15472,#3574);
#2201=LINE('',#15473,#3575);
#2202=LINE('',#15476,#3576);
#2203=LINE('',#15478,#3577);
#2204=LINE('',#15479,#3578);
#2205=LINE('',#15482,#3579);
#2206=LINE('',#15484,#3580);
#2207=LINE('',#15485,#3581);
#2208=LINE('',#15488,#3582);
#2209=LINE('',#15490,#3583);
#2210=LINE('',#15491,#3584);
#2211=LINE('',#15494,#3585);
#2212=LINE('',#15496,#3586);
#2213=LINE('',#15497,#3587);
#2214=LINE('',#15500,#3588);
#2215=LINE('',#15502,#3589);
#2216=LINE('',#15503,#3590);
#2217=LINE('',#15506,#3591);
#2218=LINE('',#15508,#3592);
#2219=LINE('',#15509,#3593);
#2220=LINE('',#15511,#3594);
#2221=LINE('',#15512,#3595);
#2222=LINE('',#15519,#3596);
#2223=LINE('',#15525,#3597);
#2224=LINE('',#15531,#3598);
#2225=LINE('',#15537,#3599);
#2226=LINE('',#15542,#3600);
#2227=LINE('',#15544,#3601);
#2228=LINE('',#15546,#3602);
#2229=LINE('',#15547,#3603);
#2230=LINE('',#15550,#3604);
#2231=LINE('',#15552,#3605);
#2232=LINE('',#15553,#3606);
#2233=LINE('',#15556,#3607);
#2234=LINE('',#15558,#3608);
#2235=LINE('',#15559,#3609);
#2236=LINE('',#15562,#3610);
#2237=LINE('',#15564,#3611);
#2238=LINE('',#15565,#3612);
#2239=LINE('',#15568,#3613);
#2240=LINE('',#15570,#3614);
#2241=LINE('',#15571,#3615);
#2242=LINE('',#15574,#3616);
#2243=LINE('',#15576,#3617);
#2244=LINE('',#15577,#3618);
#2245=LINE('',#15580,#3619);
#2246=LINE('',#15582,#3620);
#2247=LINE('',#15583,#3621);
#2248=LINE('',#15586,#3622);
#2249=LINE('',#15588,#3623);
#2250=LINE('',#15589,#3624);
#2251=LINE('',#15592,#3625);
#2252=LINE('',#15594,#3626);
#2253=LINE('',#15595,#3627);
#2254=LINE('',#15598,#3628);
#2255=LINE('',#15600,#3629);
#2256=LINE('',#15601,#3630);
#2257=LINE('',#15604,#3631);
#2258=LINE('',#15606,#3632);
#2259=LINE('',#15607,#3633);
#2260=LINE('',#15610,#3634);
#2261=LINE('',#15612,#3635);
#2262=LINE('',#15613,#3636);
#2263=LINE('',#15616,#3637);
#2264=LINE('',#15618,#3638);
#2265=LINE('',#15619,#3639);
#2266=LINE('',#15622,#3640);
#2267=LINE('',#15624,#3641);
#2268=LINE('',#15625,#3642);
#2269=LINE('',#15628,#3643);
#2270=LINE('',#15630,#3644);
#2271=LINE('',#15631,#3645);
#2272=LINE('',#15634,#3646);
#2273=LINE('',#15636,#3647);
#2274=LINE('',#15637,#3648);
#2275=LINE('',#15640,#3649);
#2276=LINE('',#15642,#3650);
#2277=LINE('',#15643,#3651);
#2278=LINE('',#15646,#3652);
#2279=LINE('',#15648,#3653);
#2280=LINE('',#15649,#3654);
#2281=LINE('',#15652,#3655);
#2282=LINE('',#15654,#3656);
#2283=LINE('',#15655,#3657);
#2284=LINE('',#15658,#3658);
#2285=LINE('',#15660,#3659);
#2286=LINE('',#15661,#3660);
#2287=LINE('',#15664,#3661);
#2288=LINE('',#15666,#3662);
#2289=LINE('',#15667,#3663);
#2290=LINE('',#15669,#3664);
#2291=LINE('',#15670,#3665);
#2292=LINE('',#15676,#3666);
#2293=LINE('',#15678,#3667);
#2294=LINE('',#15680,#3668);
#2295=LINE('',#15681,#3669);
#2296=LINE('',#15685,#3670);
#2297=LINE('',#15686,#3671);
#2298=LINE('',#15687,#3672);
#2299=LINE('',#15690,#3673);
#2300=LINE('',#15692,#3674);
#2301=LINE('',#15693,#3675);
#2302=LINE('',#15696,#3676);
#2303=LINE('',#15698,#3677);
#2304=LINE('',#15700,#3678);
#2305=LINE('',#15702,#3679);
#2306=LINE('',#15704,#3680);
#2307=LINE('',#15706,#3681);
#2308=LINE('',#15708,#3682);
#2309=LINE('',#15710,#3683);
#2310=LINE('',#15712,#3684);
#2311=LINE('',#15714,#3685);
#2312=LINE('',#15716,#3686);
#2313=LINE('',#15718,#3687);
#2314=LINE('',#15720,#3688);
#2315=LINE('',#15722,#3689);
#2316=LINE('',#15724,#3690);
#2317=LINE('',#15726,#3691);
#2318=LINE('',#15728,#3692);
#2319=LINE('',#15730,#3693);
#2320=LINE('',#15731,#3694);
#2321=LINE('',#15734,#3695);
#2322=LINE('',#15736,#3696);
#2323=LINE('',#15738,#3697);
#2324=LINE('',#15739,#3698);
#2325=LINE('',#15742,#3699);
#2326=LINE('',#15744,#3700);
#2327=LINE('',#15746,#3701);
#2328=LINE('',#15747,#3702);
#2329=LINE('',#15750,#3703);
#2330=LINE('',#15752,#3704);
#2331=LINE('',#15754,#3705);
#2332=LINE('',#15755,#3706);
#2333=LINE('',#15762,#3707);
#2334=LINE('',#15764,#3708);
#2335=LINE('',#15766,#3709);
#2336=LINE('',#15767,#3710);
#2337=LINE('',#15774,#3711);
#2338=LINE('',#15776,#3712);
#2339=LINE('',#15778,#3713);
#2340=LINE('',#15779,#3714);
#2341=LINE('',#15782,#3715);
#2342=LINE('',#15784,#3716);
#2343=LINE('',#15786,#3717);
#2344=LINE('',#15787,#3718);
#2345=LINE('',#15790,#3719);
#2346=LINE('',#15792,#3720);
#2347=LINE('',#15794,#3721);
#2348=LINE('',#15795,#3722);
#2349=LINE('',#15798,#3723);
#2350=LINE('',#15800,#3724);
#2351=LINE('',#15802,#3725);
#2352=LINE('',#15803,#3726);
#2353=LINE('',#15806,#3727);
#2354=LINE('',#15808,#3728);
#2355=LINE('',#15810,#3729);
#2356=LINE('',#15811,#3730);
#2357=LINE('',#15814,#3731);
#2358=LINE('',#15816,#3732);
#2359=LINE('',#15818,#3733);
#2360=LINE('',#15819,#3734);
#2361=LINE('',#15824,#3735);
#2362=LINE('',#15826,#3736);
#2363=LINE('',#15828,#3737);
#2364=LINE('',#15829,#3738);
#2365=LINE('',#15832,#3739);
#2366=LINE('',#15834,#3740);
#2367=LINE('',#15836,#3741);
#2368=LINE('',#15837,#3742);
#2369=LINE('',#15842,#3743);
#2370=LINE('',#15844,#3744);
#2371=LINE('',#15846,#3745);
#2372=LINE('',#15847,#3746);
#2373=LINE('',#15850,#3747);
#2374=LINE('',#15852,#3748);
#2375=LINE('',#15854,#3749);
#2376=LINE('',#15855,#3750);
#2377=LINE('',#15858,#3751);
#2378=LINE('',#15860,#3752);
#2379=LINE('',#15862,#3753);
#2380=LINE('',#15863,#3754);
#2381=LINE('',#15866,#3755);
#2382=LINE('',#15868,#3756);
#2383=LINE('',#15870,#3757);
#2384=LINE('',#15872,#3758);
#2385=LINE('',#15874,#3759);
#2386=LINE('',#15876,#3760);
#2387=LINE('',#15878,#3761);
#2388=LINE('',#15880,#3762);
#2389=LINE('',#15881,#3763);
#2390=LINE('',#15883,#3764);
#2391=LINE('',#15885,#3765);
#2392=LINE('',#15887,#3766);
#2393=LINE('',#15889,#3767);
#2394=LINE('',#15891,#3768);
#2395=LINE('',#15893,#3769);
#2396=LINE('',#15895,#3770);
#2397=LINE('',#15897,#3771);
#2398=LINE('',#15899,#3772);
#2399=LINE('',#15901,#3773);
#2400=LINE('',#15903,#3774);
#2401=LINE('',#15905,#3775);
#2402=LINE('',#15907,#3776);
#2403=LINE('',#15909,#3777);
#2404=LINE('',#15911,#3778);
#2405=LINE('',#15912,#3779);
#2406=LINE('',#15914,#3780);
#2407=LINE('',#15916,#3781);
#2408=LINE('',#15917,#3782);
#2409=LINE('',#15919,#3783);
#2410=LINE('',#15920,#3784);
#2411=LINE('',#15922,#3785);
#2412=LINE('',#15923,#3786);
#2413=LINE('',#15928,#3787);
#2414=LINE('',#15930,#3788);
#2415=LINE('',#15932,#3789);
#2416=LINE('',#15933,#3790);
#2417=LINE('',#15936,#3791);
#2418=LINE('',#15938,#3792);
#2419=LINE('',#15940,#3793);
#2420=LINE('',#15941,#3794);
#2421=LINE('',#15944,#3795);
#2422=LINE('',#15946,#3796);
#2423=LINE('',#15948,#3797);
#2424=LINE('',#15949,#3798);
#2425=LINE('',#15954,#3799);
#2426=LINE('',#15956,#3800);
#2427=LINE('',#15958,#3801);
#2428=LINE('',#15959,#3802);
#2429=LINE('',#15962,#3803);
#2430=LINE('',#15964,#3804);
#2431=LINE('',#15966,#3805);
#2432=LINE('',#15967,#3806);
#2433=LINE('',#15970,#3807);
#2434=LINE('',#15972,#3808);
#2435=LINE('',#15974,#3809);
#2436=LINE('',#15975,#3810);
#2437=LINE('',#15978,#3811);
#2438=LINE('',#15979,#3812);
#2439=LINE('',#15983,#3813);
#2440=LINE('',#15984,#3814);
#2441=LINE('',#15985,#3815);
#2442=LINE('',#15988,#3816);
#2443=LINE('',#15989,#3817);
#2444=LINE('',#15992,#3818);
#2445=LINE('',#15994,#3819);
#2446=LINE('',#15995,#3820);
#2447=LINE('',#15998,#3821);
#2448=LINE('',#15999,#3822);
#2449=LINE('',#16002,#3823);
#2450=LINE('',#16003,#3824);
#2451=LINE('',#16006,#3825);
#2452=LINE('',#16007,#3826);
#2453=LINE('',#16009,#3827);
#2454=LINE('',#16012,#3828);
#2455=LINE('',#16014,#3829);
#2456=LINE('',#16015,#3830);
#2457=LINE('',#16018,#3831);
#2458=LINE('',#16019,#3832);
#2459=LINE('',#16022,#3833);
#2460=LINE('',#16023,#3834);
#2461=LINE('',#16026,#3835);
#2462=LINE('',#16027,#3836);
#2463=LINE('',#16030,#3837);
#2464=LINE('',#16031,#3838);
#2465=LINE('',#16034,#3839);
#2466=LINE('',#16035,#3840);
#2467=LINE('',#16038,#3841);
#2468=LINE('',#16039,#3842);
#2469=LINE('',#16042,#3843);
#2470=LINE('',#16043,#3844);
#2471=LINE('',#16046,#3845);
#2472=LINE('',#16047,#3846);
#2473=LINE('',#16050,#3847);
#2474=LINE('',#16051,#3848);
#2475=LINE('',#16054,#3849);
#2476=LINE('',#16055,#3850);
#2477=LINE('',#16058,#3851);
#2478=LINE('',#16059,#3852);
#2479=LINE('',#16062,#3853);
#2480=LINE('',#16063,#3854);
#2481=LINE('',#16065,#3855);
#2482=LINE('',#16068,#3856);
#2483=LINE('',#16070,#3857);
#2484=LINE('',#16071,#3858);
#2485=LINE('',#16075,#3859);
#2486=LINE('',#16076,#3860);
#2487=LINE('',#16077,#3861);
#2488=LINE('',#16080,#3862);
#2489=LINE('',#16081,#3863);
#2490=LINE('',#16084,#3864);
#2491=LINE('',#16085,#3865);
#2492=LINE('',#16087,#3866);
#2493=LINE('',#16091,#3867);
#2494=LINE('',#16092,#3868);
#2495=LINE('',#16093,#3869);
#2496=LINE('',#16096,#3870);
#2497=LINE('',#16097,#3871);
#2498=LINE('',#16100,#3872);
#2499=LINE('',#16101,#3873);
#2500=LINE('',#16103,#3874);
#2501=LINE('',#16107,#3875);
#2502=LINE('',#16108,#3876);
#2503=LINE('',#16109,#3877);
#2504=LINE('',#16112,#3878);
#2505=LINE('',#16113,#3879);
#2506=LINE('',#16116,#3880);
#2507=LINE('',#16117,#3881);
#2508=LINE('',#16119,#3882);
#2509=LINE('',#16124,#3883);
#2510=LINE('',#16125,#3884);
#2511=LINE('',#16131,#3885);
#2512=LINE('',#16132,#3886);
#2513=LINE('',#16133,#3887);
#2514=LINE('',#16136,#3888);
#2515=LINE('',#16137,#3889);
#2516=LINE('',#16140,#3890);
#2517=LINE('',#16141,#3891);
#2518=LINE('',#16143,#3892);
#2519=LINE('',#16148,#3893);
#2520=LINE('',#16149,#3894);
#2521=LINE('',#16155,#3895);
#2522=LINE('',#16156,#3896);
#2523=LINE('',#16157,#3897);
#2524=LINE('',#16160,#3898);
#2525=LINE('',#16161,#3899);
#2526=LINE('',#16164,#3900);
#2527=LINE('',#16165,#3901);
#2528=LINE('',#16167,#3902);
#2529=LINE('',#16171,#3903);
#2530=LINE('',#16172,#3904);
#2531=LINE('',#16173,#3905);
#2532=LINE('',#16176,#3906);
#2533=LINE('',#16177,#3907);
#2534=LINE('',#16180,#3908);
#2535=LINE('',#16181,#3909);
#2536=LINE('',#16183,#3910);
#2537=LINE('',#16187,#3911);
#2538=LINE('',#16188,#3912);
#2539=LINE('',#16189,#3913);
#2540=LINE('',#16192,#3914);
#2541=LINE('',#16193,#3915);
#2542=LINE('',#16196,#3916);
#2543=LINE('',#16197,#3917);
#2544=LINE('',#16199,#3918);
#2545=LINE('',#16203,#3919);
#2546=LINE('',#16204,#3920);
#2547=LINE('',#16205,#3921);
#2548=LINE('',#16208,#3922);
#2549=LINE('',#16209,#3923);
#2550=LINE('',#16212,#3924);
#2551=LINE('',#16213,#3925);
#2552=LINE('',#16215,#3926);
#2553=LINE('',#16219,#3927);
#2554=LINE('',#16220,#3928);
#2555=LINE('',#16221,#3929);
#2556=LINE('',#16224,#3930);
#2557=LINE('',#16225,#3931);
#2558=LINE('',#16228,#3932);
#2559=LINE('',#16229,#3933);
#2560=LINE('',#16231,#3934);
#2561=LINE('',#16235,#3935);
#2562=LINE('',#16236,#3936);
#2563=LINE('',#16237,#3937);
#2564=LINE('',#16240,#3938);
#2565=LINE('',#16241,#3939);
#2566=LINE('',#16244,#3940);
#2567=LINE('',#16245,#3941);
#2568=LINE('',#16247,#3942);
#2569=LINE('',#16250,#3943);
#2570=LINE('',#16255,#3944);
#2571=LINE('',#16256,#3945);
#2572=LINE('',#16257,#3946);
#2573=LINE('',#16260,#3947);
#2574=LINE('',#16261,#3948);
#2575=LINE('',#16264,#3949);
#2576=LINE('',#16265,#3950);
#2577=LINE('',#16267,#3951);
#2578=LINE('',#16271,#3952);
#2579=LINE('',#16272,#3953);
#2580=LINE('',#16273,#3954);
#2581=LINE('',#16276,#3955);
#2582=LINE('',#16277,#3956);
#2583=LINE('',#16280,#3957);
#2584=LINE('',#16281,#3958);
#2585=LINE('',#16283,#3959);
#2586=LINE('',#16286,#3960);
#2587=LINE('',#16291,#3961);
#2588=LINE('',#16292,#3962);
#2589=LINE('',#16293,#3963);
#2590=LINE('',#16296,#3964);
#2591=LINE('',#16297,#3965);
#2592=LINE('',#16300,#3966);
#2593=LINE('',#16301,#3967);
#2594=LINE('',#16303,#3968);
#2595=LINE('',#16307,#3969);
#2596=LINE('',#16308,#3970);
#2597=LINE('',#16309,#3971);
#2598=LINE('',#16312,#3972);
#2599=LINE('',#16313,#3973);
#2600=LINE('',#16316,#3974);
#2601=LINE('',#16317,#3975);
#2602=LINE('',#16319,#3976);
#2603=LINE('',#16323,#3977);
#2604=LINE('',#16324,#3978);
#2605=LINE('',#16325,#3979);
#2606=LINE('',#16328,#3980);
#2607=LINE('',#16329,#3981);
#2608=LINE('',#16332,#3982);
#2609=LINE('',#16333,#3983);
#2610=LINE('',#16335,#3984);
#2611=LINE('',#16339,#3985);
#2612=LINE('',#16340,#3986);
#2613=LINE('',#16341,#3987);
#2614=LINE('',#16344,#3988);
#2615=LINE('',#16345,#3989);
#2616=LINE('',#16348,#3990);
#2617=LINE('',#16349,#3991);
#2618=LINE('',#16352,#3992);
#2619=LINE('',#16353,#3993);
#2620=LINE('',#16356,#3994);
#2621=LINE('',#16357,#3995);
#2622=LINE('',#16360,#3996);
#2623=LINE('',#16361,#3997);
#2624=LINE('',#16364,#3998);
#2625=LINE('',#16365,#3999);
#2626=LINE('',#16367,#4000);
#2627=LINE('',#16368,#4001);
#2628=LINE('',#16371,#4002);
#2629=LINE('',#16372,#4003);
#2630=LINE('',#16375,#4004);
#2631=LINE('',#16376,#4005);
#2632=LINE('',#16379,#4006);
#2633=LINE('',#16380,#4007);
#2634=LINE('',#16383,#4008);
#2635=LINE('',#16384,#4009);
#2636=LINE('',#16387,#4010);
#2637=LINE('',#16388,#4011);
#2638=LINE('',#16391,#4012);
#2639=LINE('',#16392,#4013);
#2640=LINE('',#16395,#4014);
#2641=LINE('',#16396,#4015);
#2642=LINE('',#16399,#4016);
#2643=LINE('',#16400,#4017);
#2644=LINE('',#16403,#4018);
#2645=LINE('',#16404,#4019);
#2646=LINE('',#16407,#4020);
#2647=LINE('',#16408,#4021);
#2648=LINE('',#16411,#4022);
#2649=LINE('',#16412,#4023);
#2650=LINE('',#16415,#4024);
#2651=LINE('',#16416,#4025);
#2652=LINE('',#16419,#4026);
#2653=LINE('',#16420,#4027);
#2654=LINE('',#16423,#4028);
#2655=LINE('',#16424,#4029);
#2656=LINE('',#16427,#4030);
#2657=LINE('',#16428,#4031);
#2658=LINE('',#16430,#4032);
#2659=LINE('',#16431,#4033);
#2660=LINE('',#16434,#4034);
#2661=LINE('',#16435,#4035);
#2662=LINE('',#16438,#4036);
#2663=LINE('',#16439,#4037);
#2664=LINE('',#16441,#4038);
#2665=LINE('',#16442,#4039);
#2666=LINE('',#16445,#4040);
#2667=LINE('',#16446,#4041);
#2668=LINE('',#16448,#4042);
#2669=LINE('',#16449,#4043);
#2670=LINE('',#16452,#4044);
#2671=LINE('',#16453,#4045);
#2672=LINE('',#16456,#4046);
#2673=LINE('',#16457,#4047);
#2674=LINE('',#16459,#4048);
#2675=LINE('',#16462,#4049);
#2676=LINE('',#16467,#4050);
#2677=LINE('',#16468,#4051);
#2678=LINE('',#16469,#4052);
#2679=LINE('',#16472,#4053);
#2680=LINE('',#16473,#4054);
#2681=LINE('',#16476,#4055);
#2682=LINE('',#16477,#4056);
#2683=LINE('',#16479,#4057);
#2684=LINE('',#16483,#4058);
#2685=LINE('',#16484,#4059);
#2686=LINE('',#16485,#4060);
#2687=LINE('',#16488,#4061);
#2688=LINE('',#16489,#4062);
#2689=LINE('',#16492,#4063);
#2690=LINE('',#16493,#4064);
#2691=LINE('',#16495,#4065);
#2692=LINE('',#16499,#4066);
#2693=LINE('',#16500,#4067);
#2694=LINE('',#16501,#4068);
#2695=LINE('',#16504,#4069);
#2696=LINE('',#16505,#4070);
#2697=LINE('',#16508,#4071);
#2698=LINE('',#16509,#4072);
#2699=LINE('',#16511,#4073);
#2700=LINE('',#16514,#4074);
#2701=LINE('',#16519,#4075);
#2702=LINE('',#16520,#4076);
#2703=LINE('',#16521,#4077);
#2704=LINE('',#16524,#4078);
#2705=LINE('',#16525,#4079);
#2706=LINE('',#16528,#4080);
#2707=LINE('',#16529,#4081);
#2708=LINE('',#16531,#4082);
#2709=LINE('',#16535,#4083);
#2710=LINE('',#16536,#4084);
#2711=LINE('',#16537,#4085);
#2712=LINE('',#16540,#4086);
#2713=LINE('',#16541,#4087);
#2714=LINE('',#16544,#4088);
#2715=LINE('',#16545,#4089);
#2716=LINE('',#16547,#4090);
#2717=LINE('',#16551,#4091);
#2718=LINE('',#16552,#4092);
#2719=LINE('',#16553,#4093);
#2720=LINE('',#16556,#4094);
#2721=LINE('',#16557,#4095);
#2722=LINE('',#16560,#4096);
#2723=LINE('',#16561,#4097);
#2724=LINE('',#16563,#4098);
#2725=LINE('',#16566,#4099);
#2726=LINE('',#16568,#4100);
#2727=LINE('',#16569,#4101);
#2728=LINE('',#16572,#4102);
#2729=LINE('',#16573,#4103);
#2730=LINE('',#16576,#4104);
#2731=LINE('',#16577,#4105);
#2732=LINE('',#16580,#4106);
#2733=LINE('',#16581,#4107);
#2734=LINE('',#16584,#4108);
#2735=LINE('',#16585,#4109);
#2736=LINE('',#16588,#4110);
#2737=LINE('',#16589,#4111);
#2738=LINE('',#16592,#4112);
#2739=LINE('',#16593,#4113);
#2740=LINE('',#16596,#4114);
#2741=LINE('',#16597,#4115);
#2742=LINE('',#16600,#4116);
#2743=LINE('',#16601,#4117);
#2744=LINE('',#16604,#4118);
#2745=LINE('',#16605,#4119);
#2746=LINE('',#16608,#4120);
#2747=LINE('',#16609,#4121);
#2748=LINE('',#16611,#4122);
#2749=LINE('',#16614,#4123);
#2750=LINE('',#16615,#4124);
#2751=LINE('',#16618,#4125);
#2752=LINE('',#16619,#4126);
#2753=LINE('',#16622,#4127);
#2754=LINE('',#16623,#4128);
#2755=LINE('',#16625,#4129);
#2756=LINE('',#16627,#4130);
#2757=LINE('',#16629,#4131);
#2758=LINE('',#16636,#4132);
#2759=LINE('',#16639,#4133);
#2760=LINE('',#16650,#4134);
#2761=LINE('',#16653,#4135);
#2762=LINE('',#16664,#4136);
#2763=LINE('',#16667,#4137);
#2764=LINE('',#16675,#4138);
#2765=LINE('',#16684,#4139);
#2766=LINE('',#16687,#4140);
#2767=LINE('',#16695,#4141);
#2768=LINE('',#16704,#4142);
#2769=LINE('',#16707,#4143);
#2770=LINE('',#16715,#4144);
#2771=LINE('',#16724,#4145);
#2772=LINE('',#16727,#4146);
#2773=LINE('',#16735,#4147);
#2774=LINE('',#16742,#4148);
#2775=LINE('',#16744,#4149);
#2776=LINE('',#16746,#4150);
#2777=LINE('',#16747,#4151);
#2778=LINE('',#16750,#4152);
#2779=LINE('',#16752,#4153);
#2780=LINE('',#16753,#4154);
#2781=LINE('',#16756,#4155);
#2782=LINE('',#16758,#4156);
#2783=LINE('',#16759,#4157);
#2784=LINE('',#16762,#4158);
#2785=LINE('',#16764,#4159);
#2786=LINE('',#16765,#4160);
#2787=LINE('',#16768,#4161);
#2788=LINE('',#16770,#4162);
#2789=LINE('',#16771,#4163);
#2790=LINE('',#16774,#4164);
#2791=LINE('',#16776,#4165);
#2792=LINE('',#16777,#4166);
#2793=LINE('',#16780,#4167);
#2794=LINE('',#16782,#4168);
#2795=LINE('',#16783,#4169);
#2796=LINE('',#16786,#4170);
#2797=LINE('',#16788,#4171);
#2798=LINE('',#16789,#4172);
#2799=LINE('',#16792,#4173);
#2800=LINE('',#16794,#4174);
#2801=LINE('',#16795,#4175);
#2802=LINE('',#16798,#4176);
#2803=LINE('',#16800,#4177);
#2804=LINE('',#16801,#4178);
#2805=LINE('',#16804,#4179);
#2806=LINE('',#16806,#4180);
#2807=LINE('',#16807,#4181);
#2808=LINE('',#16810,#4182);
#2809=LINE('',#16812,#4183);
#2810=LINE('',#16813,#4184);
#2811=LINE('',#16816,#4185);
#2812=LINE('',#16818,#4186);
#2813=LINE('',#16819,#4187);
#2814=LINE('',#16822,#4188);
#2815=LINE('',#16824,#4189);
#2816=LINE('',#16825,#4190);
#2817=LINE('',#16828,#4191);
#2818=LINE('',#16830,#4192);
#2819=LINE('',#16831,#4193);
#2820=LINE('',#16834,#4194);
#2821=LINE('',#16836,#4195);
#2822=LINE('',#16837,#4196);
#2823=LINE('',#16840,#4197);
#2824=LINE('',#16842,#4198);
#2825=LINE('',#16843,#4199);
#2826=LINE('',#16846,#4200);
#2827=LINE('',#16848,#4201);
#2828=LINE('',#16849,#4202);
#2829=LINE('',#16852,#4203);
#2830=LINE('',#16854,#4204);
#2831=LINE('',#16855,#4205);
#2832=LINE('',#16858,#4206);
#2833=LINE('',#16860,#4207);
#2834=LINE('',#16861,#4208);
#2835=LINE('',#16864,#4209);
#2836=LINE('',#16866,#4210);
#2837=LINE('',#16867,#4211);
#2838=LINE('',#16870,#4212);
#2839=LINE('',#16872,#4213);
#2840=LINE('',#16873,#4214);
#2841=LINE('',#16875,#4215);
#2842=LINE('',#16876,#4216);
#2843=LINE('',#16880,#4217);
#2844=LINE('',#16882,#4218);
#2845=LINE('',#16884,#4219);
#2846=LINE('',#16885,#4220);
#2847=LINE('',#16888,#4221);
#2848=LINE('',#16890,#4222);
#2849=LINE('',#16891,#4223);
#2850=LINE('',#16894,#4224);
#2851=LINE('',#16896,#4225);
#2852=LINE('',#16897,#4226);
#2853=LINE('',#16900,#4227);
#2854=LINE('',#16902,#4228);
#2855=LINE('',#16903,#4229);
#2856=LINE('',#16906,#4230);
#2857=LINE('',#16908,#4231);
#2858=LINE('',#16909,#4232);
#2859=LINE('',#16912,#4233);
#2860=LINE('',#16914,#4234);
#2861=LINE('',#16915,#4235);
#2862=LINE('',#16918,#4236);
#2863=LINE('',#16920,#4237);
#2864=LINE('',#16921,#4238);
#2865=LINE('',#16924,#4239);
#2866=LINE('',#16926,#4240);
#2867=LINE('',#16927,#4241);
#2868=LINE('',#16930,#4242);
#2869=LINE('',#16932,#4243);
#2870=LINE('',#16933,#4244);
#2871=LINE('',#16936,#4245);
#2872=LINE('',#16938,#4246);
#2873=LINE('',#16939,#4247);
#2874=LINE('',#16942,#4248);
#2875=LINE('',#16944,#4249);
#2876=LINE('',#16945,#4250);
#2877=LINE('',#16948,#4251);
#2878=LINE('',#16950,#4252);
#2879=LINE('',#16951,#4253);
#2880=LINE('',#16954,#4254);
#2881=LINE('',#16956,#4255);
#2882=LINE('',#16957,#4256);
#2883=LINE('',#16960,#4257);
#2884=LINE('',#16962,#4258);
#2885=LINE('',#16963,#4259);
#2886=LINE('',#16966,#4260);
#2887=LINE('',#16968,#4261);
#2888=LINE('',#16969,#4262);
#2889=LINE('',#16972,#4263);
#2890=LINE('',#16974,#4264);
#2891=LINE('',#16975,#4265);
#2892=LINE('',#16978,#4266);
#2893=LINE('',#16980,#4267);
#2894=LINE('',#16981,#4268);
#2895=LINE('',#16984,#4269);
#2896=LINE('',#16986,#4270);
#2897=LINE('',#16987,#4271);
#2898=LINE('',#16990,#4272);
#2899=LINE('',#16992,#4273);
#2900=LINE('',#16993,#4274);
#2901=LINE('',#16996,#4275);
#2902=LINE('',#16998,#4276);
#2903=LINE('',#16999,#4277);
#2904=LINE('',#17002,#4278);
#2905=LINE('',#17004,#4279);
#2906=LINE('',#17005,#4280);
#2907=LINE('',#17007,#4281);
#2908=LINE('',#17008,#4282);
#2909=LINE('',#17015,#4283);
#2910=LINE('',#17021,#4284);
#2911=LINE('',#17027,#4285);
#2912=LINE('',#17033,#4286);
#2913=LINE('',#17038,#4287);
#2914=LINE('',#17040,#4288);
#2915=LINE('',#17042,#4289);
#2916=LINE('',#17043,#4290);
#2917=LINE('',#17046,#4291);
#2918=LINE('',#17048,#4292);
#2919=LINE('',#17049,#4293);
#2920=LINE('',#17052,#4294);
#2921=LINE('',#17054,#4295);
#2922=LINE('',#17055,#4296);
#2923=LINE('',#17058,#4297);
#2924=LINE('',#17060,#4298);
#2925=LINE('',#17061,#4299);
#2926=LINE('',#17064,#4300);
#2927=LINE('',#17066,#4301);
#2928=LINE('',#17067,#4302);
#2929=LINE('',#17070,#4303);
#2930=LINE('',#17072,#4304);
#2931=LINE('',#17073,#4305);
#2932=LINE('',#17076,#4306);
#2933=LINE('',#17078,#4307);
#2934=LINE('',#17079,#4308);
#2935=LINE('',#17082,#4309);
#2936=LINE('',#17084,#4310);
#2937=LINE('',#17085,#4311);
#2938=LINE('',#17088,#4312);
#2939=LINE('',#17090,#4313);
#2940=LINE('',#17091,#4314);
#2941=LINE('',#17094,#4315);
#2942=LINE('',#17096,#4316);
#2943=LINE('',#17097,#4317);
#2944=LINE('',#17100,#4318);
#2945=LINE('',#17102,#4319);
#2946=LINE('',#17103,#4320);
#2947=LINE('',#17106,#4321);
#2948=LINE('',#17108,#4322);
#2949=LINE('',#17109,#4323);
#2950=LINE('',#17112,#4324);
#2951=LINE('',#17114,#4325);
#2952=LINE('',#17115,#4326);
#2953=LINE('',#17118,#4327);
#2954=LINE('',#17120,#4328);
#2955=LINE('',#17121,#4329);
#2956=LINE('',#17124,#4330);
#2957=LINE('',#17126,#4331);
#2958=LINE('',#17127,#4332);
#2959=LINE('',#17130,#4333);
#2960=LINE('',#17132,#4334);
#2961=LINE('',#17133,#4335);
#2962=LINE('',#17136,#4336);
#2963=LINE('',#17138,#4337);
#2964=LINE('',#17139,#4338);
#2965=LINE('',#17142,#4339);
#2966=LINE('',#17144,#4340);
#2967=LINE('',#17145,#4341);
#2968=LINE('',#17148,#4342);
#2969=LINE('',#17150,#4343);
#2970=LINE('',#17151,#4344);
#2971=LINE('',#17154,#4345);
#2972=LINE('',#17156,#4346);
#2973=LINE('',#17157,#4347);
#2974=LINE('',#17160,#4348);
#2975=LINE('',#17162,#4349);
#2976=LINE('',#17163,#4350);
#2977=LINE('',#17165,#4351);
#2978=LINE('',#17166,#4352);
#2979=VECTOR('',#11488,10.);
#2980=VECTOR('',#11489,10.);
#2981=VECTOR('',#11490,10.);
#2982=VECTOR('',#11491,10.);
#2983=VECTOR('',#11494,10.);
#2984=VECTOR('',#11495,10.);
#2985=VECTOR('',#11496,10.);
#2986=VECTOR('',#11499,10.);
#2987=VECTOR('',#11500,10.);
#2988=VECTOR('',#11501,10.);
#2989=VECTOR('',#11504,10.);
#2990=VECTOR('',#11505,10.);
#2991=VECTOR('',#11506,10.);
#2992=VECTOR('',#11507,10.);
#2993=VECTOR('',#11508,10.);
#2994=VECTOR('',#11509,10.);
#2995=VECTOR('',#11510,10.);
#2996=VECTOR('',#11511,10.);
#2997=VECTOR('',#11512,10.);
#2998=VECTOR('',#11513,10.);
#2999=VECTOR('',#11514,10.);
#3000=VECTOR('',#11515,10.);
#3001=VECTOR('',#11516,10.);
#3002=VECTOR('',#11517,10.);
#3003=VECTOR('',#11518,10.);
#3004=VECTOR('',#11519,10.);
#3005=VECTOR('',#11520,10.);
#3006=VECTOR('',#11521,10.);
#3007=VECTOR('',#11522,10.);
#3008=VECTOR('',#11523,10.);
#3009=VECTOR('',#11524,10.);
#3010=VECTOR('',#11525,10.);
#3011=VECTOR('',#11526,10.);
#3012=VECTOR('',#11527,10.);
#3013=VECTOR('',#11528,10.);
#3014=VECTOR('',#11529,10.);
#3015=VECTOR('',#11530,10.);
#3016=VECTOR('',#11531,10.);
#3017=VECTOR('',#11532,10.);
#3018=VECTOR('',#11533,10.);
#3019=VECTOR('',#11534,10.);
#3020=VECTOR('',#11539,10.);
#3021=VECTOR('',#11540,10.);
#3022=VECTOR('',#11541,10.);
#3023=VECTOR('',#11542,10.);
#3024=VECTOR('',#11547,10.);
#3025=VECTOR('',#11548,10.);
#3026=VECTOR('',#11549,10.);
#3027=VECTOR('',#11550,10.);
#3028=VECTOR('',#11551,10.);
#3029=VECTOR('',#11552,10.);
#3030=VECTOR('',#11553,10.);
#3031=VECTOR('',#11554,10.);
#3032=VECTOR('',#11555,10.);
#3033=VECTOR('',#11556,10.);
#3034=VECTOR('',#11557,10.);
#3035=VECTOR('',#11558,10.);
#3036=VECTOR('',#11559,10.);
#3037=VECTOR('',#11560,10.);
#3038=VECTOR('',#11561,10.);
#3039=VECTOR('',#11562,10.);
#3040=VECTOR('',#11563,10.);
#3041=VECTOR('',#11564,10.);
#3042=VECTOR('',#11565,10.);
#3043=VECTOR('',#11566,10.);
#3044=VECTOR('',#11567,10.);
#3045=VECTOR('',#11568,10.);
#3046=VECTOR('',#11569,10.);
#3047=VECTOR('',#11570,10.);
#3048=VECTOR('',#11573,10.);
#3049=VECTOR('',#11574,10.);
#3050=VECTOR('',#11575,10.);
#3051=VECTOR('',#11576,10.);
#3052=VECTOR('',#11577,10.);
#3053=VECTOR('',#11578,10.);
#3054=VECTOR('',#11579,10.);
#3055=VECTOR('',#11580,10.);
#3056=VECTOR('',#11583,10.);
#3057=VECTOR('',#11584,10.);
#3058=VECTOR('',#11585,10.);
#3059=VECTOR('',#11586,10.);
#3060=VECTOR('',#11587,10.);
#3061=VECTOR('',#11588,10.);
#3062=VECTOR('',#11589,10.);
#3063=VECTOR('',#11590,10.);
#3064=VECTOR('',#11591,10.);
#3065=VECTOR('',#11592,10.);
#3066=VECTOR('',#11593,10.);
#3067=VECTOR('',#11594,10.);
#3068=VECTOR('',#11595,10.);
#3069=VECTOR('',#11596,10.);
#3070=VECTOR('',#11597,10.);
#3071=VECTOR('',#11598,10.);
#3072=VECTOR('',#11599,10.);
#3073=VECTOR('',#11600,10.);
#3074=VECTOR('',#11601,10.);
#3075=VECTOR('',#11602,10.);
#3076=VECTOR('',#11603,10.);
#3077=VECTOR('',#11604,10.);
#3078=VECTOR('',#11605,10.);
#3079=VECTOR('',#11606,10.);
#3080=VECTOR('',#11607,10.);
#3081=VECTOR('',#11608,10.);
#3082=VECTOR('',#11609,10.);
#3083=VECTOR('',#11610,10.);
#3084=VECTOR('',#11611,10.);
#3085=VECTOR('',#11612,10.);
#3086=VECTOR('',#11613,10.);
#3087=VECTOR('',#11614,10.);
#3088=VECTOR('',#11615,10.);
#3089=VECTOR('',#11616,10.);
#3090=VECTOR('',#11617,10.);
#3091=VECTOR('',#11618,10.);
#3092=VECTOR('',#11619,10.);
#3093=VECTOR('',#11620,10.);
#3094=VECTOR('',#11621,10.);
#3095=VECTOR('',#11622,10.);
#3096=VECTOR('',#11623,10.);
#3097=VECTOR('',#11624,10.);
#3098=VECTOR('',#11625,10.);
#3099=VECTOR('',#11626,10.);
#3100=VECTOR('',#11629,10.);
#3101=VECTOR('',#11630,10.);
#3102=VECTOR('',#11631,10.);
#3103=VECTOR('',#11632,10.);
#3104=VECTOR('',#11633,10.);
#3105=VECTOR('',#11634,10.);
#3106=VECTOR('',#11635,10.);
#3107=VECTOR('',#11636,10.);
#3108=VECTOR('',#11637,10.);
#3109=VECTOR('',#11638,10.);
#3110=VECTOR('',#11639,10.);
#3111=VECTOR('',#11640,10.);
#3112=VECTOR('',#11643,10.);
#3113=VECTOR('',#11644,10.);
#3114=VECTOR('',#11645,10.);
#3115=VECTOR('',#11646,10.);
#3116=VECTOR('',#11647,10.);
#3117=VECTOR('',#11648,10.);
#3118=VECTOR('',#11649,10.);
#3119=VECTOR('',#11650,10.);
#3120=VECTOR('',#11651,10.);
#3121=VECTOR('',#11652,10.);
#3122=VECTOR('',#11653,10.);
#3123=VECTOR('',#11654,10.);
#3124=VECTOR('',#11657,10.);
#3125=VECTOR('',#11658,10.);
#3126=VECTOR('',#11661,10.);
#3127=VECTOR('',#11662,10.);
#3128=VECTOR('',#11663,10.);
#3129=VECTOR('',#11666,10.);
#3130=VECTOR('',#11667,10.);
#3131=VECTOR('',#11670,10.);
#3132=VECTOR('',#11671,10.);
#3133=VECTOR('',#11672,10.);
#3134=VECTOR('',#11675,10.);
#3135=VECTOR('',#11676,10.);
#3136=VECTOR('',#11679,10.);
#3137=VECTOR('',#11680,10.);
#3138=VECTOR('',#11683,10.);
#3139=VECTOR('',#11684,10.);
#3140=VECTOR('',#11687,10.);
#3141=VECTOR('',#11690,10.);
#3142=VECTOR('',#11691,10.);
#3143=VECTOR('',#11692,10.);
#3144=VECTOR('',#11695,10.);
#3145=VECTOR('',#11696,10.);
#3146=VECTOR('',#11699,10.);
#3147=VECTOR('',#11700,10.);
#3148=VECTOR('',#11703,10.);
#3149=VECTOR('',#11704,10.);
#3150=VECTOR('',#11707,10.);
#3151=VECTOR('',#11708,10.);
#3152=VECTOR('',#11711,10.);
#3153=VECTOR('',#11712,10.);
#3154=VECTOR('',#11715,10.);
#3155=VECTOR('',#11716,10.);
#3156=VECTOR('',#11719,10.);
#3157=VECTOR('',#11720,10.);
#3158=VECTOR('',#11723,10.);
#3159=VECTOR('',#11724,10.);
#3160=VECTOR('',#11727,10.);
#3161=VECTOR('',#11728,10.);
#3162=VECTOR('',#11731,10.);
#3163=VECTOR('',#11732,10.);
#3164=VECTOR('',#11735,10.);
#3165=VECTOR('',#11736,10.);
#3166=VECTOR('',#11739,10.);
#3167=VECTOR('',#11740,10.);
#3168=VECTOR('',#11743,10.);
#3169=VECTOR('',#11746,10.);
#3170=VECTOR('',#11747,10.);
#3171=VECTOR('',#11748,10.);
#3172=VECTOR('',#11751,10.);
#3173=VECTOR('',#11752,10.);
#3174=VECTOR('',#11753,10.);
#3175=VECTOR('',#11756,10.);
#3176=VECTOR('',#11757,10.);
#3177=VECTOR('',#11760,10.);
#3178=VECTOR('',#11761,10.);
#3179=VECTOR('',#11764,10.);
#3180=VECTOR('',#11767,10.);
#3181=VECTOR('',#11768,10.);
#3182=VECTOR('',#11769,10.);
#3183=VECTOR('',#11772,10.);
#3184=VECTOR('',#11773,10.);
#3185=VECTOR('',#11776,10.);
#3186=VECTOR('',#11777,10.);
#3187=VECTOR('',#11780,10.);
#3188=VECTOR('',#11783,10.);
#3189=VECTOR('',#11784,10.);
#3190=VECTOR('',#11785,10.);
#3191=VECTOR('',#11788,10.);
#3192=VECTOR('',#11789,10.);
#3193=VECTOR('',#11792,10.);
#3194=VECTOR('',#11793,10.);
#3195=VECTOR('',#11796,10.);
#3196=VECTOR('',#11801,10.);
#3197=VECTOR('',#11802,10.);
#3198=VECTOR('',#11809,10.);
#3199=VECTOR('',#11810,10.);
#3200=VECTOR('',#11811,10.);
#3201=VECTOR('',#11814,10.);
#3202=VECTOR('',#11815,10.);
#3203=VECTOR('',#11818,10.);
#3204=VECTOR('',#11819,10.);
#3205=VECTOR('',#11822,10.);
#3206=VECTOR('',#11827,10.);
#3207=VECTOR('',#11828,10.);
#3208=VECTOR('',#11835,10.);
#3209=VECTOR('',#11836,10.);
#3210=VECTOR('',#11837,10.);
#3211=VECTOR('',#11840,10.);
#3212=VECTOR('',#11841,10.);
#3213=VECTOR('',#11844,10.);
#3214=VECTOR('',#11845,10.);
#3215=VECTOR('',#11848,10.);
#3216=VECTOR('',#11851,10.);
#3217=VECTOR('',#11852,10.);
#3218=VECTOR('',#11853,10.);
#3219=VECTOR('',#11856,10.);
#3220=VECTOR('',#11857,10.);
#3221=VECTOR('',#11860,10.);
#3222=VECTOR('',#11861,10.);
#3223=VECTOR('',#11864,10.);
#3224=VECTOR('',#11867,10.);
#3225=VECTOR('',#11868,10.);
#3226=VECTOR('',#11869,10.);
#3227=VECTOR('',#11872,10.);
#3228=VECTOR('',#11873,10.);
#3229=VECTOR('',#11876,10.);
#3230=VECTOR('',#11877,10.);
#3231=VECTOR('',#11880,10.);
#3232=VECTOR('',#11883,10.);
#3233=VECTOR('',#11884,10.);
#3234=VECTOR('',#11885,10.);
#3235=VECTOR('',#11888,10.);
#3236=VECTOR('',#11889,10.);
#3237=VECTOR('',#11892,10.);
#3238=VECTOR('',#11893,10.);
#3239=VECTOR('',#11896,10.);
#3240=VECTOR('',#11899,10.);
#3241=VECTOR('',#11900,10.);
#3242=VECTOR('',#11901,10.);
#3243=VECTOR('',#11904,10.);
#3244=VECTOR('',#11905,10.);
#3245=VECTOR('',#11908,10.);
#3246=VECTOR('',#11909,10.);
#3247=VECTOR('',#11912,10.);
#3248=VECTOR('',#11915,10.);
#3249=VECTOR('',#11916,10.);
#3250=VECTOR('',#11917,10.);
#3251=VECTOR('',#11920,10.);
#3252=VECTOR('',#11921,10.);
#3253=VECTOR('',#11924,10.);
#3254=VECTOR('',#11925,10.);
#3255=VECTOR('',#11928,10.);
#3256=VECTOR('',#11931,3.44982886090145);
#3257=VECTOR('',#11936,10.);
#3258=VECTOR('',#11937,10.);
#3259=VECTOR('',#11938,10.);
#3260=VECTOR('',#11941,10.);
#3261=VECTOR('',#11942,10.);
#3262=VECTOR('',#11945,10.);
#3263=VECTOR('',#11946,10.);
#3264=VECTOR('',#11949,10.);
#3265=VECTOR('',#11952,10.);
#3266=VECTOR('',#11953,10.);
#3267=VECTOR('',#11954,10.);
#3268=VECTOR('',#11957,10.);
#3269=VECTOR('',#11958,10.);
#3270=VECTOR('',#11961,10.);
#3271=VECTOR('',#11962,10.);
#3272=VECTOR('',#11965,10.);
#3273=VECTOR('',#11968,3.44982886090145);
#3274=VECTOR('',#11973,10.);
#3275=VECTOR('',#11974,10.);
#3276=VECTOR('',#11975,10.);
#3277=VECTOR('',#11978,10.);
#3278=VECTOR('',#11979,10.);
#3279=VECTOR('',#11982,10.);
#3280=VECTOR('',#11983,10.);
#3281=VECTOR('',#11986,10.);
#3282=VECTOR('',#11989,10.);
#3283=VECTOR('',#11990,10.);
#3284=VECTOR('',#11991,10.);
#3285=VECTOR('',#11994,10.);
#3286=VECTOR('',#11995,10.);
#3287=VECTOR('',#11998,10.);
#3288=VECTOR('',#11999,10.);
#3289=VECTOR('',#12002,10.);
#3290=VECTOR('',#12005,10.);
#3291=VECTOR('',#12006,10.);
#3292=VECTOR('',#12007,10.);
#3293=VECTOR('',#12010,10.);
#3294=VECTOR('',#12011,10.);
#3295=VECTOR('',#12014,10.);
#3296=VECTOR('',#12015,10.);
#3297=VECTOR('',#12018,10.);
#3298=VECTOR('',#12021,10.);
#3299=VECTOR('',#12022,10.);
#3300=VECTOR('',#12023,10.);
#3301=VECTOR('',#12026,10.);
#3302=VECTOR('',#12027,10.);
#3303=VECTOR('',#12030,10.);
#3304=VECTOR('',#12031,10.);
#3305=VECTOR('',#12034,10.);
#3306=VECTOR('',#12035,10.);
#3307=VECTOR('',#12038,10.);
#3308=VECTOR('',#12039,10.);
#3309=VECTOR('',#12042,10.);
#3310=VECTOR('',#12043,10.);
#3311=VECTOR('',#12046,10.);
#3312=VECTOR('',#12047,10.);
#3313=VECTOR('',#12050,10.);
#3314=VECTOR('',#12051,10.);
#3315=VECTOR('',#12054,10.);
#3316=VECTOR('',#12055,10.);
#3317=VECTOR('',#12058,10.);
#3318=VECTOR('',#12059,10.);
#3319=VECTOR('',#12062,10.);
#3320=VECTOR('',#12063,10.);
#3321=VECTOR('',#12066,10.);
#3322=VECTOR('',#12067,10.);
#3323=VECTOR('',#12070,10.);
#3324=VECTOR('',#12071,10.);
#3325=VECTOR('',#12074,10.);
#3326=VECTOR('',#12075,10.);
#3327=VECTOR('',#12078,10.);
#3328=VECTOR('',#12079,10.);
#3329=VECTOR('',#12082,10.);
#3330=VECTOR('',#12083,10.);
#3331=VECTOR('',#12086,10.);
#3332=VECTOR('',#12087,10.);
#3333=VECTOR('',#12090,10.);
#3334=VECTOR('',#12091,10.);
#3335=VECTOR('',#12094,10.);
#3336=VECTOR('',#12095,10.);
#3337=VECTOR('',#12098,10.);
#3338=VECTOR('',#12099,10.);
#3339=VECTOR('',#12102,10.);
#3340=VECTOR('',#12103,10.);
#3341=VECTOR('',#12106,10.);
#3342=VECTOR('',#12107,10.);
#3343=VECTOR('',#12110,10.);
#3344=VECTOR('',#12111,10.);
#3345=VECTOR('',#12114,10.);
#3346=VECTOR('',#12115,10.);
#3347=VECTOR('',#12118,10.);
#3348=VECTOR('',#12119,10.);
#3349=VECTOR('',#12122,10.);
#3350=VECTOR('',#12123,10.);
#3351=VECTOR('',#12126,10.);
#3352=VECTOR('',#12127,10.);
#3353=VECTOR('',#12130,10.);
#3354=VECTOR('',#12131,10.);
#3355=VECTOR('',#12134,10.);
#3356=VECTOR('',#12135,10.);
#3357=VECTOR('',#12138,10.);
#3358=VECTOR('',#12139,10.);
#3359=VECTOR('',#12142,10.);
#3360=VECTOR('',#12143,10.);
#3361=VECTOR('',#12146,10.);
#3362=VECTOR('',#12149,3.44982886090143);
#3363=VECTOR('',#12154,10.);
#3364=VECTOR('',#12155,10.);
#3365=VECTOR('',#12156,10.);
#3366=VECTOR('',#12159,10.);
#3367=VECTOR('',#12160,10.);
#3368=VECTOR('',#12163,10.);
#3369=VECTOR('',#12164,10.);
#3370=VECTOR('',#12167,10.);
#3371=VECTOR('',#12170,10.);
#3372=VECTOR('',#12171,10.);
#3373=VECTOR('',#12172,10.);
#3374=VECTOR('',#12175,10.);
#3375=VECTOR('',#12176,10.);
#3376=VECTOR('',#12179,10.);
#3377=VECTOR('',#12180,10.);
#3378=VECTOR('',#12183,10.);
#3379=VECTOR('',#12186,10.);
#3380=VECTOR('',#12187,10.);
#3381=VECTOR('',#12188,10.);
#3382=VECTOR('',#12191,10.);
#3383=VECTOR('',#12192,10.);
#3384=VECTOR('',#12195,10.);
#3385=VECTOR('',#12196,10.);
#3386=VECTOR('',#12199,10.);
#3387=VECTOR('',#12202,3.44982886090143);
#3388=VECTOR('',#12207,10.);
#3389=VECTOR('',#12208,10.);
#3390=VECTOR('',#12209,10.);
#3391=VECTOR('',#12212,10.);
#3392=VECTOR('',#12213,10.);
#3393=VECTOR('',#12216,10.);
#3394=VECTOR('',#12217,10.);
#3395=VECTOR('',#12220,10.);
#3396=VECTOR('',#12223,10.);
#3397=VECTOR('',#12224,10.);
#3398=VECTOR('',#12225,10.);
#3399=VECTOR('',#12228,10.);
#3400=VECTOR('',#12229,10.);
#3401=VECTOR('',#12232,10.);
#3402=VECTOR('',#12233,10.);
#3403=VECTOR('',#12236,10.);
#3404=VECTOR('',#12239,10.);
#3405=VECTOR('',#12240,10.);
#3406=VECTOR('',#12241,10.);
#3407=VECTOR('',#12244,10.);
#3408=VECTOR('',#12245,10.);
#3409=VECTOR('',#12248,10.);
#3410=VECTOR('',#12249,10.);
#3411=VECTOR('',#12252,10.);
#3412=VECTOR('',#12255,10.);
#3413=VECTOR('',#12256,10.);
#3414=VECTOR('',#12257,10.);
#3415=VECTOR('',#12260,10.);
#3416=VECTOR('',#12261,10.);
#3417=VECTOR('',#12264,10.);
#3418=VECTOR('',#12265,10.);
#3419=VECTOR('',#12268,10.);
#3420=VECTOR('',#12269,10.);
#3421=VECTOR('',#12272,10.);
#3422=VECTOR('',#12273,10.);
#3423=VECTOR('',#12276,10.);
#3424=VECTOR('',#12277,10.);
#3425=VECTOR('',#12280,10.);
#3426=VECTOR('',#12281,10.);
#3427=VECTOR('',#12284,10.);
#3428=VECTOR('',#12285,10.);
#3429=VECTOR('',#12288,10.);
#3430=VECTOR('',#12289,10.);
#3431=VECTOR('',#12292,10.);
#3432=VECTOR('',#12293,10.);
#3433=VECTOR('',#12296,10.);
#3434=VECTOR('',#12297,10.);
#3435=VECTOR('',#12300,10.);
#3436=VECTOR('',#12303,10.);
#3437=VECTOR('',#12304,10.);
#3438=VECTOR('',#12307,10.);
#3439=VECTOR('',#12308,10.);
#3440=VECTOR('',#12311,10.);
#3441=VECTOR('',#12312,10.);
#3442=VECTOR('',#12315,10.);
#3443=VECTOR('',#12318,10.);
#3444=VECTOR('',#12321,10.);
#3445=VECTOR('',#12328,10.);
#3446=VECTOR('',#12331,10.);
#3447=VECTOR('',#12346,10.);
#3448=VECTOR('',#12349,10.);
#3449=VECTOR('',#12364,10.);
#3450=VECTOR('',#12367,10.);
#3451=VECTOR('',#12378,3.44982886090145);
#3452=VECTOR('',#12389,10.);
#3453=VECTOR('',#12392,10.);
#3454=VECTOR('',#12403,3.44982886090145);
#3455=VECTOR('',#12414,10.);
#3456=VECTOR('',#12417,10.);
#3457=VECTOR('',#12428,3.44982886090143);
#3458=VECTOR('',#12439,10.);
#3459=VECTOR('',#12442,10.);
#3460=VECTOR('',#12453,3.44982886090143);
#3461=VECTOR('',#12462,10.);
#3462=VECTOR('',#12463,10.);
#3463=VECTOR('',#12464,10.);
#3464=VECTOR('',#12465,10.);
#3465=VECTOR('',#12468,10.);
#3466=VECTOR('',#12469,10.);
#3467=VECTOR('',#12470,10.);
#3468=VECTOR('',#12473,10.);
#3469=VECTOR('',#12474,10.);
#3470=VECTOR('',#12475,10.);
#3471=VECTOR('',#12478,10.);
#3472=VECTOR('',#12479,10.);
#3473=VECTOR('',#12480,10.);
#3474=VECTOR('',#12483,10.);
#3475=VECTOR('',#12484,10.);
#3476=VECTOR('',#12485,10.);
#3477=VECTOR('',#12488,10.);
#3478=VECTOR('',#12489,10.);
#3479=VECTOR('',#12490,10.);
#3480=VECTOR('',#12493,10.);
#3481=VECTOR('',#12494,10.);
#3482=VECTOR('',#12495,10.);
#3483=VECTOR('',#12498,10.);
#3484=VECTOR('',#12499,10.);
#3485=VECTOR('',#12500,10.);
#3486=VECTOR('',#12503,10.);
#3487=VECTOR('',#12504,10.);
#3488=VECTOR('',#12505,10.);
#3489=VECTOR('',#12508,10.);
#3490=VECTOR('',#12509,10.);
#3491=VECTOR('',#12510,10.);
#3492=VECTOR('',#12513,10.);
#3493=VECTOR('',#12514,10.);
#3494=VECTOR('',#12515,10.);
#3495=VECTOR('',#12518,10.);
#3496=VECTOR('',#12519,10.);
#3497=VECTOR('',#12520,10.);
#3498=VECTOR('',#12523,10.);
#3499=VECTOR('',#12524,10.);
#3500=VECTOR('',#12525,10.);
#3501=VECTOR('',#12528,10.);
#3502=VECTOR('',#12529,10.);
#3503=VECTOR('',#12530,10.);
#3504=VECTOR('',#12533,10.);
#3505=VECTOR('',#12534,10.);
#3506=VECTOR('',#12535,10.);
#3507=VECTOR('',#12538,10.);
#3508=VECTOR('',#12539,10.);
#3509=VECTOR('',#12540,10.);
#3510=VECTOR('',#12543,10.);
#3511=VECTOR('',#12544,10.);
#3512=VECTOR('',#12545,10.);
#3513=VECTOR('',#12548,10.);
#3514=VECTOR('',#12549,10.);
#3515=VECTOR('',#12550,10.);
#3516=VECTOR('',#12553,10.);
#3517=VECTOR('',#12554,10.);
#3518=VECTOR('',#12555,10.);
#3519=VECTOR('',#12558,10.);
#3520=VECTOR('',#12559,10.);
#3521=VECTOR('',#12560,10.);
#3522=VECTOR('',#12563,10.);
#3523=VECTOR('',#12564,10.);
#3524=VECTOR('',#12565,10.);
#3525=VECTOR('',#12568,10.);
#3526=VECTOR('',#12569,10.);
#3527=VECTOR('',#12570,10.);
#3528=VECTOR('',#12573,10.);
#3529=VECTOR('',#12574,10.);
#3530=VECTOR('',#12577,10.);
#3531=VECTOR('',#12578,10.);
#3532=VECTOR('',#12579,10.);
#3533=VECTOR('',#12580,10.);
#3534=VECTOR('',#12583,10.);
#3535=VECTOR('',#12584,10.);
#3536=VECTOR('',#12585,10.);
#3537=VECTOR('',#12588,10.);
#3538=VECTOR('',#12589,10.);
#3539=VECTOR('',#12590,10.);
#3540=VECTOR('',#12593,10.);
#3541=VECTOR('',#12594,10.);
#3542=VECTOR('',#12595,10.);
#3543=VECTOR('',#12598,10.);
#3544=VECTOR('',#12599,10.);
#3545=VECTOR('',#12600,10.);
#3546=VECTOR('',#12603,10.);
#3547=VECTOR('',#12604,10.);
#3548=VECTOR('',#12605,10.);
#3549=VECTOR('',#12608,10.);
#3550=VECTOR('',#12609,10.);
#3551=VECTOR('',#12610,10.);
#3552=VECTOR('',#12613,10.);
#3553=VECTOR('',#12614,10.);
#3554=VECTOR('',#12615,10.);
#3555=VECTOR('',#12618,10.);
#3556=VECTOR('',#12619,10.);
#3557=VECTOR('',#12620,10.);
#3558=VECTOR('',#12623,10.);
#3559=VECTOR('',#12624,10.);
#3560=VECTOR('',#12625,10.);
#3561=VECTOR('',#12628,10.);
#3562=VECTOR('',#12629,10.);
#3563=VECTOR('',#12630,10.);
#3564=VECTOR('',#12633,10.);
#3565=VECTOR('',#12634,10.);
#3566=VECTOR('',#12635,10.);
#3567=VECTOR('',#12638,10.);
#3568=VECTOR('',#12639,10.);
#3569=VECTOR('',#12640,10.);
#3570=VECTOR('',#12643,10.);
#3571=VECTOR('',#12644,10.);
#3572=VECTOR('',#12645,10.);
#3573=VECTOR('',#12648,10.);
#3574=VECTOR('',#12649,10.);
#3575=VECTOR('',#12650,10.);
#3576=VECTOR('',#12653,10.);
#3577=VECTOR('',#12654,10.);
#3578=VECTOR('',#12655,10.);
#3579=VECTOR('',#12658,10.);
#3580=VECTOR('',#12659,10.);
#3581=VECTOR('',#12660,10.);
#3582=VECTOR('',#12663,10.);
#3583=VECTOR('',#12664,10.);
#3584=VECTOR('',#12665,10.);
#3585=VECTOR('',#12668,10.);
#3586=VECTOR('',#12669,10.);
#3587=VECTOR('',#12670,10.);
#3588=VECTOR('',#12673,10.);
#3589=VECTOR('',#12674,10.);
#3590=VECTOR('',#12675,10.);
#3591=VECTOR('',#12678,10.);
#3592=VECTOR('',#12679,10.);
#3593=VECTOR('',#12680,10.);
#3594=VECTOR('',#12683,10.);
#3595=VECTOR('',#12684,10.);
#3596=VECTOR('',#12693,1.59992063114269);
#3597=VECTOR('',#12700,1.59992063114269);
#3598=VECTOR('',#12707,1.5999206311427);
#3599=VECTOR('',#12714,1.5999206311427);
#3600=VECTOR('',#12719,10.);
#3601=VECTOR('',#12720,10.);
#3602=VECTOR('',#12721,10.);
#3603=VECTOR('',#12722,10.);
#3604=VECTOR('',#12725,10.);
#3605=VECTOR('',#12726,10.);
#3606=VECTOR('',#12727,10.);
#3607=VECTOR('',#12730,10.);
#3608=VECTOR('',#12731,10.);
#3609=VECTOR('',#12732,10.);
#3610=VECTOR('',#12735,10.);
#3611=VECTOR('',#12736,10.);
#3612=VECTOR('',#12737,10.);
#3613=VECTOR('',#12740,10.);
#3614=VECTOR('',#12741,10.);
#3615=VECTOR('',#12742,10.);
#3616=VECTOR('',#12745,10.);
#3617=VECTOR('',#12746,10.);
#3618=VECTOR('',#12747,10.);
#3619=VECTOR('',#12750,10.);
#3620=VECTOR('',#12751,10.);
#3621=VECTOR('',#12752,10.);
#3622=VECTOR('',#12755,10.);
#3623=VECTOR('',#12756,10.);
#3624=VECTOR('',#12757,10.);
#3625=VECTOR('',#12760,10.);
#3626=VECTOR('',#12761,10.);
#3627=VECTOR('',#12762,10.);
#3628=VECTOR('',#12765,10.);
#3629=VECTOR('',#12766,10.);
#3630=VECTOR('',#12767,10.);
#3631=VECTOR('',#12770,10.);
#3632=VECTOR('',#12771,10.);
#3633=VECTOR('',#12772,10.);
#3634=VECTOR('',#12775,10.);
#3635=VECTOR('',#12776,10.);
#3636=VECTOR('',#12777,10.);
#3637=VECTOR('',#12780,10.);
#3638=VECTOR('',#12781,10.);
#3639=VECTOR('',#12782,10.);
#3640=VECTOR('',#12785,10.);
#3641=VECTOR('',#12786,10.);
#3642=VECTOR('',#12787,10.);
#3643=VECTOR('',#12790,10.);
#3644=VECTOR('',#12791,10.);
#3645=VECTOR('',#12792,10.);
#3646=VECTOR('',#12795,10.);
#3647=VECTOR('',#12796,10.);
#3648=VECTOR('',#12797,10.);
#3649=VECTOR('',#12800,10.);
#3650=VECTOR('',#12801,10.);
#3651=VECTOR('',#12802,10.);
#3652=VECTOR('',#12805,10.);
#3653=VECTOR('',#12806,10.);
#3654=VECTOR('',#12807,10.);
#3655=VECTOR('',#12810,10.);
#3656=VECTOR('',#12811,10.);
#3657=VECTOR('',#12812,10.);
#3658=VECTOR('',#12815,10.);
#3659=VECTOR('',#12816,10.);
#3660=VECTOR('',#12817,10.);
#3661=VECTOR('',#12820,10.);
#3662=VECTOR('',#12821,10.);
#3663=VECTOR('',#12822,10.);
#3664=VECTOR('',#12825,10.);
#3665=VECTOR('',#12826,10.);
#3666=VECTOR('',#12833,10.);
#3667=VECTOR('',#12834,10.);
#3668=VECTOR('',#12835,10.);
#3669=VECTOR('',#12836,10.);
#3670=VECTOR('',#12839,10.);
#3671=VECTOR('',#12840,10.);
#3672=VECTOR('',#12841,10.);
#3673=VECTOR('',#12844,10.);
#3674=VECTOR('',#12845,10.);
#3675=VECTOR('',#12846,10.);
#3676=VECTOR('',#12849,10.);
#3677=VECTOR('',#12850,10.);
#3678=VECTOR('',#12851,10.);
#3679=VECTOR('',#12852,10.);
#3680=VECTOR('',#12853,10.);
#3681=VECTOR('',#12854,10.);
#3682=VECTOR('',#12855,10.);
#3683=VECTOR('',#12856,10.);
#3684=VECTOR('',#12857,10.);
#3685=VECTOR('',#12858,10.);
#3686=VECTOR('',#12859,10.);
#3687=VECTOR('',#12860,10.);
#3688=VECTOR('',#12861,10.);
#3689=VECTOR('',#12862,10.);
#3690=VECTOR('',#12863,10.);
#3691=VECTOR('',#12864,10.);
#3692=VECTOR('',#12865,10.);
#3693=VECTOR('',#12866,10.);
#3694=VECTOR('',#12867,10.);
#3695=VECTOR('',#12868,10.);
#3696=VECTOR('',#12869,10.);
#3697=VECTOR('',#12870,10.);
#3698=VECTOR('',#12871,10.);
#3699=VECTOR('',#12872,10.);
#3700=VECTOR('',#12873,10.);
#3701=VECTOR('',#12874,10.);
#3702=VECTOR('',#12875,10.);
#3703=VECTOR('',#12876,10.);
#3704=VECTOR('',#12877,10.);
#3705=VECTOR('',#12878,10.);
#3706=VECTOR('',#12879,10.);
#3707=VECTOR('',#12884,10.);
#3708=VECTOR('',#12885,10.);
#3709=VECTOR('',#12886,10.);
#3710=VECTOR('',#12887,10.);
#3711=VECTOR('',#12892,10.);
#3712=VECTOR('',#12893,10.);
#3713=VECTOR('',#12894,10.);
#3714=VECTOR('',#12895,10.);
#3715=VECTOR('',#12896,10.);
#3716=VECTOR('',#12897,10.);
#3717=VECTOR('',#12898,10.);
#3718=VECTOR('',#12899,10.);
#3719=VECTOR('',#12900,10.);
#3720=VECTOR('',#12901,10.);
#3721=VECTOR('',#12902,10.);
#3722=VECTOR('',#12903,10.);
#3723=VECTOR('',#12904,10.);
#3724=VECTOR('',#12905,10.);
#3725=VECTOR('',#12906,10.);
#3726=VECTOR('',#12907,10.);
#3727=VECTOR('',#12908,10.);
#3728=VECTOR('',#12909,10.);
#3729=VECTOR('',#12910,10.);
#3730=VECTOR('',#12911,10.);
#3731=VECTOR('',#12912,10.);
#3732=VECTOR('',#12913,10.);
#3733=VECTOR('',#12914,10.);
#3734=VECTOR('',#12915,10.);
#3735=VECTOR('',#12918,10.);
#3736=VECTOR('',#12919,10.);
#3737=VECTOR('',#12920,10.);
#3738=VECTOR('',#12921,10.);
#3739=VECTOR('',#12922,10.);
#3740=VECTOR('',#12923,10.);
#3741=VECTOR('',#12924,10.);
#3742=VECTOR('',#12925,10.);
#3743=VECTOR('',#12928,10.);
#3744=VECTOR('',#12929,10.);
#3745=VECTOR('',#12930,10.);
#3746=VECTOR('',#12931,10.);
#3747=VECTOR('',#12932,10.);
#3748=VECTOR('',#12933,10.);
#3749=VECTOR('',#12934,10.);
#3750=VECTOR('',#12935,10.);
#3751=VECTOR('',#12936,10.);
#3752=VECTOR('',#12937,10.);
#3753=VECTOR('',#12938,10.);
#3754=VECTOR('',#12939,10.);
#3755=VECTOR('',#12940,10.);
#3756=VECTOR('',#12941,10.);
#3757=VECTOR('',#12942,10.);
#3758=VECTOR('',#12943,10.);
#3759=VECTOR('',#12944,10.);
#3760=VECTOR('',#12945,10.);
#3761=VECTOR('',#12946,10.);
#3762=VECTOR('',#12947,10.);
#3763=VECTOR('',#12948,10.);
#3764=VECTOR('',#12949,10.);
#3765=VECTOR('',#12950,10.);
#3766=VECTOR('',#12951,10.);
#3767=VECTOR('',#12952,10.);
#3768=VECTOR('',#12953,10.);
#3769=VECTOR('',#12954,10.);
#3770=VECTOR('',#12955,10.);
#3771=VECTOR('',#12956,10.);
#3772=VECTOR('',#12957,10.);
#3773=VECTOR('',#12958,10.);
#3774=VECTOR('',#12959,10.);
#3775=VECTOR('',#12960,10.);
#3776=VECTOR('',#12961,10.);
#3777=VECTOR('',#12962,10.);
#3778=VECTOR('',#12963,10.);
#3779=VECTOR('',#12964,10.);
#3780=VECTOR('',#12965,10.);
#3781=VECTOR('',#12966,10.);
#3782=VECTOR('',#12967,10.);
#3783=VECTOR('',#12968,10.);
#3784=VECTOR('',#12969,10.);
#3785=VECTOR('',#12970,10.);
#3786=VECTOR('',#12971,10.);
#3787=VECTOR('',#12974,10.);
#3788=VECTOR('',#12975,10.);
#3789=VECTOR('',#12976,10.);
#3790=VECTOR('',#12977,10.);
#3791=VECTOR('',#12978,10.);
#3792=VECTOR('',#12979,10.);
#3793=VECTOR('',#12980,10.);
#3794=VECTOR('',#12981,10.);
#3795=VECTOR('',#12982,10.);
#3796=VECTOR('',#12983,10.);
#3797=VECTOR('',#12984,10.);
#3798=VECTOR('',#12985,10.);
#3799=VECTOR('',#12988,10.);
#3800=VECTOR('',#12989,10.);
#3801=VECTOR('',#12990,10.);
#3802=VECTOR('',#12991,10.);
#3803=VECTOR('',#12992,10.);
#3804=VECTOR('',#12993,10.);
#3805=VECTOR('',#12994,10.);
#3806=VECTOR('',#12995,10.);
#3807=VECTOR('',#12996,10.);
#3808=VECTOR('',#12997,10.);
#3809=VECTOR('',#12998,10.);
#3810=VECTOR('',#12999,10.);
#3811=VECTOR('',#13002,10.);
#3812=VECTOR('',#13003,10.);
#3813=VECTOR('',#13006,10.);
#3814=VECTOR('',#13007,10.);
#3815=VECTOR('',#13008,10.);
#3816=VECTOR('',#13011,10.);
#3817=VECTOR('',#13012,10.);
#3818=VECTOR('',#13015,10.);
#3819=VECTOR('',#13016,10.);
#3820=VECTOR('',#13017,10.);
#3821=VECTOR('',#13020,10.);
#3822=VECTOR('',#13021,10.);
#3823=VECTOR('',#13024,10.);
#3824=VECTOR('',#13025,10.);
#3825=VECTOR('',#13028,10.);
#3826=VECTOR('',#13029,10.);
#3827=VECTOR('',#13032,10.);
#3828=VECTOR('',#13035,10.);
#3829=VECTOR('',#13036,10.);
#3830=VECTOR('',#13037,10.);
#3831=VECTOR('',#13040,10.);
#3832=VECTOR('',#13041,10.);
#3833=VECTOR('',#13044,10.);
#3834=VECTOR('',#13045,10.);
#3835=VECTOR('',#13048,10.);
#3836=VECTOR('',#13049,10.);
#3837=VECTOR('',#13052,10.);
#3838=VECTOR('',#13053,10.);
#3839=VECTOR('',#13056,10.);
#3840=VECTOR('',#13057,10.);
#3841=VECTOR('',#13060,10.);
#3842=VECTOR('',#13061,10.);
#3843=VECTOR('',#13064,10.);
#3844=VECTOR('',#13065,10.);
#3845=VECTOR('',#13068,10.);
#3846=VECTOR('',#13069,10.);
#3847=VECTOR('',#13072,10.);
#3848=VECTOR('',#13073,10.);
#3849=VECTOR('',#13076,10.);
#3850=VECTOR('',#13077,10.);
#3851=VECTOR('',#13080,10.);
#3852=VECTOR('',#13081,10.);
#3853=VECTOR('',#13084,10.);
#3854=VECTOR('',#13085,10.);
#3855=VECTOR('',#13088,10.);
#3856=VECTOR('',#13091,10.);
#3857=VECTOR('',#13092,10.);
#3858=VECTOR('',#13093,10.);
#3859=VECTOR('',#13096,10.);
#3860=VECTOR('',#13097,10.);
#3861=VECTOR('',#13098,10.);
#3862=VECTOR('',#13101,10.);
#3863=VECTOR('',#13102,10.);
#3864=VECTOR('',#13105,10.);
#3865=VECTOR('',#13106,10.);
#3866=VECTOR('',#13109,10.);
#3867=VECTOR('',#13112,10.);
#3868=VECTOR('',#13113,10.);
#3869=VECTOR('',#13114,10.);
#3870=VECTOR('',#13117,10.);
#3871=VECTOR('',#13118,10.);
#3872=VECTOR('',#13121,10.);
#3873=VECTOR('',#13122,10.);
#3874=VECTOR('',#13125,10.);
#3875=VECTOR('',#13128,10.);
#3876=VECTOR('',#13129,10.);
#3877=VECTOR('',#13130,10.);
#3878=VECTOR('',#13133,10.);
#3879=VECTOR('',#13134,10.);
#3880=VECTOR('',#13137,10.);
#3881=VECTOR('',#13138,10.);
#3882=VECTOR('',#13141,10.);
#3883=VECTOR('',#13146,10.);
#3884=VECTOR('',#13147,10.);
#3885=VECTOR('',#13154,10.);
#3886=VECTOR('',#13155,10.);
#3887=VECTOR('',#13156,10.);
#3888=VECTOR('',#13159,10.);
#3889=VECTOR('',#13160,10.);
#3890=VECTOR('',#13163,10.);
#3891=VECTOR('',#13164,10.);
#3892=VECTOR('',#13167,10.);
#3893=VECTOR('',#13172,10.);
#3894=VECTOR('',#13173,10.);
#3895=VECTOR('',#13180,10.);
#3896=VECTOR('',#13181,10.);
#3897=VECTOR('',#13182,10.);
#3898=VECTOR('',#13185,10.);
#3899=VECTOR('',#13186,10.);
#3900=VECTOR('',#13189,10.);
#3901=VECTOR('',#13190,10.);
#3902=VECTOR('',#13193,10.);
#3903=VECTOR('',#13196,10.);
#3904=VECTOR('',#13197,10.);
#3905=VECTOR('',#13198,10.);
#3906=VECTOR('',#13201,10.);
#3907=VECTOR('',#13202,10.);
#3908=VECTOR('',#13205,10.);
#3909=VECTOR('',#13206,10.);
#3910=VECTOR('',#13209,10.);
#3911=VECTOR('',#13212,10.);
#3912=VECTOR('',#13213,10.);
#3913=VECTOR('',#13214,10.);
#3914=VECTOR('',#13217,10.);
#3915=VECTOR('',#13218,10.);
#3916=VECTOR('',#13221,10.);
#3917=VECTOR('',#13222,10.);
#3918=VECTOR('',#13225,10.);
#3919=VECTOR('',#13228,10.);
#3920=VECTOR('',#13229,10.);
#3921=VECTOR('',#13230,10.);
#3922=VECTOR('',#13233,10.);
#3923=VECTOR('',#13234,10.);
#3924=VECTOR('',#13237,10.);
#3925=VECTOR('',#13238,10.);
#3926=VECTOR('',#13241,10.);
#3927=VECTOR('',#13244,10.);
#3928=VECTOR('',#13245,10.);
#3929=VECTOR('',#13246,10.);
#3930=VECTOR('',#13249,10.);
#3931=VECTOR('',#13250,10.);
#3932=VECTOR('',#13253,10.);
#3933=VECTOR('',#13254,10.);
#3934=VECTOR('',#13257,10.);
#3935=VECTOR('',#13260,10.);
#3936=VECTOR('',#13261,10.);
#3937=VECTOR('',#13262,10.);
#3938=VECTOR('',#13265,10.);
#3939=VECTOR('',#13266,10.);
#3940=VECTOR('',#13269,10.);
#3941=VECTOR('',#13270,10.);
#3942=VECTOR('',#13273,10.);
#3943=VECTOR('',#13276,3.44982886090145);
#3944=VECTOR('',#13281,10.);
#3945=VECTOR('',#13282,10.);
#3946=VECTOR('',#13283,10.);
#3947=VECTOR('',#13286,10.);
#3948=VECTOR('',#13287,10.);
#3949=VECTOR('',#13290,10.);
#3950=VECTOR('',#13291,10.);
#3951=VECTOR('',#13294,10.);
#3952=VECTOR('',#13297,10.);
#3953=VECTOR('',#13298,10.);
#3954=VECTOR('',#13299,10.);
#3955=VECTOR('',#13302,10.);
#3956=VECTOR('',#13303,10.);
#3957=VECTOR('',#13306,10.);
#3958=VECTOR('',#13307,10.);
#3959=VECTOR('',#13310,10.);
#3960=VECTOR('',#13313,3.44982886090145);
#3961=VECTOR('',#13318,10.);
#3962=VECTOR('',#13319,10.);
#3963=VECTOR('',#13320,10.);
#3964=VECTOR('',#13323,10.);
#3965=VECTOR('',#13324,10.);
#3966=VECTOR('',#13327,10.);
#3967=VECTOR('',#13328,10.);
#3968=VECTOR('',#13331,10.);
#3969=VECTOR('',#13334,10.);
#3970=VECTOR('',#13335,10.);
#3971=VECTOR('',#13336,10.);
#3972=VECTOR('',#13339,10.);
#3973=VECTOR('',#13340,10.);
#3974=VECTOR('',#13343,10.);
#3975=VECTOR('',#13344,10.);
#3976=VECTOR('',#13347,10.);
#3977=VECTOR('',#13350,10.);
#3978=VECTOR('',#13351,10.);
#3979=VECTOR('',#13352,10.);
#3980=VECTOR('',#13355,10.);
#3981=VECTOR('',#13356,10.);
#3982=VECTOR('',#13359,10.);
#3983=VECTOR('',#13360,10.);
#3984=VECTOR('',#13363,10.);
#3985=VECTOR('',#13366,10.);
#3986=VECTOR('',#13367,10.);
#3987=VECTOR('',#13368,10.);
#3988=VECTOR('',#13371,10.);
#3989=VECTOR('',#13372,10.);
#3990=VECTOR('',#13375,10.);
#3991=VECTOR('',#13376,10.);
#3992=VECTOR('',#13379,10.);
#3993=VECTOR('',#13380,10.);
#3994=VECTOR('',#13383,10.);
#3995=VECTOR('',#13384,10.);
#3996=VECTOR('',#13387,10.);
#3997=VECTOR('',#13388,10.);
#3998=VECTOR('',#13391,10.);
#3999=VECTOR('',#13392,10.);
#4000=VECTOR('',#13395,10.);
#4001=VECTOR('',#13396,10.);
#4002=VECTOR('',#13399,10.);
#4003=VECTOR('',#13400,10.);
#4004=VECTOR('',#13403,10.);
#4005=VECTOR('',#13404,10.);
#4006=VECTOR('',#13407,10.);
#4007=VECTOR('',#13408,10.);
#4008=VECTOR('',#13411,10.);
#4009=VECTOR('',#13412,10.);
#4010=VECTOR('',#13415,10.);
#4011=VECTOR('',#13416,10.);
#4012=VECTOR('',#13419,10.);
#4013=VECTOR('',#13420,10.);
#4014=VECTOR('',#13423,10.);
#4015=VECTOR('',#13424,10.);
#4016=VECTOR('',#13427,10.);
#4017=VECTOR('',#13428,10.);
#4018=VECTOR('',#13431,10.);
#4019=VECTOR('',#13432,10.);
#4020=VECTOR('',#13435,10.);
#4021=VECTOR('',#13436,10.);
#4022=VECTOR('',#13439,10.);
#4023=VECTOR('',#13440,10.);
#4024=VECTOR('',#13443,10.);
#4025=VECTOR('',#13444,10.);
#4026=VECTOR('',#13447,10.);
#4027=VECTOR('',#13448,10.);
#4028=VECTOR('',#13451,10.);
#4029=VECTOR('',#13452,10.);
#4030=VECTOR('',#13455,10.);
#4031=VECTOR('',#13456,10.);
#4032=VECTOR('',#13459,10.);
#4033=VECTOR('',#13460,10.);
#4034=VECTOR('',#13463,10.);
#4035=VECTOR('',#13464,10.);
#4036=VECTOR('',#13467,10.);
#4037=VECTOR('',#13468,10.);
#4038=VECTOR('',#13471,10.);
#4039=VECTOR('',#13472,10.);
#4040=VECTOR('',#13475,10.);
#4041=VECTOR('',#13476,10.);
#4042=VECTOR('',#13479,10.);
#4043=VECTOR('',#13480,10.);
#4044=VECTOR('',#13483,10.);
#4045=VECTOR('',#13484,10.);
#4046=VECTOR('',#13487,10.);
#4047=VECTOR('',#13488,10.);
#4048=VECTOR('',#13491,10.);
#4049=VECTOR('',#13494,3.44982886090143);
#4050=VECTOR('',#13499,10.);
#4051=VECTOR('',#13500,10.);
#4052=VECTOR('',#13501,10.);
#4053=VECTOR('',#13504,10.);
#4054=VECTOR('',#13505,10.);
#4055=VECTOR('',#13508,10.);
#4056=VECTOR('',#13509,10.);
#4057=VECTOR('',#13512,10.);
#4058=VECTOR('',#13515,10.);
#4059=VECTOR('',#13516,10.);
#4060=VECTOR('',#13517,10.);
#4061=VECTOR('',#13520,10.);
#4062=VECTOR('',#13521,10.);
#4063=VECTOR('',#13524,10.);
#4064=VECTOR('',#13525,10.);
#4065=VECTOR('',#13528,10.);
#4066=VECTOR('',#13531,10.);
#4067=VECTOR('',#13532,10.);
#4068=VECTOR('',#13533,10.);
#4069=VECTOR('',#13536,10.);
#4070=VECTOR('',#13537,10.);
#4071=VECTOR('',#13540,10.);
#4072=VECTOR('',#13541,10.);
#4073=VECTOR('',#13544,10.);
#4074=VECTOR('',#13547,3.44982886090143);
#4075=VECTOR('',#13552,10.);
#4076=VECTOR('',#13553,10.);
#4077=VECTOR('',#13554,10.);
#4078=VECTOR('',#13557,10.);
#4079=VECTOR('',#13558,10.);
#4080=VECTOR('',#13561,10.);
#4081=VECTOR('',#13562,10.);
#4082=VECTOR('',#13565,10.);
#4083=VECTOR('',#13568,10.);
#4084=VECTOR('',#13569,10.);
#4085=VECTOR('',#13570,10.);
#4086=VECTOR('',#13573,10.);
#4087=VECTOR('',#13574,10.);
#4088=VECTOR('',#13577,10.);
#4089=VECTOR('',#13578,10.);
#4090=VECTOR('',#13581,10.);
#4091=VECTOR('',#13584,10.);
#4092=VECTOR('',#13585,10.);
#4093=VECTOR('',#13586,10.);
#4094=VECTOR('',#13589,10.);
#4095=VECTOR('',#13590,10.);
#4096=VECTOR('',#13593,10.);
#4097=VECTOR('',#13594,10.);
#4098=VECTOR('',#13597,10.);
#4099=VECTOR('',#13600,10.);
#4100=VECTOR('',#13601,10.);
#4101=VECTOR('',#13602,10.);
#4102=VECTOR('',#13605,10.);
#4103=VECTOR('',#13606,10.);
#4104=VECTOR('',#13609,10.);
#4105=VECTOR('',#13610,10.);
#4106=VECTOR('',#13613,10.);
#4107=VECTOR('',#13614,10.);
#4108=VECTOR('',#13617,10.);
#4109=VECTOR('',#13618,10.);
#4110=VECTOR('',#13621,10.);
#4111=VECTOR('',#13622,10.);
#4112=VECTOR('',#13625,10.);
#4113=VECTOR('',#13626,10.);
#4114=VECTOR('',#13629,10.);
#4115=VECTOR('',#13630,10.);
#4116=VECTOR('',#13633,10.);
#4117=VECTOR('',#13634,10.);
#4118=VECTOR('',#13637,10.);
#4119=VECTOR('',#13638,10.);
#4120=VECTOR('',#13641,10.);
#4121=VECTOR('',#13642,10.);
#4122=VECTOR('',#13645,10.);
#4123=VECTOR('',#13648,10.);
#4124=VECTOR('',#13649,10.);
#4125=VECTOR('',#13652,10.);
#4126=VECTOR('',#13653,10.);
#4127=VECTOR('',#13656,10.);
#4128=VECTOR('',#13657,10.);
#4129=VECTOR('',#13660,10.);
#4130=VECTOR('',#13663,10.);
#4131=VECTOR('',#13666,10.);
#4132=VECTOR('',#13673,10.);
#4133=VECTOR('',#13676,10.);
#4134=VECTOR('',#13691,10.);
#4135=VECTOR('',#13694,10.);
#4136=VECTOR('',#13709,10.);
#4137=VECTOR('',#13712,10.);
#4138=VECTOR('',#13723,3.44982886090145);
#4139=VECTOR('',#13734,10.);
#4140=VECTOR('',#13737,10.);
#4141=VECTOR('',#13748,3.44982886090145);
#4142=VECTOR('',#13759,10.);
#4143=VECTOR('',#13762,10.);
#4144=VECTOR('',#13773,3.44982886090143);
#4145=VECTOR('',#13784,10.);
#4146=VECTOR('',#13787,10.);
#4147=VECTOR('',#13798,3.44982886090143);
#4148=VECTOR('',#13807,10.);
#4149=VECTOR('',#13808,10.);
#4150=VECTOR('',#13809,10.);
#4151=VECTOR('',#13810,10.);
#4152=VECTOR('',#13813,10.);
#4153=VECTOR('',#13814,10.);
#4154=VECTOR('',#13815,10.);
#4155=VECTOR('',#13818,10.);
#4156=VECTOR('',#13819,10.);
#4157=VECTOR('',#13820,10.);
#4158=VECTOR('',#13823,10.);
#4159=VECTOR('',#13824,10.);
#4160=VECTOR('',#13825,10.);
#4161=VECTOR('',#13828,10.);
#4162=VECTOR('',#13829,10.);
#4163=VECTOR('',#13830,10.);
#4164=VECTOR('',#13833,10.);
#4165=VECTOR('',#13834,10.);
#4166=VECTOR('',#13835,10.);
#4167=VECTOR('',#13838,10.);
#4168=VECTOR('',#13839,10.);
#4169=VECTOR('',#13840,10.);
#4170=VECTOR('',#13843,10.);
#4171=VECTOR('',#13844,10.);
#4172=VECTOR('',#13845,10.);
#4173=VECTOR('',#13848,10.);
#4174=VECTOR('',#13849,10.);
#4175=VECTOR('',#13850,10.);
#4176=VECTOR('',#13853,10.);
#4177=VECTOR('',#13854,10.);
#4178=VECTOR('',#13855,10.);
#4179=VECTOR('',#13858,10.);
#4180=VECTOR('',#13859,10.);
#4181=VECTOR('',#13860,10.);
#4182=VECTOR('',#13863,10.);
#4183=VECTOR('',#13864,10.);
#4184=VECTOR('',#13865,10.);
#4185=VECTOR('',#13868,10.);
#4186=VECTOR('',#13869,10.);
#4187=VECTOR('',#13870,10.);
#4188=VECTOR('',#13873,10.);
#4189=VECTOR('',#13874,10.);
#4190=VECTOR('',#13875,10.);
#4191=VECTOR('',#13878,10.);
#4192=VECTOR('',#13879,10.);
#4193=VECTOR('',#13880,10.);
#4194=VECTOR('',#13883,10.);
#4195=VECTOR('',#13884,10.);
#4196=VECTOR('',#13885,10.);
#4197=VECTOR('',#13888,10.);
#4198=VECTOR('',#13889,10.);
#4199=VECTOR('',#13890,10.);
#4200=VECTOR('',#13893,10.);
#4201=VECTOR('',#13894,10.);
#4202=VECTOR('',#13895,10.);
#4203=VECTOR('',#13898,10.);
#4204=VECTOR('',#13899,10.);
#4205=VECTOR('',#13900,10.);
#4206=VECTOR('',#13903,10.);
#4207=VECTOR('',#13904,10.);
#4208=VECTOR('',#13905,10.);
#4209=VECTOR('',#13908,10.);
#4210=VECTOR('',#13909,10.);
#4211=VECTOR('',#13910,10.);
#4212=VECTOR('',#13913,10.);
#4213=VECTOR('',#13914,10.);
#4214=VECTOR('',#13915,10.);
#4215=VECTOR('',#13918,10.);
#4216=VECTOR('',#13919,10.);
#4217=VECTOR('',#13922,10.);
#4218=VECTOR('',#13923,10.);
#4219=VECTOR('',#13924,10.);
#4220=VECTOR('',#13925,10.);
#4221=VECTOR('',#13928,10.);
#4222=VECTOR('',#13929,10.);
#4223=VECTOR('',#13930,10.);
#4224=VECTOR('',#13933,10.);
#4225=VECTOR('',#13934,10.);
#4226=VECTOR('',#13935,10.);
#4227=VECTOR('',#13938,10.);
#4228=VECTOR('',#13939,10.);
#4229=VECTOR('',#13940,10.);
#4230=VECTOR('',#13943,10.);
#4231=VECTOR('',#13944,10.);
#4232=VECTOR('',#13945,10.);
#4233=VECTOR('',#13948,10.);
#4234=VECTOR('',#13949,10.);
#4235=VECTOR('',#13950,10.);
#4236=VECTOR('',#13953,10.);
#4237=VECTOR('',#13954,10.);
#4238=VECTOR('',#13955,10.);
#4239=VECTOR('',#13958,10.);
#4240=VECTOR('',#13959,10.);
#4241=VECTOR('',#13960,10.);
#4242=VECTOR('',#13963,10.);
#4243=VECTOR('',#13964,10.);
#4244=VECTOR('',#13965,10.);
#4245=VECTOR('',#13968,10.);
#4246=VECTOR('',#13969,10.);
#4247=VECTOR('',#13970,10.);
#4248=VECTOR('',#13973,10.);
#4249=VECTOR('',#13974,10.);
#4250=VECTOR('',#13975,10.);
#4251=VECTOR('',#13978,10.);
#4252=VECTOR('',#13979,10.);
#4253=VECTOR('',#13980,10.);
#4254=VECTOR('',#13983,10.);
#4255=VECTOR('',#13984,10.);
#4256=VECTOR('',#13985,10.);
#4257=VECTOR('',#13988,10.);
#4258=VECTOR('',#13989,10.);
#4259=VECTOR('',#13990,10.);
#4260=VECTOR('',#13993,10.);
#4261=VECTOR('',#13994,10.);
#4262=VECTOR('',#13995,10.);
#4263=VECTOR('',#13998,10.);
#4264=VECTOR('',#13999,10.);
#4265=VECTOR('',#14000,10.);
#4266=VECTOR('',#14003,10.);
#4267=VECTOR('',#14004,10.);
#4268=VECTOR('',#14005,10.);
#4269=VECTOR('',#14008,10.);
#4270=VECTOR('',#14009,10.);
#4271=VECTOR('',#14010,10.);
#4272=VECTOR('',#14013,10.);
#4273=VECTOR('',#14014,10.);
#4274=VECTOR('',#14015,10.);
#4275=VECTOR('',#14018,10.);
#4276=VECTOR('',#14019,10.);
#4277=VECTOR('',#14020,10.);
#4278=VECTOR('',#14023,10.);
#4279=VECTOR('',#14024,10.);
#4280=VECTOR('',#14025,10.);
#4281=VECTOR('',#14028,10.);
#4282=VECTOR('',#14029,10.);
#4283=VECTOR('',#14038,1.59992063114269);
#4284=VECTOR('',#14045,1.59992063114269);
#4285=VECTOR('',#14052,1.5999206311427);
#4286=VECTOR('',#14059,1.5999206311427);
#4287=VECTOR('',#14064,10.);
#4288=VECTOR('',#14065,10.);
#4289=VECTOR('',#14066,10.);
#4290=VECTOR('',#14067,10.);
#4291=VECTOR('',#14070,10.);
#4292=VECTOR('',#14071,10.);
#4293=VECTOR('',#14072,10.);
#4294=VECTOR('',#14075,10.);
#4295=VECTOR('',#14076,10.);
#4296=VECTOR('',#14077,10.);
#4297=VECTOR('',#14080,10.);
#4298=VECTOR('',#14081,10.);
#4299=VECTOR('',#14082,10.);
#4300=VECTOR('',#14085,10.);
#4301=VECTOR('',#14086,10.);
#4302=VECTOR('',#14087,10.);
#4303=VECTOR('',#14090,10.);
#4304=VECTOR('',#14091,10.);
#4305=VECTOR('',#14092,10.);
#4306=VECTOR('',#14095,10.);
#4307=VECTOR('',#14096,10.);
#4308=VECTOR('',#14097,10.);
#4309=VECTOR('',#14100,10.);
#4310=VECTOR('',#14101,10.);
#4311=VECTOR('',#14102,10.);
#4312=VECTOR('',#14105,10.);
#4313=VECTOR('',#14106,10.);
#4314=VECTOR('',#14107,10.);
#4315=VECTOR('',#14110,10.);
#4316=VECTOR('',#14111,10.);
#4317=VECTOR('',#14112,10.);
#4318=VECTOR('',#14115,10.);
#4319=VECTOR('',#14116,10.);
#4320=VECTOR('',#14117,10.);
#4321=VECTOR('',#14120,10.);
#4322=VECTOR('',#14121,10.);
#4323=VECTOR('',#14122,10.);
#4324=VECTOR('',#14125,10.);
#4325=VECTOR('',#14126,10.);
#4326=VECTOR('',#14127,10.);
#4327=VECTOR('',#14130,10.);
#4328=VECTOR('',#14131,10.);
#4329=VECTOR('',#14132,10.);
#4330=VECTOR('',#14135,10.);
#4331=VECTOR('',#14136,10.);
#4332=VECTOR('',#14137,10.);
#4333=VECTOR('',#14140,10.);
#4334=VECTOR('',#14141,10.);
#4335=VECTOR('',#14142,10.);
#4336=VECTOR('',#14145,10.);
#4337=VECTOR('',#14146,10.);
#4338=VECTOR('',#14147,10.);
#4339=VECTOR('',#14150,10.);
#4340=VECTOR('',#14151,10.);
#4341=VECTOR('',#14152,10.);
#4342=VECTOR('',#14155,10.);
#4343=VECTOR('',#14156,10.);
#4344=VECTOR('',#14157,10.);
#4345=VECTOR('',#14160,10.);
#4346=VECTOR('',#14161,10.);
#4347=VECTOR('',#14162,10.);
#4348=VECTOR('',#14165,10.);
#4349=VECTOR('',#14166,10.);
#4350=VECTOR('',#14167,10.);
#4351=VECTOR('',#14170,10.);
#4352=VECTOR('',#14171,10.);
#4353=VERTEX_POINT('',#14178);
#4354=VERTEX_POINT('',#14179);
#4355=VERTEX_POINT('',#14181);
#4356=VERTEX_POINT('',#14183);
#4357=VERTEX_POINT('',#14187);
#4358=VERTEX_POINT('',#14188);
#4359=VERTEX_POINT('',#14193);
#4360=VERTEX_POINT('',#14195);
#4361=VERTEX_POINT('',#14199);
#4362=VERTEX_POINT('',#14201);
#4363=VERTEX_POINT('',#14203);
#4364=VERTEX_POINT('',#14205);
#4365=VERTEX_POINT('',#14207);
#4366=VERTEX_POINT('',#14209);
#4367=VERTEX_POINT('',#14211);
#4368=VERTEX_POINT('',#14213);
#4369=VERTEX_POINT('',#14215);
#4370=VERTEX_POINT('',#14217);
#4371=VERTEX_POINT('',#14219);
#4372=VERTEX_POINT('',#14221);
#4373=VERTEX_POINT('',#14223);
#4374=VERTEX_POINT('',#14225);
#4375=VERTEX_POINT('',#14227);
#4376=VERTEX_POINT('',#14229);
#4377=VERTEX_POINT('',#14231);
#4378=VERTEX_POINT('',#14233);
#4379=VERTEX_POINT('',#14236);
#4380=VERTEX_POINT('',#14237);
#4381=VERTEX_POINT('',#14239);
#4382=VERTEX_POINT('',#14241);
#4383=VERTEX_POINT('',#14244);
#4384=VERTEX_POINT('',#14245);
#4385=VERTEX_POINT('',#14247);
#4386=VERTEX_POINT('',#14249);
#4387=VERTEX_POINT('',#14252);
#4388=VERTEX_POINT('',#14253);
#4389=VERTEX_POINT('',#14255);
#4390=VERTEX_POINT('',#14257);
#4391=VERTEX_POINT('',#14260);
#4392=VERTEX_POINT('',#14261);
#4393=VERTEX_POINT('',#14264);
#4394=VERTEX_POINT('',#14265);
#4395=VERTEX_POINT('',#14267);
#4396=VERTEX_POINT('',#14269);
#4397=VERTEX_POINT('',#14272);
#4398=VERTEX_POINT('',#14273);
#4399=VERTEX_POINT('',#14276);
#4400=VERTEX_POINT('',#14277);
#4401=VERTEX_POINT('',#14279);
#4402=VERTEX_POINT('',#14281);
#4403=VERTEX_POINT('',#14284);
#4404=VERTEX_POINT('',#14285);
#4405=VERTEX_POINT('',#14287);
#4406=VERTEX_POINT('',#14289);
#4407=VERTEX_POINT('',#14292);
#4408=VERTEX_POINT('',#14293);
#4409=VERTEX_POINT('',#14295);
#4410=VERTEX_POINT('',#14297);
#4411=VERTEX_POINT('',#14300);
#4412=VERTEX_POINT('',#14301);
#4413=VERTEX_POINT('',#14303);
#4414=VERTEX_POINT('',#14305);
#4415=VERTEX_POINT('',#14308);
#4416=VERTEX_POINT('',#14309);
#4417=VERTEX_POINT('',#14311);
#4418=VERTEX_POINT('',#14313);
#4419=VERTEX_POINT('',#14316);
#4420=VERTEX_POINT('',#14317);
#4421=VERTEX_POINT('',#14319);
#4422=VERTEX_POINT('',#14321);
#4423=VERTEX_POINT('',#14324);
#4424=VERTEX_POINT('',#14326);
#4425=VERTEX_POINT('',#14327);
#4426=VERTEX_POINT('',#14329);
#4427=VERTEX_POINT('',#14331);
#4428=VERTEX_POINT('',#14334);
#4429=VERTEX_POINT('',#14335);
#4430=VERTEX_POINT('',#14337);
#4431=VERTEX_POINT('',#14339);
#4432=VERTEX_POINT('',#14342);
#4433=VERTEX_POINT('',#14344);
#4434=VERTEX_POINT('',#14345);
#4435=VERTEX_POINT('',#14347);
#4436=VERTEX_POINT('',#14349);
#4437=VERTEX_POINT('',#14352);
#4438=VERTEX_POINT('',#14353);
#4439=VERTEX_POINT('',#14355);
#4440=VERTEX_POINT('',#14357);
#4441=VERTEX_POINT('',#14360);
#4442=VERTEX_POINT('',#14361);
#4443=VERTEX_POINT('',#14363);
#4444=VERTEX_POINT('',#14365);
#4445=VERTEX_POINT('',#14368);
#4446=VERTEX_POINT('',#14369);
#4447=VERTEX_POINT('',#14371);
#4448=VERTEX_POINT('',#14373);
#4449=VERTEX_POINT('',#14375);
#4450=VERTEX_POINT('',#14377);
#4451=VERTEX_POINT('',#14379);
#4452=VERTEX_POINT('',#14381);
#4453=VERTEX_POINT('',#14383);
#4454=VERTEX_POINT('',#14385);
#4455=VERTEX_POINT('',#14387);
#4456=VERTEX_POINT('',#14389);
#4457=VERTEX_POINT('',#14393);
#4458=VERTEX_POINT('',#14396);
#4459=VERTEX_POINT('',#14398);
#4460=VERTEX_POINT('',#14400);
#4461=VERTEX_POINT('',#14402);
#4462=VERTEX_POINT('',#14404);
#4463=VERTEX_POINT('',#14406);
#4464=VERTEX_POINT('',#14408);
#4465=VERTEX_POINT('',#14410);
#4466=VERTEX_POINT('',#14412);
#4467=VERTEX_POINT('',#14414);
#4468=VERTEX_POINT('',#14416);
#4469=VERTEX_POINT('',#14418);
#4470=VERTEX_POINT('',#14421);
#4471=VERTEX_POINT('',#14423);
#4472=VERTEX_POINT('',#14425);
#4473=VERTEX_POINT('',#14428);
#4474=VERTEX_POINT('',#14430);
#4475=VERTEX_POINT('',#14431);
#4476=VERTEX_POINT('',#14433);
#4477=VERTEX_POINT('',#14435);
#4478=VERTEX_POINT('',#14438);
#4479=VERTEX_POINT('',#14439);
#4480=VERTEX_POINT('',#14441);
#4481=VERTEX_POINT('',#14443);
#4482=VERTEX_POINT('',#14446);
#4483=VERTEX_POINT('',#14447);
#4484=VERTEX_POINT('',#14449);
#4485=VERTEX_POINT('',#14451);
#4486=VERTEX_POINT('',#14454);
#4487=VERTEX_POINT('',#14456);
#4488=VERTEX_POINT('',#14457);
#4489=VERTEX_POINT('',#14459);
#4490=VERTEX_POINT('',#14461);
#4491=VERTEX_POINT('',#14464);
#4492=VERTEX_POINT('',#14465);
#4493=VERTEX_POINT('',#14467);
#4494=VERTEX_POINT('',#14469);
#4495=VERTEX_POINT('',#14472);
#4496=VERTEX_POINT('',#14473);
#4497=VERTEX_POINT('',#14475);
#4498=VERTEX_POINT('',#14477);
#4499=VERTEX_POINT('',#14481);
#4500=VERTEX_POINT('',#14485);
#4501=VERTEX_POINT('',#14486);
#4502=VERTEX_POINT('',#14491);
#4503=VERTEX_POINT('',#14495);
#4504=VERTEX_POINT('',#14497);
#4505=VERTEX_POINT('',#14501);
#4506=VERTEX_POINT('',#14505);
#4507=VERTEX_POINT('',#14509);
#4508=VERTEX_POINT('',#14515);
#4509=VERTEX_POINT('',#14517);
#4510=VERTEX_POINT('',#14521);
#4511=VERTEX_POINT('',#14525);
#4512=VERTEX_POINT('',#14529);
#4513=VERTEX_POINT('',#14533);
#4514=VERTEX_POINT('',#14537);
#4515=VERTEX_POINT('',#14541);
#4516=VERTEX_POINT('',#14545);
#4517=VERTEX_POINT('',#14549);
#4518=VERTEX_POINT('',#14553);
#4519=VERTEX_POINT('',#14557);
#4520=VERTEX_POINT('',#14561);
#4521=VERTEX_POINT('',#14565);
#4522=VERTEX_POINT('',#14571);
#4523=VERTEX_POINT('',#14573);
#4524=VERTEX_POINT('',#14577);
#4525=VERTEX_POINT('',#14578);
#4526=VERTEX_POINT('',#14583);
#4527=VERTEX_POINT('',#14587);
#4528=VERTEX_POINT('',#14593);
#4529=VERTEX_POINT('',#14594);
#4530=VERTEX_POINT('',#14599);
#4531=VERTEX_POINT('',#14603);
#4532=VERTEX_POINT('',#14609);
#4533=VERTEX_POINT('',#14610);
#4534=VERTEX_POINT('',#14615);
#4535=VERTEX_POINT('',#14619);
#4536=VERTEX_POINT('',#14625);
#4537=VERTEX_POINT('',#14626);
#4538=VERTEX_POINT('',#14633);
#4539=VERTEX_POINT('',#14634);
#4540=VERTEX_POINT('',#14639);
#4541=VERTEX_POINT('',#14643);
#4542=VERTEX_POINT('',#14649);
#4543=VERTEX_POINT('',#14650);
#4544=VERTEX_POINT('',#14657);
#4545=VERTEX_POINT('',#14658);
#4546=VERTEX_POINT('',#14663);
#4547=VERTEX_POINT('',#14667);
#4548=VERTEX_POINT('',#14673);
#4549=VERTEX_POINT('',#14674);
#4550=VERTEX_POINT('',#14679);
#4551=VERTEX_POINT('',#14683);
#4552=VERTEX_POINT('',#14689);
#4553=VERTEX_POINT('',#14690);
#4554=VERTEX_POINT('',#14695);
#4555=VERTEX_POINT('',#14699);
#4556=VERTEX_POINT('',#14705);
#4557=VERTEX_POINT('',#14706);
#4558=VERTEX_POINT('',#14711);
#4559=VERTEX_POINT('',#14715);
#4560=VERTEX_POINT('',#14721);
#4561=VERTEX_POINT('',#14722);
#4562=VERTEX_POINT('',#14727);
#4563=VERTEX_POINT('',#14731);
#4564=VERTEX_POINT('',#14737);
#4565=VERTEX_POINT('',#14738);
#4566=VERTEX_POINT('',#14743);
#4567=VERTEX_POINT('',#14747);
#4568=VERTEX_POINT('',#14753);
#4569=VERTEX_POINT('',#14757);
#4570=VERTEX_POINT('',#14758);
#4571=VERTEX_POINT('',#14763);
#4572=VERTEX_POINT('',#14767);
#4573=VERTEX_POINT('',#14773);
#4574=VERTEX_POINT('',#14774);
#4575=VERTEX_POINT('',#14779);
#4576=VERTEX_POINT('',#14783);
#4577=VERTEX_POINT('',#14789);
#4578=VERTEX_POINT('',#14793);
#4579=VERTEX_POINT('',#14794);
#4580=VERTEX_POINT('',#14799);
#4581=VERTEX_POINT('',#14803);
#4582=VERTEX_POINT('',#14809);
#4583=VERTEX_POINT('',#14810);
#4584=VERTEX_POINT('',#14815);
#4585=VERTEX_POINT('',#14819);
#4586=VERTEX_POINT('',#14825);
#4587=VERTEX_POINT('',#14826);
#4588=VERTEX_POINT('',#14831);
#4589=VERTEX_POINT('',#14835);
#4590=VERTEX_POINT('',#14841);
#4591=VERTEX_POINT('',#14842);
#4592=VERTEX_POINT('',#14847);
#4593=VERTEX_POINT('',#14851);
#4594=VERTEX_POINT('',#14855);
#4595=VERTEX_POINT('',#14859);
#4596=VERTEX_POINT('',#14863);
#4597=VERTEX_POINT('',#14867);
#4598=VERTEX_POINT('',#14874);
#4599=VERTEX_POINT('',#14878);
#4600=VERTEX_POINT('',#14882);
#4601=VERTEX_POINT('',#14886);
#4602=VERTEX_POINT('',#14890);
#4603=VERTEX_POINT('',#14894);
#4604=VERTEX_POINT('',#14898);
#4605=VERTEX_POINT('',#14902);
#4606=VERTEX_POINT('',#14906);
#4607=VERTEX_POINT('',#14910);
#4608=VERTEX_POINT('',#14914);
#4609=VERTEX_POINT('',#14918);
#4610=VERTEX_POINT('',#14922);
#4611=VERTEX_POINT('',#14926);
#4612=VERTEX_POINT('',#14930);
#4613=VERTEX_POINT('',#14937);
#4614=VERTEX_POINT('',#14941);
#4615=VERTEX_POINT('',#14948);
#4616=VERTEX_POINT('',#14955);
#4617=VERTEX_POINT('',#14959);
#4618=VERTEX_POINT('',#14965);
#4619=VERTEX_POINT('',#14969);
#4620=VERTEX_POINT('',#14970);
#4621=VERTEX_POINT('',#14975);
#4622=VERTEX_POINT('',#14979);
#4623=VERTEX_POINT('',#14985);
#4624=VERTEX_POINT('',#14986);
#4625=VERTEX_POINT('',#14991);
#4626=VERTEX_POINT('',#14995);
#4627=VERTEX_POINT('',#15001);
#4628=VERTEX_POINT('',#15002);
#4629=VERTEX_POINT('',#15007);
#4630=VERTEX_POINT('',#15011);
#4631=VERTEX_POINT('',#15017);
#4632=VERTEX_POINT('',#15021);
#4633=VERTEX_POINT('',#15022);
#4634=VERTEX_POINT('',#15027);
#4635=VERTEX_POINT('',#15031);
#4636=VERTEX_POINT('',#15037);
#4637=VERTEX_POINT('',#15038);
#4638=VERTEX_POINT('',#15043);
#4639=VERTEX_POINT('',#15047);
#4640=VERTEX_POINT('',#15053);
#4641=VERTEX_POINT('',#15054);
#4642=VERTEX_POINT('',#15059);
#4643=VERTEX_POINT('',#15063);
#4644=VERTEX_POINT('',#15069);
#4645=VERTEX_POINT('',#15071);
#4646=VERTEX_POINT('',#15075);
#4647=VERTEX_POINT('',#15079);
#4648=VERTEX_POINT('',#15083);
#4649=VERTEX_POINT('',#15087);
#4650=VERTEX_POINT('',#15091);
#4651=VERTEX_POINT('',#15095);
#4652=VERTEX_POINT('',#15099);
#4653=VERTEX_POINT('',#15103);
#4654=VERTEX_POINT('',#15107);
#4655=VERTEX_POINT('',#15111);
#4656=VERTEX_POINT('',#15117);
#4657=VERTEX_POINT('',#15121);
#4658=VERTEX_POINT('',#15125);
#4659=VERTEX_POINT('',#15136);
#4660=VERTEX_POINT('',#15137);
#4661=VERTEX_POINT('',#15139);
#4662=VERTEX_POINT('',#15141);
#4663=VERTEX_POINT('',#15150);
#4664=VERTEX_POINT('',#15151);
#4665=VERTEX_POINT('',#15153);
#4666=VERTEX_POINT('',#15155);
#4667=VERTEX_POINT('',#15164);
#4668=VERTEX_POINT('',#15165);
#4669=VERTEX_POINT('',#15167);
#4670=VERTEX_POINT('',#15169);
#4671=VERTEX_POINT('',#15176);
#4672=VERTEX_POINT('',#15178);
#4673=VERTEX_POINT('',#15184);
#4674=VERTEX_POINT('',#15185);
#4675=VERTEX_POINT('',#15187);
#4676=VERTEX_POINT('',#15189);
#4677=VERTEX_POINT('',#15196);
#4678=VERTEX_POINT('',#15198);
#4679=VERTEX_POINT('',#15204);
#4680=VERTEX_POINT('',#15205);
#4681=VERTEX_POINT('',#15207);
#4682=VERTEX_POINT('',#15209);
#4683=VERTEX_POINT('',#15216);
#4684=VERTEX_POINT('',#15218);
#4685=VERTEX_POINT('',#15224);
#4686=VERTEX_POINT('',#15225);
#4687=VERTEX_POINT('',#15227);
#4688=VERTEX_POINT('',#15229);
#4689=VERTEX_POINT('',#15236);
#4690=VERTEX_POINT('',#15238);
#4691=VERTEX_POINT('',#15244);
#4692=VERTEX_POINT('',#15245);
#4693=VERTEX_POINT('',#15247);
#4694=VERTEX_POINT('',#15249);
#4695=VERTEX_POINT('',#15253);
#4696=VERTEX_POINT('',#15255);
#4697=VERTEX_POINT('',#15259);
#4698=VERTEX_POINT('',#15261);
#4699=VERTEX_POINT('',#15265);
#4700=VERTEX_POINT('',#15267);
#4701=VERTEX_POINT('',#15271);
#4702=VERTEX_POINT('',#15273);
#4703=VERTEX_POINT('',#15277);
#4704=VERTEX_POINT('',#15279);
#4705=VERTEX_POINT('',#15283);
#4706=VERTEX_POINT('',#15285);
#4707=VERTEX_POINT('',#15289);
#4708=VERTEX_POINT('',#15291);
#4709=VERTEX_POINT('',#15295);
#4710=VERTEX_POINT('',#15297);
#4711=VERTEX_POINT('',#15301);
#4712=VERTEX_POINT('',#15303);
#4713=VERTEX_POINT('',#15307);
#4714=VERTEX_POINT('',#15309);
#4715=VERTEX_POINT('',#15313);
#4716=VERTEX_POINT('',#15315);
#4717=VERTEX_POINT('',#15319);
#4718=VERTEX_POINT('',#15321);
#4719=VERTEX_POINT('',#15325);
#4720=VERTEX_POINT('',#15327);
#4721=VERTEX_POINT('',#15331);
#4722=VERTEX_POINT('',#15333);
#4723=VERTEX_POINT('',#15337);
#4724=VERTEX_POINT('',#15339);
#4725=VERTEX_POINT('',#15343);
#4726=VERTEX_POINT('',#15345);
#4727=VERTEX_POINT('',#15349);
#4728=VERTEX_POINT('',#15351);
#4729=VERTEX_POINT('',#15355);
#4730=VERTEX_POINT('',#15357);
#4731=VERTEX_POINT('',#15361);
#4732=VERTEX_POINT('',#15363);
#4733=VERTEX_POINT('',#15367);
#4734=VERTEX_POINT('',#15369);
#4735=VERTEX_POINT('',#15373);
#4736=VERTEX_POINT('',#15375);
#4737=VERTEX_POINT('',#15382);
#4738=VERTEX_POINT('',#15383);
#4739=VERTEX_POINT('',#15385);
#4740=VERTEX_POINT('',#15387);
#4741=VERTEX_POINT('',#15391);
#4742=VERTEX_POINT('',#15393);
#4743=VERTEX_POINT('',#15397);
#4744=VERTEX_POINT('',#15399);
#4745=VERTEX_POINT('',#15403);
#4746=VERTEX_POINT('',#15405);
#4747=VERTEX_POINT('',#15409);
#4748=VERTEX_POINT('',#15411);
#4749=VERTEX_POINT('',#15415);
#4750=VERTEX_POINT('',#15417);
#4751=VERTEX_POINT('',#15421);
#4752=VERTEX_POINT('',#15423);
#4753=VERTEX_POINT('',#15427);
#4754=VERTEX_POINT('',#15429);
#4755=VERTEX_POINT('',#15433);
#4756=VERTEX_POINT('',#15435);
#4757=VERTEX_POINT('',#15439);
#4758=VERTEX_POINT('',#15441);
#4759=VERTEX_POINT('',#15445);
#4760=VERTEX_POINT('',#15447);
#4761=VERTEX_POINT('',#15451);
#4762=VERTEX_POINT('',#15453);
#4763=VERTEX_POINT('',#15457);
#4764=VERTEX_POINT('',#15459);
#4765=VERTEX_POINT('',#15463);
#4766=VERTEX_POINT('',#15465);
#4767=VERTEX_POINT('',#15469);
#4768=VERTEX_POINT('',#15471);
#4769=VERTEX_POINT('',#15475);
#4770=VERTEX_POINT('',#15477);
#4771=VERTEX_POINT('',#15481);
#4772=VERTEX_POINT('',#15483);
#4773=VERTEX_POINT('',#15487);
#4774=VERTEX_POINT('',#15489);
#4775=VERTEX_POINT('',#15493);
#4776=VERTEX_POINT('',#15495);
#4777=VERTEX_POINT('',#15499);
#4778=VERTEX_POINT('',#15501);
#4779=VERTEX_POINT('',#15505);
#4780=VERTEX_POINT('',#15507);
#4781=VERTEX_POINT('',#15516);
#4782=VERTEX_POINT('',#15518);
#4783=VERTEX_POINT('',#15522);
#4784=VERTEX_POINT('',#15524);
#4785=VERTEX_POINT('',#15528);
#4786=VERTEX_POINT('',#15530);
#4787=VERTEX_POINT('',#15534);
#4788=VERTEX_POINT('',#15536);
#4789=VERTEX_POINT('',#15540);
#4790=VERTEX_POINT('',#15541);
#4791=VERTEX_POINT('',#15543);
#4792=VERTEX_POINT('',#15545);
#4793=VERTEX_POINT('',#15549);
#4794=VERTEX_POINT('',#15551);
#4795=VERTEX_POINT('',#15555);
#4796=VERTEX_POINT('',#15557);
#4797=VERTEX_POINT('',#15561);
#4798=VERTEX_POINT('',#15563);
#4799=VERTEX_POINT('',#15567);
#4800=VERTEX_POINT('',#15569);
#4801=VERTEX_POINT('',#15573);
#4802=VERTEX_POINT('',#15575);
#4803=VERTEX_POINT('',#15579);
#4804=VERTEX_POINT('',#15581);
#4805=VERTEX_POINT('',#15585);
#4806=VERTEX_POINT('',#15587);
#4807=VERTEX_POINT('',#15591);
#4808=VERTEX_POINT('',#15593);
#4809=VERTEX_POINT('',#15597);
#4810=VERTEX_POINT('',#15599);
#4811=VERTEX_POINT('',#15603);
#4812=VERTEX_POINT('',#15605);
#4813=VERTEX_POINT('',#15609);
#4814=VERTEX_POINT('',#15611);
#4815=VERTEX_POINT('',#15615);
#4816=VERTEX_POINT('',#15617);
#4817=VERTEX_POINT('',#15621);
#4818=VERTEX_POINT('',#15623);
#4819=VERTEX_POINT('',#15627);
#4820=VERTEX_POINT('',#15629);
#4821=VERTEX_POINT('',#15633);
#4822=VERTEX_POINT('',#15635);
#4823=VERTEX_POINT('',#15639);
#4824=VERTEX_POINT('',#15641);
#4825=VERTEX_POINT('',#15645);
#4826=VERTEX_POINT('',#15647);
#4827=VERTEX_POINT('',#15651);
#4828=VERTEX_POINT('',#15653);
#4829=VERTEX_POINT('',#15657);
#4830=VERTEX_POINT('',#15659);
#4831=VERTEX_POINT('',#15663);
#4832=VERTEX_POINT('',#15665);
#4833=VERTEX_POINT('',#15674);
#4834=VERTEX_POINT('',#15675);
#4835=VERTEX_POINT('',#15677);
#4836=VERTEX_POINT('',#15679);
#4837=VERTEX_POINT('',#15683);
#4838=VERTEX_POINT('',#15684);
#4839=VERTEX_POINT('',#15689);
#4840=VERTEX_POINT('',#15691);
#4841=VERTEX_POINT('',#15695);
#4842=VERTEX_POINT('',#15697);
#4843=VERTEX_POINT('',#15699);
#4844=VERTEX_POINT('',#15701);
#4845=VERTEX_POINT('',#15703);
#4846=VERTEX_POINT('',#15705);
#4847=VERTEX_POINT('',#15707);
#4848=VERTEX_POINT('',#15709);
#4849=VERTEX_POINT('',#15711);
#4850=VERTEX_POINT('',#15713);
#4851=VERTEX_POINT('',#15715);
#4852=VERTEX_POINT('',#15717);
#4853=VERTEX_POINT('',#15719);
#4854=VERTEX_POINT('',#15721);
#4855=VERTEX_POINT('',#15723);
#4856=VERTEX_POINT('',#15725);
#4857=VERTEX_POINT('',#15727);
#4858=VERTEX_POINT('',#15729);
#4859=VERTEX_POINT('',#15732);
#4860=VERTEX_POINT('',#15733);
#4861=VERTEX_POINT('',#15735);
#4862=VERTEX_POINT('',#15737);
#4863=VERTEX_POINT('',#15740);
#4864=VERTEX_POINT('',#15741);
#4865=VERTEX_POINT('',#15743);
#4866=VERTEX_POINT('',#15745);
#4867=VERTEX_POINT('',#15748);
#4868=VERTEX_POINT('',#15749);
#4869=VERTEX_POINT('',#15751);
#4870=VERTEX_POINT('',#15753);
#4871=VERTEX_POINT('',#15756);
#4872=VERTEX_POINT('',#15757);
#4873=VERTEX_POINT('',#15760);
#4874=VERTEX_POINT('',#15761);
#4875=VERTEX_POINT('',#15763);
#4876=VERTEX_POINT('',#15765);
#4877=VERTEX_POINT('',#15768);
#4878=VERTEX_POINT('',#15769);
#4879=VERTEX_POINT('',#15772);
#4880=VERTEX_POINT('',#15773);
#4881=VERTEX_POINT('',#15775);
#4882=VERTEX_POINT('',#15777);
#4883=VERTEX_POINT('',#15780);
#4884=VERTEX_POINT('',#15781);
#4885=VERTEX_POINT('',#15783);
#4886=VERTEX_POINT('',#15785);
#4887=VERTEX_POINT('',#15788);
#4888=VERTEX_POINT('',#15789);
#4889=VERTEX_POINT('',#15791);
#4890=VERTEX_POINT('',#15793);
#4891=VERTEX_POINT('',#15796);
#4892=VERTEX_POINT('',#15797);
#4893=VERTEX_POINT('',#15799);
#4894=VERTEX_POINT('',#15801);
#4895=VERTEX_POINT('',#15804);
#4896=VERTEX_POINT('',#15805);
#4897=VERTEX_POINT('',#15807);
#4898=VERTEX_POINT('',#15809);
#4899=VERTEX_POINT('',#15812);
#4900=VERTEX_POINT('',#15813);
#4901=VERTEX_POINT('',#15815);
#4902=VERTEX_POINT('',#15817);
#4903=VERTEX_POINT('',#15820);
#4904=VERTEX_POINT('',#15822);
#4905=VERTEX_POINT('',#15823);
#4906=VERTEX_POINT('',#15825);
#4907=VERTEX_POINT('',#15827);
#4908=VERTEX_POINT('',#15830);
#4909=VERTEX_POINT('',#15831);
#4910=VERTEX_POINT('',#15833);
#4911=VERTEX_POINT('',#15835);
#4912=VERTEX_POINT('',#15838);
#4913=VERTEX_POINT('',#15840);
#4914=VERTEX_POINT('',#15841);
#4915=VERTEX_POINT('',#15843);
#4916=VERTEX_POINT('',#15845);
#4917=VERTEX_POINT('',#15848);
#4918=VERTEX_POINT('',#15849);
#4919=VERTEX_POINT('',#15851);
#4920=VERTEX_POINT('',#15853);
#4921=VERTEX_POINT('',#15856);
#4922=VERTEX_POINT('',#15857);
#4923=VERTEX_POINT('',#15859);
#4924=VERTEX_POINT('',#15861);
#4925=VERTEX_POINT('',#15864);
#4926=VERTEX_POINT('',#15865);
#4927=VERTEX_POINT('',#15867);
#4928=VERTEX_POINT('',#15869);
#4929=VERTEX_POINT('',#15871);
#4930=VERTEX_POINT('',#15873);
#4931=VERTEX_POINT('',#15875);
#4932=VERTEX_POINT('',#15877);
#4933=VERTEX_POINT('',#15879);
#4934=VERTEX_POINT('',#15882);
#4935=VERTEX_POINT('',#15884);
#4936=VERTEX_POINT('',#15886);
#4937=VERTEX_POINT('',#15888);
#4938=VERTEX_POINT('',#15890);
#4939=VERTEX_POINT('',#15892);
#4940=VERTEX_POINT('',#15894);
#4941=VERTEX_POINT('',#15896);
#4942=VERTEX_POINT('',#15898);
#4943=VERTEX_POINT('',#15900);
#4944=VERTEX_POINT('',#15902);
#4945=VERTEX_POINT('',#15904);
#4946=VERTEX_POINT('',#15906);
#4947=VERTEX_POINT('',#15908);
#4948=VERTEX_POINT('',#15910);
#4949=VERTEX_POINT('',#15913);
#4950=VERTEX_POINT('',#15915);
#4951=VERTEX_POINT('',#15918);
#4952=VERTEX_POINT('',#15921);
#4953=VERTEX_POINT('',#15924);
#4954=VERTEX_POINT('',#15926);
#4955=VERTEX_POINT('',#15927);
#4956=VERTEX_POINT('',#15929);
#4957=VERTEX_POINT('',#15931);
#4958=VERTEX_POINT('',#15934);
#4959=VERTEX_POINT('',#15935);
#4960=VERTEX_POINT('',#15937);
#4961=VERTEX_POINT('',#15939);
#4962=VERTEX_POINT('',#15942);
#4963=VERTEX_POINT('',#15943);
#4964=VERTEX_POINT('',#15945);
#4965=VERTEX_POINT('',#15947);
#4966=VERTEX_POINT('',#15950);
#4967=VERTEX_POINT('',#15952);
#4968=VERTEX_POINT('',#15953);
#4969=VERTEX_POINT('',#15955);
#4970=VERTEX_POINT('',#15957);
#4971=VERTEX_POINT('',#15960);
#4972=VERTEX_POINT('',#15961);
#4973=VERTEX_POINT('',#15963);
#4974=VERTEX_POINT('',#15965);
#4975=VERTEX_POINT('',#15968);
#4976=VERTEX_POINT('',#15969);
#4977=VERTEX_POINT('',#15971);
#4978=VERTEX_POINT('',#15973);
#4979=VERTEX_POINT('',#15977);
#4980=VERTEX_POINT('',#15981);
#4981=VERTEX_POINT('',#15982);
#4982=VERTEX_POINT('',#15987);
#4983=VERTEX_POINT('',#15991);
#4984=VERTEX_POINT('',#15993);
#4985=VERTEX_POINT('',#15997);
#4986=VERTEX_POINT('',#16001);
#4987=VERTEX_POINT('',#16005);
#4988=VERTEX_POINT('',#16011);
#4989=VERTEX_POINT('',#16013);
#4990=VERTEX_POINT('',#16017);
#4991=VERTEX_POINT('',#16021);
#4992=VERTEX_POINT('',#16025);
#4993=VERTEX_POINT('',#16029);
#4994=VERTEX_POINT('',#16033);
#4995=VERTEX_POINT('',#16037);
#4996=VERTEX_POINT('',#16041);
#4997=VERTEX_POINT('',#16045);
#4998=VERTEX_POINT('',#16049);
#4999=VERTEX_POINT('',#16053);
#5000=VERTEX_POINT('',#16057);
#5001=VERTEX_POINT('',#16061);
#5002=VERTEX_POINT('',#16067);
#5003=VERTEX_POINT('',#16069);
#5004=VERTEX_POINT('',#16073);
#5005=VERTEX_POINT('',#16074);
#5006=VERTEX_POINT('',#16079);
#5007=VERTEX_POINT('',#16083);
#5008=VERTEX_POINT('',#16089);
#5009=VERTEX_POINT('',#16090);
#5010=VERTEX_POINT('',#16095);
#5011=VERTEX_POINT('',#16099);
#5012=VERTEX_POINT('',#16105);
#5013=VERTEX_POINT('',#16106);
#5014=VERTEX_POINT('',#16111);
#5015=VERTEX_POINT('',#16115);
#5016=VERTEX_POINT('',#16121);
#5017=VERTEX_POINT('',#16122);
#5018=VERTEX_POINT('',#16129);
#5019=VERTEX_POINT('',#16130);
#5020=VERTEX_POINT('',#16135);
#5021=VERTEX_POINT('',#16139);
#5022=VERTEX_POINT('',#16145);
#5023=VERTEX_POINT('',#16146);
#5024=VERTEX_POINT('',#16153);
#5025=VERTEX_POINT('',#16154);
#5026=VERTEX_POINT('',#16159);
#5027=VERTEX_POINT('',#16163);
#5028=VERTEX_POINT('',#16169);
#5029=VERTEX_POINT('',#16170);
#5030=VERTEX_POINT('',#16175);
#5031=VERTEX_POINT('',#16179);
#5032=VERTEX_POINT('',#16185);
#5033=VERTEX_POINT('',#16186);
#5034=VERTEX_POINT('',#16191);
#5035=VERTEX_POINT('',#16195);
#5036=VERTEX_POINT('',#16201);
#5037=VERTEX_POINT('',#16202);
#5038=VERTEX_POINT('',#16207);
#5039=VERTEX_POINT('',#16211);
#5040=VERTEX_POINT('',#16217);
#5041=VERTEX_POINT('',#16218);
#5042=VERTEX_POINT('',#16223);
#5043=VERTEX_POINT('',#16227);
#5044=VERTEX_POINT('',#16233);
#5045=VERTEX_POINT('',#16234);
#5046=VERTEX_POINT('',#16239);
#5047=VERTEX_POINT('',#16243);
#5048=VERTEX_POINT('',#16249);
#5049=VERTEX_POINT('',#16253);
#5050=VERTEX_POINT('',#16254);
#5051=VERTEX_POINT('',#16259);
#5052=VERTEX_POINT('',#16263);
#5053=VERTEX_POINT('',#16269);
#5054=VERTEX_POINT('',#16270);
#5055=VERTEX_POINT('',#16275);
#5056=VERTEX_POINT('',#16279);
#5057=VERTEX_POINT('',#16285);
#5058=VERTEX_POINT('',#16289);
#5059=VERTEX_POINT('',#16290);
#5060=VERTEX_POINT('',#16295);
#5061=VERTEX_POINT('',#16299);
#5062=VERTEX_POINT('',#16305);
#5063=VERTEX_POINT('',#16306);
#5064=VERTEX_POINT('',#16311);
#5065=VERTEX_POINT('',#16315);
#5066=VERTEX_POINT('',#16321);
#5067=VERTEX_POINT('',#16322);
#5068=VERTEX_POINT('',#16327);
#5069=VERTEX_POINT('',#16331);
#5070=VERTEX_POINT('',#16337);
#5071=VERTEX_POINT('',#16338);
#5072=VERTEX_POINT('',#16343);
#5073=VERTEX_POINT('',#16347);
#5074=VERTEX_POINT('',#16351);
#5075=VERTEX_POINT('',#16355);
#5076=VERTEX_POINT('',#16359);
#5077=VERTEX_POINT('',#16363);
#5078=VERTEX_POINT('',#16370);
#5079=VERTEX_POINT('',#16374);
#5080=VERTEX_POINT('',#16378);
#5081=VERTEX_POINT('',#16382);
#5082=VERTEX_POINT('',#16386);
#5083=VERTEX_POINT('',#16390);
#5084=VERTEX_POINT('',#16394);
#5085=VERTEX_POINT('',#16398);
#5086=VERTEX_POINT('',#16402);
#5087=VERTEX_POINT('',#16406);
#5088=VERTEX_POINT('',#16410);
#5089=VERTEX_POINT('',#16414);
#5090=VERTEX_POINT('',#16418);
#5091=VERTEX_POINT('',#16422);
#5092=VERTEX_POINT('',#16426);
#5093=VERTEX_POINT('',#16433);
#5094=VERTEX_POINT('',#16437);
#5095=VERTEX_POINT('',#16444);
#5096=VERTEX_POINT('',#16451);
#5097=VERTEX_POINT('',#16455);
#5098=VERTEX_POINT('',#16461);
#5099=VERTEX_POINT('',#16465);
#5100=VERTEX_POINT('',#16466);
#5101=VERTEX_POINT('',#16471);
#5102=VERTEX_POINT('',#16475);
#5103=VERTEX_POINT('',#16481);
#5104=VERTEX_POINT('',#16482);
#5105=VERTEX_POINT('',#16487);
#5106=VERTEX_POINT('',#16491);
#5107=VERTEX_POINT('',#16497);
#5108=VERTEX_POINT('',#16498);
#5109=VERTEX_POINT('',#16503);
#5110=VERTEX_POINT('',#16507);
#5111=VERTEX_POINT('',#16513);
#5112=VERTEX_POINT('',#16517);
#5113=VERTEX_POINT('',#16518);
#5114=VERTEX_POINT('',#16523);
#5115=VERTEX_POINT('',#16527);
#5116=VERTEX_POINT('',#16533);
#5117=VERTEX_POINT('',#16534);
#5118=VERTEX_POINT('',#16539);
#5119=VERTEX_POINT('',#16543);
#5120=VERTEX_POINT('',#16549);
#5121=VERTEX_POINT('',#16550);
#5122=VERTEX_POINT('',#16555);
#5123=VERTEX_POINT('',#16559);
#5124=VERTEX_POINT('',#16565);
#5125=VERTEX_POINT('',#16567);
#5126=VERTEX_POINT('',#16571);
#5127=VERTEX_POINT('',#16575);
#5128=VERTEX_POINT('',#16579);
#5129=VERTEX_POINT('',#16583);
#5130=VERTEX_POINT('',#16587);
#5131=VERTEX_POINT('',#16591);
#5132=VERTEX_POINT('',#16595);
#5133=VERTEX_POINT('',#16599);
#5134=VERTEX_POINT('',#16603);
#5135=VERTEX_POINT('',#16607);
#5136=VERTEX_POINT('',#16613);
#5137=VERTEX_POINT('',#16617);
#5138=VERTEX_POINT('',#16621);
#5139=VERTEX_POINT('',#16632);
#5140=VERTEX_POINT('',#16633);
#5141=VERTEX_POINT('',#16635);
#5142=VERTEX_POINT('',#16637);
#5143=VERTEX_POINT('',#16646);
#5144=VERTEX_POINT('',#16647);
#5145=VERTEX_POINT('',#16649);
#5146=VERTEX_POINT('',#16651);
#5147=VERTEX_POINT('',#16660);
#5148=VERTEX_POINT('',#16661);
#5149=VERTEX_POINT('',#16663);
#5150=VERTEX_POINT('',#16665);
#5151=VERTEX_POINT('',#16672);
#5152=VERTEX_POINT('',#16674);
#5153=VERTEX_POINT('',#16680);
#5154=VERTEX_POINT('',#16681);
#5155=VERTEX_POINT('',#16683);
#5156=VERTEX_POINT('',#16685);
#5157=VERTEX_POINT('',#16692);
#5158=VERTEX_POINT('',#16694);
#5159=VERTEX_POINT('',#16700);
#5160=VERTEX_POINT('',#16701);
#5161=VERTEX_POINT('',#16703);
#5162=VERTEX_POINT('',#16705);
#5163=VERTEX_POINT('',#16712);
#5164=VERTEX_POINT('',#16714);
#5165=VERTEX_POINT('',#16720);
#5166=VERTEX_POINT('',#16721);
#5167=VERTEX_POINT('',#16723);
#5168=VERTEX_POINT('',#16725);
#5169=VERTEX_POINT('',#16732);
#5170=VERTEX_POINT('',#16734);
#5171=VERTEX_POINT('',#16740);
#5172=VERTEX_POINT('',#16741);
#5173=VERTEX_POINT('',#16743);
#5174=VERTEX_POINT('',#16745);
#5175=VERTEX_POINT('',#16749);
#5176=VERTEX_POINT('',#16751);
#5177=VERTEX_POINT('',#16755);
#5178=VERTEX_POINT('',#16757);
#5179=VERTEX_POINT('',#16761);
#5180=VERTEX_POINT('',#16763);
#5181=VERTEX_POINT('',#16767);
#5182=VERTEX_POINT('',#16769);
#5183=VERTEX_POINT('',#16773);
#5184=VERTEX_POINT('',#16775);
#5185=VERTEX_POINT('',#16779);
#5186=VERTEX_POINT('',#16781);
#5187=VERTEX_POINT('',#16785);
#5188=VERTEX_POINT('',#16787);
#5189=VERTEX_POINT('',#16791);
#5190=VERTEX_POINT('',#16793);
#5191=VERTEX_POINT('',#16797);
#5192=VERTEX_POINT('',#16799);
#5193=VERTEX_POINT('',#16803);
#5194=VERTEX_POINT('',#16805);
#5195=VERTEX_POINT('',#16809);
#5196=VERTEX_POINT('',#16811);
#5197=VERTEX_POINT('',#16815);
#5198=VERTEX_POINT('',#16817);
#5199=VERTEX_POINT('',#16821);
#5200=VERTEX_POINT('',#16823);
#5201=VERTEX_POINT('',#16827);
#5202=VERTEX_POINT('',#16829);
#5203=VERTEX_POINT('',#16833);
#5204=VERTEX_POINT('',#16835);
#5205=VERTEX_POINT('',#16839);
#5206=VERTEX_POINT('',#16841);
#5207=VERTEX_POINT('',#16845);
#5208=VERTEX_POINT('',#16847);
#5209=VERTEX_POINT('',#16851);
#5210=VERTEX_POINT('',#16853);
#5211=VERTEX_POINT('',#16857);
#5212=VERTEX_POINT('',#16859);
#5213=VERTEX_POINT('',#16863);
#5214=VERTEX_POINT('',#16865);
#5215=VERTEX_POINT('',#16869);
#5216=VERTEX_POINT('',#16871);
#5217=VERTEX_POINT('',#16878);
#5218=VERTEX_POINT('',#16879);
#5219=VERTEX_POINT('',#16881);
#5220=VERTEX_POINT('',#16883);
#5221=VERTEX_POINT('',#16887);
#5222=VERTEX_POINT('',#16889);
#5223=VERTEX_POINT('',#16893);
#5224=VERTEX_POINT('',#16895);
#5225=VERTEX_POINT('',#16899);
#5226=VERTEX_POINT('',#16901);
#5227=VERTEX_POINT('',#16905);
#5228=VERTEX_POINT('',#16907);
#5229=VERTEX_POINT('',#16911);
#5230=VERTEX_POINT('',#16913);
#5231=VERTEX_POINT('',#16917);
#5232=VERTEX_POINT('',#16919);
#5233=VERTEX_POINT('',#16923);
#5234=VERTEX_POINT('',#16925);
#5235=VERTEX_POINT('',#16929);
#5236=VERTEX_POINT('',#16931);
#5237=VERTEX_POINT('',#16935);
#5238=VERTEX_POINT('',#16937);
#5239=VERTEX_POINT('',#16941);
#5240=VERTEX_POINT('',#16943);
#5241=VERTEX_POINT('',#16947);
#5242=VERTEX_POINT('',#16949);
#5243=VERTEX_POINT('',#16953);
#5244=VERTEX_POINT('',#16955);
#5245=VERTEX_POINT('',#16959);
#5246=VERTEX_POINT('',#16961);
#5247=VERTEX_POINT('',#16965);
#5248=VERTEX_POINT('',#16967);
#5249=VERTEX_POINT('',#16971);
#5250=VERTEX_POINT('',#16973);
#5251=VERTEX_POINT('',#16977);
#5252=VERTEX_POINT('',#16979);
#5253=VERTEX_POINT('',#16983);
#5254=VERTEX_POINT('',#16985);
#5255=VERTEX_POINT('',#16989);
#5256=VERTEX_POINT('',#16991);
#5257=VERTEX_POINT('',#16995);
#5258=VERTEX_POINT('',#16997);
#5259=VERTEX_POINT('',#17001);
#5260=VERTEX_POINT('',#17003);
#5261=VERTEX_POINT('',#17012);
#5262=VERTEX_POINT('',#17014);
#5263=VERTEX_POINT('',#17018);
#5264=VERTEX_POINT('',#17020);
#5265=VERTEX_POINT('',#17024);
#5266=VERTEX_POINT('',#17026);
#5267=VERTEX_POINT('',#17030);
#5268=VERTEX_POINT('',#17032);
#5269=VERTEX_POINT('',#17036);
#5270=VERTEX_POINT('',#17037);
#5271=VERTEX_POINT('',#17039);
#5272=VERTEX_POINT('',#17041);
#5273=VERTEX_POINT('',#17045);
#5274=VERTEX_POINT('',#17047);
#5275=VERTEX_POINT('',#17051);
#5276=VERTEX_POINT('',#17053);
#5277=VERTEX_POINT('',#17057);
#5278=VERTEX_POINT('',#17059);
#5279=VERTEX_POINT('',#17063);
#5280=VERTEX_POINT('',#17065);
#5281=VERTEX_POINT('',#17069);
#5282=VERTEX_POINT('',#17071);
#5283=VERTEX_POINT('',#17075);
#5284=VERTEX_POINT('',#17077);
#5285=VERTEX_POINT('',#17081);
#5286=VERTEX_POINT('',#17083);
#5287=VERTEX_POINT('',#17087);
#5288=VERTEX_POINT('',#17089);
#5289=VERTEX_POINT('',#17093);
#5290=VERTEX_POINT('',#17095);
#5291=VERTEX_POINT('',#17099);
#5292=VERTEX_POINT('',#17101);
#5293=VERTEX_POINT('',#17105);
#5294=VERTEX_POINT('',#17107);
#5295=VERTEX_POINT('',#17111);
#5296=VERTEX_POINT('',#17113);
#5297=VERTEX_POINT('',#17117);
#5298=VERTEX_POINT('',#17119);
#5299=VERTEX_POINT('',#17123);
#5300=VERTEX_POINT('',#17125);
#5301=VERTEX_POINT('',#17129);
#5302=VERTEX_POINT('',#17131);
#5303=VERTEX_POINT('',#17135);
#5304=VERTEX_POINT('',#17137);
#5305=VERTEX_POINT('',#17141);
#5306=VERTEX_POINT('',#17143);
#5307=VERTEX_POINT('',#17147);
#5308=VERTEX_POINT('',#17149);
#5309=VERTEX_POINT('',#17153);
#5310=VERTEX_POINT('',#17155);
#5311=VERTEX_POINT('',#17159);
#5312=VERTEX_POINT('',#17161);
#5313=EDGE_CURVE('',#4353,#4354,#1605,.T.);
#5314=EDGE_CURVE('',#4354,#4355,#1606,.T.);
#5315=EDGE_CURVE('',#4355,#4356,#1607,.T.);
#5316=EDGE_CURVE('',#4356,#4353,#1608,.T.);
#5317=EDGE_CURVE('',#4357,#4358,#1609,.T.);
#5318=EDGE_CURVE('',#4358,#4354,#1610,.T.);
#5319=EDGE_CURVE('',#4353,#4357,#1611,.T.);
#5320=EDGE_CURVE('',#4357,#4359,#1612,.T.);
#5321=EDGE_CURVE('',#4359,#4360,#1613,.T.);
#5322=EDGE_CURVE('',#4360,#4358,#1614,.T.);
#5323=EDGE_CURVE('',#4361,#4360,#1615,.T.);
#5324=EDGE_CURVE('',#4362,#4361,#1616,.T.);
#5325=EDGE_CURVE('',#4363,#4362,#1617,.T.);
#5326=EDGE_CURVE('',#4364,#4363,#1618,.T.);
#5327=EDGE_CURVE('',#4365,#4364,#1619,.T.);
#5328=EDGE_CURVE('',#4366,#4365,#1620,.T.);
#5329=EDGE_CURVE('',#4367,#4366,#1621,.T.);
#5330=EDGE_CURVE('',#4368,#4367,#1622,.T.);
#5331=EDGE_CURVE('',#4369,#4368,#1623,.T.);
#5332=EDGE_CURVE('',#4370,#4369,#1624,.T.);
#5333=EDGE_CURVE('',#4371,#4370,#1625,.T.);
#5334=EDGE_CURVE('',#4372,#4371,#1626,.T.);
#5335=EDGE_CURVE('',#4373,#4372,#1627,.T.);
#5336=EDGE_CURVE('',#4374,#4373,#1628,.T.);
#5337=EDGE_CURVE('',#4375,#4374,#1629,.T.);
#5338=EDGE_CURVE('',#4376,#4375,#1630,.T.);
#5339=EDGE_CURVE('',#4377,#4376,#1631,.T.);
#5340=EDGE_CURVE('',#4378,#4377,#1632,.T.);
#5341=EDGE_CURVE('',#4355,#4378,#1633,.T.);
#5342=EDGE_CURVE('',#4379,#4380,#1634,.T.);
#5343=EDGE_CURVE('',#4380,#4381,#1635,.T.);
#5344=EDGE_CURVE('',#4381,#4382,#1636,.T.);
#5345=EDGE_CURVE('',#4382,#4379,#1637,.T.);
#5346=EDGE_CURVE('',#4383,#4384,#1638,.T.);
#5347=EDGE_CURVE('',#4384,#4385,#1639,.T.);
#5348=EDGE_CURVE('',#4385,#4386,#1640,.T.);
#5349=EDGE_CURVE('',#4386,#4383,#1641,.T.);
#5350=EDGE_CURVE('',#4387,#4388,#1642,.T.);
#5351=EDGE_CURVE('',#4388,#4389,#1643,.T.);
#5352=EDGE_CURVE('',#4389,#4390,#1644,.T.);
#5353=EDGE_CURVE('',#4390,#4387,#1645,.T.);
#5354=EDGE_CURVE('',#4391,#4392,#105,.T.);
#5355=EDGE_CURVE('',#4392,#4391,#106,.T.);
#5356=EDGE_CURVE('',#4393,#4394,#1646,.T.);
#5357=EDGE_CURVE('',#4394,#4395,#1647,.T.);
#5358=EDGE_CURVE('',#4395,#4396,#1648,.T.);
#5359=EDGE_CURVE('',#4396,#4393,#1649,.T.);
#5360=EDGE_CURVE('',#4397,#4398,#107,.T.);
#5361=EDGE_CURVE('',#4398,#4397,#108,.T.);
#5362=EDGE_CURVE('',#4399,#4400,#1650,.T.);
#5363=EDGE_CURVE('',#4400,#4401,#1651,.T.);
#5364=EDGE_CURVE('',#4401,#4402,#1652,.T.);
#5365=EDGE_CURVE('',#4402,#4399,#1653,.T.);
#5366=EDGE_CURVE('',#4403,#4404,#1654,.T.);
#5367=EDGE_CURVE('',#4404,#4405,#1655,.T.);
#5368=EDGE_CURVE('',#4405,#4406,#1656,.T.);
#5369=EDGE_CURVE('',#4406,#4403,#1657,.T.);
#5370=EDGE_CURVE('',#4407,#4408,#1658,.T.);
#5371=EDGE_CURVE('',#4408,#4409,#1659,.T.);
#5372=EDGE_CURVE('',#4409,#4410,#1660,.T.);
#5373=EDGE_CURVE('',#4410,#4407,#1661,.T.);
#5374=EDGE_CURVE('',#4411,#4412,#1662,.T.);
#5375=EDGE_CURVE('',#4412,#4413,#1663,.T.);
#5376=EDGE_CURVE('',#4413,#4414,#1664,.T.);
#5377=EDGE_CURVE('',#4414,#4411,#1665,.T.);
#5378=EDGE_CURVE('',#4415,#4416,#1666,.T.);
#5379=EDGE_CURVE('',#4416,#4417,#1667,.T.);
#5380=EDGE_CURVE('',#4417,#4418,#1668,.T.);
#5381=EDGE_CURVE('',#4418,#4415,#1669,.T.);
#5382=EDGE_CURVE('',#4419,#4420,#1670,.T.);
#5383=EDGE_CURVE('',#4420,#4421,#1671,.T.);
#5384=EDGE_CURVE('',#4421,#4422,#1672,.T.);
#5385=EDGE_CURVE('',#4422,#4419,#1673,.T.);
#5386=EDGE_CURVE('',#4423,#4423,#109,.T.);
#5387=EDGE_CURVE('',#4424,#4425,#1674,.T.);
#5388=EDGE_CURVE('',#4425,#4426,#1675,.T.);
#5389=EDGE_CURVE('',#4426,#4427,#1676,.T.);
#5390=EDGE_CURVE('',#4427,#4424,#1677,.T.);
#5391=EDGE_CURVE('',#4428,#4429,#1678,.T.);
#5392=EDGE_CURVE('',#4429,#4430,#1679,.T.);
#5393=EDGE_CURVE('',#4430,#4431,#1680,.T.);
#5394=EDGE_CURVE('',#4431,#4428,#1681,.T.);
#5395=EDGE_CURVE('',#4432,#4432,#110,.T.);
#5396=EDGE_CURVE('',#4433,#4434,#1682,.T.);
#5397=EDGE_CURVE('',#4434,#4435,#1683,.T.);
#5398=EDGE_CURVE('',#4435,#4436,#1684,.T.);
#5399=EDGE_CURVE('',#4436,#4433,#1685,.T.);
#5400=EDGE_CURVE('',#4437,#4438,#1686,.T.);
#5401=EDGE_CURVE('',#4438,#4439,#1687,.T.);
#5402=EDGE_CURVE('',#4439,#4440,#1688,.T.);
#5403=EDGE_CURVE('',#4440,#4437,#1689,.T.);
#5404=EDGE_CURVE('',#4441,#4442,#1690,.T.);
#5405=EDGE_CURVE('',#4442,#4443,#1691,.T.);
#5406=EDGE_CURVE('',#4443,#4444,#1692,.T.);
#5407=EDGE_CURVE('',#4444,#4441,#1693,.T.);
#5408=EDGE_CURVE('',#4445,#4446,#1694,.T.);
#5409=EDGE_CURVE('',#4446,#4447,#1695,.T.);
#5410=EDGE_CURVE('',#4447,#4448,#1696,.T.);
#5411=EDGE_CURVE('',#4448,#4449,#1697,.T.);
#5412=EDGE_CURVE('',#4449,#4450,#1698,.T.);
#5413=EDGE_CURVE('',#4450,#4451,#1699,.T.);
#5414=EDGE_CURVE('',#4451,#4452,#1700,.T.);
#5415=EDGE_CURVE('',#4452,#4453,#1701,.T.);
#5416=EDGE_CURVE('',#4453,#4454,#1702,.T.);
#5417=EDGE_CURVE('',#4454,#4455,#1703,.T.);
#5418=EDGE_CURVE('',#4455,#4456,#1704,.T.);
#5419=EDGE_CURVE('',#4456,#4453,#1705,.T.);
#5420=EDGE_CURVE('',#4453,#4450,#1706,.T.);
#5421=EDGE_CURVE('',#4450,#4457,#1707,.T.);
#5422=EDGE_CURVE('',#4457,#4448,#1708,.T.);
#5423=EDGE_CURVE('',#4448,#4458,#1709,.T.);
#5424=EDGE_CURVE('',#4458,#4459,#1710,.T.);
#5425=EDGE_CURVE('',#4459,#4460,#1711,.T.);
#5426=EDGE_CURVE('',#4460,#4461,#1712,.T.);
#5427=EDGE_CURVE('',#4461,#4462,#1713,.T.);
#5428=EDGE_CURVE('',#4462,#4463,#1714,.T.);
#5429=EDGE_CURVE('',#4463,#4464,#1715,.T.);
#5430=EDGE_CURVE('',#4464,#4465,#1716,.T.);
#5431=EDGE_CURVE('',#4465,#4466,#1717,.T.);
#5432=EDGE_CURVE('',#4466,#4467,#1718,.T.);
#5433=EDGE_CURVE('',#4467,#4468,#1719,.T.);
#5434=EDGE_CURVE('',#4468,#4469,#1720,.T.);
#5435=EDGE_CURVE('',#4469,#4466,#1721,.T.);
#5436=EDGE_CURVE('',#4466,#4470,#1722,.T.);
#5437=EDGE_CURVE('',#4470,#4471,#1723,.T.);
#5438=EDGE_CURVE('',#4471,#4472,#1724,.T.);
#5439=EDGE_CURVE('',#4472,#4445,#1725,.T.);
#5440=EDGE_CURVE('',#4473,#4473,#111,.T.);
#5441=EDGE_CURVE('',#4474,#4475,#1726,.T.);
#5442=EDGE_CURVE('',#4475,#4476,#1727,.T.);
#5443=EDGE_CURVE('',#4476,#4477,#1728,.T.);
#5444=EDGE_CURVE('',#4477,#4474,#1729,.T.);
#5445=EDGE_CURVE('',#4478,#4479,#1730,.T.);
#5446=EDGE_CURVE('',#4479,#4480,#1731,.T.);
#5447=EDGE_CURVE('',#4480,#4481,#1732,.T.);
#5448=EDGE_CURVE('',#4481,#4478,#1733,.T.);
#5449=EDGE_CURVE('',#4482,#4483,#1734,.T.);
#5450=EDGE_CURVE('',#4483,#4484,#1735,.T.);
#5451=EDGE_CURVE('',#4484,#4485,#1736,.T.);
#5452=EDGE_CURVE('',#4485,#4482,#1737,.T.);
#5453=EDGE_CURVE('',#4486,#4486,#112,.T.);
#5454=EDGE_CURVE('',#4487,#4488,#1738,.T.);
#5455=EDGE_CURVE('',#4488,#4489,#1739,.T.);
#5456=EDGE_CURVE('',#4489,#4490,#1740,.T.);
#5457=EDGE_CURVE('',#4490,#4487,#1741,.T.);
#5458=EDGE_CURVE('',#4491,#4492,#1742,.T.);
#5459=EDGE_CURVE('',#4492,#4493,#1743,.T.);
#5460=EDGE_CURVE('',#4493,#4494,#1744,.T.);
#5461=EDGE_CURVE('',#4494,#4491,#1745,.T.);
#5462=EDGE_CURVE('',#4495,#4496,#1746,.T.);
#5463=EDGE_CURVE('',#4496,#4497,#1747,.T.);
#5464=EDGE_CURVE('',#4497,#4498,#1748,.T.);
#5465=EDGE_CURVE('',#4498,#4495,#1749,.T.);
#5466=EDGE_CURVE('',#4359,#4499,#1750,.T.);
#5467=EDGE_CURVE('',#4361,#4499,#1751,.T.);
#5468=EDGE_CURVE('',#4500,#4501,#1752,.T.);
#5469=EDGE_CURVE('',#4501,#4366,#1753,.T.);
#5470=EDGE_CURVE('',#4365,#4500,#1754,.T.);
#5471=EDGE_CURVE('',#4364,#4502,#1755,.T.);
#5472=EDGE_CURVE('',#4502,#4500,#1756,.T.);
#5473=EDGE_CURVE('',#4503,#4500,#1757,.T.);
#5474=EDGE_CURVE('',#4504,#4503,#1758,.T.);
#5475=EDGE_CURVE('',#4504,#4501,#1759,.T.);
#5476=EDGE_CURVE('',#4505,#4502,#1760,.T.);
#5477=EDGE_CURVE('',#4503,#4505,#1761,.T.);
#5478=EDGE_CURVE('',#4363,#4506,#1762,.T.);
#5479=EDGE_CURVE('',#4506,#4502,#1763,.T.);
#5480=EDGE_CURVE('',#4362,#4507,#1764,.T.);
#5481=EDGE_CURVE('',#4507,#4506,#1765,.T.);
#5482=EDGE_CURVE('',#4499,#4507,#1766,.T.);
#5483=EDGE_CURVE('',#4508,#4357,#1767,.T.);
#5484=EDGE_CURVE('',#4509,#4508,#1768,.T.);
#5485=EDGE_CURVE('',#4509,#4359,#1769,.T.);
#5486=EDGE_CURVE('',#4378,#4510,#1770,.T.);
#5487=EDGE_CURVE('',#4510,#4356,#1771,.T.);
#5488=EDGE_CURVE('',#4377,#4511,#1772,.T.);
#5489=EDGE_CURVE('',#4511,#4510,#1773,.T.);
#5490=EDGE_CURVE('',#4376,#4512,#1774,.T.);
#5491=EDGE_CURVE('',#4512,#4511,#1775,.T.);
#5492=EDGE_CURVE('',#4513,#4512,#1776,.T.);
#5493=EDGE_CURVE('',#4375,#4513,#1777,.T.);
#5494=EDGE_CURVE('',#4514,#4513,#1778,.T.);
#5495=EDGE_CURVE('',#4374,#4514,#1779,.T.);
#5496=EDGE_CURVE('',#4515,#4514,#1780,.T.);
#5497=EDGE_CURVE('',#4373,#4515,#1781,.T.);
#5498=EDGE_CURVE('',#4516,#4515,#1782,.T.);
#5499=EDGE_CURVE('',#4372,#4516,#1783,.T.);
#5500=EDGE_CURVE('',#4517,#4516,#1784,.T.);
#5501=EDGE_CURVE('',#4371,#4517,#1785,.T.);
#5502=EDGE_CURVE('',#4518,#4517,#1786,.T.);
#5503=EDGE_CURVE('',#4370,#4518,#1787,.T.);
#5504=EDGE_CURVE('',#4519,#4518,#1788,.T.);
#5505=EDGE_CURVE('',#4369,#4519,#1789,.T.);
#5506=EDGE_CURVE('',#4520,#4519,#1790,.T.);
#5507=EDGE_CURVE('',#4368,#4520,#1791,.T.);
#5508=EDGE_CURVE('',#4521,#4520,#1792,.T.);
#5509=EDGE_CURVE('',#4367,#4521,#1793,.T.);
#5510=EDGE_CURVE('',#4501,#4521,#1794,.T.);
#5511=EDGE_CURVE('',#4522,#4356,#1795,.T.);
#5512=EDGE_CURVE('',#4522,#4523,#1796,.T.);
#5513=EDGE_CURVE('',#4523,#4353,#1797,.T.);
#5514=EDGE_CURVE('',#4524,#4525,#1798,.T.);
#5515=EDGE_CURVE('',#4525,#4379,#1799,.T.);
#5516=EDGE_CURVE('',#4524,#4382,#1800,.T.);
#5517=EDGE_CURVE('',#4526,#4524,#1801,.T.);
#5518=EDGE_CURVE('',#4526,#4381,#1802,.T.);
#5519=EDGE_CURVE('',#4527,#4526,#1803,.T.);
#5520=EDGE_CURVE('',#4527,#4380,#1804,.T.);
#5521=EDGE_CURVE('',#4525,#4527,#1805,.T.);
#5522=EDGE_CURVE('',#4528,#4529,#1806,.T.);
#5523=EDGE_CURVE('',#4529,#4383,#1807,.T.);
#5524=EDGE_CURVE('',#4528,#4386,#1808,.T.);
#5525=EDGE_CURVE('',#4530,#4528,#1809,.T.);
#5526=EDGE_CURVE('',#4530,#4385,#1810,.T.);
#5527=EDGE_CURVE('',#4531,#4530,#1811,.T.);
#5528=EDGE_CURVE('',#4531,#4384,#1812,.T.);
#5529=EDGE_CURVE('',#4529,#4531,#1813,.T.);
#5530=EDGE_CURVE('',#4532,#4533,#1814,.T.);
#5531=EDGE_CURVE('',#4533,#4387,#1815,.T.);
#5532=EDGE_CURVE('',#4532,#4390,#1816,.T.);
#5533=EDGE_CURVE('',#4534,#4532,#1817,.T.);
#5534=EDGE_CURVE('',#4534,#4389,#1818,.T.);
#5535=EDGE_CURVE('',#4535,#4534,#1819,.T.);
#5536=EDGE_CURVE('',#4535,#4388,#1820,.T.);
#5537=EDGE_CURVE('',#4533,#4535,#1821,.T.);
#5538=EDGE_CURVE('',#4536,#4537,#113,.T.);
#5539=EDGE_CURVE('',#4537,#4391,#1822,.T.);
#5540=EDGE_CURVE('',#4536,#4392,#1823,.T.);
#5541=EDGE_CURVE('',#4537,#4536,#114,.T.);
#5542=EDGE_CURVE('',#4538,#4539,#1824,.T.);
#5543=EDGE_CURVE('',#4539,#4393,#1825,.T.);
#5544=EDGE_CURVE('',#4538,#4396,#1826,.T.);
#5545=EDGE_CURVE('',#4540,#4538,#1827,.T.);
#5546=EDGE_CURVE('',#4540,#4395,#1828,.T.);
#5547=EDGE_CURVE('',#4541,#4540,#1829,.T.);
#5548=EDGE_CURVE('',#4541,#4394,#1830,.T.);
#5549=EDGE_CURVE('',#4539,#4541,#1831,.T.);
#5550=EDGE_CURVE('',#4542,#4543,#115,.T.);
#5551=EDGE_CURVE('',#4543,#4397,#1832,.T.);
#5552=EDGE_CURVE('',#4542,#4398,#1833,.T.);
#5553=EDGE_CURVE('',#4543,#4542,#116,.T.);
#5554=EDGE_CURVE('',#4544,#4545,#1834,.T.);
#5555=EDGE_CURVE('',#4545,#4399,#1835,.T.);
#5556=EDGE_CURVE('',#4544,#4402,#1836,.T.);
#5557=EDGE_CURVE('',#4546,#4544,#1837,.T.);
#5558=EDGE_CURVE('',#4546,#4401,#1838,.T.);
#5559=EDGE_CURVE('',#4547,#4546,#1839,.T.);
#5560=EDGE_CURVE('',#4547,#4400,#1840,.T.);
#5561=EDGE_CURVE('',#4545,#4547,#1841,.T.);
#5562=EDGE_CURVE('',#4548,#4549,#1842,.T.);
#5563=EDGE_CURVE('',#4549,#4403,#1843,.T.);
#5564=EDGE_CURVE('',#4548,#4406,#1844,.T.);
#5565=EDGE_CURVE('',#4550,#4548,#1845,.T.);
#5566=EDGE_CURVE('',#4550,#4405,#1846,.T.);
#5567=EDGE_CURVE('',#4551,#4550,#1847,.T.);
#5568=EDGE_CURVE('',#4551,#4404,#1848,.T.);
#5569=EDGE_CURVE('',#4549,#4551,#1849,.T.);
#5570=EDGE_CURVE('',#4552,#4553,#1850,.T.);
#5571=EDGE_CURVE('',#4553,#4407,#1851,.T.);
#5572=EDGE_CURVE('',#4552,#4410,#1852,.T.);
#5573=EDGE_CURVE('',#4554,#4552,#1853,.T.);
#5574=EDGE_CURVE('',#4554,#4409,#1854,.T.);
#5575=EDGE_CURVE('',#4555,#4554,#1855,.T.);
#5576=EDGE_CURVE('',#4555,#4408,#1856,.T.);
#5577=EDGE_CURVE('',#4553,#4555,#1857,.T.);
#5578=EDGE_CURVE('',#4556,#4557,#1858,.T.);
#5579=EDGE_CURVE('',#4557,#4411,#1859,.T.);
#5580=EDGE_CURVE('',#4556,#4414,#1860,.T.);
#5581=EDGE_CURVE('',#4558,#4556,#1861,.T.);
#5582=EDGE_CURVE('',#4558,#4413,#1862,.T.);
#5583=EDGE_CURVE('',#4559,#4558,#1863,.T.);
#5584=EDGE_CURVE('',#4559,#4412,#1864,.T.);
#5585=EDGE_CURVE('',#4557,#4559,#1865,.T.);
#5586=EDGE_CURVE('',#4560,#4561,#1866,.T.);
#5587=EDGE_CURVE('',#4561,#4415,#1867,.T.);
#5588=EDGE_CURVE('',#4560,#4418,#1868,.T.);
#5589=EDGE_CURVE('',#4562,#4560,#1869,.T.);
#5590=EDGE_CURVE('',#4562,#4417,#1870,.T.);
#5591=EDGE_CURVE('',#4563,#4562,#1871,.T.);
#5592=EDGE_CURVE('',#4563,#4416,#1872,.T.);
#5593=EDGE_CURVE('',#4561,#4563,#1873,.T.);
#5594=EDGE_CURVE('',#4564,#4565,#1874,.T.);
#5595=EDGE_CURVE('',#4565,#4419,#1875,.T.);
#5596=EDGE_CURVE('',#4564,#4422,#1876,.T.);
#5597=EDGE_CURVE('',#4566,#4564,#1877,.T.);
#5598=EDGE_CURVE('',#4566,#4421,#1878,.T.);
#5599=EDGE_CURVE('',#4567,#4566,#1879,.T.);
#5600=EDGE_CURVE('',#4567,#4420,#1880,.T.);
#5601=EDGE_CURVE('',#4565,#4567,#1881,.T.);
#5602=EDGE_CURVE('',#4423,#4568,#1882,.T.);
#5603=EDGE_CURVE('',#4568,#4568,#117,.T.);
#5604=EDGE_CURVE('',#4569,#4570,#1883,.T.);
#5605=EDGE_CURVE('',#4570,#4424,#1884,.T.);
#5606=EDGE_CURVE('',#4569,#4427,#1885,.T.);
#5607=EDGE_CURVE('',#4571,#4569,#1886,.T.);
#5608=EDGE_CURVE('',#4571,#4426,#1887,.T.);
#5609=EDGE_CURVE('',#4572,#4571,#1888,.T.);
#5610=EDGE_CURVE('',#4572,#4425,#1889,.T.);
#5611=EDGE_CURVE('',#4570,#4572,#1890,.T.);
#5612=EDGE_CURVE('',#4573,#4574,#1891,.T.);
#5613=EDGE_CURVE('',#4574,#4428,#1892,.T.);
#5614=EDGE_CURVE('',#4573,#4431,#1893,.T.);
#5615=EDGE_CURVE('',#4575,#4573,#1894,.T.);
#5616=EDGE_CURVE('',#4575,#4430,#1895,.T.);
#5617=EDGE_CURVE('',#4576,#4575,#1896,.T.);
#5618=EDGE_CURVE('',#4576,#4429,#1897,.T.);
#5619=EDGE_CURVE('',#4574,#4576,#1898,.T.);
#5620=EDGE_CURVE('',#4432,#4577,#1899,.T.);
#5621=EDGE_CURVE('',#4577,#4577,#118,.T.);
#5622=EDGE_CURVE('',#4578,#4579,#1900,.T.);
#5623=EDGE_CURVE('',#4579,#4433,#1901,.T.);
#5624=EDGE_CURVE('',#4578,#4436,#1902,.T.);
#5625=EDGE_CURVE('',#4580,#4578,#1903,.T.);
#5626=EDGE_CURVE('',#4580,#4435,#1904,.T.);
#5627=EDGE_CURVE('',#4581,#4580,#1905,.T.);
#5628=EDGE_CURVE('',#4581,#4434,#1906,.T.);
#5629=EDGE_CURVE('',#4579,#4581,#1907,.T.);
#5630=EDGE_CURVE('',#4582,#4583,#1908,.T.);
#5631=EDGE_CURVE('',#4583,#4437,#1909,.T.);
#5632=EDGE_CURVE('',#4582,#4440,#1910,.T.);
#5633=EDGE_CURVE('',#4584,#4582,#1911,.T.);
#5634=EDGE_CURVE('',#4584,#4439,#1912,.T.);
#5635=EDGE_CURVE('',#4585,#4584,#1913,.T.);
#5636=EDGE_CURVE('',#4585,#4438,#1914,.T.);
#5637=EDGE_CURVE('',#4583,#4585,#1915,.T.);
#5638=EDGE_CURVE('',#4586,#4587,#1916,.T.);
#5639=EDGE_CURVE('',#4587,#4441,#1917,.T.);
#5640=EDGE_CURVE('',#4586,#4444,#1918,.T.);
#5641=EDGE_CURVE('',#4588,#4586,#1919,.T.);
#5642=EDGE_CURVE('',#4588,#4443,#1920,.T.);
#5643=EDGE_CURVE('',#4589,#4588,#1921,.T.);
#5644=EDGE_CURVE('',#4589,#4442,#1922,.T.);
#5645=EDGE_CURVE('',#4587,#4589,#1923,.T.);
#5646=EDGE_CURVE('',#4590,#4591,#1924,.T.);
#5647=EDGE_CURVE('',#4591,#4445,#1925,.T.);
#5648=EDGE_CURVE('',#4590,#4472,#1926,.T.);
#5649=EDGE_CURVE('',#4592,#4590,#1927,.T.);
#5650=EDGE_CURVE('',#4592,#4471,#1928,.T.);
#5651=EDGE_CURVE('',#4593,#4592,#1929,.T.);
#5652=EDGE_CURVE('',#4593,#4470,#1930,.T.);
#5653=EDGE_CURVE('',#4594,#4593,#1931,.T.);
#5654=EDGE_CURVE('',#4594,#4466,#1932,.T.);
#5655=EDGE_CURVE('',#4595,#4594,#1933,.T.);
#5656=EDGE_CURVE('',#4595,#4469,#1934,.T.);
#5657=EDGE_CURVE('',#4596,#4595,#1935,.T.);
#5658=EDGE_CURVE('',#4596,#4468,#1936,.T.);
#5659=EDGE_CURVE('',#4597,#4596,#1937,.T.);
#5660=EDGE_CURVE('',#4597,#4467,#1938,.T.);
#5661=EDGE_CURVE('',#4594,#4597,#1939,.T.);
#5662=EDGE_CURVE('',#4594,#4466,#1940,.T.);
#5663=EDGE_CURVE('',#4598,#4594,#1941,.T.);
#5664=EDGE_CURVE('',#4598,#4465,#1942,.T.);
#5665=EDGE_CURVE('',#4599,#4598,#1943,.T.);
#5666=EDGE_CURVE('',#4599,#4464,#1944,.T.);
#5667=EDGE_CURVE('',#4600,#4599,#1945,.T.);
#5668=EDGE_CURVE('',#4600,#4463,#1946,.T.);
#5669=EDGE_CURVE('',#4601,#4600,#1947,.T.);
#5670=EDGE_CURVE('',#4601,#4462,#1948,.T.);
#5671=EDGE_CURVE('',#4602,#4601,#1949,.T.);
#5672=EDGE_CURVE('',#4602,#4461,#1950,.T.);
#5673=EDGE_CURVE('',#4603,#4602,#1951,.T.);
#5674=EDGE_CURVE('',#4603,#4460,#1952,.T.);
#5675=EDGE_CURVE('',#4604,#4603,#1953,.T.);
#5676=EDGE_CURVE('',#4604,#4459,#1954,.T.);
#5677=EDGE_CURVE('',#4605,#4604,#1955,.T.);
#5678=EDGE_CURVE('',#4605,#4458,#1956,.T.);
#5679=EDGE_CURVE('',#4606,#4605,#1957,.T.);
#5680=EDGE_CURVE('',#4606,#4448,#1958,.T.);
#5681=EDGE_CURVE('',#4607,#4606,#1959,.T.);
#5682=EDGE_CURVE('',#4607,#4457,#1960,.T.);
#5683=EDGE_CURVE('',#4608,#4607,#1961,.T.);
#5684=EDGE_CURVE('',#4608,#4450,#1962,.T.);
#5685=EDGE_CURVE('',#4609,#4608,#1963,.T.);
#5686=EDGE_CURVE('',#4609,#4453,#1964,.T.);
#5687=EDGE_CURVE('',#4610,#4609,#1965,.T.);
#5688=EDGE_CURVE('',#4610,#4456,#1966,.T.);
#5689=EDGE_CURVE('',#4611,#4610,#1967,.T.);
#5690=EDGE_CURVE('',#4611,#4455,#1968,.T.);
#5691=EDGE_CURVE('',#4612,#4611,#1969,.T.);
#5692=EDGE_CURVE('',#4612,#4454,#1970,.T.);
#5693=EDGE_CURVE('',#4609,#4612,#1971,.T.);
#5694=EDGE_CURVE('',#4609,#4453,#1972,.T.);
#5695=EDGE_CURVE('',#4613,#4609,#1973,.T.);
#5696=EDGE_CURVE('',#4613,#4452,#1974,.T.);
#5697=EDGE_CURVE('',#4614,#4613,#1975,.T.);
#5698=EDGE_CURVE('',#4614,#4451,#1976,.T.);
#5699=EDGE_CURVE('',#4608,#4614,#1977,.T.);
#5700=EDGE_CURVE('',#4608,#4450,#1978,.T.);
#5701=EDGE_CURVE('',#4615,#4608,#1979,.T.);
#5702=EDGE_CURVE('',#4615,#4449,#1980,.T.);
#5703=EDGE_CURVE('',#4606,#4615,#1981,.T.);
#5704=EDGE_CURVE('',#4606,#4448,#1982,.T.);
#5705=EDGE_CURVE('',#4616,#4606,#1983,.T.);
#5706=EDGE_CURVE('',#4616,#4447,#1984,.T.);
#5707=EDGE_CURVE('',#4617,#4616,#1985,.T.);
#5708=EDGE_CURVE('',#4617,#4446,#1986,.T.);
#5709=EDGE_CURVE('',#4591,#4617,#1987,.T.);
#5710=EDGE_CURVE('',#4473,#4618,#1988,.T.);
#5711=EDGE_CURVE('',#4618,#4618,#119,.T.);
#5712=EDGE_CURVE('',#4619,#4620,#1989,.T.);
#5713=EDGE_CURVE('',#4620,#4474,#1990,.T.);
#5714=EDGE_CURVE('',#4619,#4477,#1991,.T.);
#5715=EDGE_CURVE('',#4621,#4619,#1992,.T.);
#5716=EDGE_CURVE('',#4621,#4476,#1993,.T.);
#5717=EDGE_CURVE('',#4622,#4621,#1994,.T.);
#5718=EDGE_CURVE('',#4622,#4475,#1995,.T.);
#5719=EDGE_CURVE('',#4620,#4622,#1996,.T.);
#5720=EDGE_CURVE('',#4623,#4624,#1997,.T.);
#5721=EDGE_CURVE('',#4624,#4478,#1998,.T.);
#5722=EDGE_CURVE('',#4623,#4481,#1999,.T.);
#5723=EDGE_CURVE('',#4625,#4623,#2000,.T.);
#5724=EDGE_CURVE('',#4625,#4480,#2001,.T.);
#5725=EDGE_CURVE('',#4626,#4625,#2002,.T.);
#5726=EDGE_CURVE('',#4626,#4479,#2003,.T.);
#5727=EDGE_CURVE('',#4624,#4626,#2004,.T.);
#5728=EDGE_CURVE('',#4627,#4628,#2005,.T.);
#5729=EDGE_CURVE('',#4628,#4482,#2006,.T.);
#5730=EDGE_CURVE('',#4627,#4485,#2007,.T.);
#5731=EDGE_CURVE('',#4629,#4627,#2008,.T.);
#5732=EDGE_CURVE('',#4629,#4484,#2009,.T.);
#5733=EDGE_CURVE('',#4630,#4629,#2010,.T.);
#5734=EDGE_CURVE('',#4630,#4483,#2011,.T.);
#5735=EDGE_CURVE('',#4628,#4630,#2012,.T.);
#5736=EDGE_CURVE('',#4486,#4631,#2013,.T.);
#5737=EDGE_CURVE('',#4631,#4631,#120,.T.);
#5738=EDGE_CURVE('',#4632,#4633,#2014,.T.);
#5739=EDGE_CURVE('',#4633,#4487,#2015,.T.);
#5740=EDGE_CURVE('',#4632,#4490,#2016,.T.);
#5741=EDGE_CURVE('',#4634,#4632,#2017,.T.);
#5742=EDGE_CURVE('',#4634,#4489,#2018,.T.);
#5743=EDGE_CURVE('',#4635,#4634,#2019,.T.);
#5744=EDGE_CURVE('',#4635,#4488,#2020,.T.);
#5745=EDGE_CURVE('',#4633,#4635,#2021,.T.);
#5746=EDGE_CURVE('',#4636,#4637,#2022,.T.);
#5747=EDGE_CURVE('',#4637,#4491,#2023,.T.);
#5748=EDGE_CURVE('',#4636,#4494,#2024,.T.);
#5749=EDGE_CURVE('',#4638,#4636,#2025,.T.);
#5750=EDGE_CURVE('',#4638,#4493,#2026,.T.);
#5751=EDGE_CURVE('',#4639,#4638,#2027,.T.);
#5752=EDGE_CURVE('',#4639,#4492,#2028,.T.);
#5753=EDGE_CURVE('',#4637,#4639,#2029,.T.);
#5754=EDGE_CURVE('',#4640,#4641,#2030,.T.);
#5755=EDGE_CURVE('',#4641,#4495,#2031,.T.);
#5756=EDGE_CURVE('',#4640,#4498,#2032,.T.);
#5757=EDGE_CURVE('',#4642,#4640,#2033,.T.);
#5758=EDGE_CURVE('',#4642,#4497,#2034,.T.);
#5759=EDGE_CURVE('',#4643,#4642,#2035,.T.);
#5760=EDGE_CURVE('',#4643,#4496,#2036,.T.);
#5761=EDGE_CURVE('',#4641,#4643,#2037,.T.);
#5762=EDGE_CURVE('',#4644,#4511,#2038,.T.);
#5763=EDGE_CURVE('',#4645,#4644,#2039,.T.);
#5764=EDGE_CURVE('',#4645,#4510,#2040,.T.);
#5765=EDGE_CURVE('',#4646,#4512,#2041,.T.);
#5766=EDGE_CURVE('',#4644,#4646,#2042,.T.);
#5767=EDGE_CURVE('',#4647,#4513,#2043,.T.);
#5768=EDGE_CURVE('',#4646,#4647,#2044,.T.);
#5769=EDGE_CURVE('',#4648,#4514,#2045,.T.);
#5770=EDGE_CURVE('',#4647,#4648,#2046,.T.);
#5771=EDGE_CURVE('',#4649,#4515,#2047,.T.);
#5772=EDGE_CURVE('',#4649,#4648,#2048,.T.);
#5773=EDGE_CURVE('',#4650,#4516,#2049,.T.);
#5774=EDGE_CURVE('',#4649,#4650,#2050,.T.);
#5775=EDGE_CURVE('',#4651,#4517,#2051,.T.);
#5776=EDGE_CURVE('',#4650,#4651,#2052,.T.);
#5777=EDGE_CURVE('',#4652,#4518,#2053,.T.);
#5778=EDGE_CURVE('',#4651,#4652,#2054,.T.);
#5779=EDGE_CURVE('',#4653,#4519,#2055,.T.);
#5780=EDGE_CURVE('',#4652,#4653,#2056,.T.);
#5781=EDGE_CURVE('',#4654,#4520,#2057,.T.);
#5782=EDGE_CURVE('',#4653,#4654,#2058,.T.);
#5783=EDGE_CURVE('',#4655,#4521,#2059,.T.);
#5784=EDGE_CURVE('',#4654,#4655,#2060,.T.);
#5785=EDGE_CURVE('',#4655,#4504,#2061,.T.);
#5786=EDGE_CURVE('',#4656,#4506,#2062,.T.);
#5787=EDGE_CURVE('',#4505,#4656,#2063,.T.);
#5788=EDGE_CURVE('',#4657,#4507,#2064,.T.);
#5789=EDGE_CURVE('',#4656,#4657,#2065,.T.);
#5790=EDGE_CURVE('',#4658,#4499,#2066,.T.);
#5791=EDGE_CURVE('',#4657,#4658,#2067,.T.);
#5792=EDGE_CURVE('',#4658,#4509,#2068,.T.);
#5793=EDGE_CURVE('',#4523,#4508,#2069,.T.);
#5794=EDGE_CURVE('',#4645,#4522,#2070,.T.);
#5795=EDGE_CURVE('',#4659,#4660,#121,.T.);
#5796=EDGE_CURVE('',#4659,#4661,#2071,.T.);
#5797=EDGE_CURVE('',#4662,#4661,#122,.T.);
#5798=EDGE_CURVE('',#4660,#4662,#2072,.T.);
#5799=EDGE_CURVE('',#4659,#4660,#123,.T.);
#5800=EDGE_CURVE('',#4661,#4662,#124,.T.);
#5801=EDGE_CURVE('',#4663,#4664,#125,.T.);
#5802=EDGE_CURVE('',#4663,#4665,#2073,.T.);
#5803=EDGE_CURVE('',#4666,#4665,#126,.T.);
#5804=EDGE_CURVE('',#4664,#4666,#2074,.T.);
#5805=EDGE_CURVE('',#4663,#4664,#127,.T.);
#5806=EDGE_CURVE('',#4665,#4666,#128,.T.);
#5807=EDGE_CURVE('',#4667,#4668,#129,.T.);
#5808=EDGE_CURVE('',#4668,#4669,#2075,.T.);
#5809=EDGE_CURVE('',#4670,#4669,#130,.T.);
#5810=EDGE_CURVE('',#4667,#4670,#2076,.T.);
#5811=EDGE_CURVE('',#4668,#4667,#131,.T.);
#5812=EDGE_CURVE('',#4669,#4670,#132,.T.);
#5813=EDGE_CURVE('',#4671,#4671,#133,.T.);
#5814=EDGE_CURVE('',#4671,#4672,#2077,.T.);
#5815=EDGE_CURVE('',#4672,#4672,#134,.T.);
#5816=EDGE_CURVE('',#4673,#4674,#135,.T.);
#5817=EDGE_CURVE('',#4674,#4675,#2078,.T.);
#5818=EDGE_CURVE('',#4676,#4675,#136,.T.);
#5819=EDGE_CURVE('',#4673,#4676,#2079,.T.);
#5820=EDGE_CURVE('',#4674,#4673,#137,.T.);
#5821=EDGE_CURVE('',#4675,#4676,#138,.T.);
#5822=EDGE_CURVE('',#4677,#4677,#139,.T.);
#5823=EDGE_CURVE('',#4677,#4678,#2080,.T.);
#5824=EDGE_CURVE('',#4678,#4678,#140,.T.);
#5825=EDGE_CURVE('',#4679,#4680,#141,.T.);
#5826=EDGE_CURVE('',#4680,#4681,#2081,.T.);
#5827=EDGE_CURVE('',#4682,#4681,#142,.T.);
#5828=EDGE_CURVE('',#4679,#4682,#2082,.T.);
#5829=EDGE_CURVE('',#4680,#4679,#143,.T.);
#5830=EDGE_CURVE('',#4681,#4682,#144,.T.);
#5831=EDGE_CURVE('',#4683,#4683,#145,.T.);
#5832=EDGE_CURVE('',#4683,#4684,#2083,.T.);
#5833=EDGE_CURVE('',#4684,#4684,#146,.T.);
#5834=EDGE_CURVE('',#4685,#4686,#147,.T.);
#5835=EDGE_CURVE('',#4686,#4687,#2084,.T.);
#5836=EDGE_CURVE('',#4688,#4687,#148,.T.);
#5837=EDGE_CURVE('',#4685,#4688,#2085,.T.);
#5838=EDGE_CURVE('',#4686,#4685,#149,.T.);
#5839=EDGE_CURVE('',#4687,#4688,#150,.T.);
#5840=EDGE_CURVE('',#4689,#4689,#151,.T.);
#5841=EDGE_CURVE('',#4689,#4690,#2086,.T.);
#5842=EDGE_CURVE('',#4690,#4690,#152,.T.);
#5843=EDGE_CURVE('',#4691,#4692,#2087,.T.);
#5844=EDGE_CURVE('',#4691,#4693,#2088,.T.);
#5845=EDGE_CURVE('',#4694,#4693,#2089,.T.);
#5846=EDGE_CURVE('',#4692,#4694,#2090,.T.);
#5847=EDGE_CURVE('',#4692,#4695,#2091,.T.);
#5848=EDGE_CURVE('',#4696,#4694,#2092,.T.);
#5849=EDGE_CURVE('',#4695,#4696,#2093,.T.);
#5850=EDGE_CURVE('',#4695,#4697,#2094,.T.);
#5851=EDGE_CURVE('',#4698,#4696,#2095,.T.);
#5852=EDGE_CURVE('',#4697,#4698,#2096,.T.);
#5853=EDGE_CURVE('',#4697,#4699,#2097,.T.);
#5854=EDGE_CURVE('',#4700,#4698,#2098,.T.);
#5855=EDGE_CURVE('',#4699,#4700,#2099,.T.);
#5856=EDGE_CURVE('',#4699,#4701,#2100,.T.);
#5857=EDGE_CURVE('',#4702,#4700,#2101,.T.);
#5858=EDGE_CURVE('',#4701,#4702,#2102,.T.);
#5859=EDGE_CURVE('',#4701,#4703,#2103,.T.);
#5860=EDGE_CURVE('',#4704,#4702,#2104,.T.);
#5861=EDGE_CURVE('',#4703,#4704,#2105,.T.);
#5862=EDGE_CURVE('',#4703,#4705,#2106,.T.);
#5863=EDGE_CURVE('',#4706,#4704,#2107,.T.);
#5864=EDGE_CURVE('',#4705,#4706,#2108,.T.);
#5865=EDGE_CURVE('',#4705,#4707,#2109,.T.);
#5866=EDGE_CURVE('',#4708,#4706,#2110,.T.);
#5867=EDGE_CURVE('',#4707,#4708,#2111,.T.);
#5868=EDGE_CURVE('',#4707,#4709,#2112,.T.);
#5869=EDGE_CURVE('',#4710,#4708,#2113,.T.);
#5870=EDGE_CURVE('',#4709,#4710,#2114,.T.);
#5871=EDGE_CURVE('',#4709,#4711,#2115,.T.);
#5872=EDGE_CURVE('',#4712,#4710,#2116,.T.);
#5873=EDGE_CURVE('',#4711,#4712,#2117,.T.);
#5874=EDGE_CURVE('',#4711,#4713,#2118,.T.);
#5875=EDGE_CURVE('',#4714,#4712,#2119,.T.);
#5876=EDGE_CURVE('',#4713,#4714,#2120,.T.);
#5877=EDGE_CURVE('',#4713,#4715,#2121,.T.);
#5878=EDGE_CURVE('',#4716,#4714,#2122,.T.);
#5879=EDGE_CURVE('',#4715,#4716,#2123,.T.);
#5880=EDGE_CURVE('',#4715,#4717,#2124,.T.);
#5881=EDGE_CURVE('',#4718,#4716,#2125,.T.);
#5882=EDGE_CURVE('',#4717,#4718,#2126,.T.);
#5883=EDGE_CURVE('',#4717,#4719,#2127,.T.);
#5884=EDGE_CURVE('',#4720,#4718,#2128,.T.);
#5885=EDGE_CURVE('',#4719,#4720,#2129,.T.);
#5886=EDGE_CURVE('',#4719,#4721,#2130,.T.);
#5887=EDGE_CURVE('',#4722,#4720,#2131,.T.);
#5888=EDGE_CURVE('',#4721,#4722,#2132,.T.);
#5889=EDGE_CURVE('',#4721,#4723,#2133,.T.);
#5890=EDGE_CURVE('',#4724,#4722,#2134,.T.);
#5891=EDGE_CURVE('',#4723,#4724,#2135,.T.);
#5892=EDGE_CURVE('',#4723,#4725,#2136,.T.);
#5893=EDGE_CURVE('',#4726,#4724,#2137,.T.);
#5894=EDGE_CURVE('',#4725,#4726,#2138,.T.);
#5895=EDGE_CURVE('',#4725,#4727,#2139,.T.);
#5896=EDGE_CURVE('',#4728,#4726,#2140,.T.);
#5897=EDGE_CURVE('',#4727,#4728,#2141,.T.);
#5898=EDGE_CURVE('',#4727,#4729,#2142,.T.);
#5899=EDGE_CURVE('',#4730,#4728,#2143,.T.);
#5900=EDGE_CURVE('',#4729,#4730,#2144,.T.);
#5901=EDGE_CURVE('',#4729,#4731,#2145,.T.);
#5902=EDGE_CURVE('',#4732,#4730,#2146,.T.);
#5903=EDGE_CURVE('',#4731,#4732,#2147,.T.);
#5904=EDGE_CURVE('',#4731,#4733,#2148,.T.);
#5905=EDGE_CURVE('',#4734,#4732,#2149,.T.);
#5906=EDGE_CURVE('',#4733,#4734,#2150,.T.);
#5907=EDGE_CURVE('',#4733,#4735,#2151,.T.);
#5908=EDGE_CURVE('',#4736,#4734,#2152,.T.);
#5909=EDGE_CURVE('',#4735,#4736,#2153,.T.);
#5910=EDGE_CURVE('',#4735,#4691,#2154,.T.);
#5911=EDGE_CURVE('',#4693,#4736,#2155,.T.);
#5912=EDGE_CURVE('',#4737,#4738,#2156,.T.);
#5913=EDGE_CURVE('',#4737,#4739,#2157,.T.);
#5914=EDGE_CURVE('',#4740,#4739,#2158,.T.);
#5915=EDGE_CURVE('',#4738,#4740,#2159,.T.);
#5916=EDGE_CURVE('',#4738,#4741,#2160,.T.);
#5917=EDGE_CURVE('',#4742,#4740,#2161,.T.);
#5918=EDGE_CURVE('',#4741,#4742,#2162,.T.);
#5919=EDGE_CURVE('',#4743,#4741,#2163,.T.);
#5920=EDGE_CURVE('',#4744,#4742,#2164,.T.);
#5921=EDGE_CURVE('',#4743,#4744,#2165,.T.);
#5922=EDGE_CURVE('',#4745,#4743,#2166,.T.);
#5923=EDGE_CURVE('',#4746,#4744,#2167,.T.);
#5924=EDGE_CURVE('',#4745,#4746,#2168,.T.);
#5925=EDGE_CURVE('',#4747,#4745,#2169,.T.);
#5926=EDGE_CURVE('',#4748,#4746,#2170,.T.);
#5927=EDGE_CURVE('',#4747,#4748,#2171,.T.);
#5928=EDGE_CURVE('',#4749,#4747,#2172,.T.);
#5929=EDGE_CURVE('',#4750,#4748,#2173,.T.);
#5930=EDGE_CURVE('',#4749,#4750,#2174,.T.);
#5931=EDGE_CURVE('',#4751,#4749,#2175,.T.);
#5932=EDGE_CURVE('',#4752,#4750,#2176,.T.);
#5933=EDGE_CURVE('',#4751,#4752,#2177,.T.);
#5934=EDGE_CURVE('',#4753,#4751,#2178,.T.);
#5935=EDGE_CURVE('',#4754,#4752,#2179,.T.);
#5936=EDGE_CURVE('',#4753,#4754,#2180,.T.);
#5937=EDGE_CURVE('',#4755,#4753,#2181,.T.);
#5938=EDGE_CURVE('',#4756,#4754,#2182,.T.);
#5939=EDGE_CURVE('',#4755,#4756,#2183,.T.);
#5940=EDGE_CURVE('',#4757,#4755,#2184,.T.);
#5941=EDGE_CURVE('',#4758,#4756,#2185,.T.);
#5942=EDGE_CURVE('',#4757,#4758,#2186,.T.);
#5943=EDGE_CURVE('',#4759,#4757,#2187,.T.);
#5944=EDGE_CURVE('',#4760,#4758,#2188,.T.);
#5945=EDGE_CURVE('',#4759,#4760,#2189,.T.);
#5946=EDGE_CURVE('',#4761,#4759,#2190,.T.);
#5947=EDGE_CURVE('',#4762,#4760,#2191,.T.);
#5948=EDGE_CURVE('',#4761,#4762,#2192,.T.);
#5949=EDGE_CURVE('',#4763,#4761,#2193,.T.);
#5950=EDGE_CURVE('',#4764,#4762,#2194,.T.);
#5951=EDGE_CURVE('',#4763,#4764,#2195,.T.);
#5952=EDGE_CURVE('',#4765,#4763,#2196,.T.);
#5953=EDGE_CURVE('',#4766,#4764,#2197,.T.);
#5954=EDGE_CURVE('',#4765,#4766,#2198,.T.);
#5955=EDGE_CURVE('',#4767,#4765,#2199,.T.);
#5956=EDGE_CURVE('',#4768,#4766,#2200,.T.);
#5957=EDGE_CURVE('',#4767,#4768,#2201,.T.);
#5958=EDGE_CURVE('',#4769,#4767,#2202,.T.);
#5959=EDGE_CURVE('',#4770,#4768,#2203,.T.);
#5960=EDGE_CURVE('',#4769,#4770,#2204,.T.);
#5961=EDGE_CURVE('',#4769,#4771,#2205,.T.);
#5962=EDGE_CURVE('',#4772,#4770,#2206,.T.);
#5963=EDGE_CURVE('',#4771,#4772,#2207,.T.);
#5964=EDGE_CURVE('',#4773,#4771,#2208,.T.);
#5965=EDGE_CURVE('',#4774,#4772,#2209,.T.);
#5966=EDGE_CURVE('',#4773,#4774,#2210,.T.);
#5967=EDGE_CURVE('',#4775,#4773,#2211,.T.);
#5968=EDGE_CURVE('',#4776,#4774,#2212,.T.);
#5969=EDGE_CURVE('',#4775,#4776,#2213,.T.);
#5970=EDGE_CURVE('',#4777,#4775,#2214,.T.);
#5971=EDGE_CURVE('',#4778,#4776,#2215,.T.);
#5972=EDGE_CURVE('',#4777,#4778,#2216,.T.);
#5973=EDGE_CURVE('',#4779,#4777,#2217,.T.);
#5974=EDGE_CURVE('',#4780,#4778,#2218,.T.);
#5975=EDGE_CURVE('',#4779,#4780,#2219,.T.);
#5976=EDGE_CURVE('',#4779,#4737,#2220,.T.);
#5977=EDGE_CURVE('',#4739,#4780,#2221,.T.);
#5978=EDGE_CURVE('',#4781,#4781,#153,.T.);
#5979=EDGE_CURVE('',#4781,#4782,#2222,.T.);
#5980=EDGE_CURVE('',#4782,#4782,#154,.T.);
#5981=EDGE_CURVE('',#4783,#4783,#155,.T.);
#5982=EDGE_CURVE('',#4783,#4784,#2223,.T.);
#5983=EDGE_CURVE('',#4784,#4784,#156,.T.);
#5984=EDGE_CURVE('',#4785,#4785,#157,.T.);
#5985=EDGE_CURVE('',#4785,#4786,#2224,.T.);
#5986=EDGE_CURVE('',#4786,#4786,#158,.T.);
#5987=EDGE_CURVE('',#4787,#4787,#159,.T.);
#5988=EDGE_CURVE('',#4787,#4788,#2225,.T.);
#5989=EDGE_CURVE('',#4788,#4788,#160,.T.);
#5990=EDGE_CURVE('',#4789,#4790,#2226,.T.);
#5991=EDGE_CURVE('',#4789,#4791,#2227,.T.);
#5992=EDGE_CURVE('',#4792,#4791,#2228,.T.);
#5993=EDGE_CURVE('',#4790,#4792,#2229,.T.);
#5994=EDGE_CURVE('',#4790,#4793,#2230,.T.);
#5995=EDGE_CURVE('',#4794,#4792,#2231,.T.);
#5996=EDGE_CURVE('',#4793,#4794,#2232,.T.);
#5997=EDGE_CURVE('',#4793,#4795,#2233,.T.);
#5998=EDGE_CURVE('',#4796,#4794,#2234,.T.);
#5999=EDGE_CURVE('',#4795,#4796,#2235,.T.);
#6000=EDGE_CURVE('',#4795,#4797,#2236,.T.);
#6001=EDGE_CURVE('',#4798,#4796,#2237,.T.);
#6002=EDGE_CURVE('',#4797,#4798,#2238,.T.);
#6003=EDGE_CURVE('',#4797,#4799,#2239,.T.);
#6004=EDGE_CURVE('',#4800,#4798,#2240,.T.);
#6005=EDGE_CURVE('',#4799,#4800,#2241,.T.);
#6006=EDGE_CURVE('',#4799,#4801,#2242,.T.);
#6007=EDGE_CURVE('',#4802,#4800,#2243,.T.);
#6008=EDGE_CURVE('',#4801,#4802,#2244,.T.);
#6009=EDGE_CURVE('',#4801,#4803,#2245,.T.);
#6010=EDGE_CURVE('',#4804,#4802,#2246,.T.);
#6011=EDGE_CURVE('',#4803,#4804,#2247,.T.);
#6012=EDGE_CURVE('',#4803,#4805,#2248,.T.);
#6013=EDGE_CURVE('',#4806,#4804,#2249,.T.);
#6014=EDGE_CURVE('',#4805,#4806,#2250,.T.);
#6015=EDGE_CURVE('',#4805,#4807,#2251,.T.);
#6016=EDGE_CURVE('',#4808,#4806,#2252,.T.);
#6017=EDGE_CURVE('',#4807,#4808,#2253,.T.);
#6018=EDGE_CURVE('',#4807,#4809,#2254,.T.);
#6019=EDGE_CURVE('',#4810,#4808,#2255,.T.);
#6020=EDGE_CURVE('',#4809,#4810,#2256,.T.);
#6021=EDGE_CURVE('',#4809,#4811,#2257,.T.);
#6022=EDGE_CURVE('',#4812,#4810,#2258,.T.);
#6023=EDGE_CURVE('',#4811,#4812,#2259,.T.);
#6024=EDGE_CURVE('',#4811,#4813,#2260,.T.);
#6025=EDGE_CURVE('',#4814,#4812,#2261,.T.);
#6026=EDGE_CURVE('',#4813,#4814,#2262,.T.);
#6027=EDGE_CURVE('',#4813,#4815,#2263,.T.);
#6028=EDGE_CURVE('',#4816,#4814,#2264,.T.);
#6029=EDGE_CURVE('',#4815,#4816,#2265,.T.);
#6030=EDGE_CURVE('',#4815,#4817,#2266,.T.);
#6031=EDGE_CURVE('',#4818,#4816,#2267,.T.);
#6032=EDGE_CURVE('',#4817,#4818,#2268,.T.);
#6033=EDGE_CURVE('',#4819,#4817,#2269,.T.);
#6034=EDGE_CURVE('',#4820,#4818,#2270,.T.);
#6035=EDGE_CURVE('',#4819,#4820,#2271,.T.);
#6036=EDGE_CURVE('',#4821,#4819,#2272,.T.);
#6037=EDGE_CURVE('',#4822,#4820,#2273,.T.);
#6038=EDGE_CURVE('',#4821,#4822,#2274,.T.);
#6039=EDGE_CURVE('',#4821,#4823,#2275,.T.);
#6040=EDGE_CURVE('',#4824,#4822,#2276,.T.);
#6041=EDGE_CURVE('',#4823,#4824,#2277,.T.);
#6042=EDGE_CURVE('',#4823,#4825,#2278,.T.);
#6043=EDGE_CURVE('',#4826,#4824,#2279,.T.);
#6044=EDGE_CURVE('',#4825,#4826,#2280,.T.);
#6045=EDGE_CURVE('',#4825,#4827,#2281,.T.);
#6046=EDGE_CURVE('',#4828,#4826,#2282,.T.);
#6047=EDGE_CURVE('',#4827,#4828,#2283,.T.);
#6048=EDGE_CURVE('',#4827,#4829,#2284,.T.);
#6049=EDGE_CURVE('',#4830,#4828,#2285,.T.);
#6050=EDGE_CURVE('',#4829,#4830,#2286,.T.);
#6051=EDGE_CURVE('',#4829,#4831,#2287,.T.);
#6052=EDGE_CURVE('',#4832,#4830,#2288,.T.);
#6053=EDGE_CURVE('',#4831,#4832,#2289,.T.);
#6054=EDGE_CURVE('',#4789,#4831,#2290,.T.);
#6055=EDGE_CURVE('',#4791,#4832,#2291,.T.);
#6056=EDGE_CURVE('',#4833,#4834,#2292,.T.);
#6057=EDGE_CURVE('',#4835,#4833,#2293,.T.);
#6058=EDGE_CURVE('',#4836,#4835,#2294,.T.);
#6059=EDGE_CURVE('',#4834,#4836,#2295,.T.);
#6060=EDGE_CURVE('',#4837,#4838,#2296,.T.);
#6061=EDGE_CURVE('',#4833,#4837,#2297,.T.);
#6062=EDGE_CURVE('',#4838,#4834,#2298,.T.);
#6063=EDGE_CURVE('',#4839,#4838,#2299,.T.);
#6064=EDGE_CURVE('',#4840,#4839,#2300,.T.);
#6065=EDGE_CURVE('',#4837,#4840,#2301,.T.);
#6066=EDGE_CURVE('',#4836,#4841,#2302,.T.);
#6067=EDGE_CURVE('',#4841,#4842,#2303,.T.);
#6068=EDGE_CURVE('',#4842,#4843,#2304,.T.);
#6069=EDGE_CURVE('',#4843,#4844,#2305,.T.);
#6070=EDGE_CURVE('',#4844,#4845,#2306,.T.);
#6071=EDGE_CURVE('',#4845,#4846,#2307,.T.);
#6072=EDGE_CURVE('',#4846,#4847,#2308,.T.);
#6073=EDGE_CURVE('',#4847,#4848,#2309,.T.);
#6074=EDGE_CURVE('',#4848,#4849,#2310,.T.);
#6075=EDGE_CURVE('',#4849,#4850,#2311,.T.);
#6076=EDGE_CURVE('',#4850,#4851,#2312,.T.);
#6077=EDGE_CURVE('',#4851,#4852,#2313,.T.);
#6078=EDGE_CURVE('',#4852,#4853,#2314,.T.);
#6079=EDGE_CURVE('',#4853,#4854,#2315,.T.);
#6080=EDGE_CURVE('',#4854,#4855,#2316,.T.);
#6081=EDGE_CURVE('',#4855,#4856,#2317,.T.);
#6082=EDGE_CURVE('',#4856,#4857,#2318,.T.);
#6083=EDGE_CURVE('',#4857,#4858,#2319,.T.);
#6084=EDGE_CURVE('',#4858,#4839,#2320,.T.);
#6085=EDGE_CURVE('',#4859,#4860,#2321,.T.);
#6086=EDGE_CURVE('',#4861,#4859,#2322,.T.);
#6087=EDGE_CURVE('',#4862,#4861,#2323,.T.);
#6088=EDGE_CURVE('',#4860,#4862,#2324,.T.);
#6089=EDGE_CURVE('',#4863,#4864,#2325,.T.);
#6090=EDGE_CURVE('',#4865,#4863,#2326,.T.);
#6091=EDGE_CURVE('',#4866,#4865,#2327,.T.);
#6092=EDGE_CURVE('',#4864,#4866,#2328,.T.);
#6093=EDGE_CURVE('',#4867,#4868,#2329,.T.);
#6094=EDGE_CURVE('',#4869,#4867,#2330,.T.);
#6095=EDGE_CURVE('',#4870,#4869,#2331,.T.);
#6096=EDGE_CURVE('',#4868,#4870,#2332,.T.);
#6097=EDGE_CURVE('',#4871,#4872,#161,.T.);
#6098=EDGE_CURVE('',#4872,#4871,#162,.T.);
#6099=EDGE_CURVE('',#4873,#4874,#2333,.T.);
#6100=EDGE_CURVE('',#4875,#4873,#2334,.T.);
#6101=EDGE_CURVE('',#4876,#4875,#2335,.T.);
#6102=EDGE_CURVE('',#4874,#4876,#2336,.T.);
#6103=EDGE_CURVE('',#4877,#4878,#163,.T.);
#6104=EDGE_CURVE('',#4878,#4877,#164,.T.);
#6105=EDGE_CURVE('',#4879,#4880,#2337,.T.);
#6106=EDGE_CURVE('',#4881,#4879,#2338,.T.);
#6107=EDGE_CURVE('',#4882,#4881,#2339,.T.);
#6108=EDGE_CURVE('',#4880,#4882,#2340,.T.);
#6109=EDGE_CURVE('',#4883,#4884,#2341,.T.);
#6110=EDGE_CURVE('',#4885,#4883,#2342,.T.);
#6111=EDGE_CURVE('',#4886,#4885,#2343,.T.);
#6112=EDGE_CURVE('',#4884,#4886,#2344,.T.);
#6113=EDGE_CURVE('',#4887,#4888,#2345,.T.);
#6114=EDGE_CURVE('',#4889,#4887,#2346,.T.);
#6115=EDGE_CURVE('',#4890,#4889,#2347,.T.);
#6116=EDGE_CURVE('',#4888,#4890,#2348,.T.);
#6117=EDGE_CURVE('',#4891,#4892,#2349,.T.);
#6118=EDGE_CURVE('',#4893,#4891,#2350,.T.);
#6119=EDGE_CURVE('',#4894,#4893,#2351,.T.);
#6120=EDGE_CURVE('',#4892,#4894,#2352,.T.);
#6121=EDGE_CURVE('',#4895,#4896,#2353,.T.);
#6122=EDGE_CURVE('',#4897,#4895,#2354,.T.);
#6123=EDGE_CURVE('',#4898,#4897,#2355,.T.);
#6124=EDGE_CURVE('',#4896,#4898,#2356,.T.);
#6125=EDGE_CURVE('',#4899,#4900,#2357,.T.);
#6126=EDGE_CURVE('',#4901,#4899,#2358,.T.);
#6127=EDGE_CURVE('',#4902,#4901,#2359,.T.);
#6128=EDGE_CURVE('',#4900,#4902,#2360,.T.);
#6129=EDGE_CURVE('',#4903,#4903,#165,.T.);
#6130=EDGE_CURVE('',#4904,#4905,#2361,.T.);
#6131=EDGE_CURVE('',#4906,#4904,#2362,.T.);
#6132=EDGE_CURVE('',#4907,#4906,#2363,.T.);
#6133=EDGE_CURVE('',#4905,#4907,#2364,.T.);
#6134=EDGE_CURVE('',#4908,#4909,#2365,.T.);
#6135=EDGE_CURVE('',#4910,#4908,#2366,.T.);
#6136=EDGE_CURVE('',#4911,#4910,#2367,.T.);
#6137=EDGE_CURVE('',#4909,#4911,#2368,.T.);
#6138=EDGE_CURVE('',#4912,#4912,#166,.T.);
#6139=EDGE_CURVE('',#4913,#4914,#2369,.T.);
#6140=EDGE_CURVE('',#4915,#4913,#2370,.T.);
#6141=EDGE_CURVE('',#4916,#4915,#2371,.T.);
#6142=EDGE_CURVE('',#4914,#4916,#2372,.T.);
#6143=EDGE_CURVE('',#4917,#4918,#2373,.T.);
#6144=EDGE_CURVE('',#4919,#4917,#2374,.T.);
#6145=EDGE_CURVE('',#4920,#4919,#2375,.T.);
#6146=EDGE_CURVE('',#4918,#4920,#2376,.T.);
#6147=EDGE_CURVE('',#4921,#4922,#2377,.T.);
#6148=EDGE_CURVE('',#4923,#4921,#2378,.T.);
#6149=EDGE_CURVE('',#4924,#4923,#2379,.T.);
#6150=EDGE_CURVE('',#4922,#4924,#2380,.T.);
#6151=EDGE_CURVE('',#4925,#4926,#2381,.T.);
#6152=EDGE_CURVE('',#4927,#4925,#2382,.T.);
#6153=EDGE_CURVE('',#4928,#4927,#2383,.T.);
#6154=EDGE_CURVE('',#4929,#4928,#2384,.T.);
#6155=EDGE_CURVE('',#4930,#4929,#2385,.T.);
#6156=EDGE_CURVE('',#4931,#4930,#2386,.T.);
#6157=EDGE_CURVE('',#4932,#4931,#2387,.T.);
#6158=EDGE_CURVE('',#4933,#4932,#2388,.T.);
#6159=EDGE_CURVE('',#4930,#4933,#2389,.T.);
#6160=EDGE_CURVE('',#4934,#4930,#2390,.T.);
#6161=EDGE_CURVE('',#4935,#4934,#2391,.T.);
#6162=EDGE_CURVE('',#4936,#4935,#2392,.T.);
#6163=EDGE_CURVE('',#4937,#4936,#2393,.T.);
#6164=EDGE_CURVE('',#4938,#4937,#2394,.T.);
#6165=EDGE_CURVE('',#4939,#4938,#2395,.T.);
#6166=EDGE_CURVE('',#4940,#4939,#2396,.T.);
#6167=EDGE_CURVE('',#4941,#4940,#2397,.T.);
#6168=EDGE_CURVE('',#4942,#4941,#2398,.T.);
#6169=EDGE_CURVE('',#4943,#4942,#2399,.T.);
#6170=EDGE_CURVE('',#4944,#4943,#2400,.T.);
#6171=EDGE_CURVE('',#4945,#4944,#2401,.T.);
#6172=EDGE_CURVE('',#4946,#4945,#2402,.T.);
#6173=EDGE_CURVE('',#4947,#4946,#2403,.T.);
#6174=EDGE_CURVE('',#4948,#4947,#2404,.T.);
#6175=EDGE_CURVE('',#4945,#4948,#2405,.T.);
#6176=EDGE_CURVE('',#4949,#4945,#2406,.T.);
#6177=EDGE_CURVE('',#4950,#4949,#2407,.T.);
#6178=EDGE_CURVE('',#4944,#4950,#2408,.T.);
#6179=EDGE_CURVE('',#4951,#4944,#2409,.T.);
#6180=EDGE_CURVE('',#4942,#4951,#2410,.T.);
#6181=EDGE_CURVE('',#4952,#4942,#2411,.T.);
#6182=EDGE_CURVE('',#4926,#4952,#2412,.T.);
#6183=EDGE_CURVE('',#4953,#4953,#167,.T.);
#6184=EDGE_CURVE('',#4954,#4955,#2413,.T.);
#6185=EDGE_CURVE('',#4956,#4954,#2414,.T.);
#6186=EDGE_CURVE('',#4957,#4956,#2415,.T.);
#6187=EDGE_CURVE('',#4955,#4957,#2416,.T.);
#6188=EDGE_CURVE('',#4958,#4959,#2417,.T.);
#6189=EDGE_CURVE('',#4960,#4958,#2418,.T.);
#6190=EDGE_CURVE('',#4961,#4960,#2419,.T.);
#6191=EDGE_CURVE('',#4959,#4961,#2420,.T.);
#6192=EDGE_CURVE('',#4962,#4963,#2421,.T.);
#6193=EDGE_CURVE('',#4964,#4962,#2422,.T.);
#6194=EDGE_CURVE('',#4965,#4964,#2423,.T.);
#6195=EDGE_CURVE('',#4963,#4965,#2424,.T.);
#6196=EDGE_CURVE('',#4966,#4966,#168,.T.);
#6197=EDGE_CURVE('',#4967,#4968,#2425,.T.);
#6198=EDGE_CURVE('',#4969,#4967,#2426,.T.);
#6199=EDGE_CURVE('',#4970,#4969,#2427,.T.);
#6200=EDGE_CURVE('',#4968,#4970,#2428,.T.);
#6201=EDGE_CURVE('',#4971,#4972,#2429,.T.);
#6202=EDGE_CURVE('',#4973,#4971,#2430,.T.);
#6203=EDGE_CURVE('',#4974,#4973,#2431,.T.);
#6204=EDGE_CURVE('',#4972,#4974,#2432,.T.);
#6205=EDGE_CURVE('',#4975,#4976,#2433,.T.);
#6206=EDGE_CURVE('',#4977,#4975,#2434,.T.);
#6207=EDGE_CURVE('',#4978,#4977,#2435,.T.);
#6208=EDGE_CURVE('',#4976,#4978,#2436,.T.);
#6209=EDGE_CURVE('',#4858,#4979,#2437,.T.);
#6210=EDGE_CURVE('',#4840,#4979,#2438,.T.);
#6211=EDGE_CURVE('',#4980,#4981,#2439,.T.);
#6212=EDGE_CURVE('',#4854,#4980,#2440,.T.);
#6213=EDGE_CURVE('',#4981,#4853,#2441,.T.);
#6214=EDGE_CURVE('',#4982,#4980,#2442,.T.);
#6215=EDGE_CURVE('',#4855,#4982,#2443,.T.);
#6216=EDGE_CURVE('',#4983,#4981,#2444,.T.);
#6217=EDGE_CURVE('',#4983,#4984,#2445,.T.);
#6218=EDGE_CURVE('',#4984,#4980,#2446,.T.);
#6219=EDGE_CURVE('',#4984,#4985,#2447,.T.);
#6220=EDGE_CURVE('',#4985,#4982,#2448,.T.);
#6221=EDGE_CURVE('',#4986,#4982,#2449,.T.);
#6222=EDGE_CURVE('',#4856,#4986,#2450,.T.);
#6223=EDGE_CURVE('',#4987,#4986,#2451,.T.);
#6224=EDGE_CURVE('',#4857,#4987,#2452,.T.);
#6225=EDGE_CURVE('',#4979,#4987,#2453,.T.);
#6226=EDGE_CURVE('',#4988,#4840,#2454,.T.);
#6227=EDGE_CURVE('',#4988,#4989,#2455,.T.);
#6228=EDGE_CURVE('',#4989,#4837,#2456,.T.);
#6229=EDGE_CURVE('',#4990,#4835,#2457,.T.);
#6230=EDGE_CURVE('',#4841,#4990,#2458,.T.);
#6231=EDGE_CURVE('',#4991,#4990,#2459,.T.);
#6232=EDGE_CURVE('',#4842,#4991,#2460,.T.);
#6233=EDGE_CURVE('',#4992,#4991,#2461,.T.);
#6234=EDGE_CURVE('',#4843,#4992,#2462,.T.);
#6235=EDGE_CURVE('',#4993,#4992,#2463,.T.);
#6236=EDGE_CURVE('',#4844,#4993,#2464,.T.);
#6237=EDGE_CURVE('',#4994,#4993,#2465,.T.);
#6238=EDGE_CURVE('',#4845,#4994,#2466,.T.);
#6239=EDGE_CURVE('',#4995,#4994,#2467,.T.);
#6240=EDGE_CURVE('',#4846,#4995,#2468,.T.);
#6241=EDGE_CURVE('',#4996,#4995,#2469,.T.);
#6242=EDGE_CURVE('',#4847,#4996,#2470,.T.);
#6243=EDGE_CURVE('',#4997,#4996,#2471,.T.);
#6244=EDGE_CURVE('',#4848,#4997,#2472,.T.);
#6245=EDGE_CURVE('',#4998,#4997,#2473,.T.);
#6246=EDGE_CURVE('',#4849,#4998,#2474,.T.);
#6247=EDGE_CURVE('',#4999,#4998,#2475,.T.);
#6248=EDGE_CURVE('',#4850,#4999,#2476,.T.);
#6249=EDGE_CURVE('',#5000,#4999,#2477,.T.);
#6250=EDGE_CURVE('',#4851,#5000,#2478,.T.);
#6251=EDGE_CURVE('',#5001,#5000,#2479,.T.);
#6252=EDGE_CURVE('',#4852,#5001,#2480,.T.);
#6253=EDGE_CURVE('',#4981,#5001,#2481,.T.);
#6254=EDGE_CURVE('',#5002,#4833,#2482,.T.);
#6255=EDGE_CURVE('',#5003,#5002,#2483,.T.);
#6256=EDGE_CURVE('',#5003,#4835,#2484,.T.);
#6257=EDGE_CURVE('',#5004,#5005,#2485,.T.);
#6258=EDGE_CURVE('',#5004,#4861,#2486,.T.);
#6259=EDGE_CURVE('',#5005,#4859,#2487,.T.);
#6260=EDGE_CURVE('',#5006,#5004,#2488,.T.);
#6261=EDGE_CURVE('',#5006,#4862,#2489,.T.);
#6262=EDGE_CURVE('',#5007,#5006,#2490,.T.);
#6263=EDGE_CURVE('',#5007,#4860,#2491,.T.);
#6264=EDGE_CURVE('',#5005,#5007,#2492,.T.);
#6265=EDGE_CURVE('',#5008,#5009,#2493,.T.);
#6266=EDGE_CURVE('',#5008,#4865,#2494,.T.);
#6267=EDGE_CURVE('',#5009,#4863,#2495,.T.);
#6268=EDGE_CURVE('',#5010,#5008,#2496,.T.);
#6269=EDGE_CURVE('',#5010,#4866,#2497,.T.);
#6270=EDGE_CURVE('',#5011,#5010,#2498,.T.);
#6271=EDGE_CURVE('',#5011,#4864,#2499,.T.);
#6272=EDGE_CURVE('',#5009,#5011,#2500,.T.);
#6273=EDGE_CURVE('',#5012,#5013,#2501,.T.);
#6274=EDGE_CURVE('',#5012,#4869,#2502,.T.);
#6275=EDGE_CURVE('',#5013,#4867,#2503,.T.);
#6276=EDGE_CURVE('',#5014,#5012,#2504,.T.);
#6277=EDGE_CURVE('',#5014,#4870,#2505,.T.);
#6278=EDGE_CURVE('',#5015,#5014,#2506,.T.);
#6279=EDGE_CURVE('',#5015,#4868,#2507,.T.);
#6280=EDGE_CURVE('',#5013,#5015,#2508,.T.);
#6281=EDGE_CURVE('',#5016,#5017,#169,.T.);
#6282=EDGE_CURVE('',#5016,#4872,#2509,.T.);
#6283=EDGE_CURVE('',#5017,#4871,#2510,.T.);
#6284=EDGE_CURVE('',#5017,#5016,#170,.T.);
#6285=EDGE_CURVE('',#5018,#5019,#2511,.T.);
#6286=EDGE_CURVE('',#5018,#4875,#2512,.T.);
#6287=EDGE_CURVE('',#5019,#4873,#2513,.T.);
#6288=EDGE_CURVE('',#5020,#5018,#2514,.T.);
#6289=EDGE_CURVE('',#5020,#4876,#2515,.T.);
#6290=EDGE_CURVE('',#5021,#5020,#2516,.T.);
#6291=EDGE_CURVE('',#5021,#4874,#2517,.T.);
#6292=EDGE_CURVE('',#5019,#5021,#2518,.T.);
#6293=EDGE_CURVE('',#5022,#5023,#171,.T.);
#6294=EDGE_CURVE('',#5022,#4878,#2519,.T.);
#6295=EDGE_CURVE('',#5023,#4877,#2520,.T.);
#6296=EDGE_CURVE('',#5023,#5022,#172,.T.);
#6297=EDGE_CURVE('',#5024,#5025,#2521,.T.);
#6298=EDGE_CURVE('',#5024,#4881,#2522,.T.);
#6299=EDGE_CURVE('',#5025,#4879,#2523,.T.);
#6300=EDGE_CURVE('',#5026,#5024,#2524,.T.);
#6301=EDGE_CURVE('',#5026,#4882,#2525,.T.);
#6302=EDGE_CURVE('',#5027,#5026,#2526,.T.);
#6303=EDGE_CURVE('',#5027,#4880,#2527,.T.);
#6304=EDGE_CURVE('',#5025,#5027,#2528,.T.);
#6305=EDGE_CURVE('',#5028,#5029,#2529,.T.);
#6306=EDGE_CURVE('',#5028,#4885,#2530,.T.);
#6307=EDGE_CURVE('',#5029,#4883,#2531,.T.);
#6308=EDGE_CURVE('',#5030,#5028,#2532,.T.);
#6309=EDGE_CURVE('',#5030,#4886,#2533,.T.);
#6310=EDGE_CURVE('',#5031,#5030,#2534,.T.);
#6311=EDGE_CURVE('',#5031,#4884,#2535,.T.);
#6312=EDGE_CURVE('',#5029,#5031,#2536,.T.);
#6313=EDGE_CURVE('',#5032,#5033,#2537,.T.);
#6314=EDGE_CURVE('',#5032,#4889,#2538,.T.);
#6315=EDGE_CURVE('',#5033,#4887,#2539,.T.);
#6316=EDGE_CURVE('',#5034,#5032,#2540,.T.);
#6317=EDGE_CURVE('',#5034,#4890,#2541,.T.);
#6318=EDGE_CURVE('',#5035,#5034,#2542,.T.);
#6319=EDGE_CURVE('',#5035,#4888,#2543,.T.);
#6320=EDGE_CURVE('',#5033,#5035,#2544,.T.);
#6321=EDGE_CURVE('',#5036,#5037,#2545,.T.);
#6322=EDGE_CURVE('',#5036,#4893,#2546,.T.);
#6323=EDGE_CURVE('',#5037,#4891,#2547,.T.);
#6324=EDGE_CURVE('',#5038,#5036,#2548,.T.);
#6325=EDGE_CURVE('',#5038,#4894,#2549,.T.);
#6326=EDGE_CURVE('',#5039,#5038,#2550,.T.);
#6327=EDGE_CURVE('',#5039,#4892,#2551,.T.);
#6328=EDGE_CURVE('',#5037,#5039,#2552,.T.);
#6329=EDGE_CURVE('',#5040,#5041,#2553,.T.);
#6330=EDGE_CURVE('',#5040,#4897,#2554,.T.);
#6331=EDGE_CURVE('',#5041,#4895,#2555,.T.);
#6332=EDGE_CURVE('',#5042,#5040,#2556,.T.);
#6333=EDGE_CURVE('',#5042,#4898,#2557,.T.);
#6334=EDGE_CURVE('',#5043,#5042,#2558,.T.);
#6335=EDGE_CURVE('',#5043,#4896,#2559,.T.);
#6336=EDGE_CURVE('',#5041,#5043,#2560,.T.);
#6337=EDGE_CURVE('',#5044,#5045,#2561,.T.);
#6338=EDGE_CURVE('',#5044,#4901,#2562,.T.);
#6339=EDGE_CURVE('',#5045,#4899,#2563,.T.);
#6340=EDGE_CURVE('',#5046,#5044,#2564,.T.);
#6341=EDGE_CURVE('',#5046,#4902,#2565,.T.);
#6342=EDGE_CURVE('',#5047,#5046,#2566,.T.);
#6343=EDGE_CURVE('',#5047,#4900,#2567,.T.);
#6344=EDGE_CURVE('',#5045,#5047,#2568,.T.);
#6345=EDGE_CURVE('',#4903,#5048,#2569,.T.);
#6346=EDGE_CURVE('',#5048,#5048,#173,.T.);
#6347=EDGE_CURVE('',#5049,#5050,#2570,.T.);
#6348=EDGE_CURVE('',#5049,#4906,#2571,.T.);
#6349=EDGE_CURVE('',#5050,#4904,#2572,.T.);
#6350=EDGE_CURVE('',#5051,#5049,#2573,.T.);
#6351=EDGE_CURVE('',#5051,#4907,#2574,.T.);
#6352=EDGE_CURVE('',#5052,#5051,#2575,.T.);
#6353=EDGE_CURVE('',#5052,#4905,#2576,.T.);
#6354=EDGE_CURVE('',#5050,#5052,#2577,.T.);
#6355=EDGE_CURVE('',#5053,#5054,#2578,.T.);
#6356=EDGE_CURVE('',#5053,#4910,#2579,.T.);
#6357=EDGE_CURVE('',#5054,#4908,#2580,.T.);
#6358=EDGE_CURVE('',#5055,#5053,#2581,.T.);
#6359=EDGE_CURVE('',#5055,#4911,#2582,.T.);
#6360=EDGE_CURVE('',#5056,#5055,#2583,.T.);
#6361=EDGE_CURVE('',#5056,#4909,#2584,.T.);
#6362=EDGE_CURVE('',#5054,#5056,#2585,.T.);
#6363=EDGE_CURVE('',#4912,#5057,#2586,.T.);
#6364=EDGE_CURVE('',#5057,#5057,#174,.T.);
#6365=EDGE_CURVE('',#5058,#5059,#2587,.T.);
#6366=EDGE_CURVE('',#5058,#4915,#2588,.T.);
#6367=EDGE_CURVE('',#5059,#4913,#2589,.T.);
#6368=EDGE_CURVE('',#5060,#5058,#2590,.T.);
#6369=EDGE_CURVE('',#5060,#4916,#2591,.T.);
#6370=EDGE_CURVE('',#5061,#5060,#2592,.T.);
#6371=EDGE_CURVE('',#5061,#4914,#2593,.T.);
#6372=EDGE_CURVE('',#5059,#5061,#2594,.T.);
#6373=EDGE_CURVE('',#5062,#5063,#2595,.T.);
#6374=EDGE_CURVE('',#5062,#4919,#2596,.T.);
#6375=EDGE_CURVE('',#5063,#4917,#2597,.T.);
#6376=EDGE_CURVE('',#5064,#5062,#2598,.T.);
#6377=EDGE_CURVE('',#5064,#4920,#2599,.T.);
#6378=EDGE_CURVE('',#5065,#5064,#2600,.T.);
#6379=EDGE_CURVE('',#5065,#4918,#2601,.T.);
#6380=EDGE_CURVE('',#5063,#5065,#2602,.T.);
#6381=EDGE_CURVE('',#5066,#5067,#2603,.T.);
#6382=EDGE_CURVE('',#5066,#4923,#2604,.T.);
#6383=EDGE_CURVE('',#5067,#4921,#2605,.T.);
#6384=EDGE_CURVE('',#5068,#5066,#2606,.T.);
#6385=EDGE_CURVE('',#5068,#4924,#2607,.T.);
#6386=EDGE_CURVE('',#5069,#5068,#2608,.T.);
#6387=EDGE_CURVE('',#5069,#4922,#2609,.T.);
#6388=EDGE_CURVE('',#5067,#5069,#2610,.T.);
#6389=EDGE_CURVE('',#5070,#5071,#2611,.T.);
#6390=EDGE_CURVE('',#5070,#4927,#2612,.T.);
#6391=EDGE_CURVE('',#5071,#4925,#2613,.T.);
#6392=EDGE_CURVE('',#5072,#5070,#2614,.T.);
#6393=EDGE_CURVE('',#5072,#4928,#2615,.T.);
#6394=EDGE_CURVE('',#5073,#5072,#2616,.T.);
#6395=EDGE_CURVE('',#5073,#4929,#2617,.T.);
#6396=EDGE_CURVE('',#5074,#5073,#2618,.T.);
#6397=EDGE_CURVE('',#5074,#4930,#2619,.T.);
#6398=EDGE_CURVE('',#5075,#5074,#2620,.T.);
#6399=EDGE_CURVE('',#5075,#4931,#2621,.T.);
#6400=EDGE_CURVE('',#5076,#5075,#2622,.T.);
#6401=EDGE_CURVE('',#5076,#4932,#2623,.T.);
#6402=EDGE_CURVE('',#5077,#5076,#2624,.T.);
#6403=EDGE_CURVE('',#5077,#4933,#2625,.T.);
#6404=EDGE_CURVE('',#5074,#5077,#2626,.T.);
#6405=EDGE_CURVE('',#5074,#4930,#2627,.T.);
#6406=EDGE_CURVE('',#5078,#5074,#2628,.T.);
#6407=EDGE_CURVE('',#5078,#4934,#2629,.T.);
#6408=EDGE_CURVE('',#5079,#5078,#2630,.T.);
#6409=EDGE_CURVE('',#5079,#4935,#2631,.T.);
#6410=EDGE_CURVE('',#5080,#5079,#2632,.T.);
#6411=EDGE_CURVE('',#5080,#4936,#2633,.T.);
#6412=EDGE_CURVE('',#5081,#5080,#2634,.T.);
#6413=EDGE_CURVE('',#5081,#4937,#2635,.T.);
#6414=EDGE_CURVE('',#5082,#5081,#2636,.T.);
#6415=EDGE_CURVE('',#5082,#4938,#2637,.T.);
#6416=EDGE_CURVE('',#5083,#5082,#2638,.T.);
#6417=EDGE_CURVE('',#5083,#4939,#2639,.T.);
#6418=EDGE_CURVE('',#5084,#5083,#2640,.T.);
#6419=EDGE_CURVE('',#5084,#4940,#2641,.T.);
#6420=EDGE_CURVE('',#5085,#5084,#2642,.T.);
#6421=EDGE_CURVE('',#5085,#4941,#2643,.T.);
#6422=EDGE_CURVE('',#5086,#5085,#2644,.T.);
#6423=EDGE_CURVE('',#5086,#4942,#2645,.T.);
#6424=EDGE_CURVE('',#5087,#5086,#2646,.T.);
#6425=EDGE_CURVE('',#5087,#4943,#2647,.T.);
#6426=EDGE_CURVE('',#5088,#5087,#2648,.T.);
#6427=EDGE_CURVE('',#5088,#4944,#2649,.T.);
#6428=EDGE_CURVE('',#5089,#5088,#2650,.T.);
#6429=EDGE_CURVE('',#5089,#4945,#2651,.T.);
#6430=EDGE_CURVE('',#5090,#5089,#2652,.T.);
#6431=EDGE_CURVE('',#5090,#4946,#2653,.T.);
#6432=EDGE_CURVE('',#5091,#5090,#2654,.T.);
#6433=EDGE_CURVE('',#5091,#4947,#2655,.T.);
#6434=EDGE_CURVE('',#5092,#5091,#2656,.T.);
#6435=EDGE_CURVE('',#5092,#4948,#2657,.T.);
#6436=EDGE_CURVE('',#5089,#5092,#2658,.T.);
#6437=EDGE_CURVE('',#5089,#4945,#2659,.T.);
#6438=EDGE_CURVE('',#5093,#5089,#2660,.T.);
#6439=EDGE_CURVE('',#5093,#4949,#2661,.T.);
#6440=EDGE_CURVE('',#5094,#5093,#2662,.T.);
#6441=EDGE_CURVE('',#5094,#4950,#2663,.T.);
#6442=EDGE_CURVE('',#5088,#5094,#2664,.T.);
#6443=EDGE_CURVE('',#5088,#4944,#2665,.T.);
#6444=EDGE_CURVE('',#5095,#5088,#2666,.T.);
#6445=EDGE_CURVE('',#5095,#4951,#2667,.T.);
#6446=EDGE_CURVE('',#5086,#5095,#2668,.T.);
#6447=EDGE_CURVE('',#5086,#4942,#2669,.T.);
#6448=EDGE_CURVE('',#5096,#5086,#2670,.T.);
#6449=EDGE_CURVE('',#5096,#4952,#2671,.T.);
#6450=EDGE_CURVE('',#5097,#5096,#2672,.T.);
#6451=EDGE_CURVE('',#5097,#4926,#2673,.T.);
#6452=EDGE_CURVE('',#5071,#5097,#2674,.T.);
#6453=EDGE_CURVE('',#4953,#5098,#2675,.T.);
#6454=EDGE_CURVE('',#5098,#5098,#175,.T.);
#6455=EDGE_CURVE('',#5099,#5100,#2676,.T.);
#6456=EDGE_CURVE('',#5099,#4956,#2677,.T.);
#6457=EDGE_CURVE('',#5100,#4954,#2678,.T.);
#6458=EDGE_CURVE('',#5101,#5099,#2679,.T.);
#6459=EDGE_CURVE('',#5101,#4957,#2680,.T.);
#6460=EDGE_CURVE('',#5102,#5101,#2681,.T.);
#6461=EDGE_CURVE('',#5102,#4955,#2682,.T.);
#6462=EDGE_CURVE('',#5100,#5102,#2683,.T.);
#6463=EDGE_CURVE('',#5103,#5104,#2684,.T.);
#6464=EDGE_CURVE('',#5103,#4960,#2685,.T.);
#6465=EDGE_CURVE('',#5104,#4958,#2686,.T.);
#6466=EDGE_CURVE('',#5105,#5103,#2687,.T.);
#6467=EDGE_CURVE('',#5105,#4961,#2688,.T.);
#6468=EDGE_CURVE('',#5106,#5105,#2689,.T.);
#6469=EDGE_CURVE('',#5106,#4959,#2690,.T.);
#6470=EDGE_CURVE('',#5104,#5106,#2691,.T.);
#6471=EDGE_CURVE('',#5107,#5108,#2692,.T.);
#6472=EDGE_CURVE('',#5107,#4964,#2693,.T.);
#6473=EDGE_CURVE('',#5108,#4962,#2694,.T.);
#6474=EDGE_CURVE('',#5109,#5107,#2695,.T.);
#6475=EDGE_CURVE('',#5109,#4965,#2696,.T.);
#6476=EDGE_CURVE('',#5110,#5109,#2697,.T.);
#6477=EDGE_CURVE('',#5110,#4963,#2698,.T.);
#6478=EDGE_CURVE('',#5108,#5110,#2699,.T.);
#6479=EDGE_CURVE('',#4966,#5111,#2700,.T.);
#6480=EDGE_CURVE('',#5111,#5111,#176,.T.);
#6481=EDGE_CURVE('',#5112,#5113,#2701,.T.);
#6482=EDGE_CURVE('',#5112,#4969,#2702,.T.);
#6483=EDGE_CURVE('',#5113,#4967,#2703,.T.);
#6484=EDGE_CURVE('',#5114,#5112,#2704,.T.);
#6485=EDGE_CURVE('',#5114,#4970,#2705,.T.);
#6486=EDGE_CURVE('',#5115,#5114,#2706,.T.);
#6487=EDGE_CURVE('',#5115,#4968,#2707,.T.);
#6488=EDGE_CURVE('',#5113,#5115,#2708,.T.);
#6489=EDGE_CURVE('',#5116,#5117,#2709,.T.);
#6490=EDGE_CURVE('',#5116,#4973,#2710,.T.);
#6491=EDGE_CURVE('',#5117,#4971,#2711,.T.);
#6492=EDGE_CURVE('',#5118,#5116,#2712,.T.);
#6493=EDGE_CURVE('',#5118,#4974,#2713,.T.);
#6494=EDGE_CURVE('',#5119,#5118,#2714,.T.);
#6495=EDGE_CURVE('',#5119,#4972,#2715,.T.);
#6496=EDGE_CURVE('',#5117,#5119,#2716,.T.);
#6497=EDGE_CURVE('',#5120,#5121,#2717,.T.);
#6498=EDGE_CURVE('',#5120,#4977,#2718,.T.);
#6499=EDGE_CURVE('',#5121,#4975,#2719,.T.);
#6500=EDGE_CURVE('',#5122,#5120,#2720,.T.);
#6501=EDGE_CURVE('',#5122,#4978,#2721,.T.);
#6502=EDGE_CURVE('',#5123,#5122,#2722,.T.);
#6503=EDGE_CURVE('',#5123,#4976,#2723,.T.);
#6504=EDGE_CURVE('',#5121,#5123,#2724,.T.);
#6505=EDGE_CURVE('',#5124,#4990,#2725,.T.);
#6506=EDGE_CURVE('',#5124,#5125,#2726,.T.);
#6507=EDGE_CURVE('',#5125,#4991,#2727,.T.);
#6508=EDGE_CURVE('',#5125,#5126,#2728,.T.);
#6509=EDGE_CURVE('',#5126,#4992,#2729,.T.);
#6510=EDGE_CURVE('',#5126,#5127,#2730,.T.);
#6511=EDGE_CURVE('',#5127,#4993,#2731,.T.);
#6512=EDGE_CURVE('',#5127,#5128,#2732,.T.);
#6513=EDGE_CURVE('',#5128,#4994,#2733,.T.);
#6514=EDGE_CURVE('',#5129,#5128,#2734,.T.);
#6515=EDGE_CURVE('',#5129,#4995,#2735,.T.);
#6516=EDGE_CURVE('',#5129,#5130,#2736,.T.);
#6517=EDGE_CURVE('',#5130,#4996,#2737,.T.);
#6518=EDGE_CURVE('',#5130,#5131,#2738,.T.);
#6519=EDGE_CURVE('',#5131,#4997,#2739,.T.);
#6520=EDGE_CURVE('',#5131,#5132,#2740,.T.);
#6521=EDGE_CURVE('',#5132,#4998,#2741,.T.);
#6522=EDGE_CURVE('',#5132,#5133,#2742,.T.);
#6523=EDGE_CURVE('',#5133,#4999,#2743,.T.);
#6524=EDGE_CURVE('',#5133,#5134,#2744,.T.);
#6525=EDGE_CURVE('',#5134,#5000,#2745,.T.);
#6526=EDGE_CURVE('',#5134,#5135,#2746,.T.);
#6527=EDGE_CURVE('',#5135,#5001,#2747,.T.);
#6528=EDGE_CURVE('',#5135,#4983,#2748,.T.);
#6529=EDGE_CURVE('',#4985,#5136,#2749,.T.);
#6530=EDGE_CURVE('',#5136,#4986,#2750,.T.);
#6531=EDGE_CURVE('',#5136,#5137,#2751,.T.);
#6532=EDGE_CURVE('',#5137,#4987,#2752,.T.);
#6533=EDGE_CURVE('',#5137,#5138,#2753,.T.);
#6534=EDGE_CURVE('',#5138,#4979,#2754,.T.);
#6535=EDGE_CURVE('',#5138,#4988,#2755,.T.);
#6536=EDGE_CURVE('',#5002,#4989,#2756,.T.);
#6537=EDGE_CURVE('',#5124,#5003,#2757,.T.);
#6538=EDGE_CURVE('',#5139,#5140,#177,.T.);
#6539=EDGE_CURVE('',#5140,#5141,#2758,.T.);
#6540=EDGE_CURVE('',#5141,#5142,#178,.T.);
#6541=EDGE_CURVE('',#5139,#5142,#2759,.T.);
#6542=EDGE_CURVE('',#5139,#5140,#179,.T.);
#6543=EDGE_CURVE('',#5142,#5141,#180,.T.);
#6544=EDGE_CURVE('',#5143,#5144,#181,.T.);
#6545=EDGE_CURVE('',#5144,#5145,#2760,.T.);
#6546=EDGE_CURVE('',#5145,#5146,#182,.T.);
#6547=EDGE_CURVE('',#5143,#5146,#2761,.T.);
#6548=EDGE_CURVE('',#5143,#5144,#183,.T.);
#6549=EDGE_CURVE('',#5146,#5145,#184,.T.);
#6550=EDGE_CURVE('',#5147,#5148,#185,.T.);
#6551=EDGE_CURVE('',#5147,#5149,#2762,.T.);
#6552=EDGE_CURVE('',#5149,#5150,#186,.T.);
#6553=EDGE_CURVE('',#5148,#5150,#2763,.T.);
#6554=EDGE_CURVE('',#5148,#5147,#187,.T.);
#6555=EDGE_CURVE('',#5150,#5149,#188,.T.);
#6556=EDGE_CURVE('',#5151,#5151,#189,.T.);
#6557=EDGE_CURVE('',#5151,#5152,#2764,.T.);
#6558=EDGE_CURVE('',#5152,#5152,#190,.T.);
#6559=EDGE_CURVE('',#5153,#5154,#191,.T.);
#6560=EDGE_CURVE('',#5153,#5155,#2765,.T.);
#6561=EDGE_CURVE('',#5155,#5156,#192,.T.);
#6562=EDGE_CURVE('',#5154,#5156,#2766,.T.);
#6563=EDGE_CURVE('',#5154,#5153,#193,.T.);
#6564=EDGE_CURVE('',#5156,#5155,#194,.T.);
#6565=EDGE_CURVE('',#5157,#5157,#195,.T.);
#6566=EDGE_CURVE('',#5157,#5158,#2767,.T.);
#6567=EDGE_CURVE('',#5158,#5158,#196,.T.);
#6568=EDGE_CURVE('',#5159,#5160,#197,.T.);
#6569=EDGE_CURVE('',#5159,#5161,#2768,.T.);
#6570=EDGE_CURVE('',#5161,#5162,#198,.T.);
#6571=EDGE_CURVE('',#5160,#5162,#2769,.T.);
#6572=EDGE_CURVE('',#5160,#5159,#199,.T.);
#6573=EDGE_CURVE('',#5162,#5161,#200,.T.);
#6574=EDGE_CURVE('',#5163,#5163,#201,.T.);
#6575=EDGE_CURVE('',#5163,#5164,#2770,.T.);
#6576=EDGE_CURVE('',#5164,#5164,#202,.T.);
#6577=EDGE_CURVE('',#5165,#5166,#203,.T.);
#6578=EDGE_CURVE('',#5165,#5167,#2771,.T.);
#6579=EDGE_CURVE('',#5167,#5168,#204,.T.);
#6580=EDGE_CURVE('',#5166,#5168,#2772,.T.);
#6581=EDGE_CURVE('',#5166,#5165,#205,.T.);
#6582=EDGE_CURVE('',#5168,#5167,#206,.T.);
#6583=EDGE_CURVE('',#5169,#5169,#207,.T.);
#6584=EDGE_CURVE('',#5169,#5170,#2773,.T.);
#6585=EDGE_CURVE('',#5170,#5170,#208,.T.);
#6586=EDGE_CURVE('',#5171,#5172,#2774,.T.);
#6587=EDGE_CURVE('',#5172,#5173,#2775,.T.);
#6588=EDGE_CURVE('',#5173,#5174,#2776,.T.);
#6589=EDGE_CURVE('',#5171,#5174,#2777,.T.);
#6590=EDGE_CURVE('',#5172,#5175,#2778,.T.);
#6591=EDGE_CURVE('',#5175,#5176,#2779,.T.);
#6592=EDGE_CURVE('',#5176,#5173,#2780,.T.);
#6593=EDGE_CURVE('',#5175,#5177,#2781,.T.);
#6594=EDGE_CURVE('',#5177,#5178,#2782,.T.);
#6595=EDGE_CURVE('',#5178,#5176,#2783,.T.);
#6596=EDGE_CURVE('',#5177,#5179,#2784,.T.);
#6597=EDGE_CURVE('',#5179,#5180,#2785,.T.);
#6598=EDGE_CURVE('',#5180,#5178,#2786,.T.);
#6599=EDGE_CURVE('',#5179,#5181,#2787,.T.);
#6600=EDGE_CURVE('',#5181,#5182,#2788,.T.);
#6601=EDGE_CURVE('',#5182,#5180,#2789,.T.);
#6602=EDGE_CURVE('',#5181,#5183,#2790,.T.);
#6603=EDGE_CURVE('',#5183,#5184,#2791,.T.);
#6604=EDGE_CURVE('',#5184,#5182,#2792,.T.);
#6605=EDGE_CURVE('',#5183,#5185,#2793,.T.);
#6606=EDGE_CURVE('',#5185,#5186,#2794,.T.);
#6607=EDGE_CURVE('',#5186,#5184,#2795,.T.);
#6608=EDGE_CURVE('',#5185,#5187,#2796,.T.);
#6609=EDGE_CURVE('',#5187,#5188,#2797,.T.);
#6610=EDGE_CURVE('',#5188,#5186,#2798,.T.);
#6611=EDGE_CURVE('',#5187,#5189,#2799,.T.);
#6612=EDGE_CURVE('',#5189,#5190,#2800,.T.);
#6613=EDGE_CURVE('',#5190,#5188,#2801,.T.);
#6614=EDGE_CURVE('',#5189,#5191,#2802,.T.);
#6615=EDGE_CURVE('',#5191,#5192,#2803,.T.);
#6616=EDGE_CURVE('',#5192,#5190,#2804,.T.);
#6617=EDGE_CURVE('',#5191,#5193,#2805,.T.);
#6618=EDGE_CURVE('',#5193,#5194,#2806,.T.);
#6619=EDGE_CURVE('',#5194,#5192,#2807,.T.);
#6620=EDGE_CURVE('',#5193,#5195,#2808,.T.);
#6621=EDGE_CURVE('',#5195,#5196,#2809,.T.);
#6622=EDGE_CURVE('',#5196,#5194,#2810,.T.);
#6623=EDGE_CURVE('',#5195,#5197,#2811,.T.);
#6624=EDGE_CURVE('',#5197,#5198,#2812,.T.);
#6625=EDGE_CURVE('',#5198,#5196,#2813,.T.);
#6626=EDGE_CURVE('',#5197,#5199,#2814,.T.);
#6627=EDGE_CURVE('',#5199,#5200,#2815,.T.);
#6628=EDGE_CURVE('',#5200,#5198,#2816,.T.);
#6629=EDGE_CURVE('',#5199,#5201,#2817,.T.);
#6630=EDGE_CURVE('',#5201,#5202,#2818,.T.);
#6631=EDGE_CURVE('',#5202,#5200,#2819,.T.);
#6632=EDGE_CURVE('',#5201,#5203,#2820,.T.);
#6633=EDGE_CURVE('',#5203,#5204,#2821,.T.);
#6634=EDGE_CURVE('',#5204,#5202,#2822,.T.);
#6635=EDGE_CURVE('',#5203,#5205,#2823,.T.);
#6636=EDGE_CURVE('',#5205,#5206,#2824,.T.);
#6637=EDGE_CURVE('',#5206,#5204,#2825,.T.);
#6638=EDGE_CURVE('',#5205,#5207,#2826,.T.);
#6639=EDGE_CURVE('',#5207,#5208,#2827,.T.);
#6640=EDGE_CURVE('',#5208,#5206,#2828,.T.);
#6641=EDGE_CURVE('',#5207,#5209,#2829,.T.);
#6642=EDGE_CURVE('',#5209,#5210,#2830,.T.);
#6643=EDGE_CURVE('',#5210,#5208,#2831,.T.);
#6644=EDGE_CURVE('',#5209,#5211,#2832,.T.);
#6645=EDGE_CURVE('',#5211,#5212,#2833,.T.);
#6646=EDGE_CURVE('',#5212,#5210,#2834,.T.);
#6647=EDGE_CURVE('',#5211,#5213,#2835,.T.);
#6648=EDGE_CURVE('',#5213,#5214,#2836,.T.);
#6649=EDGE_CURVE('',#5214,#5212,#2837,.T.);
#6650=EDGE_CURVE('',#5213,#5215,#2838,.T.);
#6651=EDGE_CURVE('',#5215,#5216,#2839,.T.);
#6652=EDGE_CURVE('',#5216,#5214,#2840,.T.);
#6653=EDGE_CURVE('',#5215,#5171,#2841,.T.);
#6654=EDGE_CURVE('',#5174,#5216,#2842,.T.);
#6655=EDGE_CURVE('',#5217,#5218,#2843,.T.);
#6656=EDGE_CURVE('',#5218,#5219,#2844,.T.);
#6657=EDGE_CURVE('',#5219,#5220,#2845,.T.);
#6658=EDGE_CURVE('',#5217,#5220,#2846,.T.);
#6659=EDGE_CURVE('',#5218,#5221,#2847,.T.);
#6660=EDGE_CURVE('',#5221,#5222,#2848,.T.);
#6661=EDGE_CURVE('',#5222,#5219,#2849,.T.);
#6662=EDGE_CURVE('',#5223,#5221,#2850,.T.);
#6663=EDGE_CURVE('',#5223,#5224,#2851,.T.);
#6664=EDGE_CURVE('',#5224,#5222,#2852,.T.);
#6665=EDGE_CURVE('',#5225,#5223,#2853,.T.);
#6666=EDGE_CURVE('',#5225,#5226,#2854,.T.);
#6667=EDGE_CURVE('',#5226,#5224,#2855,.T.);
#6668=EDGE_CURVE('',#5227,#5225,#2856,.T.);
#6669=EDGE_CURVE('',#5227,#5228,#2857,.T.);
#6670=EDGE_CURVE('',#5228,#5226,#2858,.T.);
#6671=EDGE_CURVE('',#5229,#5227,#2859,.T.);
#6672=EDGE_CURVE('',#5229,#5230,#2860,.T.);
#6673=EDGE_CURVE('',#5230,#5228,#2861,.T.);
#6674=EDGE_CURVE('',#5231,#5229,#2862,.T.);
#6675=EDGE_CURVE('',#5231,#5232,#2863,.T.);
#6676=EDGE_CURVE('',#5232,#5230,#2864,.T.);
#6677=EDGE_CURVE('',#5233,#5231,#2865,.T.);
#6678=EDGE_CURVE('',#5233,#5234,#2866,.T.);
#6679=EDGE_CURVE('',#5234,#5232,#2867,.T.);
#6680=EDGE_CURVE('',#5235,#5233,#2868,.T.);
#6681=EDGE_CURVE('',#5235,#5236,#2869,.T.);
#6682=EDGE_CURVE('',#5236,#5234,#2870,.T.);
#6683=EDGE_CURVE('',#5237,#5235,#2871,.T.);
#6684=EDGE_CURVE('',#5237,#5238,#2872,.T.);
#6685=EDGE_CURVE('',#5238,#5236,#2873,.T.);
#6686=EDGE_CURVE('',#5239,#5237,#2874,.T.);
#6687=EDGE_CURVE('',#5239,#5240,#2875,.T.);
#6688=EDGE_CURVE('',#5240,#5238,#2876,.T.);
#6689=EDGE_CURVE('',#5241,#5239,#2877,.T.);
#6690=EDGE_CURVE('',#5241,#5242,#2878,.T.);
#6691=EDGE_CURVE('',#5242,#5240,#2879,.T.);
#6692=EDGE_CURVE('',#5243,#5241,#2880,.T.);
#6693=EDGE_CURVE('',#5243,#5244,#2881,.T.);
#6694=EDGE_CURVE('',#5244,#5242,#2882,.T.);
#6695=EDGE_CURVE('',#5245,#5243,#2883,.T.);
#6696=EDGE_CURVE('',#5245,#5246,#2884,.T.);
#6697=EDGE_CURVE('',#5246,#5244,#2885,.T.);
#6698=EDGE_CURVE('',#5247,#5245,#2886,.T.);
#6699=EDGE_CURVE('',#5247,#5248,#2887,.T.);
#6700=EDGE_CURVE('',#5248,#5246,#2888,.T.);
#6701=EDGE_CURVE('',#5249,#5247,#2889,.T.);
#6702=EDGE_CURVE('',#5249,#5250,#2890,.T.);
#6703=EDGE_CURVE('',#5250,#5248,#2891,.T.);
#6704=EDGE_CURVE('',#5249,#5251,#2892,.T.);
#6705=EDGE_CURVE('',#5251,#5252,#2893,.T.);
#6706=EDGE_CURVE('',#5252,#5250,#2894,.T.);
#6707=EDGE_CURVE('',#5253,#5251,#2895,.T.);
#6708=EDGE_CURVE('',#5253,#5254,#2896,.T.);
#6709=EDGE_CURVE('',#5254,#5252,#2897,.T.);
#6710=EDGE_CURVE('',#5255,#5253,#2898,.T.);
#6711=EDGE_CURVE('',#5255,#5256,#2899,.T.);
#6712=EDGE_CURVE('',#5256,#5254,#2900,.T.);
#6713=EDGE_CURVE('',#5257,#5255,#2901,.T.);
#6714=EDGE_CURVE('',#5257,#5258,#2902,.T.);
#6715=EDGE_CURVE('',#5258,#5256,#2903,.T.);
#6716=EDGE_CURVE('',#5259,#5257,#2904,.T.);
#6717=EDGE_CURVE('',#5259,#5260,#2905,.T.);
#6718=EDGE_CURVE('',#5260,#5258,#2906,.T.);
#6719=EDGE_CURVE('',#5259,#5217,#2907,.T.);
#6720=EDGE_CURVE('',#5220,#5260,#2908,.T.);
#6721=EDGE_CURVE('',#5261,#5261,#209,.T.);
#6722=EDGE_CURVE('',#5261,#5262,#2909,.T.);
#6723=EDGE_CURVE('',#5262,#5262,#210,.T.);
#6724=EDGE_CURVE('',#5263,#5263,#211,.T.);
#6725=EDGE_CURVE('',#5263,#5264,#2910,.T.);
#6726=EDGE_CURVE('',#5264,#5264,#212,.T.);
#6727=EDGE_CURVE('',#5265,#5265,#213,.T.);
#6728=EDGE_CURVE('',#5265,#5266,#2911,.T.);
#6729=EDGE_CURVE('',#5266,#5266,#214,.T.);
#6730=EDGE_CURVE('',#5267,#5267,#215,.T.);
#6731=EDGE_CURVE('',#5267,#5268,#2912,.T.);
#6732=EDGE_CURVE('',#5268,#5268,#216,.T.);
#6733=EDGE_CURVE('',#5269,#5270,#2913,.T.);
#6734=EDGE_CURVE('',#5270,#5271,#2914,.T.);
#6735=EDGE_CURVE('',#5271,#5272,#2915,.T.);
#6736=EDGE_CURVE('',#5269,#5272,#2916,.T.);
#6737=EDGE_CURVE('',#5270,#5273,#2917,.T.);
#6738=EDGE_CURVE('',#5273,#5274,#2918,.T.);
#6739=EDGE_CURVE('',#5274,#5271,#2919,.T.);
#6740=EDGE_CURVE('',#5273,#5275,#2920,.T.);
#6741=EDGE_CURVE('',#5275,#5276,#2921,.T.);
#6742=EDGE_CURVE('',#5276,#5274,#2922,.T.);
#6743=EDGE_CURVE('',#5275,#5277,#2923,.T.);
#6744=EDGE_CURVE('',#5277,#5278,#2924,.T.);
#6745=EDGE_CURVE('',#5278,#5276,#2925,.T.);
#6746=EDGE_CURVE('',#5277,#5279,#2926,.T.);
#6747=EDGE_CURVE('',#5279,#5280,#2927,.T.);
#6748=EDGE_CURVE('',#5280,#5278,#2928,.T.);
#6749=EDGE_CURVE('',#5279,#5281,#2929,.T.);
#6750=EDGE_CURVE('',#5281,#5282,#2930,.T.);
#6751=EDGE_CURVE('',#5282,#5280,#2931,.T.);
#6752=EDGE_CURVE('',#5281,#5283,#2932,.T.);
#6753=EDGE_CURVE('',#5283,#5284,#2933,.T.);
#6754=EDGE_CURVE('',#5284,#5282,#2934,.T.);
#6755=EDGE_CURVE('',#5283,#5285,#2935,.T.);
#6756=EDGE_CURVE('',#5285,#5286,#2936,.T.);
#6757=EDGE_CURVE('',#5286,#5284,#2937,.T.);
#6758=EDGE_CURVE('',#5285,#5287,#2938,.T.);
#6759=EDGE_CURVE('',#5287,#5288,#2939,.T.);
#6760=EDGE_CURVE('',#5288,#5286,#2940,.T.);
#6761=EDGE_CURVE('',#5287,#5289,#2941,.T.);
#6762=EDGE_CURVE('',#5289,#5290,#2942,.T.);
#6763=EDGE_CURVE('',#5290,#5288,#2943,.T.);
#6764=EDGE_CURVE('',#5289,#5291,#2944,.T.);
#6765=EDGE_CURVE('',#5291,#5292,#2945,.T.);
#6766=EDGE_CURVE('',#5292,#5290,#2946,.T.);
#6767=EDGE_CURVE('',#5291,#5293,#2947,.T.);
#6768=EDGE_CURVE('',#5293,#5294,#2948,.T.);
#6769=EDGE_CURVE('',#5294,#5292,#2949,.T.);
#6770=EDGE_CURVE('',#5293,#5295,#2950,.T.);
#6771=EDGE_CURVE('',#5295,#5296,#2951,.T.);
#6772=EDGE_CURVE('',#5296,#5294,#2952,.T.);
#6773=EDGE_CURVE('',#5295,#5297,#2953,.T.);
#6774=EDGE_CURVE('',#5297,#5298,#2954,.T.);
#6775=EDGE_CURVE('',#5298,#5296,#2955,.T.);
#6776=EDGE_CURVE('',#5299,#5297,#2956,.T.);
#6777=EDGE_CURVE('',#5299,#5300,#2957,.T.);
#6778=EDGE_CURVE('',#5300,#5298,#2958,.T.);
#6779=EDGE_CURVE('',#5301,#5299,#2959,.T.);
#6780=EDGE_CURVE('',#5301,#5302,#2960,.T.);
#6781=EDGE_CURVE('',#5302,#5300,#2961,.T.);
#6782=EDGE_CURVE('',#5301,#5303,#2962,.T.);
#6783=EDGE_CURVE('',#5303,#5304,#2963,.T.);
#6784=EDGE_CURVE('',#5304,#5302,#2964,.T.);
#6785=EDGE_CURVE('',#5303,#5305,#2965,.T.);
#6786=EDGE_CURVE('',#5305,#5306,#2966,.T.);
#6787=EDGE_CURVE('',#5306,#5304,#2967,.T.);
#6788=EDGE_CURVE('',#5305,#5307,#2968,.T.);
#6789=EDGE_CURVE('',#5307,#5308,#2969,.T.);
#6790=EDGE_CURVE('',#5308,#5306,#2970,.T.);
#6791=EDGE_CURVE('',#5307,#5309,#2971,.T.);
#6792=EDGE_CURVE('',#5309,#5310,#2972,.T.);
#6793=EDGE_CURVE('',#5310,#5308,#2973,.T.);
#6794=EDGE_CURVE('',#5309,#5311,#2974,.T.);
#6795=EDGE_CURVE('',#5311,#5312,#2975,.T.);
#6796=EDGE_CURVE('',#5312,#5310,#2976,.T.);
#6797=EDGE_CURVE('',#5269,#5311,#2977,.T.);
#6798=EDGE_CURVE('',#5272,#5312,#2978,.T.);
#6799=ORIENTED_EDGE('',*,*,#5313,.T.);
#6800=ORIENTED_EDGE('',*,*,#5314,.T.);
#6801=ORIENTED_EDGE('',*,*,#5315,.T.);
#6802=ORIENTED_EDGE('',*,*,#5316,.T.);
#6803=ORIENTED_EDGE('',*,*,#5317,.T.);
#6804=ORIENTED_EDGE('',*,*,#5318,.T.);
#6805=ORIENTED_EDGE('',*,*,#5313,.F.);
#6806=ORIENTED_EDGE('',*,*,#5319,.T.);
#6807=ORIENTED_EDGE('',*,*,#5317,.F.);
#6808=ORIENTED_EDGE('',*,*,#5320,.T.);
#6809=ORIENTED_EDGE('',*,*,#5321,.T.);
#6810=ORIENTED_EDGE('',*,*,#5322,.T.);
#6811=ORIENTED_EDGE('',*,*,#5314,.F.);
#6812=ORIENTED_EDGE('',*,*,#5318,.F.);
#6813=ORIENTED_EDGE('',*,*,#5322,.F.);
#6814=ORIENTED_EDGE('',*,*,#5323,.F.);
#6815=ORIENTED_EDGE('',*,*,#5324,.F.);
#6816=ORIENTED_EDGE('',*,*,#5325,.F.);
#6817=ORIENTED_EDGE('',*,*,#5326,.F.);
#6818=ORIENTED_EDGE('',*,*,#5327,.F.);
#6819=ORIENTED_EDGE('',*,*,#5328,.F.);
#6820=ORIENTED_EDGE('',*,*,#5329,.F.);
#6821=ORIENTED_EDGE('',*,*,#5330,.F.);
#6822=ORIENTED_EDGE('',*,*,#5331,.F.);
#6823=ORIENTED_EDGE('',*,*,#5332,.F.);
#6824=ORIENTED_EDGE('',*,*,#5333,.F.);
#6825=ORIENTED_EDGE('',*,*,#5334,.F.);
#6826=ORIENTED_EDGE('',*,*,#5335,.F.);
#6827=ORIENTED_EDGE('',*,*,#5336,.F.);
#6828=ORIENTED_EDGE('',*,*,#5337,.F.);
#6829=ORIENTED_EDGE('',*,*,#5338,.F.);
#6830=ORIENTED_EDGE('',*,*,#5339,.F.);
#6831=ORIENTED_EDGE('',*,*,#5340,.F.);
#6832=ORIENTED_EDGE('',*,*,#5341,.F.);
#6833=ORIENTED_EDGE('',*,*,#5342,.T.);
#6834=ORIENTED_EDGE('',*,*,#5343,.T.);
#6835=ORIENTED_EDGE('',*,*,#5344,.T.);
#6836=ORIENTED_EDGE('',*,*,#5345,.T.);
#6837=ORIENTED_EDGE('',*,*,#5346,.T.);
#6838=ORIENTED_EDGE('',*,*,#5347,.T.);
#6839=ORIENTED_EDGE('',*,*,#5348,.T.);
#6840=ORIENTED_EDGE('',*,*,#5349,.T.);
#6841=ORIENTED_EDGE('',*,*,#5350,.T.);
#6842=ORIENTED_EDGE('',*,*,#5351,.T.);
#6843=ORIENTED_EDGE('',*,*,#5352,.T.);
#6844=ORIENTED_EDGE('',*,*,#5353,.T.);
#6845=ORIENTED_EDGE('',*,*,#5354,.T.);
#6846=ORIENTED_EDGE('',*,*,#5355,.T.);
#6847=ORIENTED_EDGE('',*,*,#5356,.T.);
#6848=ORIENTED_EDGE('',*,*,#5357,.T.);
#6849=ORIENTED_EDGE('',*,*,#5358,.T.);
#6850=ORIENTED_EDGE('',*,*,#5359,.T.);
#6851=ORIENTED_EDGE('',*,*,#5360,.T.);
#6852=ORIENTED_EDGE('',*,*,#5361,.T.);
#6853=ORIENTED_EDGE('',*,*,#5362,.T.);
#6854=ORIENTED_EDGE('',*,*,#5363,.T.);
#6855=ORIENTED_EDGE('',*,*,#5364,.T.);
#6856=ORIENTED_EDGE('',*,*,#5365,.T.);
#6857=ORIENTED_EDGE('',*,*,#5366,.T.);
#6858=ORIENTED_EDGE('',*,*,#5367,.T.);
#6859=ORIENTED_EDGE('',*,*,#5368,.T.);
#6860=ORIENTED_EDGE('',*,*,#5369,.T.);
#6861=ORIENTED_EDGE('',*,*,#5370,.T.);
#6862=ORIENTED_EDGE('',*,*,#5371,.T.);
#6863=ORIENTED_EDGE('',*,*,#5372,.T.);
#6864=ORIENTED_EDGE('',*,*,#5373,.T.);
#6865=ORIENTED_EDGE('',*,*,#5374,.T.);
#6866=ORIENTED_EDGE('',*,*,#5375,.T.);
#6867=ORIENTED_EDGE('',*,*,#5376,.T.);
#6868=ORIENTED_EDGE('',*,*,#5377,.T.);
#6869=ORIENTED_EDGE('',*,*,#5378,.T.);
#6870=ORIENTED_EDGE('',*,*,#5379,.T.);
#6871=ORIENTED_EDGE('',*,*,#5380,.T.);
#6872=ORIENTED_EDGE('',*,*,#5381,.T.);
#6873=ORIENTED_EDGE('',*,*,#5382,.T.);
#6874=ORIENTED_EDGE('',*,*,#5383,.T.);
#6875=ORIENTED_EDGE('',*,*,#5384,.T.);
#6876=ORIENTED_EDGE('',*,*,#5385,.T.);
#6877=ORIENTED_EDGE('',*,*,#5386,.T.);
#6878=ORIENTED_EDGE('',*,*,#5387,.T.);
#6879=ORIENTED_EDGE('',*,*,#5388,.T.);
#6880=ORIENTED_EDGE('',*,*,#5389,.T.);
#6881=ORIENTED_EDGE('',*,*,#5390,.T.);
#6882=ORIENTED_EDGE('',*,*,#5391,.T.);
#6883=ORIENTED_EDGE('',*,*,#5392,.T.);
#6884=ORIENTED_EDGE('',*,*,#5393,.T.);
#6885=ORIENTED_EDGE('',*,*,#5394,.T.);
#6886=ORIENTED_EDGE('',*,*,#5395,.T.);
#6887=ORIENTED_EDGE('',*,*,#5396,.T.);
#6888=ORIENTED_EDGE('',*,*,#5397,.T.);
#6889=ORIENTED_EDGE('',*,*,#5398,.T.);
#6890=ORIENTED_EDGE('',*,*,#5399,.T.);
#6891=ORIENTED_EDGE('',*,*,#5400,.T.);
#6892=ORIENTED_EDGE('',*,*,#5401,.T.);
#6893=ORIENTED_EDGE('',*,*,#5402,.T.);
#6894=ORIENTED_EDGE('',*,*,#5403,.T.);
#6895=ORIENTED_EDGE('',*,*,#5404,.T.);
#6896=ORIENTED_EDGE('',*,*,#5405,.T.);
#6897=ORIENTED_EDGE('',*,*,#5406,.T.);
#6898=ORIENTED_EDGE('',*,*,#5407,.T.);
#6899=ORIENTED_EDGE('',*,*,#5408,.T.);
#6900=ORIENTED_EDGE('',*,*,#5409,.T.);
#6901=ORIENTED_EDGE('',*,*,#5410,.T.);
#6902=ORIENTED_EDGE('',*,*,#5411,.T.);
#6903=ORIENTED_EDGE('',*,*,#5412,.T.);
#6904=ORIENTED_EDGE('',*,*,#5413,.T.);
#6905=ORIENTED_EDGE('',*,*,#5414,.T.);
#6906=ORIENTED_EDGE('',*,*,#5415,.T.);
#6907=ORIENTED_EDGE('',*,*,#5416,.T.);
#6908=ORIENTED_EDGE('',*,*,#5417,.T.);
#6909=ORIENTED_EDGE('',*,*,#5418,.T.);
#6910=ORIENTED_EDGE('',*,*,#5419,.T.);
#6911=ORIENTED_EDGE('',*,*,#5420,.T.);
#6912=ORIENTED_EDGE('',*,*,#5421,.T.);
#6913=ORIENTED_EDGE('',*,*,#5422,.T.);
#6914=ORIENTED_EDGE('',*,*,#5423,.T.);
#6915=ORIENTED_EDGE('',*,*,#5424,.T.);
#6916=ORIENTED_EDGE('',*,*,#5425,.T.);
#6917=ORIENTED_EDGE('',*,*,#5426,.T.);
#6918=ORIENTED_EDGE('',*,*,#5427,.T.);
#6919=ORIENTED_EDGE('',*,*,#5428,.T.);
#6920=ORIENTED_EDGE('',*,*,#5429,.T.);
#6921=ORIENTED_EDGE('',*,*,#5430,.T.);
#6922=ORIENTED_EDGE('',*,*,#5431,.T.);
#6923=ORIENTED_EDGE('',*,*,#5432,.T.);
#6924=ORIENTED_EDGE('',*,*,#5433,.T.);
#6925=ORIENTED_EDGE('',*,*,#5434,.T.);
#6926=ORIENTED_EDGE('',*,*,#5435,.T.);
#6927=ORIENTED_EDGE('',*,*,#5436,.T.);
#6928=ORIENTED_EDGE('',*,*,#5437,.T.);
#6929=ORIENTED_EDGE('',*,*,#5438,.T.);
#6930=ORIENTED_EDGE('',*,*,#5439,.T.);
#6931=ORIENTED_EDGE('',*,*,#5440,.T.);
#6932=ORIENTED_EDGE('',*,*,#5441,.T.);
#6933=ORIENTED_EDGE('',*,*,#5442,.T.);
#6934=ORIENTED_EDGE('',*,*,#5443,.T.);
#6935=ORIENTED_EDGE('',*,*,#5444,.T.);
#6936=ORIENTED_EDGE('',*,*,#5445,.T.);
#6937=ORIENTED_EDGE('',*,*,#5446,.T.);
#6938=ORIENTED_EDGE('',*,*,#5447,.T.);
#6939=ORIENTED_EDGE('',*,*,#5448,.T.);
#6940=ORIENTED_EDGE('',*,*,#5449,.T.);
#6941=ORIENTED_EDGE('',*,*,#5450,.T.);
#6942=ORIENTED_EDGE('',*,*,#5451,.T.);
#6943=ORIENTED_EDGE('',*,*,#5452,.T.);
#6944=ORIENTED_EDGE('',*,*,#5453,.T.);
#6945=ORIENTED_EDGE('',*,*,#5454,.T.);
#6946=ORIENTED_EDGE('',*,*,#5455,.T.);
#6947=ORIENTED_EDGE('',*,*,#5456,.T.);
#6948=ORIENTED_EDGE('',*,*,#5457,.T.);
#6949=ORIENTED_EDGE('',*,*,#5458,.T.);
#6950=ORIENTED_EDGE('',*,*,#5459,.T.);
#6951=ORIENTED_EDGE('',*,*,#5460,.T.);
#6952=ORIENTED_EDGE('',*,*,#5461,.T.);
#6953=ORIENTED_EDGE('',*,*,#5462,.T.);
#6954=ORIENTED_EDGE('',*,*,#5463,.T.);
#6955=ORIENTED_EDGE('',*,*,#5464,.T.);
#6956=ORIENTED_EDGE('',*,*,#5465,.T.);
#6957=ORIENTED_EDGE('',*,*,#5321,.F.);
#6958=ORIENTED_EDGE('',*,*,#5466,.T.);
#6959=ORIENTED_EDGE('',*,*,#5467,.F.);
#6960=ORIENTED_EDGE('',*,*,#5323,.T.);
#6961=ORIENTED_EDGE('',*,*,#5468,.T.);
#6962=ORIENTED_EDGE('',*,*,#5469,.T.);
#6963=ORIENTED_EDGE('',*,*,#5328,.T.);
#6964=ORIENTED_EDGE('',*,*,#5470,.T.);
#6965=ORIENTED_EDGE('',*,*,#5327,.T.);
#6966=ORIENTED_EDGE('',*,*,#5471,.T.);
#6967=ORIENTED_EDGE('',*,*,#5472,.T.);
#6968=ORIENTED_EDGE('',*,*,#5470,.F.);
#6969=ORIENTED_EDGE('',*,*,#5468,.F.);
#6970=ORIENTED_EDGE('',*,*,#5473,.F.);
#6971=ORIENTED_EDGE('',*,*,#5474,.F.);
#6972=ORIENTED_EDGE('',*,*,#5475,.T.);
#6973=ORIENTED_EDGE('',*,*,#5472,.F.);
#6974=ORIENTED_EDGE('',*,*,#5476,.F.);
#6975=ORIENTED_EDGE('',*,*,#5477,.F.);
#6976=ORIENTED_EDGE('',*,*,#5473,.T.);
#6977=ORIENTED_EDGE('',*,*,#5471,.F.);
#6978=ORIENTED_EDGE('',*,*,#5326,.T.);
#6979=ORIENTED_EDGE('',*,*,#5478,.T.);
#6980=ORIENTED_EDGE('',*,*,#5479,.T.);
#6981=ORIENTED_EDGE('',*,*,#5325,.T.);
#6982=ORIENTED_EDGE('',*,*,#5480,.T.);
#6983=ORIENTED_EDGE('',*,*,#5481,.T.);
#6984=ORIENTED_EDGE('',*,*,#5478,.F.);
#6985=ORIENTED_EDGE('',*,*,#5482,.T.);
#6986=ORIENTED_EDGE('',*,*,#5480,.F.);
#6987=ORIENTED_EDGE('',*,*,#5324,.T.);
#6988=ORIENTED_EDGE('',*,*,#5467,.T.);
#6989=ORIENTED_EDGE('',*,*,#5320,.F.);
#6990=ORIENTED_EDGE('',*,*,#5483,.F.);
#6991=ORIENTED_EDGE('',*,*,#5484,.F.);
#6992=ORIENTED_EDGE('',*,*,#5485,.T.);
#6993=ORIENTED_EDGE('',*,*,#5315,.F.);
#6994=ORIENTED_EDGE('',*,*,#5341,.T.);
#6995=ORIENTED_EDGE('',*,*,#5486,.T.);
#6996=ORIENTED_EDGE('',*,*,#5487,.T.);
#6997=ORIENTED_EDGE('',*,*,#5340,.T.);
#6998=ORIENTED_EDGE('',*,*,#5488,.T.);
#6999=ORIENTED_EDGE('',*,*,#5489,.T.);
#7000=ORIENTED_EDGE('',*,*,#5486,.F.);
#7001=ORIENTED_EDGE('',*,*,#5339,.T.);
#7002=ORIENTED_EDGE('',*,*,#5490,.T.);
#7003=ORIENTED_EDGE('',*,*,#5491,.T.);
#7004=ORIENTED_EDGE('',*,*,#5488,.F.);
#7005=ORIENTED_EDGE('',*,*,#5492,.T.);
#7006=ORIENTED_EDGE('',*,*,#5490,.F.);
#7007=ORIENTED_EDGE('',*,*,#5338,.T.);
#7008=ORIENTED_EDGE('',*,*,#5493,.T.);
#7009=ORIENTED_EDGE('',*,*,#5494,.T.);
#7010=ORIENTED_EDGE('',*,*,#5493,.F.);
#7011=ORIENTED_EDGE('',*,*,#5337,.T.);
#7012=ORIENTED_EDGE('',*,*,#5495,.T.);
#7013=ORIENTED_EDGE('',*,*,#5496,.T.);
#7014=ORIENTED_EDGE('',*,*,#5495,.F.);
#7015=ORIENTED_EDGE('',*,*,#5336,.T.);
#7016=ORIENTED_EDGE('',*,*,#5497,.T.);
#7017=ORIENTED_EDGE('',*,*,#5498,.T.);
#7018=ORIENTED_EDGE('',*,*,#5497,.F.);
#7019=ORIENTED_EDGE('',*,*,#5335,.T.);
#7020=ORIENTED_EDGE('',*,*,#5499,.T.);
#7021=ORIENTED_EDGE('',*,*,#5500,.T.);
#7022=ORIENTED_EDGE('',*,*,#5499,.F.);
#7023=ORIENTED_EDGE('',*,*,#5334,.T.);
#7024=ORIENTED_EDGE('',*,*,#5501,.T.);
#7025=ORIENTED_EDGE('',*,*,#5502,.T.);
#7026=ORIENTED_EDGE('',*,*,#5501,.F.);
#7027=ORIENTED_EDGE('',*,*,#5333,.T.);
#7028=ORIENTED_EDGE('',*,*,#5503,.T.);
#7029=ORIENTED_EDGE('',*,*,#5504,.T.);
#7030=ORIENTED_EDGE('',*,*,#5503,.F.);
#7031=ORIENTED_EDGE('',*,*,#5332,.T.);
#7032=ORIENTED_EDGE('',*,*,#5505,.T.);
#7033=ORIENTED_EDGE('',*,*,#5506,.T.);
#7034=ORIENTED_EDGE('',*,*,#5505,.F.);
#7035=ORIENTED_EDGE('',*,*,#5331,.T.);
#7036=ORIENTED_EDGE('',*,*,#5507,.T.);
#7037=ORIENTED_EDGE('',*,*,#5508,.T.);
#7038=ORIENTED_EDGE('',*,*,#5507,.F.);
#7039=ORIENTED_EDGE('',*,*,#5330,.T.);
#7040=ORIENTED_EDGE('',*,*,#5509,.T.);
#7041=ORIENTED_EDGE('',*,*,#5469,.F.);
#7042=ORIENTED_EDGE('',*,*,#5510,.T.);
#7043=ORIENTED_EDGE('',*,*,#5509,.F.);
#7044=ORIENTED_EDGE('',*,*,#5329,.T.);
#7045=ORIENTED_EDGE('',*,*,#5316,.F.);
#7046=ORIENTED_EDGE('',*,*,#5511,.F.);
#7047=ORIENTED_EDGE('',*,*,#5512,.T.);
#7048=ORIENTED_EDGE('',*,*,#5513,.T.);
#7049=ORIENTED_EDGE('',*,*,#5514,.T.);
#7050=ORIENTED_EDGE('',*,*,#5515,.T.);
#7051=ORIENTED_EDGE('',*,*,#5345,.F.);
#7052=ORIENTED_EDGE('',*,*,#5516,.F.);
#7053=ORIENTED_EDGE('',*,*,#5517,.T.);
#7054=ORIENTED_EDGE('',*,*,#5516,.T.);
#7055=ORIENTED_EDGE('',*,*,#5344,.F.);
#7056=ORIENTED_EDGE('',*,*,#5518,.F.);
#7057=ORIENTED_EDGE('',*,*,#5519,.T.);
#7058=ORIENTED_EDGE('',*,*,#5518,.T.);
#7059=ORIENTED_EDGE('',*,*,#5343,.F.);
#7060=ORIENTED_EDGE('',*,*,#5520,.F.);
#7061=ORIENTED_EDGE('',*,*,#5521,.T.);
#7062=ORIENTED_EDGE('',*,*,#5520,.T.);
#7063=ORIENTED_EDGE('',*,*,#5342,.F.);
#7064=ORIENTED_EDGE('',*,*,#5515,.F.);
#7065=ORIENTED_EDGE('',*,*,#5522,.T.);
#7066=ORIENTED_EDGE('',*,*,#5523,.T.);
#7067=ORIENTED_EDGE('',*,*,#5349,.F.);
#7068=ORIENTED_EDGE('',*,*,#5524,.F.);
#7069=ORIENTED_EDGE('',*,*,#5525,.T.);
#7070=ORIENTED_EDGE('',*,*,#5524,.T.);
#7071=ORIENTED_EDGE('',*,*,#5348,.F.);
#7072=ORIENTED_EDGE('',*,*,#5526,.F.);
#7073=ORIENTED_EDGE('',*,*,#5527,.T.);
#7074=ORIENTED_EDGE('',*,*,#5526,.T.);
#7075=ORIENTED_EDGE('',*,*,#5347,.F.);
#7076=ORIENTED_EDGE('',*,*,#5528,.F.);
#7077=ORIENTED_EDGE('',*,*,#5529,.T.);
#7078=ORIENTED_EDGE('',*,*,#5528,.T.);
#7079=ORIENTED_EDGE('',*,*,#5346,.F.);
#7080=ORIENTED_EDGE('',*,*,#5523,.F.);
#7081=ORIENTED_EDGE('',*,*,#5530,.T.);
#7082=ORIENTED_EDGE('',*,*,#5531,.T.);
#7083=ORIENTED_EDGE('',*,*,#5353,.F.);
#7084=ORIENTED_EDGE('',*,*,#5532,.F.);
#7085=ORIENTED_EDGE('',*,*,#5533,.T.);
#7086=ORIENTED_EDGE('',*,*,#5532,.T.);
#7087=ORIENTED_EDGE('',*,*,#5352,.F.);
#7088=ORIENTED_EDGE('',*,*,#5534,.F.);
#7089=ORIENTED_EDGE('',*,*,#5535,.T.);
#7090=ORIENTED_EDGE('',*,*,#5534,.T.);
#7091=ORIENTED_EDGE('',*,*,#5351,.F.);
#7092=ORIENTED_EDGE('',*,*,#5536,.F.);
#7093=ORIENTED_EDGE('',*,*,#5537,.T.);
#7094=ORIENTED_EDGE('',*,*,#5536,.T.);
#7095=ORIENTED_EDGE('',*,*,#5350,.F.);
#7096=ORIENTED_EDGE('',*,*,#5531,.F.);
#7097=ORIENTED_EDGE('',*,*,#5538,.T.);
#7098=ORIENTED_EDGE('',*,*,#5539,.T.);
#7099=ORIENTED_EDGE('',*,*,#5355,.F.);
#7100=ORIENTED_EDGE('',*,*,#5540,.F.);
#7101=ORIENTED_EDGE('',*,*,#5541,.T.);
#7102=ORIENTED_EDGE('',*,*,#5540,.T.);
#7103=ORIENTED_EDGE('',*,*,#5354,.F.);
#7104=ORIENTED_EDGE('',*,*,#5539,.F.);
#7105=ORIENTED_EDGE('',*,*,#5542,.T.);
#7106=ORIENTED_EDGE('',*,*,#5543,.T.);
#7107=ORIENTED_EDGE('',*,*,#5359,.F.);
#7108=ORIENTED_EDGE('',*,*,#5544,.F.);
#7109=ORIENTED_EDGE('',*,*,#5545,.T.);
#7110=ORIENTED_EDGE('',*,*,#5544,.T.);
#7111=ORIENTED_EDGE('',*,*,#5358,.F.);
#7112=ORIENTED_EDGE('',*,*,#5546,.F.);
#7113=ORIENTED_EDGE('',*,*,#5547,.T.);
#7114=ORIENTED_EDGE('',*,*,#5546,.T.);
#7115=ORIENTED_EDGE('',*,*,#5357,.F.);
#7116=ORIENTED_EDGE('',*,*,#5548,.F.);
#7117=ORIENTED_EDGE('',*,*,#5549,.T.);
#7118=ORIENTED_EDGE('',*,*,#5548,.T.);
#7119=ORIENTED_EDGE('',*,*,#5356,.F.);
#7120=ORIENTED_EDGE('',*,*,#5543,.F.);
#7121=ORIENTED_EDGE('',*,*,#5550,.T.);
#7122=ORIENTED_EDGE('',*,*,#5551,.T.);
#7123=ORIENTED_EDGE('',*,*,#5361,.F.);
#7124=ORIENTED_EDGE('',*,*,#5552,.F.);
#7125=ORIENTED_EDGE('',*,*,#5553,.T.);
#7126=ORIENTED_EDGE('',*,*,#5552,.T.);
#7127=ORIENTED_EDGE('',*,*,#5360,.F.);
#7128=ORIENTED_EDGE('',*,*,#5551,.F.);
#7129=ORIENTED_EDGE('',*,*,#5554,.T.);
#7130=ORIENTED_EDGE('',*,*,#5555,.T.);
#7131=ORIENTED_EDGE('',*,*,#5365,.F.);
#7132=ORIENTED_EDGE('',*,*,#5556,.F.);
#7133=ORIENTED_EDGE('',*,*,#5557,.T.);
#7134=ORIENTED_EDGE('',*,*,#5556,.T.);
#7135=ORIENTED_EDGE('',*,*,#5364,.F.);
#7136=ORIENTED_EDGE('',*,*,#5558,.F.);
#7137=ORIENTED_EDGE('',*,*,#5559,.T.);
#7138=ORIENTED_EDGE('',*,*,#5558,.T.);
#7139=ORIENTED_EDGE('',*,*,#5363,.F.);
#7140=ORIENTED_EDGE('',*,*,#5560,.F.);
#7141=ORIENTED_EDGE('',*,*,#5561,.T.);
#7142=ORIENTED_EDGE('',*,*,#5560,.T.);
#7143=ORIENTED_EDGE('',*,*,#5362,.F.);
#7144=ORIENTED_EDGE('',*,*,#5555,.F.);
#7145=ORIENTED_EDGE('',*,*,#5562,.T.);
#7146=ORIENTED_EDGE('',*,*,#5563,.T.);
#7147=ORIENTED_EDGE('',*,*,#5369,.F.);
#7148=ORIENTED_EDGE('',*,*,#5564,.F.);
#7149=ORIENTED_EDGE('',*,*,#5565,.T.);
#7150=ORIENTED_EDGE('',*,*,#5564,.T.);
#7151=ORIENTED_EDGE('',*,*,#5368,.F.);
#7152=ORIENTED_EDGE('',*,*,#5566,.F.);
#7153=ORIENTED_EDGE('',*,*,#5567,.T.);
#7154=ORIENTED_EDGE('',*,*,#5566,.T.);
#7155=ORIENTED_EDGE('',*,*,#5367,.F.);
#7156=ORIENTED_EDGE('',*,*,#5568,.F.);
#7157=ORIENTED_EDGE('',*,*,#5569,.T.);
#7158=ORIENTED_EDGE('',*,*,#5568,.T.);
#7159=ORIENTED_EDGE('',*,*,#5366,.F.);
#7160=ORIENTED_EDGE('',*,*,#5563,.F.);
#7161=ORIENTED_EDGE('',*,*,#5570,.T.);
#7162=ORIENTED_EDGE('',*,*,#5571,.T.);
#7163=ORIENTED_EDGE('',*,*,#5373,.F.);
#7164=ORIENTED_EDGE('',*,*,#5572,.F.);
#7165=ORIENTED_EDGE('',*,*,#5573,.T.);
#7166=ORIENTED_EDGE('',*,*,#5572,.T.);
#7167=ORIENTED_EDGE('',*,*,#5372,.F.);
#7168=ORIENTED_EDGE('',*,*,#5574,.F.);
#7169=ORIENTED_EDGE('',*,*,#5575,.T.);
#7170=ORIENTED_EDGE('',*,*,#5574,.T.);
#7171=ORIENTED_EDGE('',*,*,#5371,.F.);
#7172=ORIENTED_EDGE('',*,*,#5576,.F.);
#7173=ORIENTED_EDGE('',*,*,#5577,.T.);
#7174=ORIENTED_EDGE('',*,*,#5576,.T.);
#7175=ORIENTED_EDGE('',*,*,#5370,.F.);
#7176=ORIENTED_EDGE('',*,*,#5571,.F.);
#7177=ORIENTED_EDGE('',*,*,#5578,.T.);
#7178=ORIENTED_EDGE('',*,*,#5579,.T.);
#7179=ORIENTED_EDGE('',*,*,#5377,.F.);
#7180=ORIENTED_EDGE('',*,*,#5580,.F.);
#7181=ORIENTED_EDGE('',*,*,#5581,.T.);
#7182=ORIENTED_EDGE('',*,*,#5580,.T.);
#7183=ORIENTED_EDGE('',*,*,#5376,.F.);
#7184=ORIENTED_EDGE('',*,*,#5582,.F.);
#7185=ORIENTED_EDGE('',*,*,#5583,.T.);
#7186=ORIENTED_EDGE('',*,*,#5582,.T.);
#7187=ORIENTED_EDGE('',*,*,#5375,.F.);
#7188=ORIENTED_EDGE('',*,*,#5584,.F.);
#7189=ORIENTED_EDGE('',*,*,#5585,.T.);
#7190=ORIENTED_EDGE('',*,*,#5584,.T.);
#7191=ORIENTED_EDGE('',*,*,#5374,.F.);
#7192=ORIENTED_EDGE('',*,*,#5579,.F.);
#7193=ORIENTED_EDGE('',*,*,#5586,.T.);
#7194=ORIENTED_EDGE('',*,*,#5587,.T.);
#7195=ORIENTED_EDGE('',*,*,#5381,.F.);
#7196=ORIENTED_EDGE('',*,*,#5588,.F.);
#7197=ORIENTED_EDGE('',*,*,#5589,.T.);
#7198=ORIENTED_EDGE('',*,*,#5588,.T.);
#7199=ORIENTED_EDGE('',*,*,#5380,.F.);
#7200=ORIENTED_EDGE('',*,*,#5590,.F.);
#7201=ORIENTED_EDGE('',*,*,#5591,.T.);
#7202=ORIENTED_EDGE('',*,*,#5590,.T.);
#7203=ORIENTED_EDGE('',*,*,#5379,.F.);
#7204=ORIENTED_EDGE('',*,*,#5592,.F.);
#7205=ORIENTED_EDGE('',*,*,#5593,.T.);
#7206=ORIENTED_EDGE('',*,*,#5592,.T.);
#7207=ORIENTED_EDGE('',*,*,#5378,.F.);
#7208=ORIENTED_EDGE('',*,*,#5587,.F.);
#7209=ORIENTED_EDGE('',*,*,#5594,.T.);
#7210=ORIENTED_EDGE('',*,*,#5595,.T.);
#7211=ORIENTED_EDGE('',*,*,#5385,.F.);
#7212=ORIENTED_EDGE('',*,*,#5596,.F.);
#7213=ORIENTED_EDGE('',*,*,#5597,.T.);
#7214=ORIENTED_EDGE('',*,*,#5596,.T.);
#7215=ORIENTED_EDGE('',*,*,#5384,.F.);
#7216=ORIENTED_EDGE('',*,*,#5598,.F.);
#7217=ORIENTED_EDGE('',*,*,#5599,.T.);
#7218=ORIENTED_EDGE('',*,*,#5598,.T.);
#7219=ORIENTED_EDGE('',*,*,#5383,.F.);
#7220=ORIENTED_EDGE('',*,*,#5600,.F.);
#7221=ORIENTED_EDGE('',*,*,#5601,.T.);
#7222=ORIENTED_EDGE('',*,*,#5600,.T.);
#7223=ORIENTED_EDGE('',*,*,#5382,.F.);
#7224=ORIENTED_EDGE('',*,*,#5595,.F.);
#7225=ORIENTED_EDGE('',*,*,#5386,.F.);
#7226=ORIENTED_EDGE('',*,*,#5602,.T.);
#7227=ORIENTED_EDGE('',*,*,#5603,.T.);
#7228=ORIENTED_EDGE('',*,*,#5602,.F.);
#7229=ORIENTED_EDGE('',*,*,#5604,.T.);
#7230=ORIENTED_EDGE('',*,*,#5605,.T.);
#7231=ORIENTED_EDGE('',*,*,#5390,.F.);
#7232=ORIENTED_EDGE('',*,*,#5606,.F.);
#7233=ORIENTED_EDGE('',*,*,#5607,.T.);
#7234=ORIENTED_EDGE('',*,*,#5606,.T.);
#7235=ORIENTED_EDGE('',*,*,#5389,.F.);
#7236=ORIENTED_EDGE('',*,*,#5608,.F.);
#7237=ORIENTED_EDGE('',*,*,#5609,.T.);
#7238=ORIENTED_EDGE('',*,*,#5608,.T.);
#7239=ORIENTED_EDGE('',*,*,#5388,.F.);
#7240=ORIENTED_EDGE('',*,*,#5610,.F.);
#7241=ORIENTED_EDGE('',*,*,#5611,.T.);
#7242=ORIENTED_EDGE('',*,*,#5610,.T.);
#7243=ORIENTED_EDGE('',*,*,#5387,.F.);
#7244=ORIENTED_EDGE('',*,*,#5605,.F.);
#7245=ORIENTED_EDGE('',*,*,#5612,.T.);
#7246=ORIENTED_EDGE('',*,*,#5613,.T.);
#7247=ORIENTED_EDGE('',*,*,#5394,.F.);
#7248=ORIENTED_EDGE('',*,*,#5614,.F.);
#7249=ORIENTED_EDGE('',*,*,#5615,.T.);
#7250=ORIENTED_EDGE('',*,*,#5614,.T.);
#7251=ORIENTED_EDGE('',*,*,#5393,.F.);
#7252=ORIENTED_EDGE('',*,*,#5616,.F.);
#7253=ORIENTED_EDGE('',*,*,#5617,.T.);
#7254=ORIENTED_EDGE('',*,*,#5616,.T.);
#7255=ORIENTED_EDGE('',*,*,#5392,.F.);
#7256=ORIENTED_EDGE('',*,*,#5618,.F.);
#7257=ORIENTED_EDGE('',*,*,#5619,.T.);
#7258=ORIENTED_EDGE('',*,*,#5618,.T.);
#7259=ORIENTED_EDGE('',*,*,#5391,.F.);
#7260=ORIENTED_EDGE('',*,*,#5613,.F.);
#7261=ORIENTED_EDGE('',*,*,#5395,.F.);
#7262=ORIENTED_EDGE('',*,*,#5620,.T.);
#7263=ORIENTED_EDGE('',*,*,#5621,.T.);
#7264=ORIENTED_EDGE('',*,*,#5620,.F.);
#7265=ORIENTED_EDGE('',*,*,#5622,.T.);
#7266=ORIENTED_EDGE('',*,*,#5623,.T.);
#7267=ORIENTED_EDGE('',*,*,#5399,.F.);
#7268=ORIENTED_EDGE('',*,*,#5624,.F.);
#7269=ORIENTED_EDGE('',*,*,#5625,.T.);
#7270=ORIENTED_EDGE('',*,*,#5624,.T.);
#7271=ORIENTED_EDGE('',*,*,#5398,.F.);
#7272=ORIENTED_EDGE('',*,*,#5626,.F.);
#7273=ORIENTED_EDGE('',*,*,#5627,.T.);
#7274=ORIENTED_EDGE('',*,*,#5626,.T.);
#7275=ORIENTED_EDGE('',*,*,#5397,.F.);
#7276=ORIENTED_EDGE('',*,*,#5628,.F.);
#7277=ORIENTED_EDGE('',*,*,#5629,.T.);
#7278=ORIENTED_EDGE('',*,*,#5628,.T.);
#7279=ORIENTED_EDGE('',*,*,#5396,.F.);
#7280=ORIENTED_EDGE('',*,*,#5623,.F.);
#7281=ORIENTED_EDGE('',*,*,#5630,.T.);
#7282=ORIENTED_EDGE('',*,*,#5631,.T.);
#7283=ORIENTED_EDGE('',*,*,#5403,.F.);
#7284=ORIENTED_EDGE('',*,*,#5632,.F.);
#7285=ORIENTED_EDGE('',*,*,#5633,.T.);
#7286=ORIENTED_EDGE('',*,*,#5632,.T.);
#7287=ORIENTED_EDGE('',*,*,#5402,.F.);
#7288=ORIENTED_EDGE('',*,*,#5634,.F.);
#7289=ORIENTED_EDGE('',*,*,#5635,.T.);
#7290=ORIENTED_EDGE('',*,*,#5634,.T.);
#7291=ORIENTED_EDGE('',*,*,#5401,.F.);
#7292=ORIENTED_EDGE('',*,*,#5636,.F.);
#7293=ORIENTED_EDGE('',*,*,#5637,.T.);
#7294=ORIENTED_EDGE('',*,*,#5636,.T.);
#7295=ORIENTED_EDGE('',*,*,#5400,.F.);
#7296=ORIENTED_EDGE('',*,*,#5631,.F.);
#7297=ORIENTED_EDGE('',*,*,#5638,.T.);
#7298=ORIENTED_EDGE('',*,*,#5639,.T.);
#7299=ORIENTED_EDGE('',*,*,#5407,.F.);
#7300=ORIENTED_EDGE('',*,*,#5640,.F.);
#7301=ORIENTED_EDGE('',*,*,#5641,.T.);
#7302=ORIENTED_EDGE('',*,*,#5640,.T.);
#7303=ORIENTED_EDGE('',*,*,#5406,.F.);
#7304=ORIENTED_EDGE('',*,*,#5642,.F.);
#7305=ORIENTED_EDGE('',*,*,#5643,.T.);
#7306=ORIENTED_EDGE('',*,*,#5642,.T.);
#7307=ORIENTED_EDGE('',*,*,#5405,.F.);
#7308=ORIENTED_EDGE('',*,*,#5644,.F.);
#7309=ORIENTED_EDGE('',*,*,#5645,.T.);
#7310=ORIENTED_EDGE('',*,*,#5644,.T.);
#7311=ORIENTED_EDGE('',*,*,#5404,.F.);
#7312=ORIENTED_EDGE('',*,*,#5639,.F.);
#7313=ORIENTED_EDGE('',*,*,#5646,.T.);
#7314=ORIENTED_EDGE('',*,*,#5647,.T.);
#7315=ORIENTED_EDGE('',*,*,#5439,.F.);
#7316=ORIENTED_EDGE('',*,*,#5648,.F.);
#7317=ORIENTED_EDGE('',*,*,#5649,.T.);
#7318=ORIENTED_EDGE('',*,*,#5648,.T.);
#7319=ORIENTED_EDGE('',*,*,#5438,.F.);
#7320=ORIENTED_EDGE('',*,*,#5650,.F.);
#7321=ORIENTED_EDGE('',*,*,#5651,.T.);
#7322=ORIENTED_EDGE('',*,*,#5650,.T.);
#7323=ORIENTED_EDGE('',*,*,#5437,.F.);
#7324=ORIENTED_EDGE('',*,*,#5652,.F.);
#7325=ORIENTED_EDGE('',*,*,#5653,.T.);
#7326=ORIENTED_EDGE('',*,*,#5652,.T.);
#7327=ORIENTED_EDGE('',*,*,#5436,.F.);
#7328=ORIENTED_EDGE('',*,*,#5654,.F.);
#7329=ORIENTED_EDGE('',*,*,#5655,.T.);
#7330=ORIENTED_EDGE('',*,*,#5654,.T.);
#7331=ORIENTED_EDGE('',*,*,#5435,.F.);
#7332=ORIENTED_EDGE('',*,*,#5656,.F.);
#7333=ORIENTED_EDGE('',*,*,#5657,.T.);
#7334=ORIENTED_EDGE('',*,*,#5656,.T.);
#7335=ORIENTED_EDGE('',*,*,#5434,.F.);
#7336=ORIENTED_EDGE('',*,*,#5658,.F.);
#7337=ORIENTED_EDGE('',*,*,#5659,.T.);
#7338=ORIENTED_EDGE('',*,*,#5658,.T.);
#7339=ORIENTED_EDGE('',*,*,#5433,.F.);
#7340=ORIENTED_EDGE('',*,*,#5660,.F.);
#7341=ORIENTED_EDGE('',*,*,#5661,.T.);
#7342=ORIENTED_EDGE('',*,*,#5660,.T.);
#7343=ORIENTED_EDGE('',*,*,#5432,.F.);
#7344=ORIENTED_EDGE('',*,*,#5662,.F.);
#7345=ORIENTED_EDGE('',*,*,#5663,.T.);
#7346=ORIENTED_EDGE('',*,*,#5662,.T.);
#7347=ORIENTED_EDGE('',*,*,#5431,.F.);
#7348=ORIENTED_EDGE('',*,*,#5664,.F.);
#7349=ORIENTED_EDGE('',*,*,#5665,.T.);
#7350=ORIENTED_EDGE('',*,*,#5664,.T.);
#7351=ORIENTED_EDGE('',*,*,#5430,.F.);
#7352=ORIENTED_EDGE('',*,*,#5666,.F.);
#7353=ORIENTED_EDGE('',*,*,#5667,.T.);
#7354=ORIENTED_EDGE('',*,*,#5666,.T.);
#7355=ORIENTED_EDGE('',*,*,#5429,.F.);
#7356=ORIENTED_EDGE('',*,*,#5668,.F.);
#7357=ORIENTED_EDGE('',*,*,#5669,.T.);
#7358=ORIENTED_EDGE('',*,*,#5668,.T.);
#7359=ORIENTED_EDGE('',*,*,#5428,.F.);
#7360=ORIENTED_EDGE('',*,*,#5670,.F.);
#7361=ORIENTED_EDGE('',*,*,#5671,.T.);
#7362=ORIENTED_EDGE('',*,*,#5670,.T.);
#7363=ORIENTED_EDGE('',*,*,#5427,.F.);
#7364=ORIENTED_EDGE('',*,*,#5672,.F.);
#7365=ORIENTED_EDGE('',*,*,#5673,.T.);
#7366=ORIENTED_EDGE('',*,*,#5672,.T.);
#7367=ORIENTED_EDGE('',*,*,#5426,.F.);
#7368=ORIENTED_EDGE('',*,*,#5674,.F.);
#7369=ORIENTED_EDGE('',*,*,#5675,.T.);
#7370=ORIENTED_EDGE('',*,*,#5674,.T.);
#7371=ORIENTED_EDGE('',*,*,#5425,.F.);
#7372=ORIENTED_EDGE('',*,*,#5676,.F.);
#7373=ORIENTED_EDGE('',*,*,#5677,.T.);
#7374=ORIENTED_EDGE('',*,*,#5676,.T.);
#7375=ORIENTED_EDGE('',*,*,#5424,.F.);
#7376=ORIENTED_EDGE('',*,*,#5678,.F.);
#7377=ORIENTED_EDGE('',*,*,#5679,.T.);
#7378=ORIENTED_EDGE('',*,*,#5678,.T.);
#7379=ORIENTED_EDGE('',*,*,#5423,.F.);
#7380=ORIENTED_EDGE('',*,*,#5680,.F.);
#7381=ORIENTED_EDGE('',*,*,#5681,.T.);
#7382=ORIENTED_EDGE('',*,*,#5680,.T.);
#7383=ORIENTED_EDGE('',*,*,#5422,.F.);
#7384=ORIENTED_EDGE('',*,*,#5682,.F.);
#7385=ORIENTED_EDGE('',*,*,#5683,.T.);
#7386=ORIENTED_EDGE('',*,*,#5682,.T.);
#7387=ORIENTED_EDGE('',*,*,#5421,.F.);
#7388=ORIENTED_EDGE('',*,*,#5684,.F.);
#7389=ORIENTED_EDGE('',*,*,#5685,.T.);
#7390=ORIENTED_EDGE('',*,*,#5684,.T.);
#7391=ORIENTED_EDGE('',*,*,#5420,.F.);
#7392=ORIENTED_EDGE('',*,*,#5686,.F.);
#7393=ORIENTED_EDGE('',*,*,#5687,.T.);
#7394=ORIENTED_EDGE('',*,*,#5686,.T.);
#7395=ORIENTED_EDGE('',*,*,#5419,.F.);
#7396=ORIENTED_EDGE('',*,*,#5688,.F.);
#7397=ORIENTED_EDGE('',*,*,#5689,.T.);
#7398=ORIENTED_EDGE('',*,*,#5688,.T.);
#7399=ORIENTED_EDGE('',*,*,#5418,.F.);
#7400=ORIENTED_EDGE('',*,*,#5690,.F.);
#7401=ORIENTED_EDGE('',*,*,#5691,.T.);
#7402=ORIENTED_EDGE('',*,*,#5690,.T.);
#7403=ORIENTED_EDGE('',*,*,#5417,.F.);
#7404=ORIENTED_EDGE('',*,*,#5692,.F.);
#7405=ORIENTED_EDGE('',*,*,#5693,.T.);
#7406=ORIENTED_EDGE('',*,*,#5692,.T.);
#7407=ORIENTED_EDGE('',*,*,#5416,.F.);
#7408=ORIENTED_EDGE('',*,*,#5694,.F.);
#7409=ORIENTED_EDGE('',*,*,#5695,.T.);
#7410=ORIENTED_EDGE('',*,*,#5694,.T.);
#7411=ORIENTED_EDGE('',*,*,#5415,.F.);
#7412=ORIENTED_EDGE('',*,*,#5696,.F.);
#7413=ORIENTED_EDGE('',*,*,#5697,.T.);
#7414=ORIENTED_EDGE('',*,*,#5696,.T.);
#7415=ORIENTED_EDGE('',*,*,#5414,.F.);
#7416=ORIENTED_EDGE('',*,*,#5698,.F.);
#7417=ORIENTED_EDGE('',*,*,#5699,.T.);
#7418=ORIENTED_EDGE('',*,*,#5698,.T.);
#7419=ORIENTED_EDGE('',*,*,#5413,.F.);
#7420=ORIENTED_EDGE('',*,*,#5700,.F.);
#7421=ORIENTED_EDGE('',*,*,#5701,.T.);
#7422=ORIENTED_EDGE('',*,*,#5700,.T.);
#7423=ORIENTED_EDGE('',*,*,#5412,.F.);
#7424=ORIENTED_EDGE('',*,*,#5702,.F.);
#7425=ORIENTED_EDGE('',*,*,#5703,.T.);
#7426=ORIENTED_EDGE('',*,*,#5702,.T.);
#7427=ORIENTED_EDGE('',*,*,#5411,.F.);
#7428=ORIENTED_EDGE('',*,*,#5704,.F.);
#7429=ORIENTED_EDGE('',*,*,#5705,.T.);
#7430=ORIENTED_EDGE('',*,*,#5704,.T.);
#7431=ORIENTED_EDGE('',*,*,#5410,.F.);
#7432=ORIENTED_EDGE('',*,*,#5706,.F.);
#7433=ORIENTED_EDGE('',*,*,#5707,.T.);
#7434=ORIENTED_EDGE('',*,*,#5706,.T.);
#7435=ORIENTED_EDGE('',*,*,#5409,.F.);
#7436=ORIENTED_EDGE('',*,*,#5708,.F.);
#7437=ORIENTED_EDGE('',*,*,#5709,.T.);
#7438=ORIENTED_EDGE('',*,*,#5708,.T.);
#7439=ORIENTED_EDGE('',*,*,#5408,.F.);
#7440=ORIENTED_EDGE('',*,*,#5647,.F.);
#7441=ORIENTED_EDGE('',*,*,#5440,.F.);
#7442=ORIENTED_EDGE('',*,*,#5710,.T.);
#7443=ORIENTED_EDGE('',*,*,#5711,.T.);
#7444=ORIENTED_EDGE('',*,*,#5710,.F.);
#7445=ORIENTED_EDGE('',*,*,#5712,.T.);
#7446=ORIENTED_EDGE('',*,*,#5713,.T.);
#7447=ORIENTED_EDGE('',*,*,#5444,.F.);
#7448=ORIENTED_EDGE('',*,*,#5714,.F.);
#7449=ORIENTED_EDGE('',*,*,#5715,.T.);
#7450=ORIENTED_EDGE('',*,*,#5714,.T.);
#7451=ORIENTED_EDGE('',*,*,#5443,.F.);
#7452=ORIENTED_EDGE('',*,*,#5716,.F.);
#7453=ORIENTED_EDGE('',*,*,#5717,.T.);
#7454=ORIENTED_EDGE('',*,*,#5716,.T.);
#7455=ORIENTED_EDGE('',*,*,#5442,.F.);
#7456=ORIENTED_EDGE('',*,*,#5718,.F.);
#7457=ORIENTED_EDGE('',*,*,#5719,.T.);
#7458=ORIENTED_EDGE('',*,*,#5718,.T.);
#7459=ORIENTED_EDGE('',*,*,#5441,.F.);
#7460=ORIENTED_EDGE('',*,*,#5713,.F.);
#7461=ORIENTED_EDGE('',*,*,#5720,.T.);
#7462=ORIENTED_EDGE('',*,*,#5721,.T.);
#7463=ORIENTED_EDGE('',*,*,#5448,.F.);
#7464=ORIENTED_EDGE('',*,*,#5722,.F.);
#7465=ORIENTED_EDGE('',*,*,#5723,.T.);
#7466=ORIENTED_EDGE('',*,*,#5722,.T.);
#7467=ORIENTED_EDGE('',*,*,#5447,.F.);
#7468=ORIENTED_EDGE('',*,*,#5724,.F.);
#7469=ORIENTED_EDGE('',*,*,#5725,.T.);
#7470=ORIENTED_EDGE('',*,*,#5724,.T.);
#7471=ORIENTED_EDGE('',*,*,#5446,.F.);
#7472=ORIENTED_EDGE('',*,*,#5726,.F.);
#7473=ORIENTED_EDGE('',*,*,#5727,.T.);
#7474=ORIENTED_EDGE('',*,*,#5726,.T.);
#7475=ORIENTED_EDGE('',*,*,#5445,.F.);
#7476=ORIENTED_EDGE('',*,*,#5721,.F.);
#7477=ORIENTED_EDGE('',*,*,#5728,.T.);
#7478=ORIENTED_EDGE('',*,*,#5729,.T.);
#7479=ORIENTED_EDGE('',*,*,#5452,.F.);
#7480=ORIENTED_EDGE('',*,*,#5730,.F.);
#7481=ORIENTED_EDGE('',*,*,#5731,.T.);
#7482=ORIENTED_EDGE('',*,*,#5730,.T.);
#7483=ORIENTED_EDGE('',*,*,#5451,.F.);
#7484=ORIENTED_EDGE('',*,*,#5732,.F.);
#7485=ORIENTED_EDGE('',*,*,#5733,.T.);
#7486=ORIENTED_EDGE('',*,*,#5732,.T.);
#7487=ORIENTED_EDGE('',*,*,#5450,.F.);
#7488=ORIENTED_EDGE('',*,*,#5734,.F.);
#7489=ORIENTED_EDGE('',*,*,#5735,.T.);
#7490=ORIENTED_EDGE('',*,*,#5734,.T.);
#7491=ORIENTED_EDGE('',*,*,#5449,.F.);
#7492=ORIENTED_EDGE('',*,*,#5729,.F.);
#7493=ORIENTED_EDGE('',*,*,#5453,.F.);
#7494=ORIENTED_EDGE('',*,*,#5736,.T.);
#7495=ORIENTED_EDGE('',*,*,#5737,.T.);
#7496=ORIENTED_EDGE('',*,*,#5736,.F.);
#7497=ORIENTED_EDGE('',*,*,#5738,.T.);
#7498=ORIENTED_EDGE('',*,*,#5739,.T.);
#7499=ORIENTED_EDGE('',*,*,#5457,.F.);
#7500=ORIENTED_EDGE('',*,*,#5740,.F.);
#7501=ORIENTED_EDGE('',*,*,#5741,.T.);
#7502=ORIENTED_EDGE('',*,*,#5740,.T.);
#7503=ORIENTED_EDGE('',*,*,#5456,.F.);
#7504=ORIENTED_EDGE('',*,*,#5742,.F.);
#7505=ORIENTED_EDGE('',*,*,#5743,.T.);
#7506=ORIENTED_EDGE('',*,*,#5742,.T.);
#7507=ORIENTED_EDGE('',*,*,#5455,.F.);
#7508=ORIENTED_EDGE('',*,*,#5744,.F.);
#7509=ORIENTED_EDGE('',*,*,#5745,.T.);
#7510=ORIENTED_EDGE('',*,*,#5744,.T.);
#7511=ORIENTED_EDGE('',*,*,#5454,.F.);
#7512=ORIENTED_EDGE('',*,*,#5739,.F.);
#7513=ORIENTED_EDGE('',*,*,#5746,.T.);
#7514=ORIENTED_EDGE('',*,*,#5747,.T.);
#7515=ORIENTED_EDGE('',*,*,#5461,.F.);
#7516=ORIENTED_EDGE('',*,*,#5748,.F.);
#7517=ORIENTED_EDGE('',*,*,#5749,.T.);
#7518=ORIENTED_EDGE('',*,*,#5748,.T.);
#7519=ORIENTED_EDGE('',*,*,#5460,.F.);
#7520=ORIENTED_EDGE('',*,*,#5750,.F.);
#7521=ORIENTED_EDGE('',*,*,#5751,.T.);
#7522=ORIENTED_EDGE('',*,*,#5750,.T.);
#7523=ORIENTED_EDGE('',*,*,#5459,.F.);
#7524=ORIENTED_EDGE('',*,*,#5752,.F.);
#7525=ORIENTED_EDGE('',*,*,#5753,.T.);
#7526=ORIENTED_EDGE('',*,*,#5752,.T.);
#7527=ORIENTED_EDGE('',*,*,#5458,.F.);
#7528=ORIENTED_EDGE('',*,*,#5747,.F.);
#7529=ORIENTED_EDGE('',*,*,#5754,.T.);
#7530=ORIENTED_EDGE('',*,*,#5755,.T.);
#7531=ORIENTED_EDGE('',*,*,#5465,.F.);
#7532=ORIENTED_EDGE('',*,*,#5756,.F.);
#7533=ORIENTED_EDGE('',*,*,#5757,.T.);
#7534=ORIENTED_EDGE('',*,*,#5756,.T.);
#7535=ORIENTED_EDGE('',*,*,#5464,.F.);
#7536=ORIENTED_EDGE('',*,*,#5758,.F.);
#7537=ORIENTED_EDGE('',*,*,#5759,.T.);
#7538=ORIENTED_EDGE('',*,*,#5758,.T.);
#7539=ORIENTED_EDGE('',*,*,#5463,.F.);
#7540=ORIENTED_EDGE('',*,*,#5760,.F.);
#7541=ORIENTED_EDGE('',*,*,#5761,.T.);
#7542=ORIENTED_EDGE('',*,*,#5760,.T.);
#7543=ORIENTED_EDGE('',*,*,#5462,.F.);
#7544=ORIENTED_EDGE('',*,*,#5755,.F.);
#7545=ORIENTED_EDGE('',*,*,#5489,.F.);
#7546=ORIENTED_EDGE('',*,*,#5762,.F.);
#7547=ORIENTED_EDGE('',*,*,#5763,.F.);
#7548=ORIENTED_EDGE('',*,*,#5764,.T.);
#7549=ORIENTED_EDGE('',*,*,#5491,.F.);
#7550=ORIENTED_EDGE('',*,*,#5765,.F.);
#7551=ORIENTED_EDGE('',*,*,#5766,.F.);
#7552=ORIENTED_EDGE('',*,*,#5762,.T.);
#7553=ORIENTED_EDGE('',*,*,#5492,.F.);
#7554=ORIENTED_EDGE('',*,*,#5767,.F.);
#7555=ORIENTED_EDGE('',*,*,#5768,.F.);
#7556=ORIENTED_EDGE('',*,*,#5765,.T.);
#7557=ORIENTED_EDGE('',*,*,#5494,.F.);
#7558=ORIENTED_EDGE('',*,*,#5769,.F.);
#7559=ORIENTED_EDGE('',*,*,#5770,.F.);
#7560=ORIENTED_EDGE('',*,*,#5767,.T.);
#7561=ORIENTED_EDGE('',*,*,#5496,.F.);
#7562=ORIENTED_EDGE('',*,*,#5771,.F.);
#7563=ORIENTED_EDGE('',*,*,#5772,.T.);
#7564=ORIENTED_EDGE('',*,*,#5769,.T.);
#7565=ORIENTED_EDGE('',*,*,#5498,.F.);
#7566=ORIENTED_EDGE('',*,*,#5773,.F.);
#7567=ORIENTED_EDGE('',*,*,#5774,.F.);
#7568=ORIENTED_EDGE('',*,*,#5771,.T.);
#7569=ORIENTED_EDGE('',*,*,#5500,.F.);
#7570=ORIENTED_EDGE('',*,*,#5775,.F.);
#7571=ORIENTED_EDGE('',*,*,#5776,.F.);
#7572=ORIENTED_EDGE('',*,*,#5773,.T.);
#7573=ORIENTED_EDGE('',*,*,#5502,.F.);
#7574=ORIENTED_EDGE('',*,*,#5777,.F.);
#7575=ORIENTED_EDGE('',*,*,#5778,.F.);
#7576=ORIENTED_EDGE('',*,*,#5775,.T.);
#7577=ORIENTED_EDGE('',*,*,#5504,.F.);
#7578=ORIENTED_EDGE('',*,*,#5779,.F.);
#7579=ORIENTED_EDGE('',*,*,#5780,.F.);
#7580=ORIENTED_EDGE('',*,*,#5777,.T.);
#7581=ORIENTED_EDGE('',*,*,#5506,.F.);
#7582=ORIENTED_EDGE('',*,*,#5781,.F.);
#7583=ORIENTED_EDGE('',*,*,#5782,.F.);
#7584=ORIENTED_EDGE('',*,*,#5779,.T.);
#7585=ORIENTED_EDGE('',*,*,#5508,.F.);
#7586=ORIENTED_EDGE('',*,*,#5783,.F.);
#7587=ORIENTED_EDGE('',*,*,#5784,.F.);
#7588=ORIENTED_EDGE('',*,*,#5781,.T.);
#7589=ORIENTED_EDGE('',*,*,#5510,.F.);
#7590=ORIENTED_EDGE('',*,*,#5475,.F.);
#7591=ORIENTED_EDGE('',*,*,#5785,.F.);
#7592=ORIENTED_EDGE('',*,*,#5783,.T.);
#7593=ORIENTED_EDGE('',*,*,#5479,.F.);
#7594=ORIENTED_EDGE('',*,*,#5786,.F.);
#7595=ORIENTED_EDGE('',*,*,#5787,.F.);
#7596=ORIENTED_EDGE('',*,*,#5476,.T.);
#7597=ORIENTED_EDGE('',*,*,#5481,.F.);
#7598=ORIENTED_EDGE('',*,*,#5788,.F.);
#7599=ORIENTED_EDGE('',*,*,#5789,.F.);
#7600=ORIENTED_EDGE('',*,*,#5786,.T.);
#7601=ORIENTED_EDGE('',*,*,#5482,.F.);
#7602=ORIENTED_EDGE('',*,*,#5790,.F.);
#7603=ORIENTED_EDGE('',*,*,#5791,.F.);
#7604=ORIENTED_EDGE('',*,*,#5788,.T.);
#7605=ORIENTED_EDGE('',*,*,#5466,.F.);
#7606=ORIENTED_EDGE('',*,*,#5485,.F.);
#7607=ORIENTED_EDGE('',*,*,#5792,.F.);
#7608=ORIENTED_EDGE('',*,*,#5790,.T.);
#7609=ORIENTED_EDGE('',*,*,#5319,.F.);
#7610=ORIENTED_EDGE('',*,*,#5513,.F.);
#7611=ORIENTED_EDGE('',*,*,#5793,.T.);
#7612=ORIENTED_EDGE('',*,*,#5483,.T.);
#7613=ORIENTED_EDGE('',*,*,#5487,.F.);
#7614=ORIENTED_EDGE('',*,*,#5764,.F.);
#7615=ORIENTED_EDGE('',*,*,#5794,.T.);
#7616=ORIENTED_EDGE('',*,*,#5511,.T.);
#7617=ORIENTED_EDGE('',*,*,#5794,.F.);
#7618=ORIENTED_EDGE('',*,*,#5763,.T.);
#7619=ORIENTED_EDGE('',*,*,#5766,.T.);
#7620=ORIENTED_EDGE('',*,*,#5768,.T.);
#7621=ORIENTED_EDGE('',*,*,#5770,.T.);
#7622=ORIENTED_EDGE('',*,*,#5772,.F.);
#7623=ORIENTED_EDGE('',*,*,#5774,.T.);
#7624=ORIENTED_EDGE('',*,*,#5776,.T.);
#7625=ORIENTED_EDGE('',*,*,#5778,.T.);
#7626=ORIENTED_EDGE('',*,*,#5780,.T.);
#7627=ORIENTED_EDGE('',*,*,#5782,.T.);
#7628=ORIENTED_EDGE('',*,*,#5784,.T.);
#7629=ORIENTED_EDGE('',*,*,#5785,.T.);
#7630=ORIENTED_EDGE('',*,*,#5474,.T.);
#7631=ORIENTED_EDGE('',*,*,#5477,.T.);
#7632=ORIENTED_EDGE('',*,*,#5787,.T.);
#7633=ORIENTED_EDGE('',*,*,#5789,.T.);
#7634=ORIENTED_EDGE('',*,*,#5791,.T.);
#7635=ORIENTED_EDGE('',*,*,#5792,.T.);
#7636=ORIENTED_EDGE('',*,*,#5484,.T.);
#7637=ORIENTED_EDGE('',*,*,#5793,.F.);
#7638=ORIENTED_EDGE('',*,*,#5512,.F.);
#7639=ORIENTED_EDGE('',*,*,#5761,.F.);
#7640=ORIENTED_EDGE('',*,*,#5754,.F.);
#7641=ORIENTED_EDGE('',*,*,#5757,.F.);
#7642=ORIENTED_EDGE('',*,*,#5759,.F.);
#7643=ORIENTED_EDGE('',*,*,#5753,.F.);
#7644=ORIENTED_EDGE('',*,*,#5746,.F.);
#7645=ORIENTED_EDGE('',*,*,#5749,.F.);
#7646=ORIENTED_EDGE('',*,*,#5751,.F.);
#7647=ORIENTED_EDGE('',*,*,#5745,.F.);
#7648=ORIENTED_EDGE('',*,*,#5738,.F.);
#7649=ORIENTED_EDGE('',*,*,#5741,.F.);
#7650=ORIENTED_EDGE('',*,*,#5743,.F.);
#7651=ORIENTED_EDGE('',*,*,#5737,.F.);
#7652=ORIENTED_EDGE('',*,*,#5735,.F.);
#7653=ORIENTED_EDGE('',*,*,#5728,.F.);
#7654=ORIENTED_EDGE('',*,*,#5731,.F.);
#7655=ORIENTED_EDGE('',*,*,#5733,.F.);
#7656=ORIENTED_EDGE('',*,*,#5727,.F.);
#7657=ORIENTED_EDGE('',*,*,#5720,.F.);
#7658=ORIENTED_EDGE('',*,*,#5723,.F.);
#7659=ORIENTED_EDGE('',*,*,#5725,.F.);
#7660=ORIENTED_EDGE('',*,*,#5719,.F.);
#7661=ORIENTED_EDGE('',*,*,#5712,.F.);
#7662=ORIENTED_EDGE('',*,*,#5715,.F.);
#7663=ORIENTED_EDGE('',*,*,#5717,.F.);
#7664=ORIENTED_EDGE('',*,*,#5711,.F.);
#7665=ORIENTED_EDGE('',*,*,#5709,.F.);
#7666=ORIENTED_EDGE('',*,*,#5646,.F.);
#7667=ORIENTED_EDGE('',*,*,#5649,.F.);
#7668=ORIENTED_EDGE('',*,*,#5651,.F.);
#7669=ORIENTED_EDGE('',*,*,#5653,.F.);
#7670=ORIENTED_EDGE('',*,*,#5655,.F.);
#7671=ORIENTED_EDGE('',*,*,#5657,.F.);
#7672=ORIENTED_EDGE('',*,*,#5659,.F.);
#7673=ORIENTED_EDGE('',*,*,#5661,.F.);
#7674=ORIENTED_EDGE('',*,*,#5663,.F.);
#7675=ORIENTED_EDGE('',*,*,#5665,.F.);
#7676=ORIENTED_EDGE('',*,*,#5667,.F.);
#7677=ORIENTED_EDGE('',*,*,#5669,.F.);
#7678=ORIENTED_EDGE('',*,*,#5671,.F.);
#7679=ORIENTED_EDGE('',*,*,#5673,.F.);
#7680=ORIENTED_EDGE('',*,*,#5675,.F.);
#7681=ORIENTED_EDGE('',*,*,#5677,.F.);
#7682=ORIENTED_EDGE('',*,*,#5679,.F.);
#7683=ORIENTED_EDGE('',*,*,#5681,.F.);
#7684=ORIENTED_EDGE('',*,*,#5683,.F.);
#7685=ORIENTED_EDGE('',*,*,#5685,.F.);
#7686=ORIENTED_EDGE('',*,*,#5687,.F.);
#7687=ORIENTED_EDGE('',*,*,#5689,.F.);
#7688=ORIENTED_EDGE('',*,*,#5691,.F.);
#7689=ORIENTED_EDGE('',*,*,#5693,.F.);
#7690=ORIENTED_EDGE('',*,*,#5695,.F.);
#7691=ORIENTED_EDGE('',*,*,#5697,.F.);
#7692=ORIENTED_EDGE('',*,*,#5699,.F.);
#7693=ORIENTED_EDGE('',*,*,#5701,.F.);
#7694=ORIENTED_EDGE('',*,*,#5703,.F.);
#7695=ORIENTED_EDGE('',*,*,#5705,.F.);
#7696=ORIENTED_EDGE('',*,*,#5707,.F.);
#7697=ORIENTED_EDGE('',*,*,#5645,.F.);
#7698=ORIENTED_EDGE('',*,*,#5638,.F.);
#7699=ORIENTED_EDGE('',*,*,#5641,.F.);
#7700=ORIENTED_EDGE('',*,*,#5643,.F.);
#7701=ORIENTED_EDGE('',*,*,#5637,.F.);
#7702=ORIENTED_EDGE('',*,*,#5630,.F.);
#7703=ORIENTED_EDGE('',*,*,#5633,.F.);
#7704=ORIENTED_EDGE('',*,*,#5635,.F.);
#7705=ORIENTED_EDGE('',*,*,#5629,.F.);
#7706=ORIENTED_EDGE('',*,*,#5622,.F.);
#7707=ORIENTED_EDGE('',*,*,#5625,.F.);
#7708=ORIENTED_EDGE('',*,*,#5627,.F.);
#7709=ORIENTED_EDGE('',*,*,#5621,.F.);
#7710=ORIENTED_EDGE('',*,*,#5619,.F.);
#7711=ORIENTED_EDGE('',*,*,#5612,.F.);
#7712=ORIENTED_EDGE('',*,*,#5615,.F.);
#7713=ORIENTED_EDGE('',*,*,#5617,.F.);
#7714=ORIENTED_EDGE('',*,*,#5611,.F.);
#7715=ORIENTED_EDGE('',*,*,#5604,.F.);
#7716=ORIENTED_EDGE('',*,*,#5607,.F.);
#7717=ORIENTED_EDGE('',*,*,#5609,.F.);
#7718=ORIENTED_EDGE('',*,*,#5603,.F.);
#7719=ORIENTED_EDGE('',*,*,#5601,.F.);
#7720=ORIENTED_EDGE('',*,*,#5594,.F.);
#7721=ORIENTED_EDGE('',*,*,#5597,.F.);
#7722=ORIENTED_EDGE('',*,*,#5599,.F.);
#7723=ORIENTED_EDGE('',*,*,#5593,.F.);
#7724=ORIENTED_EDGE('',*,*,#5586,.F.);
#7725=ORIENTED_EDGE('',*,*,#5589,.F.);
#7726=ORIENTED_EDGE('',*,*,#5591,.F.);
#7727=ORIENTED_EDGE('',*,*,#5585,.F.);
#7728=ORIENTED_EDGE('',*,*,#5578,.F.);
#7729=ORIENTED_EDGE('',*,*,#5581,.F.);
#7730=ORIENTED_EDGE('',*,*,#5583,.F.);
#7731=ORIENTED_EDGE('',*,*,#5577,.F.);
#7732=ORIENTED_EDGE('',*,*,#5570,.F.);
#7733=ORIENTED_EDGE('',*,*,#5573,.F.);
#7734=ORIENTED_EDGE('',*,*,#5575,.F.);
#7735=ORIENTED_EDGE('',*,*,#5569,.F.);
#7736=ORIENTED_EDGE('',*,*,#5562,.F.);
#7737=ORIENTED_EDGE('',*,*,#5565,.F.);
#7738=ORIENTED_EDGE('',*,*,#5567,.F.);
#7739=ORIENTED_EDGE('',*,*,#5561,.F.);
#7740=ORIENTED_EDGE('',*,*,#5554,.F.);
#7741=ORIENTED_EDGE('',*,*,#5557,.F.);
#7742=ORIENTED_EDGE('',*,*,#5559,.F.);
#7743=ORIENTED_EDGE('',*,*,#5553,.F.);
#7744=ORIENTED_EDGE('',*,*,#5550,.F.);
#7745=ORIENTED_EDGE('',*,*,#5549,.F.);
#7746=ORIENTED_EDGE('',*,*,#5542,.F.);
#7747=ORIENTED_EDGE('',*,*,#5545,.F.);
#7748=ORIENTED_EDGE('',*,*,#5547,.F.);
#7749=ORIENTED_EDGE('',*,*,#5541,.F.);
#7750=ORIENTED_EDGE('',*,*,#5538,.F.);
#7751=ORIENTED_EDGE('',*,*,#5537,.F.);
#7752=ORIENTED_EDGE('',*,*,#5530,.F.);
#7753=ORIENTED_EDGE('',*,*,#5533,.F.);
#7754=ORIENTED_EDGE('',*,*,#5535,.F.);
#7755=ORIENTED_EDGE('',*,*,#5529,.F.);
#7756=ORIENTED_EDGE('',*,*,#5522,.F.);
#7757=ORIENTED_EDGE('',*,*,#5525,.F.);
#7758=ORIENTED_EDGE('',*,*,#5527,.F.);
#7759=ORIENTED_EDGE('',*,*,#5521,.F.);
#7760=ORIENTED_EDGE('',*,*,#5514,.F.);
#7761=ORIENTED_EDGE('',*,*,#5517,.F.);
#7762=ORIENTED_EDGE('',*,*,#5519,.F.);
#7763=ORIENTED_EDGE('',*,*,#5795,.F.);
#7764=ORIENTED_EDGE('',*,*,#5796,.T.);
#7765=ORIENTED_EDGE('',*,*,#5797,.F.);
#7766=ORIENTED_EDGE('',*,*,#5798,.F.);
#7767=ORIENTED_EDGE('',*,*,#5799,.T.);
#7768=ORIENTED_EDGE('',*,*,#5798,.T.);
#7769=ORIENTED_EDGE('',*,*,#5800,.F.);
#7770=ORIENTED_EDGE('',*,*,#5796,.F.);
#7771=ORIENTED_EDGE('',*,*,#5800,.T.);
#7772=ORIENTED_EDGE('',*,*,#5797,.T.);
#7773=ORIENTED_EDGE('',*,*,#5799,.F.);
#7774=ORIENTED_EDGE('',*,*,#5795,.T.);
#7775=ORIENTED_EDGE('',*,*,#5801,.F.);
#7776=ORIENTED_EDGE('',*,*,#5802,.T.);
#7777=ORIENTED_EDGE('',*,*,#5803,.F.);
#7778=ORIENTED_EDGE('',*,*,#5804,.F.);
#7779=ORIENTED_EDGE('',*,*,#5805,.T.);
#7780=ORIENTED_EDGE('',*,*,#5804,.T.);
#7781=ORIENTED_EDGE('',*,*,#5806,.F.);
#7782=ORIENTED_EDGE('',*,*,#5802,.F.);
#7783=ORIENTED_EDGE('',*,*,#5806,.T.);
#7784=ORIENTED_EDGE('',*,*,#5803,.T.);
#7785=ORIENTED_EDGE('',*,*,#5805,.F.);
#7786=ORIENTED_EDGE('',*,*,#5801,.T.);
#7787=ORIENTED_EDGE('',*,*,#5807,.T.);
#7788=ORIENTED_EDGE('',*,*,#5808,.T.);
#7789=ORIENTED_EDGE('',*,*,#5809,.F.);
#7790=ORIENTED_EDGE('',*,*,#5810,.F.);
#7791=ORIENTED_EDGE('',*,*,#5811,.T.);
#7792=ORIENTED_EDGE('',*,*,#5810,.T.);
#7793=ORIENTED_EDGE('',*,*,#5812,.F.);
#7794=ORIENTED_EDGE('',*,*,#5808,.F.);
#7795=ORIENTED_EDGE('',*,*,#5813,.F.);
#7796=ORIENTED_EDGE('',*,*,#5814,.T.);
#7797=ORIENTED_EDGE('',*,*,#5815,.F.);
#7798=ORIENTED_EDGE('',*,*,#5814,.F.);
#7799=ORIENTED_EDGE('',*,*,#5813,.T.);
#7800=ORIENTED_EDGE('',*,*,#5812,.T.);
#7801=ORIENTED_EDGE('',*,*,#5809,.T.);
#7802=ORIENTED_EDGE('',*,*,#5815,.T.);
#7803=ORIENTED_EDGE('',*,*,#5811,.F.);
#7804=ORIENTED_EDGE('',*,*,#5807,.F.);
#7805=ORIENTED_EDGE('',*,*,#5816,.T.);
#7806=ORIENTED_EDGE('',*,*,#5817,.T.);
#7807=ORIENTED_EDGE('',*,*,#5818,.F.);
#7808=ORIENTED_EDGE('',*,*,#5819,.F.);
#7809=ORIENTED_EDGE('',*,*,#5820,.T.);
#7810=ORIENTED_EDGE('',*,*,#5819,.T.);
#7811=ORIENTED_EDGE('',*,*,#5821,.F.);
#7812=ORIENTED_EDGE('',*,*,#5817,.F.);
#7813=ORIENTED_EDGE('',*,*,#5822,.F.);
#7814=ORIENTED_EDGE('',*,*,#5823,.T.);
#7815=ORIENTED_EDGE('',*,*,#5824,.F.);
#7816=ORIENTED_EDGE('',*,*,#5823,.F.);
#7817=ORIENTED_EDGE('',*,*,#5822,.T.);
#7818=ORIENTED_EDGE('',*,*,#5821,.T.);
#7819=ORIENTED_EDGE('',*,*,#5818,.T.);
#7820=ORIENTED_EDGE('',*,*,#5824,.T.);
#7821=ORIENTED_EDGE('',*,*,#5820,.F.);
#7822=ORIENTED_EDGE('',*,*,#5816,.F.);
#7823=ORIENTED_EDGE('',*,*,#5825,.T.);
#7824=ORIENTED_EDGE('',*,*,#5826,.T.);
#7825=ORIENTED_EDGE('',*,*,#5827,.F.);
#7826=ORIENTED_EDGE('',*,*,#5828,.F.);
#7827=ORIENTED_EDGE('',*,*,#5829,.T.);
#7828=ORIENTED_EDGE('',*,*,#5828,.T.);
#7829=ORIENTED_EDGE('',*,*,#5830,.F.);
#7830=ORIENTED_EDGE('',*,*,#5826,.F.);
#7831=ORIENTED_EDGE('',*,*,#5831,.F.);
#7832=ORIENTED_EDGE('',*,*,#5832,.T.);
#7833=ORIENTED_EDGE('',*,*,#5833,.F.);
#7834=ORIENTED_EDGE('',*,*,#5832,.F.);
#7835=ORIENTED_EDGE('',*,*,#5831,.T.);
#7836=ORIENTED_EDGE('',*,*,#5830,.T.);
#7837=ORIENTED_EDGE('',*,*,#5827,.T.);
#7838=ORIENTED_EDGE('',*,*,#5833,.T.);
#7839=ORIENTED_EDGE('',*,*,#5829,.F.);
#7840=ORIENTED_EDGE('',*,*,#5825,.F.);
#7841=ORIENTED_EDGE('',*,*,#5834,.T.);
#7842=ORIENTED_EDGE('',*,*,#5835,.T.);
#7843=ORIENTED_EDGE('',*,*,#5836,.F.);
#7844=ORIENTED_EDGE('',*,*,#5837,.F.);
#7845=ORIENTED_EDGE('',*,*,#5838,.T.);
#7846=ORIENTED_EDGE('',*,*,#5837,.T.);
#7847=ORIENTED_EDGE('',*,*,#5839,.F.);
#7848=ORIENTED_EDGE('',*,*,#5835,.F.);
#7849=ORIENTED_EDGE('',*,*,#5840,.F.);
#7850=ORIENTED_EDGE('',*,*,#5841,.T.);
#7851=ORIENTED_EDGE('',*,*,#5842,.F.);
#7852=ORIENTED_EDGE('',*,*,#5841,.F.);
#7853=ORIENTED_EDGE('',*,*,#5840,.T.);
#7854=ORIENTED_EDGE('',*,*,#5839,.T.);
#7855=ORIENTED_EDGE('',*,*,#5836,.T.);
#7856=ORIENTED_EDGE('',*,*,#5842,.T.);
#7857=ORIENTED_EDGE('',*,*,#5838,.F.);
#7858=ORIENTED_EDGE('',*,*,#5834,.F.);
#7859=ORIENTED_EDGE('',*,*,#5843,.F.);
#7860=ORIENTED_EDGE('',*,*,#5844,.T.);
#7861=ORIENTED_EDGE('',*,*,#5845,.F.);
#7862=ORIENTED_EDGE('',*,*,#5846,.F.);
#7863=ORIENTED_EDGE('',*,*,#5847,.F.);
#7864=ORIENTED_EDGE('',*,*,#5846,.T.);
#7865=ORIENTED_EDGE('',*,*,#5848,.F.);
#7866=ORIENTED_EDGE('',*,*,#5849,.F.);
#7867=ORIENTED_EDGE('',*,*,#5850,.F.);
#7868=ORIENTED_EDGE('',*,*,#5849,.T.);
#7869=ORIENTED_EDGE('',*,*,#5851,.F.);
#7870=ORIENTED_EDGE('',*,*,#5852,.F.);
#7871=ORIENTED_EDGE('',*,*,#5853,.F.);
#7872=ORIENTED_EDGE('',*,*,#5852,.T.);
#7873=ORIENTED_EDGE('',*,*,#5854,.F.);
#7874=ORIENTED_EDGE('',*,*,#5855,.F.);
#7875=ORIENTED_EDGE('',*,*,#5856,.F.);
#7876=ORIENTED_EDGE('',*,*,#5855,.T.);
#7877=ORIENTED_EDGE('',*,*,#5857,.F.);
#7878=ORIENTED_EDGE('',*,*,#5858,.F.);
#7879=ORIENTED_EDGE('',*,*,#5859,.F.);
#7880=ORIENTED_EDGE('',*,*,#5858,.T.);
#7881=ORIENTED_EDGE('',*,*,#5860,.F.);
#7882=ORIENTED_EDGE('',*,*,#5861,.F.);
#7883=ORIENTED_EDGE('',*,*,#5862,.F.);
#7884=ORIENTED_EDGE('',*,*,#5861,.T.);
#7885=ORIENTED_EDGE('',*,*,#5863,.F.);
#7886=ORIENTED_EDGE('',*,*,#5864,.F.);
#7887=ORIENTED_EDGE('',*,*,#5865,.F.);
#7888=ORIENTED_EDGE('',*,*,#5864,.T.);
#7889=ORIENTED_EDGE('',*,*,#5866,.F.);
#7890=ORIENTED_EDGE('',*,*,#5867,.F.);
#7891=ORIENTED_EDGE('',*,*,#5868,.F.);
#7892=ORIENTED_EDGE('',*,*,#5867,.T.);
#7893=ORIENTED_EDGE('',*,*,#5869,.F.);
#7894=ORIENTED_EDGE('',*,*,#5870,.F.);
#7895=ORIENTED_EDGE('',*,*,#5871,.F.);
#7896=ORIENTED_EDGE('',*,*,#5870,.T.);
#7897=ORIENTED_EDGE('',*,*,#5872,.F.);
#7898=ORIENTED_EDGE('',*,*,#5873,.F.);
#7899=ORIENTED_EDGE('',*,*,#5874,.F.);
#7900=ORIENTED_EDGE('',*,*,#5873,.T.);
#7901=ORIENTED_EDGE('',*,*,#5875,.F.);
#7902=ORIENTED_EDGE('',*,*,#5876,.F.);
#7903=ORIENTED_EDGE('',*,*,#5877,.F.);
#7904=ORIENTED_EDGE('',*,*,#5876,.T.);
#7905=ORIENTED_EDGE('',*,*,#5878,.F.);
#7906=ORIENTED_EDGE('',*,*,#5879,.F.);
#7907=ORIENTED_EDGE('',*,*,#5880,.F.);
#7908=ORIENTED_EDGE('',*,*,#5879,.T.);
#7909=ORIENTED_EDGE('',*,*,#5881,.F.);
#7910=ORIENTED_EDGE('',*,*,#5882,.F.);
#7911=ORIENTED_EDGE('',*,*,#5883,.F.);
#7912=ORIENTED_EDGE('',*,*,#5882,.T.);
#7913=ORIENTED_EDGE('',*,*,#5884,.F.);
#7914=ORIENTED_EDGE('',*,*,#5885,.F.);
#7915=ORIENTED_EDGE('',*,*,#5886,.F.);
#7916=ORIENTED_EDGE('',*,*,#5885,.T.);
#7917=ORIENTED_EDGE('',*,*,#5887,.F.);
#7918=ORIENTED_EDGE('',*,*,#5888,.F.);
#7919=ORIENTED_EDGE('',*,*,#5889,.F.);
#7920=ORIENTED_EDGE('',*,*,#5888,.T.);
#7921=ORIENTED_EDGE('',*,*,#5890,.F.);
#7922=ORIENTED_EDGE('',*,*,#5891,.F.);
#7923=ORIENTED_EDGE('',*,*,#5892,.F.);
#7924=ORIENTED_EDGE('',*,*,#5891,.T.);
#7925=ORIENTED_EDGE('',*,*,#5893,.F.);
#7926=ORIENTED_EDGE('',*,*,#5894,.F.);
#7927=ORIENTED_EDGE('',*,*,#5895,.F.);
#7928=ORIENTED_EDGE('',*,*,#5894,.T.);
#7929=ORIENTED_EDGE('',*,*,#5896,.F.);
#7930=ORIENTED_EDGE('',*,*,#5897,.F.);
#7931=ORIENTED_EDGE('',*,*,#5898,.F.);
#7932=ORIENTED_EDGE('',*,*,#5897,.T.);
#7933=ORIENTED_EDGE('',*,*,#5899,.F.);
#7934=ORIENTED_EDGE('',*,*,#5900,.F.);
#7935=ORIENTED_EDGE('',*,*,#5901,.F.);
#7936=ORIENTED_EDGE('',*,*,#5900,.T.);
#7937=ORIENTED_EDGE('',*,*,#5902,.F.);
#7938=ORIENTED_EDGE('',*,*,#5903,.F.);
#7939=ORIENTED_EDGE('',*,*,#5904,.F.);
#7940=ORIENTED_EDGE('',*,*,#5903,.T.);
#7941=ORIENTED_EDGE('',*,*,#5905,.F.);
#7942=ORIENTED_EDGE('',*,*,#5906,.F.);
#7943=ORIENTED_EDGE('',*,*,#5907,.F.);
#7944=ORIENTED_EDGE('',*,*,#5906,.T.);
#7945=ORIENTED_EDGE('',*,*,#5908,.F.);
#7946=ORIENTED_EDGE('',*,*,#5909,.F.);
#7947=ORIENTED_EDGE('',*,*,#5910,.F.);
#7948=ORIENTED_EDGE('',*,*,#5909,.T.);
#7949=ORIENTED_EDGE('',*,*,#5911,.F.);
#7950=ORIENTED_EDGE('',*,*,#5844,.F.);
#7951=ORIENTED_EDGE('',*,*,#5912,.F.);
#7952=ORIENTED_EDGE('',*,*,#5913,.T.);
#7953=ORIENTED_EDGE('',*,*,#5914,.F.);
#7954=ORIENTED_EDGE('',*,*,#5915,.F.);
#7955=ORIENTED_EDGE('',*,*,#5916,.F.);
#7956=ORIENTED_EDGE('',*,*,#5915,.T.);
#7957=ORIENTED_EDGE('',*,*,#5917,.F.);
#7958=ORIENTED_EDGE('',*,*,#5918,.F.);
#7959=ORIENTED_EDGE('',*,*,#5919,.T.);
#7960=ORIENTED_EDGE('',*,*,#5918,.T.);
#7961=ORIENTED_EDGE('',*,*,#5920,.F.);
#7962=ORIENTED_EDGE('',*,*,#5921,.F.);
#7963=ORIENTED_EDGE('',*,*,#5922,.T.);
#7964=ORIENTED_EDGE('',*,*,#5921,.T.);
#7965=ORIENTED_EDGE('',*,*,#5923,.F.);
#7966=ORIENTED_EDGE('',*,*,#5924,.F.);
#7967=ORIENTED_EDGE('',*,*,#5925,.T.);
#7968=ORIENTED_EDGE('',*,*,#5924,.T.);
#7969=ORIENTED_EDGE('',*,*,#5926,.F.);
#7970=ORIENTED_EDGE('',*,*,#5927,.F.);
#7971=ORIENTED_EDGE('',*,*,#5928,.T.);
#7972=ORIENTED_EDGE('',*,*,#5927,.T.);
#7973=ORIENTED_EDGE('',*,*,#5929,.F.);
#7974=ORIENTED_EDGE('',*,*,#5930,.F.);
#7975=ORIENTED_EDGE('',*,*,#5931,.T.);
#7976=ORIENTED_EDGE('',*,*,#5930,.T.);
#7977=ORIENTED_EDGE('',*,*,#5932,.F.);
#7978=ORIENTED_EDGE('',*,*,#5933,.F.);
#7979=ORIENTED_EDGE('',*,*,#5934,.T.);
#7980=ORIENTED_EDGE('',*,*,#5933,.T.);
#7981=ORIENTED_EDGE('',*,*,#5935,.F.);
#7982=ORIENTED_EDGE('',*,*,#5936,.F.);
#7983=ORIENTED_EDGE('',*,*,#5937,.T.);
#7984=ORIENTED_EDGE('',*,*,#5936,.T.);
#7985=ORIENTED_EDGE('',*,*,#5938,.F.);
#7986=ORIENTED_EDGE('',*,*,#5939,.F.);
#7987=ORIENTED_EDGE('',*,*,#5940,.T.);
#7988=ORIENTED_EDGE('',*,*,#5939,.T.);
#7989=ORIENTED_EDGE('',*,*,#5941,.F.);
#7990=ORIENTED_EDGE('',*,*,#5942,.F.);
#7991=ORIENTED_EDGE('',*,*,#5943,.T.);
#7992=ORIENTED_EDGE('',*,*,#5942,.T.);
#7993=ORIENTED_EDGE('',*,*,#5944,.F.);
#7994=ORIENTED_EDGE('',*,*,#5945,.F.);
#7995=ORIENTED_EDGE('',*,*,#5946,.T.);
#7996=ORIENTED_EDGE('',*,*,#5945,.T.);
#7997=ORIENTED_EDGE('',*,*,#5947,.F.);
#7998=ORIENTED_EDGE('',*,*,#5948,.F.);
#7999=ORIENTED_EDGE('',*,*,#5949,.T.);
#8000=ORIENTED_EDGE('',*,*,#5948,.T.);
#8001=ORIENTED_EDGE('',*,*,#5950,.F.);
#8002=ORIENTED_EDGE('',*,*,#5951,.F.);
#8003=ORIENTED_EDGE('',*,*,#5952,.T.);
#8004=ORIENTED_EDGE('',*,*,#5951,.T.);
#8005=ORIENTED_EDGE('',*,*,#5953,.F.);
#8006=ORIENTED_EDGE('',*,*,#5954,.F.);
#8007=ORIENTED_EDGE('',*,*,#5955,.T.);
#8008=ORIENTED_EDGE('',*,*,#5954,.T.);
#8009=ORIENTED_EDGE('',*,*,#5956,.F.);
#8010=ORIENTED_EDGE('',*,*,#5957,.F.);
#8011=ORIENTED_EDGE('',*,*,#5958,.T.);
#8012=ORIENTED_EDGE('',*,*,#5957,.T.);
#8013=ORIENTED_EDGE('',*,*,#5959,.F.);
#8014=ORIENTED_EDGE('',*,*,#5960,.F.);
#8015=ORIENTED_EDGE('',*,*,#5961,.F.);
#8016=ORIENTED_EDGE('',*,*,#5960,.T.);
#8017=ORIENTED_EDGE('',*,*,#5962,.F.);
#8018=ORIENTED_EDGE('',*,*,#5963,.F.);
#8019=ORIENTED_EDGE('',*,*,#5964,.T.);
#8020=ORIENTED_EDGE('',*,*,#5963,.T.);
#8021=ORIENTED_EDGE('',*,*,#5965,.F.);
#8022=ORIENTED_EDGE('',*,*,#5966,.F.);
#8023=ORIENTED_EDGE('',*,*,#5967,.T.);
#8024=ORIENTED_EDGE('',*,*,#5966,.T.);
#8025=ORIENTED_EDGE('',*,*,#5968,.F.);
#8026=ORIENTED_EDGE('',*,*,#5969,.F.);
#8027=ORIENTED_EDGE('',*,*,#5970,.T.);
#8028=ORIENTED_EDGE('',*,*,#5969,.T.);
#8029=ORIENTED_EDGE('',*,*,#5971,.F.);
#8030=ORIENTED_EDGE('',*,*,#5972,.F.);
#8031=ORIENTED_EDGE('',*,*,#5973,.T.);
#8032=ORIENTED_EDGE('',*,*,#5972,.T.);
#8033=ORIENTED_EDGE('',*,*,#5974,.F.);
#8034=ORIENTED_EDGE('',*,*,#5975,.F.);
#8035=ORIENTED_EDGE('',*,*,#5976,.F.);
#8036=ORIENTED_EDGE('',*,*,#5975,.T.);
#8037=ORIENTED_EDGE('',*,*,#5977,.F.);
#8038=ORIENTED_EDGE('',*,*,#5913,.F.);
#8039=ORIENTED_EDGE('',*,*,#5976,.T.);
#8040=ORIENTED_EDGE('',*,*,#5912,.T.);
#8041=ORIENTED_EDGE('',*,*,#5916,.T.);
#8042=ORIENTED_EDGE('',*,*,#5919,.F.);
#8043=ORIENTED_EDGE('',*,*,#5922,.F.);
#8044=ORIENTED_EDGE('',*,*,#5925,.F.);
#8045=ORIENTED_EDGE('',*,*,#5928,.F.);
#8046=ORIENTED_EDGE('',*,*,#5931,.F.);
#8047=ORIENTED_EDGE('',*,*,#5934,.F.);
#8048=ORIENTED_EDGE('',*,*,#5937,.F.);
#8049=ORIENTED_EDGE('',*,*,#5940,.F.);
#8050=ORIENTED_EDGE('',*,*,#5943,.F.);
#8051=ORIENTED_EDGE('',*,*,#5946,.F.);
#8052=ORIENTED_EDGE('',*,*,#5949,.F.);
#8053=ORIENTED_EDGE('',*,*,#5952,.F.);
#8054=ORIENTED_EDGE('',*,*,#5955,.F.);
#8055=ORIENTED_EDGE('',*,*,#5958,.F.);
#8056=ORIENTED_EDGE('',*,*,#5961,.T.);
#8057=ORIENTED_EDGE('',*,*,#5964,.F.);
#8058=ORIENTED_EDGE('',*,*,#5967,.F.);
#8059=ORIENTED_EDGE('',*,*,#5970,.F.);
#8060=ORIENTED_EDGE('',*,*,#5973,.F.);
#8061=ORIENTED_EDGE('',*,*,#5910,.T.);
#8062=ORIENTED_EDGE('',*,*,#5843,.T.);
#8063=ORIENTED_EDGE('',*,*,#5847,.T.);
#8064=ORIENTED_EDGE('',*,*,#5850,.T.);
#8065=ORIENTED_EDGE('',*,*,#5853,.T.);
#8066=ORIENTED_EDGE('',*,*,#5856,.T.);
#8067=ORIENTED_EDGE('',*,*,#5859,.T.);
#8068=ORIENTED_EDGE('',*,*,#5862,.T.);
#8069=ORIENTED_EDGE('',*,*,#5865,.T.);
#8070=ORIENTED_EDGE('',*,*,#5868,.T.);
#8071=ORIENTED_EDGE('',*,*,#5871,.T.);
#8072=ORIENTED_EDGE('',*,*,#5874,.T.);
#8073=ORIENTED_EDGE('',*,*,#5877,.T.);
#8074=ORIENTED_EDGE('',*,*,#5880,.T.);
#8075=ORIENTED_EDGE('',*,*,#5883,.T.);
#8076=ORIENTED_EDGE('',*,*,#5886,.T.);
#8077=ORIENTED_EDGE('',*,*,#5889,.T.);
#8078=ORIENTED_EDGE('',*,*,#5892,.T.);
#8079=ORIENTED_EDGE('',*,*,#5895,.T.);
#8080=ORIENTED_EDGE('',*,*,#5898,.T.);
#8081=ORIENTED_EDGE('',*,*,#5901,.T.);
#8082=ORIENTED_EDGE('',*,*,#5904,.T.);
#8083=ORIENTED_EDGE('',*,*,#5907,.T.);
#8084=ORIENTED_EDGE('',*,*,#5977,.T.);
#8085=ORIENTED_EDGE('',*,*,#5974,.T.);
#8086=ORIENTED_EDGE('',*,*,#5971,.T.);
#8087=ORIENTED_EDGE('',*,*,#5968,.T.);
#8088=ORIENTED_EDGE('',*,*,#5965,.T.);
#8089=ORIENTED_EDGE('',*,*,#5962,.T.);
#8090=ORIENTED_EDGE('',*,*,#5959,.T.);
#8091=ORIENTED_EDGE('',*,*,#5956,.T.);
#8092=ORIENTED_EDGE('',*,*,#5953,.T.);
#8093=ORIENTED_EDGE('',*,*,#5950,.T.);
#8094=ORIENTED_EDGE('',*,*,#5947,.T.);
#8095=ORIENTED_EDGE('',*,*,#5944,.T.);
#8096=ORIENTED_EDGE('',*,*,#5941,.T.);
#8097=ORIENTED_EDGE('',*,*,#5938,.T.);
#8098=ORIENTED_EDGE('',*,*,#5935,.T.);
#8099=ORIENTED_EDGE('',*,*,#5932,.T.);
#8100=ORIENTED_EDGE('',*,*,#5929,.T.);
#8101=ORIENTED_EDGE('',*,*,#5926,.T.);
#8102=ORIENTED_EDGE('',*,*,#5923,.T.);
#8103=ORIENTED_EDGE('',*,*,#5920,.T.);
#8104=ORIENTED_EDGE('',*,*,#5917,.T.);
#8105=ORIENTED_EDGE('',*,*,#5914,.T.);
#8106=ORIENTED_EDGE('',*,*,#5911,.T.);
#8107=ORIENTED_EDGE('',*,*,#5908,.T.);
#8108=ORIENTED_EDGE('',*,*,#5905,.T.);
#8109=ORIENTED_EDGE('',*,*,#5902,.T.);
#8110=ORIENTED_EDGE('',*,*,#5899,.T.);
#8111=ORIENTED_EDGE('',*,*,#5896,.T.);
#8112=ORIENTED_EDGE('',*,*,#5893,.T.);
#8113=ORIENTED_EDGE('',*,*,#5890,.T.);
#8114=ORIENTED_EDGE('',*,*,#5887,.T.);
#8115=ORIENTED_EDGE('',*,*,#5884,.T.);
#8116=ORIENTED_EDGE('',*,*,#5881,.T.);
#8117=ORIENTED_EDGE('',*,*,#5878,.T.);
#8118=ORIENTED_EDGE('',*,*,#5875,.T.);
#8119=ORIENTED_EDGE('',*,*,#5872,.T.);
#8120=ORIENTED_EDGE('',*,*,#5869,.T.);
#8121=ORIENTED_EDGE('',*,*,#5866,.T.);
#8122=ORIENTED_EDGE('',*,*,#5863,.T.);
#8123=ORIENTED_EDGE('',*,*,#5860,.T.);
#8124=ORIENTED_EDGE('',*,*,#5857,.T.);
#8125=ORIENTED_EDGE('',*,*,#5854,.T.);
#8126=ORIENTED_EDGE('',*,*,#5851,.T.);
#8127=ORIENTED_EDGE('',*,*,#5848,.T.);
#8128=ORIENTED_EDGE('',*,*,#5845,.T.);
#8129=ORIENTED_EDGE('',*,*,#5978,.F.);
#8130=ORIENTED_EDGE('',*,*,#5979,.T.);
#8131=ORIENTED_EDGE('',*,*,#5980,.T.);
#8132=ORIENTED_EDGE('',*,*,#5979,.F.);
#8133=ORIENTED_EDGE('',*,*,#5981,.F.);
#8134=ORIENTED_EDGE('',*,*,#5982,.T.);
#8135=ORIENTED_EDGE('',*,*,#5983,.T.);
#8136=ORIENTED_EDGE('',*,*,#5982,.F.);
#8137=ORIENTED_EDGE('',*,*,#5984,.F.);
#8138=ORIENTED_EDGE('',*,*,#5985,.T.);
#8139=ORIENTED_EDGE('',*,*,#5986,.T.);
#8140=ORIENTED_EDGE('',*,*,#5985,.F.);
#8141=ORIENTED_EDGE('',*,*,#5987,.F.);
#8142=ORIENTED_EDGE('',*,*,#5988,.T.);
#8143=ORIENTED_EDGE('',*,*,#5989,.T.);
#8144=ORIENTED_EDGE('',*,*,#5988,.F.);
#8145=ORIENTED_EDGE('',*,*,#5990,.F.);
#8146=ORIENTED_EDGE('',*,*,#5991,.T.);
#8147=ORIENTED_EDGE('',*,*,#5992,.F.);
#8148=ORIENTED_EDGE('',*,*,#5993,.F.);
#8149=ORIENTED_EDGE('',*,*,#5994,.F.);
#8150=ORIENTED_EDGE('',*,*,#5993,.T.);
#8151=ORIENTED_EDGE('',*,*,#5995,.F.);
#8152=ORIENTED_EDGE('',*,*,#5996,.F.);
#8153=ORIENTED_EDGE('',*,*,#5997,.F.);
#8154=ORIENTED_EDGE('',*,*,#5996,.T.);
#8155=ORIENTED_EDGE('',*,*,#5998,.F.);
#8156=ORIENTED_EDGE('',*,*,#5999,.F.);
#8157=ORIENTED_EDGE('',*,*,#6000,.F.);
#8158=ORIENTED_EDGE('',*,*,#5999,.T.);
#8159=ORIENTED_EDGE('',*,*,#6001,.F.);
#8160=ORIENTED_EDGE('',*,*,#6002,.F.);
#8161=ORIENTED_EDGE('',*,*,#6003,.F.);
#8162=ORIENTED_EDGE('',*,*,#6002,.T.);
#8163=ORIENTED_EDGE('',*,*,#6004,.F.);
#8164=ORIENTED_EDGE('',*,*,#6005,.F.);
#8165=ORIENTED_EDGE('',*,*,#6006,.F.);
#8166=ORIENTED_EDGE('',*,*,#6005,.T.);
#8167=ORIENTED_EDGE('',*,*,#6007,.F.);
#8168=ORIENTED_EDGE('',*,*,#6008,.F.);
#8169=ORIENTED_EDGE('',*,*,#6009,.F.);
#8170=ORIENTED_EDGE('',*,*,#6008,.T.);
#8171=ORIENTED_EDGE('',*,*,#6010,.F.);
#8172=ORIENTED_EDGE('',*,*,#6011,.F.);
#8173=ORIENTED_EDGE('',*,*,#6012,.F.);
#8174=ORIENTED_EDGE('',*,*,#6011,.T.);
#8175=ORIENTED_EDGE('',*,*,#6013,.F.);
#8176=ORIENTED_EDGE('',*,*,#6014,.F.);
#8177=ORIENTED_EDGE('',*,*,#6015,.F.);
#8178=ORIENTED_EDGE('',*,*,#6014,.T.);
#8179=ORIENTED_EDGE('',*,*,#6016,.F.);
#8180=ORIENTED_EDGE('',*,*,#6017,.F.);
#8181=ORIENTED_EDGE('',*,*,#6018,.F.);
#8182=ORIENTED_EDGE('',*,*,#6017,.T.);
#8183=ORIENTED_EDGE('',*,*,#6019,.F.);
#8184=ORIENTED_EDGE('',*,*,#6020,.F.);
#8185=ORIENTED_EDGE('',*,*,#6021,.F.);
#8186=ORIENTED_EDGE('',*,*,#6020,.T.);
#8187=ORIENTED_EDGE('',*,*,#6022,.F.);
#8188=ORIENTED_EDGE('',*,*,#6023,.F.);
#8189=ORIENTED_EDGE('',*,*,#6024,.F.);
#8190=ORIENTED_EDGE('',*,*,#6023,.T.);
#8191=ORIENTED_EDGE('',*,*,#6025,.F.);
#8192=ORIENTED_EDGE('',*,*,#6026,.F.);
#8193=ORIENTED_EDGE('',*,*,#6027,.F.);
#8194=ORIENTED_EDGE('',*,*,#6026,.T.);
#8195=ORIENTED_EDGE('',*,*,#6028,.F.);
#8196=ORIENTED_EDGE('',*,*,#6029,.F.);
#8197=ORIENTED_EDGE('',*,*,#6030,.F.);
#8198=ORIENTED_EDGE('',*,*,#6029,.T.);
#8199=ORIENTED_EDGE('',*,*,#6031,.F.);
#8200=ORIENTED_EDGE('',*,*,#6032,.F.);
#8201=ORIENTED_EDGE('',*,*,#6033,.T.);
#8202=ORIENTED_EDGE('',*,*,#6032,.T.);
#8203=ORIENTED_EDGE('',*,*,#6034,.F.);
#8204=ORIENTED_EDGE('',*,*,#6035,.F.);
#8205=ORIENTED_EDGE('',*,*,#6036,.T.);
#8206=ORIENTED_EDGE('',*,*,#6035,.T.);
#8207=ORIENTED_EDGE('',*,*,#6037,.F.);
#8208=ORIENTED_EDGE('',*,*,#6038,.F.);
#8209=ORIENTED_EDGE('',*,*,#6039,.F.);
#8210=ORIENTED_EDGE('',*,*,#6038,.T.);
#8211=ORIENTED_EDGE('',*,*,#6040,.F.);
#8212=ORIENTED_EDGE('',*,*,#6041,.F.);
#8213=ORIENTED_EDGE('',*,*,#6042,.F.);
#8214=ORIENTED_EDGE('',*,*,#6041,.T.);
#8215=ORIENTED_EDGE('',*,*,#6043,.F.);
#8216=ORIENTED_EDGE('',*,*,#6044,.F.);
#8217=ORIENTED_EDGE('',*,*,#6045,.F.);
#8218=ORIENTED_EDGE('',*,*,#6044,.T.);
#8219=ORIENTED_EDGE('',*,*,#6046,.F.);
#8220=ORIENTED_EDGE('',*,*,#6047,.F.);
#8221=ORIENTED_EDGE('',*,*,#6048,.F.);
#8222=ORIENTED_EDGE('',*,*,#6047,.T.);
#8223=ORIENTED_EDGE('',*,*,#6049,.F.);
#8224=ORIENTED_EDGE('',*,*,#6050,.F.);
#8225=ORIENTED_EDGE('',*,*,#6051,.F.);
#8226=ORIENTED_EDGE('',*,*,#6050,.T.);
#8227=ORIENTED_EDGE('',*,*,#6052,.F.);
#8228=ORIENTED_EDGE('',*,*,#6053,.F.);
#8229=ORIENTED_EDGE('',*,*,#6054,.T.);
#8230=ORIENTED_EDGE('',*,*,#6053,.T.);
#8231=ORIENTED_EDGE('',*,*,#6055,.F.);
#8232=ORIENTED_EDGE('',*,*,#5991,.F.);
#8233=ORIENTED_EDGE('',*,*,#6055,.T.);
#8234=ORIENTED_EDGE('',*,*,#6052,.T.);
#8235=ORIENTED_EDGE('',*,*,#6049,.T.);
#8236=ORIENTED_EDGE('',*,*,#6046,.T.);
#8237=ORIENTED_EDGE('',*,*,#6043,.T.);
#8238=ORIENTED_EDGE('',*,*,#6040,.T.);
#8239=ORIENTED_EDGE('',*,*,#6037,.T.);
#8240=ORIENTED_EDGE('',*,*,#6034,.T.);
#8241=ORIENTED_EDGE('',*,*,#6031,.T.);
#8242=ORIENTED_EDGE('',*,*,#6028,.T.);
#8243=ORIENTED_EDGE('',*,*,#6025,.T.);
#8244=ORIENTED_EDGE('',*,*,#6022,.T.);
#8245=ORIENTED_EDGE('',*,*,#6019,.T.);
#8246=ORIENTED_EDGE('',*,*,#6016,.T.);
#8247=ORIENTED_EDGE('',*,*,#6013,.T.);
#8248=ORIENTED_EDGE('',*,*,#6010,.T.);
#8249=ORIENTED_EDGE('',*,*,#6007,.T.);
#8250=ORIENTED_EDGE('',*,*,#6004,.T.);
#8251=ORIENTED_EDGE('',*,*,#6001,.T.);
#8252=ORIENTED_EDGE('',*,*,#5998,.T.);
#8253=ORIENTED_EDGE('',*,*,#5995,.T.);
#8254=ORIENTED_EDGE('',*,*,#5992,.T.);
#8255=ORIENTED_EDGE('',*,*,#5987,.T.);
#8256=ORIENTED_EDGE('',*,*,#5984,.T.);
#8257=ORIENTED_EDGE('',*,*,#5981,.T.);
#8258=ORIENTED_EDGE('',*,*,#5978,.T.);
#8259=ORIENTED_EDGE('',*,*,#6054,.F.);
#8260=ORIENTED_EDGE('',*,*,#5990,.T.);
#8261=ORIENTED_EDGE('',*,*,#5994,.T.);
#8262=ORIENTED_EDGE('',*,*,#5997,.T.);
#8263=ORIENTED_EDGE('',*,*,#6000,.T.);
#8264=ORIENTED_EDGE('',*,*,#6003,.T.);
#8265=ORIENTED_EDGE('',*,*,#6006,.T.);
#8266=ORIENTED_EDGE('',*,*,#6009,.T.);
#8267=ORIENTED_EDGE('',*,*,#6012,.T.);
#8268=ORIENTED_EDGE('',*,*,#6015,.T.);
#8269=ORIENTED_EDGE('',*,*,#6018,.T.);
#8270=ORIENTED_EDGE('',*,*,#6021,.T.);
#8271=ORIENTED_EDGE('',*,*,#6024,.T.);
#8272=ORIENTED_EDGE('',*,*,#6027,.T.);
#8273=ORIENTED_EDGE('',*,*,#6030,.T.);
#8274=ORIENTED_EDGE('',*,*,#6033,.F.);
#8275=ORIENTED_EDGE('',*,*,#6036,.F.);
#8276=ORIENTED_EDGE('',*,*,#6039,.T.);
#8277=ORIENTED_EDGE('',*,*,#6042,.T.);
#8278=ORIENTED_EDGE('',*,*,#6045,.T.);
#8279=ORIENTED_EDGE('',*,*,#6048,.T.);
#8280=ORIENTED_EDGE('',*,*,#6051,.T.);
#8281=ORIENTED_EDGE('',*,*,#5989,.F.);
#8282=ORIENTED_EDGE('',*,*,#5986,.F.);
#8283=ORIENTED_EDGE('',*,*,#5983,.F.);
#8284=ORIENTED_EDGE('',*,*,#5980,.F.);
#8285=ORIENTED_EDGE('',*,*,#6056,.F.);
#8286=ORIENTED_EDGE('',*,*,#6057,.F.);
#8287=ORIENTED_EDGE('',*,*,#6058,.F.);
#8288=ORIENTED_EDGE('',*,*,#6059,.F.);
#8289=ORIENTED_EDGE('',*,*,#6060,.F.);
#8290=ORIENTED_EDGE('',*,*,#6061,.F.);
#8291=ORIENTED_EDGE('',*,*,#6056,.T.);
#8292=ORIENTED_EDGE('',*,*,#6062,.F.);
#8293=ORIENTED_EDGE('',*,*,#6060,.T.);
#8294=ORIENTED_EDGE('',*,*,#6063,.F.);
#8295=ORIENTED_EDGE('',*,*,#6064,.F.);
#8296=ORIENTED_EDGE('',*,*,#6065,.F.);
#8297=ORIENTED_EDGE('',*,*,#6059,.T.);
#8298=ORIENTED_EDGE('',*,*,#6066,.T.);
#8299=ORIENTED_EDGE('',*,*,#6067,.T.);
#8300=ORIENTED_EDGE('',*,*,#6068,.T.);
#8301=ORIENTED_EDGE('',*,*,#6069,.T.);
#8302=ORIENTED_EDGE('',*,*,#6070,.T.);
#8303=ORIENTED_EDGE('',*,*,#6071,.T.);
#8304=ORIENTED_EDGE('',*,*,#6072,.T.);
#8305=ORIENTED_EDGE('',*,*,#6073,.T.);
#8306=ORIENTED_EDGE('',*,*,#6074,.T.);
#8307=ORIENTED_EDGE('',*,*,#6075,.T.);
#8308=ORIENTED_EDGE('',*,*,#6076,.T.);
#8309=ORIENTED_EDGE('',*,*,#6077,.T.);
#8310=ORIENTED_EDGE('',*,*,#6078,.T.);
#8311=ORIENTED_EDGE('',*,*,#6079,.T.);
#8312=ORIENTED_EDGE('',*,*,#6080,.T.);
#8313=ORIENTED_EDGE('',*,*,#6081,.T.);
#8314=ORIENTED_EDGE('',*,*,#6082,.T.);
#8315=ORIENTED_EDGE('',*,*,#6083,.T.);
#8316=ORIENTED_EDGE('',*,*,#6084,.T.);
#8317=ORIENTED_EDGE('',*,*,#6063,.T.);
#8318=ORIENTED_EDGE('',*,*,#6062,.T.);
#8319=ORIENTED_EDGE('',*,*,#6085,.F.);
#8320=ORIENTED_EDGE('',*,*,#6086,.F.);
#8321=ORIENTED_EDGE('',*,*,#6087,.F.);
#8322=ORIENTED_EDGE('',*,*,#6088,.F.);
#8323=ORIENTED_EDGE('',*,*,#6089,.F.);
#8324=ORIENTED_EDGE('',*,*,#6090,.F.);
#8325=ORIENTED_EDGE('',*,*,#6091,.F.);
#8326=ORIENTED_EDGE('',*,*,#6092,.F.);
#8327=ORIENTED_EDGE('',*,*,#6093,.F.);
#8328=ORIENTED_EDGE('',*,*,#6094,.F.);
#8329=ORIENTED_EDGE('',*,*,#6095,.F.);
#8330=ORIENTED_EDGE('',*,*,#6096,.F.);
#8331=ORIENTED_EDGE('',*,*,#6097,.F.);
#8332=ORIENTED_EDGE('',*,*,#6098,.F.);
#8333=ORIENTED_EDGE('',*,*,#6099,.F.);
#8334=ORIENTED_EDGE('',*,*,#6100,.F.);
#8335=ORIENTED_EDGE('',*,*,#6101,.F.);
#8336=ORIENTED_EDGE('',*,*,#6102,.F.);
#8337=ORIENTED_EDGE('',*,*,#6103,.F.);
#8338=ORIENTED_EDGE('',*,*,#6104,.F.);
#8339=ORIENTED_EDGE('',*,*,#6105,.F.);
#8340=ORIENTED_EDGE('',*,*,#6106,.F.);
#8341=ORIENTED_EDGE('',*,*,#6107,.F.);
#8342=ORIENTED_EDGE('',*,*,#6108,.F.);
#8343=ORIENTED_EDGE('',*,*,#6109,.F.);
#8344=ORIENTED_EDGE('',*,*,#6110,.F.);
#8345=ORIENTED_EDGE('',*,*,#6111,.F.);
#8346=ORIENTED_EDGE('',*,*,#6112,.F.);
#8347=ORIENTED_EDGE('',*,*,#6113,.F.);
#8348=ORIENTED_EDGE('',*,*,#6114,.F.);
#8349=ORIENTED_EDGE('',*,*,#6115,.F.);
#8350=ORIENTED_EDGE('',*,*,#6116,.F.);
#8351=ORIENTED_EDGE('',*,*,#6117,.F.);
#8352=ORIENTED_EDGE('',*,*,#6118,.F.);
#8353=ORIENTED_EDGE('',*,*,#6119,.F.);
#8354=ORIENTED_EDGE('',*,*,#6120,.F.);
#8355=ORIENTED_EDGE('',*,*,#6121,.F.);
#8356=ORIENTED_EDGE('',*,*,#6122,.F.);
#8357=ORIENTED_EDGE('',*,*,#6123,.F.);
#8358=ORIENTED_EDGE('',*,*,#6124,.F.);
#8359=ORIENTED_EDGE('',*,*,#6125,.F.);
#8360=ORIENTED_EDGE('',*,*,#6126,.F.);
#8361=ORIENTED_EDGE('',*,*,#6127,.F.);
#8362=ORIENTED_EDGE('',*,*,#6128,.F.);
#8363=ORIENTED_EDGE('',*,*,#6129,.F.);
#8364=ORIENTED_EDGE('',*,*,#6130,.F.);
#8365=ORIENTED_EDGE('',*,*,#6131,.F.);
#8366=ORIENTED_EDGE('',*,*,#6132,.F.);
#8367=ORIENTED_EDGE('',*,*,#6133,.F.);
#8368=ORIENTED_EDGE('',*,*,#6134,.F.);
#8369=ORIENTED_EDGE('',*,*,#6135,.F.);
#8370=ORIENTED_EDGE('',*,*,#6136,.F.);
#8371=ORIENTED_EDGE('',*,*,#6137,.F.);
#8372=ORIENTED_EDGE('',*,*,#6138,.F.);
#8373=ORIENTED_EDGE('',*,*,#6139,.F.);
#8374=ORIENTED_EDGE('',*,*,#6140,.F.);
#8375=ORIENTED_EDGE('',*,*,#6141,.F.);
#8376=ORIENTED_EDGE('',*,*,#6142,.F.);
#8377=ORIENTED_EDGE('',*,*,#6143,.F.);
#8378=ORIENTED_EDGE('',*,*,#6144,.F.);
#8379=ORIENTED_EDGE('',*,*,#6145,.F.);
#8380=ORIENTED_EDGE('',*,*,#6146,.F.);
#8381=ORIENTED_EDGE('',*,*,#6147,.F.);
#8382=ORIENTED_EDGE('',*,*,#6148,.F.);
#8383=ORIENTED_EDGE('',*,*,#6149,.F.);
#8384=ORIENTED_EDGE('',*,*,#6150,.F.);
#8385=ORIENTED_EDGE('',*,*,#6151,.F.);
#8386=ORIENTED_EDGE('',*,*,#6152,.F.);
#8387=ORIENTED_EDGE('',*,*,#6153,.F.);
#8388=ORIENTED_EDGE('',*,*,#6154,.F.);
#8389=ORIENTED_EDGE('',*,*,#6155,.F.);
#8390=ORIENTED_EDGE('',*,*,#6156,.F.);
#8391=ORIENTED_EDGE('',*,*,#6157,.F.);
#8392=ORIENTED_EDGE('',*,*,#6158,.F.);
#8393=ORIENTED_EDGE('',*,*,#6159,.F.);
#8394=ORIENTED_EDGE('',*,*,#6160,.F.);
#8395=ORIENTED_EDGE('',*,*,#6161,.F.);
#8396=ORIENTED_EDGE('',*,*,#6162,.F.);
#8397=ORIENTED_EDGE('',*,*,#6163,.F.);
#8398=ORIENTED_EDGE('',*,*,#6164,.F.);
#8399=ORIENTED_EDGE('',*,*,#6165,.F.);
#8400=ORIENTED_EDGE('',*,*,#6166,.F.);
#8401=ORIENTED_EDGE('',*,*,#6167,.F.);
#8402=ORIENTED_EDGE('',*,*,#6168,.F.);
#8403=ORIENTED_EDGE('',*,*,#6169,.F.);
#8404=ORIENTED_EDGE('',*,*,#6170,.F.);
#8405=ORIENTED_EDGE('',*,*,#6171,.F.);
#8406=ORIENTED_EDGE('',*,*,#6172,.F.);
#8407=ORIENTED_EDGE('',*,*,#6173,.F.);
#8408=ORIENTED_EDGE('',*,*,#6174,.F.);
#8409=ORIENTED_EDGE('',*,*,#6175,.F.);
#8410=ORIENTED_EDGE('',*,*,#6176,.F.);
#8411=ORIENTED_EDGE('',*,*,#6177,.F.);
#8412=ORIENTED_EDGE('',*,*,#6178,.F.);
#8413=ORIENTED_EDGE('',*,*,#6179,.F.);
#8414=ORIENTED_EDGE('',*,*,#6180,.F.);
#8415=ORIENTED_EDGE('',*,*,#6181,.F.);
#8416=ORIENTED_EDGE('',*,*,#6182,.F.);
#8417=ORIENTED_EDGE('',*,*,#6183,.F.);
#8418=ORIENTED_EDGE('',*,*,#6184,.F.);
#8419=ORIENTED_EDGE('',*,*,#6185,.F.);
#8420=ORIENTED_EDGE('',*,*,#6186,.F.);
#8421=ORIENTED_EDGE('',*,*,#6187,.F.);
#8422=ORIENTED_EDGE('',*,*,#6188,.F.);
#8423=ORIENTED_EDGE('',*,*,#6189,.F.);
#8424=ORIENTED_EDGE('',*,*,#6190,.F.);
#8425=ORIENTED_EDGE('',*,*,#6191,.F.);
#8426=ORIENTED_EDGE('',*,*,#6192,.F.);
#8427=ORIENTED_EDGE('',*,*,#6193,.F.);
#8428=ORIENTED_EDGE('',*,*,#6194,.F.);
#8429=ORIENTED_EDGE('',*,*,#6195,.F.);
#8430=ORIENTED_EDGE('',*,*,#6196,.F.);
#8431=ORIENTED_EDGE('',*,*,#6197,.F.);
#8432=ORIENTED_EDGE('',*,*,#6198,.F.);
#8433=ORIENTED_EDGE('',*,*,#6199,.F.);
#8434=ORIENTED_EDGE('',*,*,#6200,.F.);
#8435=ORIENTED_EDGE('',*,*,#6201,.F.);
#8436=ORIENTED_EDGE('',*,*,#6202,.F.);
#8437=ORIENTED_EDGE('',*,*,#6203,.F.);
#8438=ORIENTED_EDGE('',*,*,#6204,.F.);
#8439=ORIENTED_EDGE('',*,*,#6205,.F.);
#8440=ORIENTED_EDGE('',*,*,#6206,.F.);
#8441=ORIENTED_EDGE('',*,*,#6207,.F.);
#8442=ORIENTED_EDGE('',*,*,#6208,.F.);
#8443=ORIENTED_EDGE('',*,*,#6064,.T.);
#8444=ORIENTED_EDGE('',*,*,#6084,.F.);
#8445=ORIENTED_EDGE('',*,*,#6209,.T.);
#8446=ORIENTED_EDGE('',*,*,#6210,.F.);
#8447=ORIENTED_EDGE('',*,*,#6211,.F.);
#8448=ORIENTED_EDGE('',*,*,#6212,.F.);
#8449=ORIENTED_EDGE('',*,*,#6079,.F.);
#8450=ORIENTED_EDGE('',*,*,#6213,.F.);
#8451=ORIENTED_EDGE('',*,*,#6080,.F.);
#8452=ORIENTED_EDGE('',*,*,#6212,.T.);
#8453=ORIENTED_EDGE('',*,*,#6214,.F.);
#8454=ORIENTED_EDGE('',*,*,#6215,.F.);
#8455=ORIENTED_EDGE('',*,*,#6211,.T.);
#8456=ORIENTED_EDGE('',*,*,#6216,.F.);
#8457=ORIENTED_EDGE('',*,*,#6217,.T.);
#8458=ORIENTED_EDGE('',*,*,#6218,.T.);
#8459=ORIENTED_EDGE('',*,*,#6214,.T.);
#8460=ORIENTED_EDGE('',*,*,#6218,.F.);
#8461=ORIENTED_EDGE('',*,*,#6219,.T.);
#8462=ORIENTED_EDGE('',*,*,#6220,.T.);
#8463=ORIENTED_EDGE('',*,*,#6215,.T.);
#8464=ORIENTED_EDGE('',*,*,#6221,.F.);
#8465=ORIENTED_EDGE('',*,*,#6222,.F.);
#8466=ORIENTED_EDGE('',*,*,#6081,.F.);
#8467=ORIENTED_EDGE('',*,*,#6082,.F.);
#8468=ORIENTED_EDGE('',*,*,#6222,.T.);
#8469=ORIENTED_EDGE('',*,*,#6223,.F.);
#8470=ORIENTED_EDGE('',*,*,#6224,.F.);
#8471=ORIENTED_EDGE('',*,*,#6225,.F.);
#8472=ORIENTED_EDGE('',*,*,#6209,.F.);
#8473=ORIENTED_EDGE('',*,*,#6083,.F.);
#8474=ORIENTED_EDGE('',*,*,#6224,.T.);
#8475=ORIENTED_EDGE('',*,*,#6065,.T.);
#8476=ORIENTED_EDGE('',*,*,#6226,.F.);
#8477=ORIENTED_EDGE('',*,*,#6227,.T.);
#8478=ORIENTED_EDGE('',*,*,#6228,.T.);
#8479=ORIENTED_EDGE('',*,*,#6058,.T.);
#8480=ORIENTED_EDGE('',*,*,#6229,.F.);
#8481=ORIENTED_EDGE('',*,*,#6230,.F.);
#8482=ORIENTED_EDGE('',*,*,#6066,.F.);
#8483=ORIENTED_EDGE('',*,*,#6067,.F.);
#8484=ORIENTED_EDGE('',*,*,#6230,.T.);
#8485=ORIENTED_EDGE('',*,*,#6231,.F.);
#8486=ORIENTED_EDGE('',*,*,#6232,.F.);
#8487=ORIENTED_EDGE('',*,*,#6068,.F.);
#8488=ORIENTED_EDGE('',*,*,#6232,.T.);
#8489=ORIENTED_EDGE('',*,*,#6233,.F.);
#8490=ORIENTED_EDGE('',*,*,#6234,.F.);
#8491=ORIENTED_EDGE('',*,*,#6235,.F.);
#8492=ORIENTED_EDGE('',*,*,#6236,.F.);
#8493=ORIENTED_EDGE('',*,*,#6069,.F.);
#8494=ORIENTED_EDGE('',*,*,#6234,.T.);
#8495=ORIENTED_EDGE('',*,*,#6237,.F.);
#8496=ORIENTED_EDGE('',*,*,#6238,.F.);
#8497=ORIENTED_EDGE('',*,*,#6070,.F.);
#8498=ORIENTED_EDGE('',*,*,#6236,.T.);
#8499=ORIENTED_EDGE('',*,*,#6239,.F.);
#8500=ORIENTED_EDGE('',*,*,#6240,.F.);
#8501=ORIENTED_EDGE('',*,*,#6071,.F.);
#8502=ORIENTED_EDGE('',*,*,#6238,.T.);
#8503=ORIENTED_EDGE('',*,*,#6241,.F.);
#8504=ORIENTED_EDGE('',*,*,#6242,.F.);
#8505=ORIENTED_EDGE('',*,*,#6072,.F.);
#8506=ORIENTED_EDGE('',*,*,#6240,.T.);
#8507=ORIENTED_EDGE('',*,*,#6243,.F.);
#8508=ORIENTED_EDGE('',*,*,#6244,.F.);
#8509=ORIENTED_EDGE('',*,*,#6073,.F.);
#8510=ORIENTED_EDGE('',*,*,#6242,.T.);
#8511=ORIENTED_EDGE('',*,*,#6245,.F.);
#8512=ORIENTED_EDGE('',*,*,#6246,.F.);
#8513=ORIENTED_EDGE('',*,*,#6074,.F.);
#8514=ORIENTED_EDGE('',*,*,#6244,.T.);
#8515=ORIENTED_EDGE('',*,*,#6247,.F.);
#8516=ORIENTED_EDGE('',*,*,#6248,.F.);
#8517=ORIENTED_EDGE('',*,*,#6075,.F.);
#8518=ORIENTED_EDGE('',*,*,#6246,.T.);
#8519=ORIENTED_EDGE('',*,*,#6249,.F.);
#8520=ORIENTED_EDGE('',*,*,#6250,.F.);
#8521=ORIENTED_EDGE('',*,*,#6076,.F.);
#8522=ORIENTED_EDGE('',*,*,#6248,.T.);
#8523=ORIENTED_EDGE('',*,*,#6251,.F.);
#8524=ORIENTED_EDGE('',*,*,#6252,.F.);
#8525=ORIENTED_EDGE('',*,*,#6077,.F.);
#8526=ORIENTED_EDGE('',*,*,#6250,.T.);
#8527=ORIENTED_EDGE('',*,*,#6213,.T.);
#8528=ORIENTED_EDGE('',*,*,#6078,.F.);
#8529=ORIENTED_EDGE('',*,*,#6252,.T.);
#8530=ORIENTED_EDGE('',*,*,#6253,.F.);
#8531=ORIENTED_EDGE('',*,*,#6057,.T.);
#8532=ORIENTED_EDGE('',*,*,#6254,.F.);
#8533=ORIENTED_EDGE('',*,*,#6255,.F.);
#8534=ORIENTED_EDGE('',*,*,#6256,.T.);
#8535=ORIENTED_EDGE('',*,*,#6257,.F.);
#8536=ORIENTED_EDGE('',*,*,#6258,.T.);
#8537=ORIENTED_EDGE('',*,*,#6086,.T.);
#8538=ORIENTED_EDGE('',*,*,#6259,.F.);
#8539=ORIENTED_EDGE('',*,*,#6260,.F.);
#8540=ORIENTED_EDGE('',*,*,#6261,.T.);
#8541=ORIENTED_EDGE('',*,*,#6087,.T.);
#8542=ORIENTED_EDGE('',*,*,#6258,.F.);
#8543=ORIENTED_EDGE('',*,*,#6262,.F.);
#8544=ORIENTED_EDGE('',*,*,#6263,.T.);
#8545=ORIENTED_EDGE('',*,*,#6088,.T.);
#8546=ORIENTED_EDGE('',*,*,#6261,.F.);
#8547=ORIENTED_EDGE('',*,*,#6264,.F.);
#8548=ORIENTED_EDGE('',*,*,#6259,.T.);
#8549=ORIENTED_EDGE('',*,*,#6085,.T.);
#8550=ORIENTED_EDGE('',*,*,#6263,.F.);
#8551=ORIENTED_EDGE('',*,*,#6265,.F.);
#8552=ORIENTED_EDGE('',*,*,#6266,.T.);
#8553=ORIENTED_EDGE('',*,*,#6090,.T.);
#8554=ORIENTED_EDGE('',*,*,#6267,.F.);
#8555=ORIENTED_EDGE('',*,*,#6268,.F.);
#8556=ORIENTED_EDGE('',*,*,#6269,.T.);
#8557=ORIENTED_EDGE('',*,*,#6091,.T.);
#8558=ORIENTED_EDGE('',*,*,#6266,.F.);
#8559=ORIENTED_EDGE('',*,*,#6270,.F.);
#8560=ORIENTED_EDGE('',*,*,#6271,.T.);
#8561=ORIENTED_EDGE('',*,*,#6092,.T.);
#8562=ORIENTED_EDGE('',*,*,#6269,.F.);
#8563=ORIENTED_EDGE('',*,*,#6272,.F.);
#8564=ORIENTED_EDGE('',*,*,#6267,.T.);
#8565=ORIENTED_EDGE('',*,*,#6089,.T.);
#8566=ORIENTED_EDGE('',*,*,#6271,.F.);
#8567=ORIENTED_EDGE('',*,*,#6273,.F.);
#8568=ORIENTED_EDGE('',*,*,#6274,.T.);
#8569=ORIENTED_EDGE('',*,*,#6094,.T.);
#8570=ORIENTED_EDGE('',*,*,#6275,.F.);
#8571=ORIENTED_EDGE('',*,*,#6276,.F.);
#8572=ORIENTED_EDGE('',*,*,#6277,.T.);
#8573=ORIENTED_EDGE('',*,*,#6095,.T.);
#8574=ORIENTED_EDGE('',*,*,#6274,.F.);
#8575=ORIENTED_EDGE('',*,*,#6278,.F.);
#8576=ORIENTED_EDGE('',*,*,#6279,.T.);
#8577=ORIENTED_EDGE('',*,*,#6096,.T.);
#8578=ORIENTED_EDGE('',*,*,#6277,.F.);
#8579=ORIENTED_EDGE('',*,*,#6280,.F.);
#8580=ORIENTED_EDGE('',*,*,#6275,.T.);
#8581=ORIENTED_EDGE('',*,*,#6093,.T.);
#8582=ORIENTED_EDGE('',*,*,#6279,.F.);
#8583=ORIENTED_EDGE('',*,*,#6281,.F.);
#8584=ORIENTED_EDGE('',*,*,#6282,.T.);
#8585=ORIENTED_EDGE('',*,*,#6098,.T.);
#8586=ORIENTED_EDGE('',*,*,#6283,.F.);
#8587=ORIENTED_EDGE('',*,*,#6284,.F.);
#8588=ORIENTED_EDGE('',*,*,#6283,.T.);
#8589=ORIENTED_EDGE('',*,*,#6097,.T.);
#8590=ORIENTED_EDGE('',*,*,#6282,.F.);
#8591=ORIENTED_EDGE('',*,*,#6285,.F.);
#8592=ORIENTED_EDGE('',*,*,#6286,.T.);
#8593=ORIENTED_EDGE('',*,*,#6100,.T.);
#8594=ORIENTED_EDGE('',*,*,#6287,.F.);
#8595=ORIENTED_EDGE('',*,*,#6288,.F.);
#8596=ORIENTED_EDGE('',*,*,#6289,.T.);
#8597=ORIENTED_EDGE('',*,*,#6101,.T.);
#8598=ORIENTED_EDGE('',*,*,#6286,.F.);
#8599=ORIENTED_EDGE('',*,*,#6290,.F.);
#8600=ORIENTED_EDGE('',*,*,#6291,.T.);
#8601=ORIENTED_EDGE('',*,*,#6102,.T.);
#8602=ORIENTED_EDGE('',*,*,#6289,.F.);
#8603=ORIENTED_EDGE('',*,*,#6292,.F.);
#8604=ORIENTED_EDGE('',*,*,#6287,.T.);
#8605=ORIENTED_EDGE('',*,*,#6099,.T.);
#8606=ORIENTED_EDGE('',*,*,#6291,.F.);
#8607=ORIENTED_EDGE('',*,*,#6293,.F.);
#8608=ORIENTED_EDGE('',*,*,#6294,.T.);
#8609=ORIENTED_EDGE('',*,*,#6104,.T.);
#8610=ORIENTED_EDGE('',*,*,#6295,.F.);
#8611=ORIENTED_EDGE('',*,*,#6296,.F.);
#8612=ORIENTED_EDGE('',*,*,#6295,.T.);
#8613=ORIENTED_EDGE('',*,*,#6103,.T.);
#8614=ORIENTED_EDGE('',*,*,#6294,.F.);
#8615=ORIENTED_EDGE('',*,*,#6297,.F.);
#8616=ORIENTED_EDGE('',*,*,#6298,.T.);
#8617=ORIENTED_EDGE('',*,*,#6106,.T.);
#8618=ORIENTED_EDGE('',*,*,#6299,.F.);
#8619=ORIENTED_EDGE('',*,*,#6300,.F.);
#8620=ORIENTED_EDGE('',*,*,#6301,.T.);
#8621=ORIENTED_EDGE('',*,*,#6107,.T.);
#8622=ORIENTED_EDGE('',*,*,#6298,.F.);
#8623=ORIENTED_EDGE('',*,*,#6302,.F.);
#8624=ORIENTED_EDGE('',*,*,#6303,.T.);
#8625=ORIENTED_EDGE('',*,*,#6108,.T.);
#8626=ORIENTED_EDGE('',*,*,#6301,.F.);
#8627=ORIENTED_EDGE('',*,*,#6304,.F.);
#8628=ORIENTED_EDGE('',*,*,#6299,.T.);
#8629=ORIENTED_EDGE('',*,*,#6105,.T.);
#8630=ORIENTED_EDGE('',*,*,#6303,.F.);
#8631=ORIENTED_EDGE('',*,*,#6305,.F.);
#8632=ORIENTED_EDGE('',*,*,#6306,.T.);
#8633=ORIENTED_EDGE('',*,*,#6110,.T.);
#8634=ORIENTED_EDGE('',*,*,#6307,.F.);
#8635=ORIENTED_EDGE('',*,*,#6308,.F.);
#8636=ORIENTED_EDGE('',*,*,#6309,.T.);
#8637=ORIENTED_EDGE('',*,*,#6111,.T.);
#8638=ORIENTED_EDGE('',*,*,#6306,.F.);
#8639=ORIENTED_EDGE('',*,*,#6310,.F.);
#8640=ORIENTED_EDGE('',*,*,#6311,.T.);
#8641=ORIENTED_EDGE('',*,*,#6112,.T.);
#8642=ORIENTED_EDGE('',*,*,#6309,.F.);
#8643=ORIENTED_EDGE('',*,*,#6312,.F.);
#8644=ORIENTED_EDGE('',*,*,#6307,.T.);
#8645=ORIENTED_EDGE('',*,*,#6109,.T.);
#8646=ORIENTED_EDGE('',*,*,#6311,.F.);
#8647=ORIENTED_EDGE('',*,*,#6313,.F.);
#8648=ORIENTED_EDGE('',*,*,#6314,.T.);
#8649=ORIENTED_EDGE('',*,*,#6114,.T.);
#8650=ORIENTED_EDGE('',*,*,#6315,.F.);
#8651=ORIENTED_EDGE('',*,*,#6316,.F.);
#8652=ORIENTED_EDGE('',*,*,#6317,.T.);
#8653=ORIENTED_EDGE('',*,*,#6115,.T.);
#8654=ORIENTED_EDGE('',*,*,#6314,.F.);
#8655=ORIENTED_EDGE('',*,*,#6318,.F.);
#8656=ORIENTED_EDGE('',*,*,#6319,.T.);
#8657=ORIENTED_EDGE('',*,*,#6116,.T.);
#8658=ORIENTED_EDGE('',*,*,#6317,.F.);
#8659=ORIENTED_EDGE('',*,*,#6320,.F.);
#8660=ORIENTED_EDGE('',*,*,#6315,.T.);
#8661=ORIENTED_EDGE('',*,*,#6113,.T.);
#8662=ORIENTED_EDGE('',*,*,#6319,.F.);
#8663=ORIENTED_EDGE('',*,*,#6321,.F.);
#8664=ORIENTED_EDGE('',*,*,#6322,.T.);
#8665=ORIENTED_EDGE('',*,*,#6118,.T.);
#8666=ORIENTED_EDGE('',*,*,#6323,.F.);
#8667=ORIENTED_EDGE('',*,*,#6324,.F.);
#8668=ORIENTED_EDGE('',*,*,#6325,.T.);
#8669=ORIENTED_EDGE('',*,*,#6119,.T.);
#8670=ORIENTED_EDGE('',*,*,#6322,.F.);
#8671=ORIENTED_EDGE('',*,*,#6326,.F.);
#8672=ORIENTED_EDGE('',*,*,#6327,.T.);
#8673=ORIENTED_EDGE('',*,*,#6120,.T.);
#8674=ORIENTED_EDGE('',*,*,#6325,.F.);
#8675=ORIENTED_EDGE('',*,*,#6328,.F.);
#8676=ORIENTED_EDGE('',*,*,#6323,.T.);
#8677=ORIENTED_EDGE('',*,*,#6117,.T.);
#8678=ORIENTED_EDGE('',*,*,#6327,.F.);
#8679=ORIENTED_EDGE('',*,*,#6329,.F.);
#8680=ORIENTED_EDGE('',*,*,#6330,.T.);
#8681=ORIENTED_EDGE('',*,*,#6122,.T.);
#8682=ORIENTED_EDGE('',*,*,#6331,.F.);
#8683=ORIENTED_EDGE('',*,*,#6332,.F.);
#8684=ORIENTED_EDGE('',*,*,#6333,.T.);
#8685=ORIENTED_EDGE('',*,*,#6123,.T.);
#8686=ORIENTED_EDGE('',*,*,#6330,.F.);
#8687=ORIENTED_EDGE('',*,*,#6334,.F.);
#8688=ORIENTED_EDGE('',*,*,#6335,.T.);
#8689=ORIENTED_EDGE('',*,*,#6124,.T.);
#8690=ORIENTED_EDGE('',*,*,#6333,.F.);
#8691=ORIENTED_EDGE('',*,*,#6336,.F.);
#8692=ORIENTED_EDGE('',*,*,#6331,.T.);
#8693=ORIENTED_EDGE('',*,*,#6121,.T.);
#8694=ORIENTED_EDGE('',*,*,#6335,.F.);
#8695=ORIENTED_EDGE('',*,*,#6337,.F.);
#8696=ORIENTED_EDGE('',*,*,#6338,.T.);
#8697=ORIENTED_EDGE('',*,*,#6126,.T.);
#8698=ORIENTED_EDGE('',*,*,#6339,.F.);
#8699=ORIENTED_EDGE('',*,*,#6340,.F.);
#8700=ORIENTED_EDGE('',*,*,#6341,.T.);
#8701=ORIENTED_EDGE('',*,*,#6127,.T.);
#8702=ORIENTED_EDGE('',*,*,#6338,.F.);
#8703=ORIENTED_EDGE('',*,*,#6342,.F.);
#8704=ORIENTED_EDGE('',*,*,#6343,.T.);
#8705=ORIENTED_EDGE('',*,*,#6128,.T.);
#8706=ORIENTED_EDGE('',*,*,#6341,.F.);
#8707=ORIENTED_EDGE('',*,*,#6344,.F.);
#8708=ORIENTED_EDGE('',*,*,#6339,.T.);
#8709=ORIENTED_EDGE('',*,*,#6125,.T.);
#8710=ORIENTED_EDGE('',*,*,#6343,.F.);
#8711=ORIENTED_EDGE('',*,*,#6129,.T.);
#8712=ORIENTED_EDGE('',*,*,#6345,.T.);
#8713=ORIENTED_EDGE('',*,*,#6346,.F.);
#8714=ORIENTED_EDGE('',*,*,#6345,.F.);
#8715=ORIENTED_EDGE('',*,*,#6347,.F.);
#8716=ORIENTED_EDGE('',*,*,#6348,.T.);
#8717=ORIENTED_EDGE('',*,*,#6131,.T.);
#8718=ORIENTED_EDGE('',*,*,#6349,.F.);
#8719=ORIENTED_EDGE('',*,*,#6350,.F.);
#8720=ORIENTED_EDGE('',*,*,#6351,.T.);
#8721=ORIENTED_EDGE('',*,*,#6132,.T.);
#8722=ORIENTED_EDGE('',*,*,#6348,.F.);
#8723=ORIENTED_EDGE('',*,*,#6352,.F.);
#8724=ORIENTED_EDGE('',*,*,#6353,.T.);
#8725=ORIENTED_EDGE('',*,*,#6133,.T.);
#8726=ORIENTED_EDGE('',*,*,#6351,.F.);
#8727=ORIENTED_EDGE('',*,*,#6354,.F.);
#8728=ORIENTED_EDGE('',*,*,#6349,.T.);
#8729=ORIENTED_EDGE('',*,*,#6130,.T.);
#8730=ORIENTED_EDGE('',*,*,#6353,.F.);
#8731=ORIENTED_EDGE('',*,*,#6355,.F.);
#8732=ORIENTED_EDGE('',*,*,#6356,.T.);
#8733=ORIENTED_EDGE('',*,*,#6135,.T.);
#8734=ORIENTED_EDGE('',*,*,#6357,.F.);
#8735=ORIENTED_EDGE('',*,*,#6358,.F.);
#8736=ORIENTED_EDGE('',*,*,#6359,.T.);
#8737=ORIENTED_EDGE('',*,*,#6136,.T.);
#8738=ORIENTED_EDGE('',*,*,#6356,.F.);
#8739=ORIENTED_EDGE('',*,*,#6360,.F.);
#8740=ORIENTED_EDGE('',*,*,#6361,.T.);
#8741=ORIENTED_EDGE('',*,*,#6137,.T.);
#8742=ORIENTED_EDGE('',*,*,#6359,.F.);
#8743=ORIENTED_EDGE('',*,*,#6362,.F.);
#8744=ORIENTED_EDGE('',*,*,#6357,.T.);
#8745=ORIENTED_EDGE('',*,*,#6134,.T.);
#8746=ORIENTED_EDGE('',*,*,#6361,.F.);
#8747=ORIENTED_EDGE('',*,*,#6138,.T.);
#8748=ORIENTED_EDGE('',*,*,#6363,.T.);
#8749=ORIENTED_EDGE('',*,*,#6364,.F.);
#8750=ORIENTED_EDGE('',*,*,#6363,.F.);
#8751=ORIENTED_EDGE('',*,*,#6365,.F.);
#8752=ORIENTED_EDGE('',*,*,#6366,.T.);
#8753=ORIENTED_EDGE('',*,*,#6140,.T.);
#8754=ORIENTED_EDGE('',*,*,#6367,.F.);
#8755=ORIENTED_EDGE('',*,*,#6368,.F.);
#8756=ORIENTED_EDGE('',*,*,#6369,.T.);
#8757=ORIENTED_EDGE('',*,*,#6141,.T.);
#8758=ORIENTED_EDGE('',*,*,#6366,.F.);
#8759=ORIENTED_EDGE('',*,*,#6370,.F.);
#8760=ORIENTED_EDGE('',*,*,#6371,.T.);
#8761=ORIENTED_EDGE('',*,*,#6142,.T.);
#8762=ORIENTED_EDGE('',*,*,#6369,.F.);
#8763=ORIENTED_EDGE('',*,*,#6372,.F.);
#8764=ORIENTED_EDGE('',*,*,#6367,.T.);
#8765=ORIENTED_EDGE('',*,*,#6139,.T.);
#8766=ORIENTED_EDGE('',*,*,#6371,.F.);
#8767=ORIENTED_EDGE('',*,*,#6373,.F.);
#8768=ORIENTED_EDGE('',*,*,#6374,.T.);
#8769=ORIENTED_EDGE('',*,*,#6144,.T.);
#8770=ORIENTED_EDGE('',*,*,#6375,.F.);
#8771=ORIENTED_EDGE('',*,*,#6376,.F.);
#8772=ORIENTED_EDGE('',*,*,#6377,.T.);
#8773=ORIENTED_EDGE('',*,*,#6145,.T.);
#8774=ORIENTED_EDGE('',*,*,#6374,.F.);
#8775=ORIENTED_EDGE('',*,*,#6378,.F.);
#8776=ORIENTED_EDGE('',*,*,#6379,.T.);
#8777=ORIENTED_EDGE('',*,*,#6146,.T.);
#8778=ORIENTED_EDGE('',*,*,#6377,.F.);
#8779=ORIENTED_EDGE('',*,*,#6380,.F.);
#8780=ORIENTED_EDGE('',*,*,#6375,.T.);
#8781=ORIENTED_EDGE('',*,*,#6143,.T.);
#8782=ORIENTED_EDGE('',*,*,#6379,.F.);
#8783=ORIENTED_EDGE('',*,*,#6381,.F.);
#8784=ORIENTED_EDGE('',*,*,#6382,.T.);
#8785=ORIENTED_EDGE('',*,*,#6148,.T.);
#8786=ORIENTED_EDGE('',*,*,#6383,.F.);
#8787=ORIENTED_EDGE('',*,*,#6384,.F.);
#8788=ORIENTED_EDGE('',*,*,#6385,.T.);
#8789=ORIENTED_EDGE('',*,*,#6149,.T.);
#8790=ORIENTED_EDGE('',*,*,#6382,.F.);
#8791=ORIENTED_EDGE('',*,*,#6386,.F.);
#8792=ORIENTED_EDGE('',*,*,#6387,.T.);
#8793=ORIENTED_EDGE('',*,*,#6150,.T.);
#8794=ORIENTED_EDGE('',*,*,#6385,.F.);
#8795=ORIENTED_EDGE('',*,*,#6388,.F.);
#8796=ORIENTED_EDGE('',*,*,#6383,.T.);
#8797=ORIENTED_EDGE('',*,*,#6147,.T.);
#8798=ORIENTED_EDGE('',*,*,#6387,.F.);
#8799=ORIENTED_EDGE('',*,*,#6389,.F.);
#8800=ORIENTED_EDGE('',*,*,#6390,.T.);
#8801=ORIENTED_EDGE('',*,*,#6152,.T.);
#8802=ORIENTED_EDGE('',*,*,#6391,.F.);
#8803=ORIENTED_EDGE('',*,*,#6392,.F.);
#8804=ORIENTED_EDGE('',*,*,#6393,.T.);
#8805=ORIENTED_EDGE('',*,*,#6153,.T.);
#8806=ORIENTED_EDGE('',*,*,#6390,.F.);
#8807=ORIENTED_EDGE('',*,*,#6394,.F.);
#8808=ORIENTED_EDGE('',*,*,#6395,.T.);
#8809=ORIENTED_EDGE('',*,*,#6154,.T.);
#8810=ORIENTED_EDGE('',*,*,#6393,.F.);
#8811=ORIENTED_EDGE('',*,*,#6396,.F.);
#8812=ORIENTED_EDGE('',*,*,#6397,.T.);
#8813=ORIENTED_EDGE('',*,*,#6155,.T.);
#8814=ORIENTED_EDGE('',*,*,#6395,.F.);
#8815=ORIENTED_EDGE('',*,*,#6398,.F.);
#8816=ORIENTED_EDGE('',*,*,#6399,.T.);
#8817=ORIENTED_EDGE('',*,*,#6156,.T.);
#8818=ORIENTED_EDGE('',*,*,#6397,.F.);
#8819=ORIENTED_EDGE('',*,*,#6400,.F.);
#8820=ORIENTED_EDGE('',*,*,#6401,.T.);
#8821=ORIENTED_EDGE('',*,*,#6157,.T.);
#8822=ORIENTED_EDGE('',*,*,#6399,.F.);
#8823=ORIENTED_EDGE('',*,*,#6402,.F.);
#8824=ORIENTED_EDGE('',*,*,#6403,.T.);
#8825=ORIENTED_EDGE('',*,*,#6158,.T.);
#8826=ORIENTED_EDGE('',*,*,#6401,.F.);
#8827=ORIENTED_EDGE('',*,*,#6404,.F.);
#8828=ORIENTED_EDGE('',*,*,#6405,.T.);
#8829=ORIENTED_EDGE('',*,*,#6159,.T.);
#8830=ORIENTED_EDGE('',*,*,#6403,.F.);
#8831=ORIENTED_EDGE('',*,*,#6406,.F.);
#8832=ORIENTED_EDGE('',*,*,#6407,.T.);
#8833=ORIENTED_EDGE('',*,*,#6160,.T.);
#8834=ORIENTED_EDGE('',*,*,#6405,.F.);
#8835=ORIENTED_EDGE('',*,*,#6408,.F.);
#8836=ORIENTED_EDGE('',*,*,#6409,.T.);
#8837=ORIENTED_EDGE('',*,*,#6161,.T.);
#8838=ORIENTED_EDGE('',*,*,#6407,.F.);
#8839=ORIENTED_EDGE('',*,*,#6410,.F.);
#8840=ORIENTED_EDGE('',*,*,#6411,.T.);
#8841=ORIENTED_EDGE('',*,*,#6162,.T.);
#8842=ORIENTED_EDGE('',*,*,#6409,.F.);
#8843=ORIENTED_EDGE('',*,*,#6412,.F.);
#8844=ORIENTED_EDGE('',*,*,#6413,.T.);
#8845=ORIENTED_EDGE('',*,*,#6163,.T.);
#8846=ORIENTED_EDGE('',*,*,#6411,.F.);
#8847=ORIENTED_EDGE('',*,*,#6414,.F.);
#8848=ORIENTED_EDGE('',*,*,#6415,.T.);
#8849=ORIENTED_EDGE('',*,*,#6164,.T.);
#8850=ORIENTED_EDGE('',*,*,#6413,.F.);
#8851=ORIENTED_EDGE('',*,*,#6416,.F.);
#8852=ORIENTED_EDGE('',*,*,#6417,.T.);
#8853=ORIENTED_EDGE('',*,*,#6165,.T.);
#8854=ORIENTED_EDGE('',*,*,#6415,.F.);
#8855=ORIENTED_EDGE('',*,*,#6418,.F.);
#8856=ORIENTED_EDGE('',*,*,#6419,.T.);
#8857=ORIENTED_EDGE('',*,*,#6166,.T.);
#8858=ORIENTED_EDGE('',*,*,#6417,.F.);
#8859=ORIENTED_EDGE('',*,*,#6420,.F.);
#8860=ORIENTED_EDGE('',*,*,#6421,.T.);
#8861=ORIENTED_EDGE('',*,*,#6167,.T.);
#8862=ORIENTED_EDGE('',*,*,#6419,.F.);
#8863=ORIENTED_EDGE('',*,*,#6422,.F.);
#8864=ORIENTED_EDGE('',*,*,#6423,.T.);
#8865=ORIENTED_EDGE('',*,*,#6168,.T.);
#8866=ORIENTED_EDGE('',*,*,#6421,.F.);
#8867=ORIENTED_EDGE('',*,*,#6424,.F.);
#8868=ORIENTED_EDGE('',*,*,#6425,.T.);
#8869=ORIENTED_EDGE('',*,*,#6169,.T.);
#8870=ORIENTED_EDGE('',*,*,#6423,.F.);
#8871=ORIENTED_EDGE('',*,*,#6426,.F.);
#8872=ORIENTED_EDGE('',*,*,#6427,.T.);
#8873=ORIENTED_EDGE('',*,*,#6170,.T.);
#8874=ORIENTED_EDGE('',*,*,#6425,.F.);
#8875=ORIENTED_EDGE('',*,*,#6428,.F.);
#8876=ORIENTED_EDGE('',*,*,#6429,.T.);
#8877=ORIENTED_EDGE('',*,*,#6171,.T.);
#8878=ORIENTED_EDGE('',*,*,#6427,.F.);
#8879=ORIENTED_EDGE('',*,*,#6430,.F.);
#8880=ORIENTED_EDGE('',*,*,#6431,.T.);
#8881=ORIENTED_EDGE('',*,*,#6172,.T.);
#8882=ORIENTED_EDGE('',*,*,#6429,.F.);
#8883=ORIENTED_EDGE('',*,*,#6432,.F.);
#8884=ORIENTED_EDGE('',*,*,#6433,.T.);
#8885=ORIENTED_EDGE('',*,*,#6173,.T.);
#8886=ORIENTED_EDGE('',*,*,#6431,.F.);
#8887=ORIENTED_EDGE('',*,*,#6434,.F.);
#8888=ORIENTED_EDGE('',*,*,#6435,.T.);
#8889=ORIENTED_EDGE('',*,*,#6174,.T.);
#8890=ORIENTED_EDGE('',*,*,#6433,.F.);
#8891=ORIENTED_EDGE('',*,*,#6436,.F.);
#8892=ORIENTED_EDGE('',*,*,#6437,.T.);
#8893=ORIENTED_EDGE('',*,*,#6175,.T.);
#8894=ORIENTED_EDGE('',*,*,#6435,.F.);
#8895=ORIENTED_EDGE('',*,*,#6438,.F.);
#8896=ORIENTED_EDGE('',*,*,#6439,.T.);
#8897=ORIENTED_EDGE('',*,*,#6176,.T.);
#8898=ORIENTED_EDGE('',*,*,#6437,.F.);
#8899=ORIENTED_EDGE('',*,*,#6440,.F.);
#8900=ORIENTED_EDGE('',*,*,#6441,.T.);
#8901=ORIENTED_EDGE('',*,*,#6177,.T.);
#8902=ORIENTED_EDGE('',*,*,#6439,.F.);
#8903=ORIENTED_EDGE('',*,*,#6442,.F.);
#8904=ORIENTED_EDGE('',*,*,#6443,.T.);
#8905=ORIENTED_EDGE('',*,*,#6178,.T.);
#8906=ORIENTED_EDGE('',*,*,#6441,.F.);
#8907=ORIENTED_EDGE('',*,*,#6444,.F.);
#8908=ORIENTED_EDGE('',*,*,#6445,.T.);
#8909=ORIENTED_EDGE('',*,*,#6179,.T.);
#8910=ORIENTED_EDGE('',*,*,#6443,.F.);
#8911=ORIENTED_EDGE('',*,*,#6446,.F.);
#8912=ORIENTED_EDGE('',*,*,#6447,.T.);
#8913=ORIENTED_EDGE('',*,*,#6180,.T.);
#8914=ORIENTED_EDGE('',*,*,#6445,.F.);
#8915=ORIENTED_EDGE('',*,*,#6448,.F.);
#8916=ORIENTED_EDGE('',*,*,#6449,.T.);
#8917=ORIENTED_EDGE('',*,*,#6181,.T.);
#8918=ORIENTED_EDGE('',*,*,#6447,.F.);
#8919=ORIENTED_EDGE('',*,*,#6450,.F.);
#8920=ORIENTED_EDGE('',*,*,#6451,.T.);
#8921=ORIENTED_EDGE('',*,*,#6182,.T.);
#8922=ORIENTED_EDGE('',*,*,#6449,.F.);
#8923=ORIENTED_EDGE('',*,*,#6452,.F.);
#8924=ORIENTED_EDGE('',*,*,#6391,.T.);
#8925=ORIENTED_EDGE('',*,*,#6151,.T.);
#8926=ORIENTED_EDGE('',*,*,#6451,.F.);
#8927=ORIENTED_EDGE('',*,*,#6183,.T.);
#8928=ORIENTED_EDGE('',*,*,#6453,.T.);
#8929=ORIENTED_EDGE('',*,*,#6454,.F.);
#8930=ORIENTED_EDGE('',*,*,#6453,.F.);
#8931=ORIENTED_EDGE('',*,*,#6455,.F.);
#8932=ORIENTED_EDGE('',*,*,#6456,.T.);
#8933=ORIENTED_EDGE('',*,*,#6185,.T.);
#8934=ORIENTED_EDGE('',*,*,#6457,.F.);
#8935=ORIENTED_EDGE('',*,*,#6458,.F.);
#8936=ORIENTED_EDGE('',*,*,#6459,.T.);
#8937=ORIENTED_EDGE('',*,*,#6186,.T.);
#8938=ORIENTED_EDGE('',*,*,#6456,.F.);
#8939=ORIENTED_EDGE('',*,*,#6460,.F.);
#8940=ORIENTED_EDGE('',*,*,#6461,.T.);
#8941=ORIENTED_EDGE('',*,*,#6187,.T.);
#8942=ORIENTED_EDGE('',*,*,#6459,.F.);
#8943=ORIENTED_EDGE('',*,*,#6462,.F.);
#8944=ORIENTED_EDGE('',*,*,#6457,.T.);
#8945=ORIENTED_EDGE('',*,*,#6184,.T.);
#8946=ORIENTED_EDGE('',*,*,#6461,.F.);
#8947=ORIENTED_EDGE('',*,*,#6463,.F.);
#8948=ORIENTED_EDGE('',*,*,#6464,.T.);
#8949=ORIENTED_EDGE('',*,*,#6189,.T.);
#8950=ORIENTED_EDGE('',*,*,#6465,.F.);
#8951=ORIENTED_EDGE('',*,*,#6466,.F.);
#8952=ORIENTED_EDGE('',*,*,#6467,.T.);
#8953=ORIENTED_EDGE('',*,*,#6190,.T.);
#8954=ORIENTED_EDGE('',*,*,#6464,.F.);
#8955=ORIENTED_EDGE('',*,*,#6468,.F.);
#8956=ORIENTED_EDGE('',*,*,#6469,.T.);
#8957=ORIENTED_EDGE('',*,*,#6191,.T.);
#8958=ORIENTED_EDGE('',*,*,#6467,.F.);
#8959=ORIENTED_EDGE('',*,*,#6470,.F.);
#8960=ORIENTED_EDGE('',*,*,#6465,.T.);
#8961=ORIENTED_EDGE('',*,*,#6188,.T.);
#8962=ORIENTED_EDGE('',*,*,#6469,.F.);
#8963=ORIENTED_EDGE('',*,*,#6471,.F.);
#8964=ORIENTED_EDGE('',*,*,#6472,.T.);
#8965=ORIENTED_EDGE('',*,*,#6193,.T.);
#8966=ORIENTED_EDGE('',*,*,#6473,.F.);
#8967=ORIENTED_EDGE('',*,*,#6474,.F.);
#8968=ORIENTED_EDGE('',*,*,#6475,.T.);
#8969=ORIENTED_EDGE('',*,*,#6194,.T.);
#8970=ORIENTED_EDGE('',*,*,#6472,.F.);
#8971=ORIENTED_EDGE('',*,*,#6476,.F.);
#8972=ORIENTED_EDGE('',*,*,#6477,.T.);
#8973=ORIENTED_EDGE('',*,*,#6195,.T.);
#8974=ORIENTED_EDGE('',*,*,#6475,.F.);
#8975=ORIENTED_EDGE('',*,*,#6478,.F.);
#8976=ORIENTED_EDGE('',*,*,#6473,.T.);
#8977=ORIENTED_EDGE('',*,*,#6192,.T.);
#8978=ORIENTED_EDGE('',*,*,#6477,.F.);
#8979=ORIENTED_EDGE('',*,*,#6196,.T.);
#8980=ORIENTED_EDGE('',*,*,#6479,.T.);
#8981=ORIENTED_EDGE('',*,*,#6480,.F.);
#8982=ORIENTED_EDGE('',*,*,#6479,.F.);
#8983=ORIENTED_EDGE('',*,*,#6481,.F.);
#8984=ORIENTED_EDGE('',*,*,#6482,.T.);
#8985=ORIENTED_EDGE('',*,*,#6198,.T.);
#8986=ORIENTED_EDGE('',*,*,#6483,.F.);
#8987=ORIENTED_EDGE('',*,*,#6484,.F.);
#8988=ORIENTED_EDGE('',*,*,#6485,.T.);
#8989=ORIENTED_EDGE('',*,*,#6199,.T.);
#8990=ORIENTED_EDGE('',*,*,#6482,.F.);
#8991=ORIENTED_EDGE('',*,*,#6486,.F.);
#8992=ORIENTED_EDGE('',*,*,#6487,.T.);
#8993=ORIENTED_EDGE('',*,*,#6200,.T.);
#8994=ORIENTED_EDGE('',*,*,#6485,.F.);
#8995=ORIENTED_EDGE('',*,*,#6488,.F.);
#8996=ORIENTED_EDGE('',*,*,#6483,.T.);
#8997=ORIENTED_EDGE('',*,*,#6197,.T.);
#8998=ORIENTED_EDGE('',*,*,#6487,.F.);
#8999=ORIENTED_EDGE('',*,*,#6489,.F.);
#9000=ORIENTED_EDGE('',*,*,#6490,.T.);
#9001=ORIENTED_EDGE('',*,*,#6202,.T.);
#9002=ORIENTED_EDGE('',*,*,#6491,.F.);
#9003=ORIENTED_EDGE('',*,*,#6492,.F.);
#9004=ORIENTED_EDGE('',*,*,#6493,.T.);
#9005=ORIENTED_EDGE('',*,*,#6203,.T.);
#9006=ORIENTED_EDGE('',*,*,#6490,.F.);
#9007=ORIENTED_EDGE('',*,*,#6494,.F.);
#9008=ORIENTED_EDGE('',*,*,#6495,.T.);
#9009=ORIENTED_EDGE('',*,*,#6204,.T.);
#9010=ORIENTED_EDGE('',*,*,#6493,.F.);
#9011=ORIENTED_EDGE('',*,*,#6496,.F.);
#9012=ORIENTED_EDGE('',*,*,#6491,.T.);
#9013=ORIENTED_EDGE('',*,*,#6201,.T.);
#9014=ORIENTED_EDGE('',*,*,#6495,.F.);
#9015=ORIENTED_EDGE('',*,*,#6497,.F.);
#9016=ORIENTED_EDGE('',*,*,#6498,.T.);
#9017=ORIENTED_EDGE('',*,*,#6206,.T.);
#9018=ORIENTED_EDGE('',*,*,#6499,.F.);
#9019=ORIENTED_EDGE('',*,*,#6500,.F.);
#9020=ORIENTED_EDGE('',*,*,#6501,.T.);
#9021=ORIENTED_EDGE('',*,*,#6207,.T.);
#9022=ORIENTED_EDGE('',*,*,#6498,.F.);
#9023=ORIENTED_EDGE('',*,*,#6502,.F.);
#9024=ORIENTED_EDGE('',*,*,#6503,.T.);
#9025=ORIENTED_EDGE('',*,*,#6208,.T.);
#9026=ORIENTED_EDGE('',*,*,#6501,.F.);
#9027=ORIENTED_EDGE('',*,*,#6504,.F.);
#9028=ORIENTED_EDGE('',*,*,#6499,.T.);
#9029=ORIENTED_EDGE('',*,*,#6205,.T.);
#9030=ORIENTED_EDGE('',*,*,#6503,.F.);
#9031=ORIENTED_EDGE('',*,*,#6231,.T.);
#9032=ORIENTED_EDGE('',*,*,#6505,.F.);
#9033=ORIENTED_EDGE('',*,*,#6506,.T.);
#9034=ORIENTED_EDGE('',*,*,#6507,.T.);
#9035=ORIENTED_EDGE('',*,*,#6233,.T.);
#9036=ORIENTED_EDGE('',*,*,#6507,.F.);
#9037=ORIENTED_EDGE('',*,*,#6508,.T.);
#9038=ORIENTED_EDGE('',*,*,#6509,.T.);
#9039=ORIENTED_EDGE('',*,*,#6235,.T.);
#9040=ORIENTED_EDGE('',*,*,#6509,.F.);
#9041=ORIENTED_EDGE('',*,*,#6510,.T.);
#9042=ORIENTED_EDGE('',*,*,#6511,.T.);
#9043=ORIENTED_EDGE('',*,*,#6237,.T.);
#9044=ORIENTED_EDGE('',*,*,#6511,.F.);
#9045=ORIENTED_EDGE('',*,*,#6512,.T.);
#9046=ORIENTED_EDGE('',*,*,#6513,.T.);
#9047=ORIENTED_EDGE('',*,*,#6239,.T.);
#9048=ORIENTED_EDGE('',*,*,#6513,.F.);
#9049=ORIENTED_EDGE('',*,*,#6514,.F.);
#9050=ORIENTED_EDGE('',*,*,#6515,.T.);
#9051=ORIENTED_EDGE('',*,*,#6241,.T.);
#9052=ORIENTED_EDGE('',*,*,#6515,.F.);
#9053=ORIENTED_EDGE('',*,*,#6516,.T.);
#9054=ORIENTED_EDGE('',*,*,#6517,.T.);
#9055=ORIENTED_EDGE('',*,*,#6243,.T.);
#9056=ORIENTED_EDGE('',*,*,#6517,.F.);
#9057=ORIENTED_EDGE('',*,*,#6518,.T.);
#9058=ORIENTED_EDGE('',*,*,#6519,.T.);
#9059=ORIENTED_EDGE('',*,*,#6245,.T.);
#9060=ORIENTED_EDGE('',*,*,#6519,.F.);
#9061=ORIENTED_EDGE('',*,*,#6520,.T.);
#9062=ORIENTED_EDGE('',*,*,#6521,.T.);
#9063=ORIENTED_EDGE('',*,*,#6247,.T.);
#9064=ORIENTED_EDGE('',*,*,#6521,.F.);
#9065=ORIENTED_EDGE('',*,*,#6522,.T.);
#9066=ORIENTED_EDGE('',*,*,#6523,.T.);
#9067=ORIENTED_EDGE('',*,*,#6249,.T.);
#9068=ORIENTED_EDGE('',*,*,#6523,.F.);
#9069=ORIENTED_EDGE('',*,*,#6524,.T.);
#9070=ORIENTED_EDGE('',*,*,#6525,.T.);
#9071=ORIENTED_EDGE('',*,*,#6251,.T.);
#9072=ORIENTED_EDGE('',*,*,#6525,.F.);
#9073=ORIENTED_EDGE('',*,*,#6526,.T.);
#9074=ORIENTED_EDGE('',*,*,#6527,.T.);
#9075=ORIENTED_EDGE('',*,*,#6253,.T.);
#9076=ORIENTED_EDGE('',*,*,#6527,.F.);
#9077=ORIENTED_EDGE('',*,*,#6528,.T.);
#9078=ORIENTED_EDGE('',*,*,#6216,.T.);
#9079=ORIENTED_EDGE('',*,*,#6221,.T.);
#9080=ORIENTED_EDGE('',*,*,#6220,.F.);
#9081=ORIENTED_EDGE('',*,*,#6529,.T.);
#9082=ORIENTED_EDGE('',*,*,#6530,.T.);
#9083=ORIENTED_EDGE('',*,*,#6223,.T.);
#9084=ORIENTED_EDGE('',*,*,#6530,.F.);
#9085=ORIENTED_EDGE('',*,*,#6531,.T.);
#9086=ORIENTED_EDGE('',*,*,#6532,.T.);
#9087=ORIENTED_EDGE('',*,*,#6225,.T.);
#9088=ORIENTED_EDGE('',*,*,#6532,.F.);
#9089=ORIENTED_EDGE('',*,*,#6533,.T.);
#9090=ORIENTED_EDGE('',*,*,#6534,.T.);
#9091=ORIENTED_EDGE('',*,*,#6210,.T.);
#9092=ORIENTED_EDGE('',*,*,#6534,.F.);
#9093=ORIENTED_EDGE('',*,*,#6535,.T.);
#9094=ORIENTED_EDGE('',*,*,#6226,.T.);
#9095=ORIENTED_EDGE('',*,*,#6061,.T.);
#9096=ORIENTED_EDGE('',*,*,#6228,.F.);
#9097=ORIENTED_EDGE('',*,*,#6536,.F.);
#9098=ORIENTED_EDGE('',*,*,#6254,.T.);
#9099=ORIENTED_EDGE('',*,*,#6229,.T.);
#9100=ORIENTED_EDGE('',*,*,#6256,.F.);
#9101=ORIENTED_EDGE('',*,*,#6537,.F.);
#9102=ORIENTED_EDGE('',*,*,#6505,.T.);
#9103=ORIENTED_EDGE('',*,*,#6537,.T.);
#9104=ORIENTED_EDGE('',*,*,#6255,.T.);
#9105=ORIENTED_EDGE('',*,*,#6536,.T.);
#9106=ORIENTED_EDGE('',*,*,#6227,.F.);
#9107=ORIENTED_EDGE('',*,*,#6535,.F.);
#9108=ORIENTED_EDGE('',*,*,#6533,.F.);
#9109=ORIENTED_EDGE('',*,*,#6531,.F.);
#9110=ORIENTED_EDGE('',*,*,#6529,.F.);
#9111=ORIENTED_EDGE('',*,*,#6219,.F.);
#9112=ORIENTED_EDGE('',*,*,#6217,.F.);
#9113=ORIENTED_EDGE('',*,*,#6528,.F.);
#9114=ORIENTED_EDGE('',*,*,#6526,.F.);
#9115=ORIENTED_EDGE('',*,*,#6524,.F.);
#9116=ORIENTED_EDGE('',*,*,#6522,.F.);
#9117=ORIENTED_EDGE('',*,*,#6520,.F.);
#9118=ORIENTED_EDGE('',*,*,#6518,.F.);
#9119=ORIENTED_EDGE('',*,*,#6516,.F.);
#9120=ORIENTED_EDGE('',*,*,#6514,.T.);
#9121=ORIENTED_EDGE('',*,*,#6512,.F.);
#9122=ORIENTED_EDGE('',*,*,#6510,.F.);
#9123=ORIENTED_EDGE('',*,*,#6508,.F.);
#9124=ORIENTED_EDGE('',*,*,#6506,.F.);
#9125=ORIENTED_EDGE('',*,*,#6504,.T.);
#9126=ORIENTED_EDGE('',*,*,#6502,.T.);
#9127=ORIENTED_EDGE('',*,*,#6500,.T.);
#9128=ORIENTED_EDGE('',*,*,#6497,.T.);
#9129=ORIENTED_EDGE('',*,*,#6496,.T.);
#9130=ORIENTED_EDGE('',*,*,#6494,.T.);
#9131=ORIENTED_EDGE('',*,*,#6492,.T.);
#9132=ORIENTED_EDGE('',*,*,#6489,.T.);
#9133=ORIENTED_EDGE('',*,*,#6488,.T.);
#9134=ORIENTED_EDGE('',*,*,#6486,.T.);
#9135=ORIENTED_EDGE('',*,*,#6484,.T.);
#9136=ORIENTED_EDGE('',*,*,#6481,.T.);
#9137=ORIENTED_EDGE('',*,*,#6480,.T.);
#9138=ORIENTED_EDGE('',*,*,#6478,.T.);
#9139=ORIENTED_EDGE('',*,*,#6476,.T.);
#9140=ORIENTED_EDGE('',*,*,#6474,.T.);
#9141=ORIENTED_EDGE('',*,*,#6471,.T.);
#9142=ORIENTED_EDGE('',*,*,#6470,.T.);
#9143=ORIENTED_EDGE('',*,*,#6468,.T.);
#9144=ORIENTED_EDGE('',*,*,#6466,.T.);
#9145=ORIENTED_EDGE('',*,*,#6463,.T.);
#9146=ORIENTED_EDGE('',*,*,#6462,.T.);
#9147=ORIENTED_EDGE('',*,*,#6460,.T.);
#9148=ORIENTED_EDGE('',*,*,#6458,.T.);
#9149=ORIENTED_EDGE('',*,*,#6455,.T.);
#9150=ORIENTED_EDGE('',*,*,#6454,.T.);
#9151=ORIENTED_EDGE('',*,*,#6452,.T.);
#9152=ORIENTED_EDGE('',*,*,#6450,.T.);
#9153=ORIENTED_EDGE('',*,*,#6448,.T.);
#9154=ORIENTED_EDGE('',*,*,#6446,.T.);
#9155=ORIENTED_EDGE('',*,*,#6444,.T.);
#9156=ORIENTED_EDGE('',*,*,#6442,.T.);
#9157=ORIENTED_EDGE('',*,*,#6440,.T.);
#9158=ORIENTED_EDGE('',*,*,#6438,.T.);
#9159=ORIENTED_EDGE('',*,*,#6436,.T.);
#9160=ORIENTED_EDGE('',*,*,#6434,.T.);
#9161=ORIENTED_EDGE('',*,*,#6432,.T.);
#9162=ORIENTED_EDGE('',*,*,#6430,.T.);
#9163=ORIENTED_EDGE('',*,*,#6428,.T.);
#9164=ORIENTED_EDGE('',*,*,#6426,.T.);
#9165=ORIENTED_EDGE('',*,*,#6424,.T.);
#9166=ORIENTED_EDGE('',*,*,#6422,.T.);
#9167=ORIENTED_EDGE('',*,*,#6420,.T.);
#9168=ORIENTED_EDGE('',*,*,#6418,.T.);
#9169=ORIENTED_EDGE('',*,*,#6416,.T.);
#9170=ORIENTED_EDGE('',*,*,#6414,.T.);
#9171=ORIENTED_EDGE('',*,*,#6412,.T.);
#9172=ORIENTED_EDGE('',*,*,#6410,.T.);
#9173=ORIENTED_EDGE('',*,*,#6408,.T.);
#9174=ORIENTED_EDGE('',*,*,#6406,.T.);
#9175=ORIENTED_EDGE('',*,*,#6404,.T.);
#9176=ORIENTED_EDGE('',*,*,#6402,.T.);
#9177=ORIENTED_EDGE('',*,*,#6400,.T.);
#9178=ORIENTED_EDGE('',*,*,#6398,.T.);
#9179=ORIENTED_EDGE('',*,*,#6396,.T.);
#9180=ORIENTED_EDGE('',*,*,#6394,.T.);
#9181=ORIENTED_EDGE('',*,*,#6392,.T.);
#9182=ORIENTED_EDGE('',*,*,#6389,.T.);
#9183=ORIENTED_EDGE('',*,*,#6388,.T.);
#9184=ORIENTED_EDGE('',*,*,#6386,.T.);
#9185=ORIENTED_EDGE('',*,*,#6384,.T.);
#9186=ORIENTED_EDGE('',*,*,#6381,.T.);
#9187=ORIENTED_EDGE('',*,*,#6380,.T.);
#9188=ORIENTED_EDGE('',*,*,#6378,.T.);
#9189=ORIENTED_EDGE('',*,*,#6376,.T.);
#9190=ORIENTED_EDGE('',*,*,#6373,.T.);
#9191=ORIENTED_EDGE('',*,*,#6372,.T.);
#9192=ORIENTED_EDGE('',*,*,#6370,.T.);
#9193=ORIENTED_EDGE('',*,*,#6368,.T.);
#9194=ORIENTED_EDGE('',*,*,#6365,.T.);
#9195=ORIENTED_EDGE('',*,*,#6364,.T.);
#9196=ORIENTED_EDGE('',*,*,#6362,.T.);
#9197=ORIENTED_EDGE('',*,*,#6360,.T.);
#9198=ORIENTED_EDGE('',*,*,#6358,.T.);
#9199=ORIENTED_EDGE('',*,*,#6355,.T.);
#9200=ORIENTED_EDGE('',*,*,#6354,.T.);
#9201=ORIENTED_EDGE('',*,*,#6352,.T.);
#9202=ORIENTED_EDGE('',*,*,#6350,.T.);
#9203=ORIENTED_EDGE('',*,*,#6347,.T.);
#9204=ORIENTED_EDGE('',*,*,#6346,.T.);
#9205=ORIENTED_EDGE('',*,*,#6344,.T.);
#9206=ORIENTED_EDGE('',*,*,#6342,.T.);
#9207=ORIENTED_EDGE('',*,*,#6340,.T.);
#9208=ORIENTED_EDGE('',*,*,#6337,.T.);
#9209=ORIENTED_EDGE('',*,*,#6336,.T.);
#9210=ORIENTED_EDGE('',*,*,#6334,.T.);
#9211=ORIENTED_EDGE('',*,*,#6332,.T.);
#9212=ORIENTED_EDGE('',*,*,#6329,.T.);
#9213=ORIENTED_EDGE('',*,*,#6328,.T.);
#9214=ORIENTED_EDGE('',*,*,#6326,.T.);
#9215=ORIENTED_EDGE('',*,*,#6324,.T.);
#9216=ORIENTED_EDGE('',*,*,#6321,.T.);
#9217=ORIENTED_EDGE('',*,*,#6320,.T.);
#9218=ORIENTED_EDGE('',*,*,#6318,.T.);
#9219=ORIENTED_EDGE('',*,*,#6316,.T.);
#9220=ORIENTED_EDGE('',*,*,#6313,.T.);
#9221=ORIENTED_EDGE('',*,*,#6312,.T.);
#9222=ORIENTED_EDGE('',*,*,#6310,.T.);
#9223=ORIENTED_EDGE('',*,*,#6308,.T.);
#9224=ORIENTED_EDGE('',*,*,#6305,.T.);
#9225=ORIENTED_EDGE('',*,*,#6304,.T.);
#9226=ORIENTED_EDGE('',*,*,#6302,.T.);
#9227=ORIENTED_EDGE('',*,*,#6300,.T.);
#9228=ORIENTED_EDGE('',*,*,#6297,.T.);
#9229=ORIENTED_EDGE('',*,*,#6296,.T.);
#9230=ORIENTED_EDGE('',*,*,#6293,.T.);
#9231=ORIENTED_EDGE('',*,*,#6292,.T.);
#9232=ORIENTED_EDGE('',*,*,#6290,.T.);
#9233=ORIENTED_EDGE('',*,*,#6288,.T.);
#9234=ORIENTED_EDGE('',*,*,#6285,.T.);
#9235=ORIENTED_EDGE('',*,*,#6284,.T.);
#9236=ORIENTED_EDGE('',*,*,#6281,.T.);
#9237=ORIENTED_EDGE('',*,*,#6280,.T.);
#9238=ORIENTED_EDGE('',*,*,#6278,.T.);
#9239=ORIENTED_EDGE('',*,*,#6276,.T.);
#9240=ORIENTED_EDGE('',*,*,#6273,.T.);
#9241=ORIENTED_EDGE('',*,*,#6272,.T.);
#9242=ORIENTED_EDGE('',*,*,#6270,.T.);
#9243=ORIENTED_EDGE('',*,*,#6268,.T.);
#9244=ORIENTED_EDGE('',*,*,#6265,.T.);
#9245=ORIENTED_EDGE('',*,*,#6264,.T.);
#9246=ORIENTED_EDGE('',*,*,#6262,.T.);
#9247=ORIENTED_EDGE('',*,*,#6260,.T.);
#9248=ORIENTED_EDGE('',*,*,#6257,.T.);
#9249=ORIENTED_EDGE('',*,*,#6538,.T.);
#9250=ORIENTED_EDGE('',*,*,#6539,.T.);
#9251=ORIENTED_EDGE('',*,*,#6540,.T.);
#9252=ORIENTED_EDGE('',*,*,#6541,.F.);
#9253=ORIENTED_EDGE('',*,*,#6542,.F.);
#9254=ORIENTED_EDGE('',*,*,#6541,.T.);
#9255=ORIENTED_EDGE('',*,*,#6543,.T.);
#9256=ORIENTED_EDGE('',*,*,#6539,.F.);
#9257=ORIENTED_EDGE('',*,*,#6543,.F.);
#9258=ORIENTED_EDGE('',*,*,#6540,.F.);
#9259=ORIENTED_EDGE('',*,*,#6542,.T.);
#9260=ORIENTED_EDGE('',*,*,#6538,.F.);
#9261=ORIENTED_EDGE('',*,*,#6544,.T.);
#9262=ORIENTED_EDGE('',*,*,#6545,.T.);
#9263=ORIENTED_EDGE('',*,*,#6546,.T.);
#9264=ORIENTED_EDGE('',*,*,#6547,.F.);
#9265=ORIENTED_EDGE('',*,*,#6548,.F.);
#9266=ORIENTED_EDGE('',*,*,#6547,.T.);
#9267=ORIENTED_EDGE('',*,*,#6549,.T.);
#9268=ORIENTED_EDGE('',*,*,#6545,.F.);
#9269=ORIENTED_EDGE('',*,*,#6549,.F.);
#9270=ORIENTED_EDGE('',*,*,#6546,.F.);
#9271=ORIENTED_EDGE('',*,*,#6548,.T.);
#9272=ORIENTED_EDGE('',*,*,#6544,.F.);
#9273=ORIENTED_EDGE('',*,*,#6550,.F.);
#9274=ORIENTED_EDGE('',*,*,#6551,.T.);
#9275=ORIENTED_EDGE('',*,*,#6552,.T.);
#9276=ORIENTED_EDGE('',*,*,#6553,.F.);
#9277=ORIENTED_EDGE('',*,*,#6554,.F.);
#9278=ORIENTED_EDGE('',*,*,#6553,.T.);
#9279=ORIENTED_EDGE('',*,*,#6555,.T.);
#9280=ORIENTED_EDGE('',*,*,#6551,.F.);
#9281=ORIENTED_EDGE('',*,*,#6556,.T.);
#9282=ORIENTED_EDGE('',*,*,#6557,.T.);
#9283=ORIENTED_EDGE('',*,*,#6558,.T.);
#9284=ORIENTED_EDGE('',*,*,#6557,.F.);
#9285=ORIENTED_EDGE('',*,*,#6556,.F.);
#9286=ORIENTED_EDGE('',*,*,#6555,.F.);
#9287=ORIENTED_EDGE('',*,*,#6552,.F.);
#9288=ORIENTED_EDGE('',*,*,#6558,.F.);
#9289=ORIENTED_EDGE('',*,*,#6554,.T.);
#9290=ORIENTED_EDGE('',*,*,#6550,.T.);
#9291=ORIENTED_EDGE('',*,*,#6559,.F.);
#9292=ORIENTED_EDGE('',*,*,#6560,.T.);
#9293=ORIENTED_EDGE('',*,*,#6561,.T.);
#9294=ORIENTED_EDGE('',*,*,#6562,.F.);
#9295=ORIENTED_EDGE('',*,*,#6563,.F.);
#9296=ORIENTED_EDGE('',*,*,#6562,.T.);
#9297=ORIENTED_EDGE('',*,*,#6564,.T.);
#9298=ORIENTED_EDGE('',*,*,#6560,.F.);
#9299=ORIENTED_EDGE('',*,*,#6565,.T.);
#9300=ORIENTED_EDGE('',*,*,#6566,.T.);
#9301=ORIENTED_EDGE('',*,*,#6567,.T.);
#9302=ORIENTED_EDGE('',*,*,#6566,.F.);
#9303=ORIENTED_EDGE('',*,*,#6565,.F.);
#9304=ORIENTED_EDGE('',*,*,#6564,.F.);
#9305=ORIENTED_EDGE('',*,*,#6561,.F.);
#9306=ORIENTED_EDGE('',*,*,#6567,.F.);
#9307=ORIENTED_EDGE('',*,*,#6563,.T.);
#9308=ORIENTED_EDGE('',*,*,#6559,.T.);
#9309=ORIENTED_EDGE('',*,*,#6568,.F.);
#9310=ORIENTED_EDGE('',*,*,#6569,.T.);
#9311=ORIENTED_EDGE('',*,*,#6570,.T.);
#9312=ORIENTED_EDGE('',*,*,#6571,.F.);
#9313=ORIENTED_EDGE('',*,*,#6572,.F.);
#9314=ORIENTED_EDGE('',*,*,#6571,.T.);
#9315=ORIENTED_EDGE('',*,*,#6573,.T.);
#9316=ORIENTED_EDGE('',*,*,#6569,.F.);
#9317=ORIENTED_EDGE('',*,*,#6574,.T.);
#9318=ORIENTED_EDGE('',*,*,#6575,.T.);
#9319=ORIENTED_EDGE('',*,*,#6576,.T.);
#9320=ORIENTED_EDGE('',*,*,#6575,.F.);
#9321=ORIENTED_EDGE('',*,*,#6574,.F.);
#9322=ORIENTED_EDGE('',*,*,#6573,.F.);
#9323=ORIENTED_EDGE('',*,*,#6570,.F.);
#9324=ORIENTED_EDGE('',*,*,#6576,.F.);
#9325=ORIENTED_EDGE('',*,*,#6572,.T.);
#9326=ORIENTED_EDGE('',*,*,#6568,.T.);
#9327=ORIENTED_EDGE('',*,*,#6577,.F.);
#9328=ORIENTED_EDGE('',*,*,#6578,.T.);
#9329=ORIENTED_EDGE('',*,*,#6579,.T.);
#9330=ORIENTED_EDGE('',*,*,#6580,.F.);
#9331=ORIENTED_EDGE('',*,*,#6581,.F.);
#9332=ORIENTED_EDGE('',*,*,#6580,.T.);
#9333=ORIENTED_EDGE('',*,*,#6582,.T.);
#9334=ORIENTED_EDGE('',*,*,#6578,.F.);
#9335=ORIENTED_EDGE('',*,*,#6583,.T.);
#9336=ORIENTED_EDGE('',*,*,#6584,.T.);
#9337=ORIENTED_EDGE('',*,*,#6585,.T.);
#9338=ORIENTED_EDGE('',*,*,#6584,.F.);
#9339=ORIENTED_EDGE('',*,*,#6583,.F.);
#9340=ORIENTED_EDGE('',*,*,#6582,.F.);
#9341=ORIENTED_EDGE('',*,*,#6579,.F.);
#9342=ORIENTED_EDGE('',*,*,#6585,.F.);
#9343=ORIENTED_EDGE('',*,*,#6581,.T.);
#9344=ORIENTED_EDGE('',*,*,#6577,.T.);
#9345=ORIENTED_EDGE('',*,*,#6586,.T.);
#9346=ORIENTED_EDGE('',*,*,#6587,.T.);
#9347=ORIENTED_EDGE('',*,*,#6588,.T.);
#9348=ORIENTED_EDGE('',*,*,#6589,.F.);
#9349=ORIENTED_EDGE('',*,*,#6590,.T.);
#9350=ORIENTED_EDGE('',*,*,#6591,.T.);
#9351=ORIENTED_EDGE('',*,*,#6592,.T.);
#9352=ORIENTED_EDGE('',*,*,#6587,.F.);
#9353=ORIENTED_EDGE('',*,*,#6593,.T.);
#9354=ORIENTED_EDGE('',*,*,#6594,.T.);
#9355=ORIENTED_EDGE('',*,*,#6595,.T.);
#9356=ORIENTED_EDGE('',*,*,#6591,.F.);
#9357=ORIENTED_EDGE('',*,*,#6596,.T.);
#9358=ORIENTED_EDGE('',*,*,#6597,.T.);
#9359=ORIENTED_EDGE('',*,*,#6598,.T.);
#9360=ORIENTED_EDGE('',*,*,#6594,.F.);
#9361=ORIENTED_EDGE('',*,*,#6599,.T.);
#9362=ORIENTED_EDGE('',*,*,#6600,.T.);
#9363=ORIENTED_EDGE('',*,*,#6601,.T.);
#9364=ORIENTED_EDGE('',*,*,#6597,.F.);
#9365=ORIENTED_EDGE('',*,*,#6602,.T.);
#9366=ORIENTED_EDGE('',*,*,#6603,.T.);
#9367=ORIENTED_EDGE('',*,*,#6604,.T.);
#9368=ORIENTED_EDGE('',*,*,#6600,.F.);
#9369=ORIENTED_EDGE('',*,*,#6605,.T.);
#9370=ORIENTED_EDGE('',*,*,#6606,.T.);
#9371=ORIENTED_EDGE('',*,*,#6607,.T.);
#9372=ORIENTED_EDGE('',*,*,#6603,.F.);
#9373=ORIENTED_EDGE('',*,*,#6608,.T.);
#9374=ORIENTED_EDGE('',*,*,#6609,.T.);
#9375=ORIENTED_EDGE('',*,*,#6610,.T.);
#9376=ORIENTED_EDGE('',*,*,#6606,.F.);
#9377=ORIENTED_EDGE('',*,*,#6611,.T.);
#9378=ORIENTED_EDGE('',*,*,#6612,.T.);
#9379=ORIENTED_EDGE('',*,*,#6613,.T.);
#9380=ORIENTED_EDGE('',*,*,#6609,.F.);
#9381=ORIENTED_EDGE('',*,*,#6614,.T.);
#9382=ORIENTED_EDGE('',*,*,#6615,.T.);
#9383=ORIENTED_EDGE('',*,*,#6616,.T.);
#9384=ORIENTED_EDGE('',*,*,#6612,.F.);
#9385=ORIENTED_EDGE('',*,*,#6617,.T.);
#9386=ORIENTED_EDGE('',*,*,#6618,.T.);
#9387=ORIENTED_EDGE('',*,*,#6619,.T.);
#9388=ORIENTED_EDGE('',*,*,#6615,.F.);
#9389=ORIENTED_EDGE('',*,*,#6620,.T.);
#9390=ORIENTED_EDGE('',*,*,#6621,.T.);
#9391=ORIENTED_EDGE('',*,*,#6622,.T.);
#9392=ORIENTED_EDGE('',*,*,#6618,.F.);
#9393=ORIENTED_EDGE('',*,*,#6623,.T.);
#9394=ORIENTED_EDGE('',*,*,#6624,.T.);
#9395=ORIENTED_EDGE('',*,*,#6625,.T.);
#9396=ORIENTED_EDGE('',*,*,#6621,.F.);
#9397=ORIENTED_EDGE('',*,*,#6626,.T.);
#9398=ORIENTED_EDGE('',*,*,#6627,.T.);
#9399=ORIENTED_EDGE('',*,*,#6628,.T.);
#9400=ORIENTED_EDGE('',*,*,#6624,.F.);
#9401=ORIENTED_EDGE('',*,*,#6629,.T.);
#9402=ORIENTED_EDGE('',*,*,#6630,.T.);
#9403=ORIENTED_EDGE('',*,*,#6631,.T.);
#9404=ORIENTED_EDGE('',*,*,#6627,.F.);
#9405=ORIENTED_EDGE('',*,*,#6632,.T.);
#9406=ORIENTED_EDGE('',*,*,#6633,.T.);
#9407=ORIENTED_EDGE('',*,*,#6634,.T.);
#9408=ORIENTED_EDGE('',*,*,#6630,.F.);
#9409=ORIENTED_EDGE('',*,*,#6635,.T.);
#9410=ORIENTED_EDGE('',*,*,#6636,.T.);
#9411=ORIENTED_EDGE('',*,*,#6637,.T.);
#9412=ORIENTED_EDGE('',*,*,#6633,.F.);
#9413=ORIENTED_EDGE('',*,*,#6638,.T.);
#9414=ORIENTED_EDGE('',*,*,#6639,.T.);
#9415=ORIENTED_EDGE('',*,*,#6640,.T.);
#9416=ORIENTED_EDGE('',*,*,#6636,.F.);
#9417=ORIENTED_EDGE('',*,*,#6641,.T.);
#9418=ORIENTED_EDGE('',*,*,#6642,.T.);
#9419=ORIENTED_EDGE('',*,*,#6643,.T.);
#9420=ORIENTED_EDGE('',*,*,#6639,.F.);
#9421=ORIENTED_EDGE('',*,*,#6644,.T.);
#9422=ORIENTED_EDGE('',*,*,#6645,.T.);
#9423=ORIENTED_EDGE('',*,*,#6646,.T.);
#9424=ORIENTED_EDGE('',*,*,#6642,.F.);
#9425=ORIENTED_EDGE('',*,*,#6647,.T.);
#9426=ORIENTED_EDGE('',*,*,#6648,.T.);
#9427=ORIENTED_EDGE('',*,*,#6649,.T.);
#9428=ORIENTED_EDGE('',*,*,#6645,.F.);
#9429=ORIENTED_EDGE('',*,*,#6650,.T.);
#9430=ORIENTED_EDGE('',*,*,#6651,.T.);
#9431=ORIENTED_EDGE('',*,*,#6652,.T.);
#9432=ORIENTED_EDGE('',*,*,#6648,.F.);
#9433=ORIENTED_EDGE('',*,*,#6653,.T.);
#9434=ORIENTED_EDGE('',*,*,#6589,.T.);
#9435=ORIENTED_EDGE('',*,*,#6654,.T.);
#9436=ORIENTED_EDGE('',*,*,#6651,.F.);
#9437=ORIENTED_EDGE('',*,*,#6655,.T.);
#9438=ORIENTED_EDGE('',*,*,#6656,.T.);
#9439=ORIENTED_EDGE('',*,*,#6657,.T.);
#9440=ORIENTED_EDGE('',*,*,#6658,.F.);
#9441=ORIENTED_EDGE('',*,*,#6659,.T.);
#9442=ORIENTED_EDGE('',*,*,#6660,.T.);
#9443=ORIENTED_EDGE('',*,*,#6661,.T.);
#9444=ORIENTED_EDGE('',*,*,#6656,.F.);
#9445=ORIENTED_EDGE('',*,*,#6662,.F.);
#9446=ORIENTED_EDGE('',*,*,#6663,.T.);
#9447=ORIENTED_EDGE('',*,*,#6664,.T.);
#9448=ORIENTED_EDGE('',*,*,#6660,.F.);
#9449=ORIENTED_EDGE('',*,*,#6665,.F.);
#9450=ORIENTED_EDGE('',*,*,#6666,.T.);
#9451=ORIENTED_EDGE('',*,*,#6667,.T.);
#9452=ORIENTED_EDGE('',*,*,#6663,.F.);
#9453=ORIENTED_EDGE('',*,*,#6668,.F.);
#9454=ORIENTED_EDGE('',*,*,#6669,.T.);
#9455=ORIENTED_EDGE('',*,*,#6670,.T.);
#9456=ORIENTED_EDGE('',*,*,#6666,.F.);
#9457=ORIENTED_EDGE('',*,*,#6671,.F.);
#9458=ORIENTED_EDGE('',*,*,#6672,.T.);
#9459=ORIENTED_EDGE('',*,*,#6673,.T.);
#9460=ORIENTED_EDGE('',*,*,#6669,.F.);
#9461=ORIENTED_EDGE('',*,*,#6674,.F.);
#9462=ORIENTED_EDGE('',*,*,#6675,.T.);
#9463=ORIENTED_EDGE('',*,*,#6676,.T.);
#9464=ORIENTED_EDGE('',*,*,#6672,.F.);
#9465=ORIENTED_EDGE('',*,*,#6677,.F.);
#9466=ORIENTED_EDGE('',*,*,#6678,.T.);
#9467=ORIENTED_EDGE('',*,*,#6679,.T.);
#9468=ORIENTED_EDGE('',*,*,#6675,.F.);
#9469=ORIENTED_EDGE('',*,*,#6680,.F.);
#9470=ORIENTED_EDGE('',*,*,#6681,.T.);
#9471=ORIENTED_EDGE('',*,*,#6682,.T.);
#9472=ORIENTED_EDGE('',*,*,#6678,.F.);
#9473=ORIENTED_EDGE('',*,*,#6683,.F.);
#9474=ORIENTED_EDGE('',*,*,#6684,.T.);
#9475=ORIENTED_EDGE('',*,*,#6685,.T.);
#9476=ORIENTED_EDGE('',*,*,#6681,.F.);
#9477=ORIENTED_EDGE('',*,*,#6686,.F.);
#9478=ORIENTED_EDGE('',*,*,#6687,.T.);
#9479=ORIENTED_EDGE('',*,*,#6688,.T.);
#9480=ORIENTED_EDGE('',*,*,#6684,.F.);
#9481=ORIENTED_EDGE('',*,*,#6689,.F.);
#9482=ORIENTED_EDGE('',*,*,#6690,.T.);
#9483=ORIENTED_EDGE('',*,*,#6691,.T.);
#9484=ORIENTED_EDGE('',*,*,#6687,.F.);
#9485=ORIENTED_EDGE('',*,*,#6692,.F.);
#9486=ORIENTED_EDGE('',*,*,#6693,.T.);
#9487=ORIENTED_EDGE('',*,*,#6694,.T.);
#9488=ORIENTED_EDGE('',*,*,#6690,.F.);
#9489=ORIENTED_EDGE('',*,*,#6695,.F.);
#9490=ORIENTED_EDGE('',*,*,#6696,.T.);
#9491=ORIENTED_EDGE('',*,*,#6697,.T.);
#9492=ORIENTED_EDGE('',*,*,#6693,.F.);
#9493=ORIENTED_EDGE('',*,*,#6698,.F.);
#9494=ORIENTED_EDGE('',*,*,#6699,.T.);
#9495=ORIENTED_EDGE('',*,*,#6700,.T.);
#9496=ORIENTED_EDGE('',*,*,#6696,.F.);
#9497=ORIENTED_EDGE('',*,*,#6701,.F.);
#9498=ORIENTED_EDGE('',*,*,#6702,.T.);
#9499=ORIENTED_EDGE('',*,*,#6703,.T.);
#9500=ORIENTED_EDGE('',*,*,#6699,.F.);
#9501=ORIENTED_EDGE('',*,*,#6704,.T.);
#9502=ORIENTED_EDGE('',*,*,#6705,.T.);
#9503=ORIENTED_EDGE('',*,*,#6706,.T.);
#9504=ORIENTED_EDGE('',*,*,#6702,.F.);
#9505=ORIENTED_EDGE('',*,*,#6707,.F.);
#9506=ORIENTED_EDGE('',*,*,#6708,.T.);
#9507=ORIENTED_EDGE('',*,*,#6709,.T.);
#9508=ORIENTED_EDGE('',*,*,#6705,.F.);
#9509=ORIENTED_EDGE('',*,*,#6710,.F.);
#9510=ORIENTED_EDGE('',*,*,#6711,.T.);
#9511=ORIENTED_EDGE('',*,*,#6712,.T.);
#9512=ORIENTED_EDGE('',*,*,#6708,.F.);
#9513=ORIENTED_EDGE('',*,*,#6713,.F.);
#9514=ORIENTED_EDGE('',*,*,#6714,.T.);
#9515=ORIENTED_EDGE('',*,*,#6715,.T.);
#9516=ORIENTED_EDGE('',*,*,#6711,.F.);
#9517=ORIENTED_EDGE('',*,*,#6716,.F.);
#9518=ORIENTED_EDGE('',*,*,#6717,.T.);
#9519=ORIENTED_EDGE('',*,*,#6718,.T.);
#9520=ORIENTED_EDGE('',*,*,#6714,.F.);
#9521=ORIENTED_EDGE('',*,*,#6719,.T.);
#9522=ORIENTED_EDGE('',*,*,#6658,.T.);
#9523=ORIENTED_EDGE('',*,*,#6720,.T.);
#9524=ORIENTED_EDGE('',*,*,#6717,.F.);
#9525=ORIENTED_EDGE('',*,*,#6719,.F.);
#9526=ORIENTED_EDGE('',*,*,#6716,.T.);
#9527=ORIENTED_EDGE('',*,*,#6713,.T.);
#9528=ORIENTED_EDGE('',*,*,#6710,.T.);
#9529=ORIENTED_EDGE('',*,*,#6707,.T.);
#9530=ORIENTED_EDGE('',*,*,#6704,.F.);
#9531=ORIENTED_EDGE('',*,*,#6701,.T.);
#9532=ORIENTED_EDGE('',*,*,#6698,.T.);
#9533=ORIENTED_EDGE('',*,*,#6695,.T.);
#9534=ORIENTED_EDGE('',*,*,#6692,.T.);
#9535=ORIENTED_EDGE('',*,*,#6689,.T.);
#9536=ORIENTED_EDGE('',*,*,#6686,.T.);
#9537=ORIENTED_EDGE('',*,*,#6683,.T.);
#9538=ORIENTED_EDGE('',*,*,#6680,.T.);
#9539=ORIENTED_EDGE('',*,*,#6677,.T.);
#9540=ORIENTED_EDGE('',*,*,#6674,.T.);
#9541=ORIENTED_EDGE('',*,*,#6671,.T.);
#9542=ORIENTED_EDGE('',*,*,#6668,.T.);
#9543=ORIENTED_EDGE('',*,*,#6665,.T.);
#9544=ORIENTED_EDGE('',*,*,#6662,.T.);
#9545=ORIENTED_EDGE('',*,*,#6659,.F.);
#9546=ORIENTED_EDGE('',*,*,#6655,.F.);
#9547=ORIENTED_EDGE('',*,*,#6653,.F.);
#9548=ORIENTED_EDGE('',*,*,#6650,.F.);
#9549=ORIENTED_EDGE('',*,*,#6647,.F.);
#9550=ORIENTED_EDGE('',*,*,#6644,.F.);
#9551=ORIENTED_EDGE('',*,*,#6641,.F.);
#9552=ORIENTED_EDGE('',*,*,#6638,.F.);
#9553=ORIENTED_EDGE('',*,*,#6635,.F.);
#9554=ORIENTED_EDGE('',*,*,#6632,.F.);
#9555=ORIENTED_EDGE('',*,*,#6629,.F.);
#9556=ORIENTED_EDGE('',*,*,#6626,.F.);
#9557=ORIENTED_EDGE('',*,*,#6623,.F.);
#9558=ORIENTED_EDGE('',*,*,#6620,.F.);
#9559=ORIENTED_EDGE('',*,*,#6617,.F.);
#9560=ORIENTED_EDGE('',*,*,#6614,.F.);
#9561=ORIENTED_EDGE('',*,*,#6611,.F.);
#9562=ORIENTED_EDGE('',*,*,#6608,.F.);
#9563=ORIENTED_EDGE('',*,*,#6605,.F.);
#9564=ORIENTED_EDGE('',*,*,#6602,.F.);
#9565=ORIENTED_EDGE('',*,*,#6599,.F.);
#9566=ORIENTED_EDGE('',*,*,#6596,.F.);
#9567=ORIENTED_EDGE('',*,*,#6593,.F.);
#9568=ORIENTED_EDGE('',*,*,#6590,.F.);
#9569=ORIENTED_EDGE('',*,*,#6586,.F.);
#9570=ORIENTED_EDGE('',*,*,#6720,.F.);
#9571=ORIENTED_EDGE('',*,*,#6657,.F.);
#9572=ORIENTED_EDGE('',*,*,#6661,.F.);
#9573=ORIENTED_EDGE('',*,*,#6664,.F.);
#9574=ORIENTED_EDGE('',*,*,#6667,.F.);
#9575=ORIENTED_EDGE('',*,*,#6670,.F.);
#9576=ORIENTED_EDGE('',*,*,#6673,.F.);
#9577=ORIENTED_EDGE('',*,*,#6676,.F.);
#9578=ORIENTED_EDGE('',*,*,#6679,.F.);
#9579=ORIENTED_EDGE('',*,*,#6682,.F.);
#9580=ORIENTED_EDGE('',*,*,#6685,.F.);
#9581=ORIENTED_EDGE('',*,*,#6688,.F.);
#9582=ORIENTED_EDGE('',*,*,#6691,.F.);
#9583=ORIENTED_EDGE('',*,*,#6694,.F.);
#9584=ORIENTED_EDGE('',*,*,#6697,.F.);
#9585=ORIENTED_EDGE('',*,*,#6700,.F.);
#9586=ORIENTED_EDGE('',*,*,#6703,.F.);
#9587=ORIENTED_EDGE('',*,*,#6706,.F.);
#9588=ORIENTED_EDGE('',*,*,#6709,.F.);
#9589=ORIENTED_EDGE('',*,*,#6712,.F.);
#9590=ORIENTED_EDGE('',*,*,#6715,.F.);
#9591=ORIENTED_EDGE('',*,*,#6718,.F.);
#9592=ORIENTED_EDGE('',*,*,#6654,.F.);
#9593=ORIENTED_EDGE('',*,*,#6588,.F.);
#9594=ORIENTED_EDGE('',*,*,#6592,.F.);
#9595=ORIENTED_EDGE('',*,*,#6595,.F.);
#9596=ORIENTED_EDGE('',*,*,#6598,.F.);
#9597=ORIENTED_EDGE('',*,*,#6601,.F.);
#9598=ORIENTED_EDGE('',*,*,#6604,.F.);
#9599=ORIENTED_EDGE('',*,*,#6607,.F.);
#9600=ORIENTED_EDGE('',*,*,#6610,.F.);
#9601=ORIENTED_EDGE('',*,*,#6613,.F.);
#9602=ORIENTED_EDGE('',*,*,#6616,.F.);
#9603=ORIENTED_EDGE('',*,*,#6619,.F.);
#9604=ORIENTED_EDGE('',*,*,#6622,.F.);
#9605=ORIENTED_EDGE('',*,*,#6625,.F.);
#9606=ORIENTED_EDGE('',*,*,#6628,.F.);
#9607=ORIENTED_EDGE('',*,*,#6631,.F.);
#9608=ORIENTED_EDGE('',*,*,#6634,.F.);
#9609=ORIENTED_EDGE('',*,*,#6637,.F.);
#9610=ORIENTED_EDGE('',*,*,#6640,.F.);
#9611=ORIENTED_EDGE('',*,*,#6643,.F.);
#9612=ORIENTED_EDGE('',*,*,#6646,.F.);
#9613=ORIENTED_EDGE('',*,*,#6649,.F.);
#9614=ORIENTED_EDGE('',*,*,#6652,.F.);
#9615=ORIENTED_EDGE('',*,*,#6721,.T.);
#9616=ORIENTED_EDGE('',*,*,#6722,.T.);
#9617=ORIENTED_EDGE('',*,*,#6723,.F.);
#9618=ORIENTED_EDGE('',*,*,#6722,.F.);
#9619=ORIENTED_EDGE('',*,*,#6724,.T.);
#9620=ORIENTED_EDGE('',*,*,#6725,.T.);
#9621=ORIENTED_EDGE('',*,*,#6726,.F.);
#9622=ORIENTED_EDGE('',*,*,#6725,.F.);
#9623=ORIENTED_EDGE('',*,*,#6727,.T.);
#9624=ORIENTED_EDGE('',*,*,#6728,.T.);
#9625=ORIENTED_EDGE('',*,*,#6729,.F.);
#9626=ORIENTED_EDGE('',*,*,#6728,.F.);
#9627=ORIENTED_EDGE('',*,*,#6730,.T.);
#9628=ORIENTED_EDGE('',*,*,#6731,.T.);
#9629=ORIENTED_EDGE('',*,*,#6732,.F.);
#9630=ORIENTED_EDGE('',*,*,#6731,.F.);
#9631=ORIENTED_EDGE('',*,*,#6733,.T.);
#9632=ORIENTED_EDGE('',*,*,#6734,.T.);
#9633=ORIENTED_EDGE('',*,*,#6735,.T.);
#9634=ORIENTED_EDGE('',*,*,#6736,.F.);
#9635=ORIENTED_EDGE('',*,*,#6737,.T.);
#9636=ORIENTED_EDGE('',*,*,#6738,.T.);
#9637=ORIENTED_EDGE('',*,*,#6739,.T.);
#9638=ORIENTED_EDGE('',*,*,#6734,.F.);
#9639=ORIENTED_EDGE('',*,*,#6740,.T.);
#9640=ORIENTED_EDGE('',*,*,#6741,.T.);
#9641=ORIENTED_EDGE('',*,*,#6742,.T.);
#9642=ORIENTED_EDGE('',*,*,#6738,.F.);
#9643=ORIENTED_EDGE('',*,*,#6743,.T.);
#9644=ORIENTED_EDGE('',*,*,#6744,.T.);
#9645=ORIENTED_EDGE('',*,*,#6745,.T.);
#9646=ORIENTED_EDGE('',*,*,#6741,.F.);
#9647=ORIENTED_EDGE('',*,*,#6746,.T.);
#9648=ORIENTED_EDGE('',*,*,#6747,.T.);
#9649=ORIENTED_EDGE('',*,*,#6748,.T.);
#9650=ORIENTED_EDGE('',*,*,#6744,.F.);
#9651=ORIENTED_EDGE('',*,*,#6749,.T.);
#9652=ORIENTED_EDGE('',*,*,#6750,.T.);
#9653=ORIENTED_EDGE('',*,*,#6751,.T.);
#9654=ORIENTED_EDGE('',*,*,#6747,.F.);
#9655=ORIENTED_EDGE('',*,*,#6752,.T.);
#9656=ORIENTED_EDGE('',*,*,#6753,.T.);
#9657=ORIENTED_EDGE('',*,*,#6754,.T.);
#9658=ORIENTED_EDGE('',*,*,#6750,.F.);
#9659=ORIENTED_EDGE('',*,*,#6755,.T.);
#9660=ORIENTED_EDGE('',*,*,#6756,.T.);
#9661=ORIENTED_EDGE('',*,*,#6757,.T.);
#9662=ORIENTED_EDGE('',*,*,#6753,.F.);
#9663=ORIENTED_EDGE('',*,*,#6758,.T.);
#9664=ORIENTED_EDGE('',*,*,#6759,.T.);
#9665=ORIENTED_EDGE('',*,*,#6760,.T.);
#9666=ORIENTED_EDGE('',*,*,#6756,.F.);
#9667=ORIENTED_EDGE('',*,*,#6761,.T.);
#9668=ORIENTED_EDGE('',*,*,#6762,.T.);
#9669=ORIENTED_EDGE('',*,*,#6763,.T.);
#9670=ORIENTED_EDGE('',*,*,#6759,.F.);
#9671=ORIENTED_EDGE('',*,*,#6764,.T.);
#9672=ORIENTED_EDGE('',*,*,#6765,.T.);
#9673=ORIENTED_EDGE('',*,*,#6766,.T.);
#9674=ORIENTED_EDGE('',*,*,#6762,.F.);
#9675=ORIENTED_EDGE('',*,*,#6767,.T.);
#9676=ORIENTED_EDGE('',*,*,#6768,.T.);
#9677=ORIENTED_EDGE('',*,*,#6769,.T.);
#9678=ORIENTED_EDGE('',*,*,#6765,.F.);
#9679=ORIENTED_EDGE('',*,*,#6770,.T.);
#9680=ORIENTED_EDGE('',*,*,#6771,.T.);
#9681=ORIENTED_EDGE('',*,*,#6772,.T.);
#9682=ORIENTED_EDGE('',*,*,#6768,.F.);
#9683=ORIENTED_EDGE('',*,*,#6773,.T.);
#9684=ORIENTED_EDGE('',*,*,#6774,.T.);
#9685=ORIENTED_EDGE('',*,*,#6775,.T.);
#9686=ORIENTED_EDGE('',*,*,#6771,.F.);
#9687=ORIENTED_EDGE('',*,*,#6776,.F.);
#9688=ORIENTED_EDGE('',*,*,#6777,.T.);
#9689=ORIENTED_EDGE('',*,*,#6778,.T.);
#9690=ORIENTED_EDGE('',*,*,#6774,.F.);
#9691=ORIENTED_EDGE('',*,*,#6779,.F.);
#9692=ORIENTED_EDGE('',*,*,#6780,.T.);
#9693=ORIENTED_EDGE('',*,*,#6781,.T.);
#9694=ORIENTED_EDGE('',*,*,#6777,.F.);
#9695=ORIENTED_EDGE('',*,*,#6782,.T.);
#9696=ORIENTED_EDGE('',*,*,#6783,.T.);
#9697=ORIENTED_EDGE('',*,*,#6784,.T.);
#9698=ORIENTED_EDGE('',*,*,#6780,.F.);
#9699=ORIENTED_EDGE('',*,*,#6785,.T.);
#9700=ORIENTED_EDGE('',*,*,#6786,.T.);
#9701=ORIENTED_EDGE('',*,*,#6787,.T.);
#9702=ORIENTED_EDGE('',*,*,#6783,.F.);
#9703=ORIENTED_EDGE('',*,*,#6788,.T.);
#9704=ORIENTED_EDGE('',*,*,#6789,.T.);
#9705=ORIENTED_EDGE('',*,*,#6790,.T.);
#9706=ORIENTED_EDGE('',*,*,#6786,.F.);
#9707=ORIENTED_EDGE('',*,*,#6791,.T.);
#9708=ORIENTED_EDGE('',*,*,#6792,.T.);
#9709=ORIENTED_EDGE('',*,*,#6793,.T.);
#9710=ORIENTED_EDGE('',*,*,#6789,.F.);
#9711=ORIENTED_EDGE('',*,*,#6794,.T.);
#9712=ORIENTED_EDGE('',*,*,#6795,.T.);
#9713=ORIENTED_EDGE('',*,*,#6796,.T.);
#9714=ORIENTED_EDGE('',*,*,#6792,.F.);
#9715=ORIENTED_EDGE('',*,*,#6797,.F.);
#9716=ORIENTED_EDGE('',*,*,#6736,.T.);
#9717=ORIENTED_EDGE('',*,*,#6798,.T.);
#9718=ORIENTED_EDGE('',*,*,#6795,.F.);
#9719=ORIENTED_EDGE('',*,*,#6798,.F.);
#9720=ORIENTED_EDGE('',*,*,#6735,.F.);
#9721=ORIENTED_EDGE('',*,*,#6739,.F.);
#9722=ORIENTED_EDGE('',*,*,#6742,.F.);
#9723=ORIENTED_EDGE('',*,*,#6745,.F.);
#9724=ORIENTED_EDGE('',*,*,#6748,.F.);
#9725=ORIENTED_EDGE('',*,*,#6751,.F.);
#9726=ORIENTED_EDGE('',*,*,#6754,.F.);
#9727=ORIENTED_EDGE('',*,*,#6757,.F.);
#9728=ORIENTED_EDGE('',*,*,#6760,.F.);
#9729=ORIENTED_EDGE('',*,*,#6763,.F.);
#9730=ORIENTED_EDGE('',*,*,#6766,.F.);
#9731=ORIENTED_EDGE('',*,*,#6769,.F.);
#9732=ORIENTED_EDGE('',*,*,#6772,.F.);
#9733=ORIENTED_EDGE('',*,*,#6775,.F.);
#9734=ORIENTED_EDGE('',*,*,#6778,.F.);
#9735=ORIENTED_EDGE('',*,*,#6781,.F.);
#9736=ORIENTED_EDGE('',*,*,#6784,.F.);
#9737=ORIENTED_EDGE('',*,*,#6787,.F.);
#9738=ORIENTED_EDGE('',*,*,#6790,.F.);
#9739=ORIENTED_EDGE('',*,*,#6793,.F.);
#9740=ORIENTED_EDGE('',*,*,#6796,.F.);
#9741=ORIENTED_EDGE('',*,*,#6730,.F.);
#9742=ORIENTED_EDGE('',*,*,#6727,.F.);
#9743=ORIENTED_EDGE('',*,*,#6724,.F.);
#9744=ORIENTED_EDGE('',*,*,#6721,.F.);
#9745=ORIENTED_EDGE('',*,*,#6797,.T.);
#9746=ORIENTED_EDGE('',*,*,#6794,.F.);
#9747=ORIENTED_EDGE('',*,*,#6791,.F.);
#9748=ORIENTED_EDGE('',*,*,#6788,.F.);
#9749=ORIENTED_EDGE('',*,*,#6785,.F.);
#9750=ORIENTED_EDGE('',*,*,#6782,.F.);
#9751=ORIENTED_EDGE('',*,*,#6779,.T.);
#9752=ORIENTED_EDGE('',*,*,#6776,.T.);
#9753=ORIENTED_EDGE('',*,*,#6773,.F.);
#9754=ORIENTED_EDGE('',*,*,#6770,.F.);
#9755=ORIENTED_EDGE('',*,*,#6767,.F.);
#9756=ORIENTED_EDGE('',*,*,#6764,.F.);
#9757=ORIENTED_EDGE('',*,*,#6761,.F.);
#9758=ORIENTED_EDGE('',*,*,#6758,.F.);
#9759=ORIENTED_EDGE('',*,*,#6755,.F.);
#9760=ORIENTED_EDGE('',*,*,#6752,.F.);
#9761=ORIENTED_EDGE('',*,*,#6749,.F.);
#9762=ORIENTED_EDGE('',*,*,#6746,.F.);
#9763=ORIENTED_EDGE('',*,*,#6743,.F.);
#9764=ORIENTED_EDGE('',*,*,#6740,.F.);
#9765=ORIENTED_EDGE('',*,*,#6737,.F.);
#9766=ORIENTED_EDGE('',*,*,#6733,.F.);
#9767=ORIENTED_EDGE('',*,*,#6732,.T.);
#9768=ORIENTED_EDGE('',*,*,#6729,.T.);
#9769=ORIENTED_EDGE('',*,*,#6726,.T.);
#9770=ORIENTED_EDGE('',*,*,#6723,.T.);
#9771=PLANE('',#10826);
#9772=PLANE('',#10827);
#9773=PLANE('',#10828);
#9774=PLANE('',#10829);
#9775=PLANE('',#10838);
#9776=PLANE('',#10839);
#9777=PLANE('',#10840);
#9778=PLANE('',#10841);
#9779=PLANE('',#10842);
#9780=PLANE('',#10843);
#9781=PLANE('',#10844);
#9782=PLANE('',#10845);
#9783=PLANE('',#10846);
#9784=PLANE('',#10847);
#9785=PLANE('',#10848);
#9786=PLANE('',#10849);
#9787=PLANE('',#10850);
#9788=PLANE('',#10851);
#9789=PLANE('',#10852);
#9790=PLANE('',#10853);
#9791=PLANE('',#10854);
#9792=PLANE('',#10855);
#9793=PLANE('',#10856);
#9794=PLANE('',#10857);
#9795=PLANE('',#10858);
#9796=PLANE('',#10859);
#9797=PLANE('',#10860);
#9798=PLANE('',#10861);
#9799=PLANE('',#10862);
#9800=PLANE('',#10863);
#9801=PLANE('',#10864);
#9802=PLANE('',#10865);
#9803=PLANE('',#10866);
#9804=PLANE('',#10867);
#9805=PLANE('',#10868);
#9806=PLANE('',#10869);
#9807=PLANE('',#10870);
#9808=PLANE('',#10871);
#9809=PLANE('',#10872);
#9810=PLANE('',#10877);
#9811=PLANE('',#10878);
#9812=PLANE('',#10879);
#9813=PLANE('',#10880);
#9814=PLANE('',#10885);
#9815=PLANE('',#10886);
#9816=PLANE('',#10887);
#9817=PLANE('',#10888);
#9818=PLANE('',#10889);
#9819=PLANE('',#10890);
#9820=PLANE('',#10891);
#9821=PLANE('',#10892);
#9822=PLANE('',#10893);
#9823=PLANE('',#10894);
#9824=PLANE('',#10895);
#9825=PLANE('',#10896);
#9826=PLANE('',#10897);
#9827=PLANE('',#10898);
#9828=PLANE('',#10899);
#9829=PLANE('',#10900);
#9830=PLANE('',#10901);
#9831=PLANE('',#10902);
#9832=PLANE('',#10903);
#9833=PLANE('',#10904);
#9834=PLANE('',#10905);
#9835=PLANE('',#10906);
#9836=PLANE('',#10907);
#9837=PLANE('',#10908);
#9838=PLANE('',#10911);
#9839=PLANE('',#10912);
#9840=PLANE('',#10913);
#9841=PLANE('',#10914);
#9842=PLANE('',#10915);
#9843=PLANE('',#10916);
#9844=PLANE('',#10917);
#9845=PLANE('',#10918);
#9846=PLANE('',#10921);
#9847=PLANE('',#10922);
#9848=PLANE('',#10923);
#9849=PLANE('',#10924);
#9850=PLANE('',#10925);
#9851=PLANE('',#10926);
#9852=PLANE('',#10927);
#9853=PLANE('',#10928);
#9854=PLANE('',#10929);
#9855=PLANE('',#10930);
#9856=PLANE('',#10931);
#9857=PLANE('',#10932);
#9858=PLANE('',#10933);
#9859=PLANE('',#10934);
#9860=PLANE('',#10935);
#9861=PLANE('',#10936);
#9862=PLANE('',#10937);
#9863=PLANE('',#10938);
#9864=PLANE('',#10939);
#9865=PLANE('',#10940);
#9866=PLANE('',#10941);
#9867=PLANE('',#10942);
#9868=PLANE('',#10943);
#9869=PLANE('',#10944);
#9870=PLANE('',#10945);
#9871=PLANE('',#10946);
#9872=PLANE('',#10947);
#9873=PLANE('',#10948);
#9874=PLANE('',#10949);
#9875=PLANE('',#10950);
#9876=PLANE('',#10951);
#9877=PLANE('',#10952);
#9878=PLANE('',#10953);
#9879=PLANE('',#10954);
#9880=PLANE('',#10955);
#9881=PLANE('',#10956);
#9882=PLANE('',#10957);
#9883=PLANE('',#10958);
#9884=PLANE('',#10959);
#9885=PLANE('',#10960);
#9886=PLANE('',#10961);
#9887=PLANE('',#10962);
#9888=PLANE('',#10963);
#9889=PLANE('',#10964);
#9890=PLANE('',#10967);
#9891=PLANE('',#10968);
#9892=PLANE('',#10969);
#9893=PLANE('',#10970);
#9894=PLANE('',#10971);
#9895=PLANE('',#10972);
#9896=PLANE('',#10973);
#9897=PLANE('',#10974);
#9898=PLANE('',#10975);
#9899=PLANE('',#10976);
#9900=PLANE('',#10977);
#9901=PLANE('',#10978);
#9902=PLANE('',#10981);
#9903=PLANE('',#10982);
#9904=PLANE('',#10983);
#9905=PLANE('',#10984);
#9906=PLANE('',#10985);
#9907=PLANE('',#10986);
#9908=PLANE('',#10987);
#9909=PLANE('',#10988);
#9910=PLANE('',#10989);
#9911=PLANE('',#10990);
#9912=PLANE('',#10991);
#9913=PLANE('',#10992);
#9914=PLANE('',#10993);
#9915=PLANE('',#10994);
#9916=PLANE('',#10995);
#9917=PLANE('',#10996);
#9918=PLANE('',#10997);
#9919=PLANE('',#10998);
#9920=PLANE('',#10999);
#9921=PLANE('',#11000);
#9922=PLANE('',#11001);
#9923=PLANE('',#11002);
#9924=PLANE('',#11003);
#9925=PLANE('',#11004);
#9926=PLANE('',#11005);
#9927=PLANE('',#11006);
#9928=PLANE('',#11007);
#9929=PLANE('',#11008);
#9930=PLANE('',#11009);
#9931=PLANE('',#11010);
#9932=PLANE('',#11011);
#9933=PLANE('',#11018);
#9934=PLANE('',#11019);
#9935=PLANE('',#11026);
#9936=PLANE('',#11027);
#9937=PLANE('',#11037);
#9938=PLANE('',#11038);
#9939=PLANE('',#11048);
#9940=PLANE('',#11049);
#9941=PLANE('',#11059);
#9942=PLANE('',#11060);
#9943=PLANE('',#11070);
#9944=PLANE('',#11071);
#9945=PLANE('',#11072);
#9946=PLANE('',#11073);
#9947=PLANE('',#11074);
#9948=PLANE('',#11075);
#9949=PLANE('',#11076);
#9950=PLANE('',#11077);
#9951=PLANE('',#11078);
#9952=PLANE('',#11079);
#9953=PLANE('',#11080);
#9954=PLANE('',#11081);
#9955=PLANE('',#11082);
#9956=PLANE('',#11083);
#9957=PLANE('',#11084);
#9958=PLANE('',#11085);
#9959=PLANE('',#11086);
#9960=PLANE('',#11087);
#9961=PLANE('',#11088);
#9962=PLANE('',#11089);
#9963=PLANE('',#11090);
#9964=PLANE('',#11091);
#9965=PLANE('',#11092);
#9966=PLANE('',#11093);
#9967=PLANE('',#11094);
#9968=PLANE('',#11095);
#9969=PLANE('',#11096);
#9970=PLANE('',#11097);
#9971=PLANE('',#11098);
#9972=PLANE('',#11099);
#9973=PLANE('',#11100);
#9974=PLANE('',#11101);
#9975=PLANE('',#11102);
#9976=PLANE('',#11103);
#9977=PLANE('',#11104);
#9978=PLANE('',#11105);
#9979=PLANE('',#11106);
#9980=PLANE('',#11107);
#9981=PLANE('',#11108);
#9982=PLANE('',#11109);
#9983=PLANE('',#11110);
#9984=PLANE('',#11111);
#9985=PLANE('',#11112);
#9986=PLANE('',#11113);
#9987=PLANE('',#11114);
#9988=PLANE('',#11115);
#9989=PLANE('',#11116);
#9990=PLANE('',#11117);
#9991=PLANE('',#11118);
#9992=PLANE('',#11131);
#9993=PLANE('',#11132);
#9994=PLANE('',#11133);
#9995=PLANE('',#11134);
#9996=PLANE('',#11135);
#9997=PLANE('',#11136);
#9998=PLANE('',#11137);
#9999=PLANE('',#11138);
#10000=PLANE('',#11139);
#10001=PLANE('',#11140);
#10002=PLANE('',#11141);
#10003=PLANE('',#11142);
#10004=PLANE('',#11143);
#10005=PLANE('',#11144);
#10006=PLANE('',#11145);
#10007=PLANE('',#11146);
#10008=PLANE('',#11147);
#10009=PLANE('',#11148);
#10010=PLANE('',#11149);
#10011=PLANE('',#11150);
#10012=PLANE('',#11151);
#10013=PLANE('',#11152);
#10014=PLANE('',#11153);
#10015=PLANE('',#11154);
#10016=PLANE('',#11155);
#10017=PLANE('',#11156);
#10018=PLANE('',#11157);
#10019=PLANE('',#11158);
#10020=PLANE('',#11167);
#10021=PLANE('',#11168);
#10022=PLANE('',#11169);
#10023=PLANE('',#11170);
#10024=PLANE('',#11171);
#10025=PLANE('',#11172);
#10026=PLANE('',#11173);
#10027=PLANE('',#11174);
#10028=PLANE('',#11175);
#10029=PLANE('',#11176);
#10030=PLANE('',#11177);
#10031=PLANE('',#11178);
#10032=PLANE('',#11179);
#10033=PLANE('',#11180);
#10034=PLANE('',#11181);
#10035=PLANE('',#11182);
#10036=PLANE('',#11183);
#10037=PLANE('',#11184);
#10038=PLANE('',#11185);
#10039=PLANE('',#11186);
#10040=PLANE('',#11187);
#10041=PLANE('',#11188);
#10042=PLANE('',#11189);
#10043=PLANE('',#11190);
#10044=PLANE('',#11191);
#10045=PLANE('',#11192);
#10046=PLANE('',#11193);
#10047=PLANE('',#11194);
#10048=PLANE('',#11195);
#10049=PLANE('',#11196);
#10050=PLANE('',#11197);
#10051=PLANE('',#11198);
#10052=PLANE('',#11199);
#10053=PLANE('',#11200);
#10054=PLANE('',#11201);
#10055=PLANE('',#11206);
#10056=PLANE('',#11207);
#10057=PLANE('',#11208);
#10058=PLANE('',#11209);
#10059=PLANE('',#11214);
#10060=PLANE('',#11215);
#10061=PLANE('',#11216);
#10062=PLANE('',#11217);
#10063=PLANE('',#11218);
#10064=PLANE('',#11219);
#10065=PLANE('',#11220);
#10066=PLANE('',#11221);
#10067=PLANE('',#11222);
#10068=PLANE('',#11223);
#10069=PLANE('',#11224);
#10070=PLANE('',#11225);
#10071=PLANE('',#11226);
#10072=PLANE('',#11227);
#10073=PLANE('',#11228);
#10074=PLANE('',#11229);
#10075=PLANE('',#11230);
#10076=PLANE('',#11231);
#10077=PLANE('',#11232);
#10078=PLANE('',#11233);
#10079=PLANE('',#11234);
#10080=PLANE('',#11235);
#10081=PLANE('',#11236);
#10082=PLANE('',#11237);
#10083=PLANE('',#11240);
#10084=PLANE('',#11241);
#10085=PLANE('',#11242);
#10086=PLANE('',#11243);
#10087=PLANE('',#11244);
#10088=PLANE('',#11245);
#10089=PLANE('',#11246);
#10090=PLANE('',#11247);
#10091=PLANE('',#11250);
#10092=PLANE('',#11251);
#10093=PLANE('',#11252);
#10094=PLANE('',#11253);
#10095=PLANE('',#11254);
#10096=PLANE('',#11255);
#10097=PLANE('',#11256);
#10098=PLANE('',#11257);
#10099=PLANE('',#11258);
#10100=PLANE('',#11259);
#10101=PLANE('',#11260);
#10102=PLANE('',#11261);
#10103=PLANE('',#11262);
#10104=PLANE('',#11263);
#10105=PLANE('',#11264);
#10106=PLANE('',#11265);
#10107=PLANE('',#11266);
#10108=PLANE('',#11267);
#10109=PLANE('',#11268);
#10110=PLANE('',#11269);
#10111=PLANE('',#11270);
#10112=PLANE('',#11271);
#10113=PLANE('',#11272);
#10114=PLANE('',#11273);
#10115=PLANE('',#11274);
#10116=PLANE('',#11275);
#10117=PLANE('',#11276);
#10118=PLANE('',#11277);
#10119=PLANE('',#11278);
#10120=PLANE('',#11279);
#10121=PLANE('',#11280);
#10122=PLANE('',#11281);
#10123=PLANE('',#11282);
#10124=PLANE('',#11283);
#10125=PLANE('',#11284);
#10126=PLANE('',#11285);
#10127=PLANE('',#11286);
#10128=PLANE('',#11287);
#10129=PLANE('',#11288);
#10130=PLANE('',#11289);
#10131=PLANE('',#11290);
#10132=PLANE('',#11291);
#10133=PLANE('',#11292);
#10134=PLANE('',#11293);
#10135=PLANE('',#11296);
#10136=PLANE('',#11297);
#10137=PLANE('',#11298);
#10138=PLANE('',#11299);
#10139=PLANE('',#11300);
#10140=PLANE('',#11301);
#10141=PLANE('',#11302);
#10142=PLANE('',#11303);
#10143=PLANE('',#11304);
#10144=PLANE('',#11305);
#10145=PLANE('',#11306);
#10146=PLANE('',#11307);
#10147=PLANE('',#11310);
#10148=PLANE('',#11311);
#10149=PLANE('',#11312);
#10150=PLANE('',#11313);
#10151=PLANE('',#11314);
#10152=PLANE('',#11315);
#10153=PLANE('',#11316);
#10154=PLANE('',#11317);
#10155=PLANE('',#11318);
#10156=PLANE('',#11319);
#10157=PLANE('',#11320);
#10158=PLANE('',#11321);
#10159=PLANE('',#11322);
#10160=PLANE('',#11323);
#10161=PLANE('',#11324);
#10162=PLANE('',#11325);
#10163=PLANE('',#11326);
#10164=PLANE('',#11327);
#10165=PLANE('',#11328);
#10166=PLANE('',#11329);
#10167=PLANE('',#11330);
#10168=PLANE('',#11331);
#10169=PLANE('',#11332);
#10170=PLANE('',#11333);
#10171=PLANE('',#11334);
#10172=PLANE('',#11335);
#10173=PLANE('',#11336);
#10174=PLANE('',#11337);
#10175=PLANE('',#11338);
#10176=PLANE('',#11339);
#10177=PLANE('',#11340);
#10178=PLANE('',#11347);
#10179=PLANE('',#11348);
#10180=PLANE('',#11355);
#10181=PLANE('',#11356);
#10182=PLANE('',#11366);
#10183=PLANE('',#11367);
#10184=PLANE('',#11377);
#10185=PLANE('',#11378);
#10186=PLANE('',#11388);
#10187=PLANE('',#11389);
#10188=PLANE('',#11399);
#10189=PLANE('',#11400);
#10190=PLANE('',#11401);
#10191=PLANE('',#11402);
#10192=PLANE('',#11403);
#10193=PLANE('',#11404);
#10194=PLANE('',#11405);
#10195=PLANE('',#11406);
#10196=PLANE('',#11407);
#10197=PLANE('',#11408);
#10198=PLANE('',#11409);
#10199=PLANE('',#11410);
#10200=PLANE('',#11411);
#10201=PLANE('',#11412);
#10202=PLANE('',#11413);
#10203=PLANE('',#11414);
#10204=PLANE('',#11415);
#10205=PLANE('',#11416);
#10206=PLANE('',#11417);
#10207=PLANE('',#11418);
#10208=PLANE('',#11419);
#10209=PLANE('',#11420);
#10210=PLANE('',#11421);
#10211=PLANE('',#11422);
#10212=PLANE('',#11423);
#10213=PLANE('',#11424);
#10214=PLANE('',#11425);
#10215=PLANE('',#11426);
#10216=PLANE('',#11427);
#10217=PLANE('',#11428);
#10218=PLANE('',#11429);
#10219=PLANE('',#11430);
#10220=PLANE('',#11431);
#10221=PLANE('',#11432);
#10222=PLANE('',#11433);
#10223=PLANE('',#11434);
#10224=PLANE('',#11435);
#10225=PLANE('',#11436);
#10226=PLANE('',#11437);
#10227=PLANE('',#11438);
#10228=PLANE('',#11439);
#10229=PLANE('',#11440);
#10230=PLANE('',#11441);
#10231=PLANE('',#11442);
#10232=PLANE('',#11443);
#10233=PLANE('',#11444);
#10234=PLANE('',#11445);
#10235=PLANE('',#11446);
#10236=PLANE('',#11447);
#10237=PLANE('',#11460);
#10238=PLANE('',#11461);
#10239=PLANE('',#11462);
#10240=PLANE('',#11463);
#10241=PLANE('',#11464);
#10242=PLANE('',#11465);
#10243=PLANE('',#11466);
#10244=PLANE('',#11467);
#10245=PLANE('',#11468);
#10246=PLANE('',#11469);
#10247=PLANE('',#11470);
#10248=PLANE('',#11471);
#10249=PLANE('',#11472);
#10250=PLANE('',#11473);
#10251=PLANE('',#11474);
#10252=PLANE('',#11475);
#10253=PLANE('',#11476);
#10254=PLANE('',#11477);
#10255=PLANE('',#11478);
#10256=PLANE('',#11479);
#10257=PLANE('',#11480);
#10258=PLANE('',#11481);
#10259=PLANE('',#11482);
#10260=PLANE('',#11483);
#10261=ADVANCED_FACE('',(#365),#9771,.T.);
#10262=ADVANCED_FACE('',(#366),#9772,.T.);
#10263=ADVANCED_FACE('',(#367),#9773,.T.);
#10264=ADVANCED_FACE('',(#368,#217,#218,#219,#220,#221,#222,#223,#224,#225,
#226,#227,#228,#229,#230,#231,#232,#233,#234,#235,#236,#237,#238,#239,#240,
#241,#242,#243,#244),#9774,.T.);
#10265=ADVANCED_FACE('',(#369),#9775,.T.);
#10266=ADVANCED_FACE('',(#370),#9776,.T.);
#10267=ADVANCED_FACE('',(#371),#9777,.T.);
#10268=ADVANCED_FACE('',(#372),#9778,.T.);
#10269=ADVANCED_FACE('',(#373),#9779,.T.);
#10270=ADVANCED_FACE('',(#374),#9780,.T.);
#10271=ADVANCED_FACE('',(#375),#9781,.T.);
#10272=ADVANCED_FACE('',(#376),#9782,.T.);
#10273=ADVANCED_FACE('',(#377),#9783,.T.);
#10274=ADVANCED_FACE('',(#378),#9784,.T.);
#10275=ADVANCED_FACE('',(#379),#9785,.T.);
#10276=ADVANCED_FACE('',(#380),#9786,.T.);
#10277=ADVANCED_FACE('',(#381),#9787,.T.);
#10278=ADVANCED_FACE('',(#382),#9788,.T.);
#10279=ADVANCED_FACE('',(#383),#9789,.T.);
#10280=ADVANCED_FACE('',(#384),#9790,.T.);
#10281=ADVANCED_FACE('',(#385),#9791,.T.);
#10282=ADVANCED_FACE('',(#386),#9792,.T.);
#10283=ADVANCED_FACE('',(#387),#9793,.T.);
#10284=ADVANCED_FACE('',(#388),#9794,.T.);
#10285=ADVANCED_FACE('',(#389),#9795,.T.);
#10286=ADVANCED_FACE('',(#390),#9796,.T.);
#10287=ADVANCED_FACE('',(#391),#9797,.T.);
#10288=ADVANCED_FACE('',(#392),#9798,.T.);
#10289=ADVANCED_FACE('',(#393),#9799,.T.);
#10290=ADVANCED_FACE('',(#394),#9800,.T.);
#10291=ADVANCED_FACE('',(#395),#9801,.T.);
#10292=ADVANCED_FACE('',(#396),#9802,.T.);
#10293=ADVANCED_FACE('',(#397),#9803,.T.);
#10294=ADVANCED_FACE('',(#398),#9804,.T.);
#10295=ADVANCED_FACE('',(#399),#9805,.T.);
#10296=ADVANCED_FACE('',(#400),#9806,.T.);
#10297=ADVANCED_FACE('',(#401),#9807,.T.);
#10298=ADVANCED_FACE('',(#402),#9808,.T.);
#10299=ADVANCED_FACE('',(#403),#9809,.T.);
#10300=ADVANCED_FACE('',(#404),#49,.F.);
#10301=ADVANCED_FACE('',(#405),#50,.F.);
#10302=ADVANCED_FACE('',(#406),#9810,.T.);
#10303=ADVANCED_FACE('',(#407),#9811,.T.);
#10304=ADVANCED_FACE('',(#408),#9812,.T.);
#10305=ADVANCED_FACE('',(#409),#9813,.T.);
#10306=ADVANCED_FACE('',(#410),#51,.F.);
#10307=ADVANCED_FACE('',(#411),#52,.F.);
#10308=ADVANCED_FACE('',(#412),#9814,.T.);
#10309=ADVANCED_FACE('',(#413),#9815,.T.);
#10310=ADVANCED_FACE('',(#414),#9816,.T.);
#10311=ADVANCED_FACE('',(#415),#9817,.T.);
#10312=ADVANCED_FACE('',(#416),#9818,.T.);
#10313=ADVANCED_FACE('',(#417),#9819,.T.);
#10314=ADVANCED_FACE('',(#418),#9820,.T.);
#10315=ADVANCED_FACE('',(#419),#9821,.T.);
#10316=ADVANCED_FACE('',(#420),#9822,.T.);
#10317=ADVANCED_FACE('',(#421),#9823,.T.);
#10318=ADVANCED_FACE('',(#422),#9824,.T.);
#10319=ADVANCED_FACE('',(#423),#9825,.T.);
#10320=ADVANCED_FACE('',(#424),#9826,.T.);
#10321=ADVANCED_FACE('',(#425),#9827,.T.);
#10322=ADVANCED_FACE('',(#426),#9828,.T.);
#10323=ADVANCED_FACE('',(#427),#9829,.T.);
#10324=ADVANCED_FACE('',(#428),#9830,.T.);
#10325=ADVANCED_FACE('',(#429),#9831,.T.);
#10326=ADVANCED_FACE('',(#430),#9832,.T.);
#10327=ADVANCED_FACE('',(#431),#9833,.T.);
#10328=ADVANCED_FACE('',(#432),#9834,.T.);
#10329=ADVANCED_FACE('',(#433),#9835,.T.);
#10330=ADVANCED_FACE('',(#434),#9836,.T.);
#10331=ADVANCED_FACE('',(#435),#9837,.T.);
#10332=ADVANCED_FACE('',(#436),#53,.F.);
#10333=ADVANCED_FACE('',(#437),#9838,.T.);
#10334=ADVANCED_FACE('',(#438),#9839,.T.);
#10335=ADVANCED_FACE('',(#439),#9840,.T.);
#10336=ADVANCED_FACE('',(#440),#9841,.T.);
#10337=ADVANCED_FACE('',(#441),#9842,.T.);
#10338=ADVANCED_FACE('',(#442),#9843,.T.);
#10339=ADVANCED_FACE('',(#443),#9844,.T.);
#10340=ADVANCED_FACE('',(#444),#9845,.T.);
#10341=ADVANCED_FACE('',(#445),#54,.F.);
#10342=ADVANCED_FACE('',(#446),#9846,.T.);
#10343=ADVANCED_FACE('',(#447),#9847,.T.);
#10344=ADVANCED_FACE('',(#448),#9848,.T.);
#10345=ADVANCED_FACE('',(#449),#9849,.T.);
#10346=ADVANCED_FACE('',(#450),#9850,.T.);
#10347=ADVANCED_FACE('',(#451),#9851,.T.);
#10348=ADVANCED_FACE('',(#452),#9852,.T.);
#10349=ADVANCED_FACE('',(#453),#9853,.T.);
#10350=ADVANCED_FACE('',(#454),#9854,.T.);
#10351=ADVANCED_FACE('',(#455),#9855,.T.);
#10352=ADVANCED_FACE('',(#456),#9856,.T.);
#10353=ADVANCED_FACE('',(#457),#9857,.T.);
#10354=ADVANCED_FACE('',(#458),#9858,.T.);
#10355=ADVANCED_FACE('',(#459),#9859,.T.);
#10356=ADVANCED_FACE('',(#460),#9860,.T.);
#10357=ADVANCED_FACE('',(#461),#9861,.T.);
#10358=ADVANCED_FACE('',(#462),#9862,.T.);
#10359=ADVANCED_FACE('',(#463),#9863,.T.);
#10360=ADVANCED_FACE('',(#464),#9864,.T.);
#10361=ADVANCED_FACE('',(#465),#9865,.T.);
#10362=ADVANCED_FACE('',(#466),#9866,.T.);
#10363=ADVANCED_FACE('',(#467),#9867,.T.);
#10364=ADVANCED_FACE('',(#468),#9868,.T.);
#10365=ADVANCED_FACE('',(#469),#9869,.T.);
#10366=ADVANCED_FACE('',(#470),#9870,.T.);
#10367=ADVANCED_FACE('',(#471),#9871,.T.);
#10368=ADVANCED_FACE('',(#472),#9872,.T.);
#10369=ADVANCED_FACE('',(#473),#9873,.T.);
#10370=ADVANCED_FACE('',(#474),#9874,.T.);
#10371=ADVANCED_FACE('',(#475),#9875,.T.);
#10372=ADVANCED_FACE('',(#476),#9876,.T.);
#10373=ADVANCED_FACE('',(#477),#9877,.T.);
#10374=ADVANCED_FACE('',(#478),#9878,.T.);
#10375=ADVANCED_FACE('',(#479),#9879,.T.);
#10376=ADVANCED_FACE('',(#480),#9880,.T.);
#10377=ADVANCED_FACE('',(#481),#9881,.T.);
#10378=ADVANCED_FACE('',(#482),#9882,.T.);
#10379=ADVANCED_FACE('',(#483),#9883,.T.);
#10380=ADVANCED_FACE('',(#484),#9884,.T.);
#10381=ADVANCED_FACE('',(#485),#9885,.T.);
#10382=ADVANCED_FACE('',(#486),#9886,.T.);
#10383=ADVANCED_FACE('',(#487),#9887,.T.);
#10384=ADVANCED_FACE('',(#488),#9888,.T.);
#10385=ADVANCED_FACE('',(#489),#9889,.T.);
#10386=ADVANCED_FACE('',(#490),#55,.F.);
#10387=ADVANCED_FACE('',(#491),#9890,.T.);
#10388=ADVANCED_FACE('',(#492),#9891,.T.);
#10389=ADVANCED_FACE('',(#493),#9892,.T.);
#10390=ADVANCED_FACE('',(#494),#9893,.T.);
#10391=ADVANCED_FACE('',(#495),#9894,.T.);
#10392=ADVANCED_FACE('',(#496),#9895,.T.);
#10393=ADVANCED_FACE('',(#497),#9896,.T.);
#10394=ADVANCED_FACE('',(#498),#9897,.T.);
#10395=ADVANCED_FACE('',(#499),#9898,.T.);
#10396=ADVANCED_FACE('',(#500),#9899,.T.);
#10397=ADVANCED_FACE('',(#501),#9900,.T.);
#10398=ADVANCED_FACE('',(#502),#9901,.T.);
#10399=ADVANCED_FACE('',(#503),#56,.F.);
#10400=ADVANCED_FACE('',(#504),#9902,.T.);
#10401=ADVANCED_FACE('',(#505),#9903,.T.);
#10402=ADVANCED_FACE('',(#506),#9904,.T.);
#10403=ADVANCED_FACE('',(#507),#9905,.T.);
#10404=ADVANCED_FACE('',(#508),#9906,.T.);
#10405=ADVANCED_FACE('',(#509),#9907,.T.);
#10406=ADVANCED_FACE('',(#510),#9908,.T.);
#10407=ADVANCED_FACE('',(#511),#9909,.T.);
#10408=ADVANCED_FACE('',(#512),#9910,.T.);
#10409=ADVANCED_FACE('',(#513),#9911,.T.);
#10410=ADVANCED_FACE('',(#514),#9912,.T.);
#10411=ADVANCED_FACE('',(#515),#9913,.T.);
#10412=ADVANCED_FACE('',(#516),#9914,.T.);
#10413=ADVANCED_FACE('',(#517),#9915,.T.);
#10414=ADVANCED_FACE('',(#518),#9916,.T.);
#10415=ADVANCED_FACE('',(#519),#9917,.T.);
#10416=ADVANCED_FACE('',(#520),#9918,.T.);
#10417=ADVANCED_FACE('',(#521),#9919,.T.);
#10418=ADVANCED_FACE('',(#522),#9920,.T.);
#10419=ADVANCED_FACE('',(#523),#9921,.T.);
#10420=ADVANCED_FACE('',(#524),#9922,.T.);
#10421=ADVANCED_FACE('',(#525),#9923,.T.);
#10422=ADVANCED_FACE('',(#526),#9924,.T.);
#10423=ADVANCED_FACE('',(#527),#9925,.T.);
#10424=ADVANCED_FACE('',(#528),#9926,.T.);
#10425=ADVANCED_FACE('',(#529),#9927,.T.);
#10426=ADVANCED_FACE('',(#530),#9928,.T.);
#10427=ADVANCED_FACE('',(#531),#9929,.T.);
#10428=ADVANCED_FACE('',(#532),#9930,.T.);
#10429=ADVANCED_FACE('',(#533),#9931,.T.);
#10430=ADVANCED_FACE('',(#534,#245,#246,#247,#248,#249,#250,#251,#252,#253,
#254,#255,#256,#257,#258,#259,#260,#261,#262,#263,#264,#265,#266,#267,#268,
#269,#270,#271,#272),#9932,.F.);
#10431=ADVANCED_FACE('',(#535),#57,.T.);
#10432=ADVANCED_FACE('',(#536),#58,.T.);
#10433=ADVANCED_FACE('',(#537),#9933,.T.);
#10434=ADVANCED_FACE('',(#538),#9934,.F.);
#10435=ADVANCED_FACE('',(#539),#59,.T.);
#10436=ADVANCED_FACE('',(#540),#60,.T.);
#10437=ADVANCED_FACE('',(#541),#9935,.T.);
#10438=ADVANCED_FACE('',(#542),#9936,.F.);
#10439=ADVANCED_FACE('',(#543),#61,.F.);
#10440=ADVANCED_FACE('',(#544),#62,.F.);
#10441=ADVANCED_FACE('',(#545),#63,.T.);
#10442=ADVANCED_FACE('',(#546,#273),#9937,.T.);
#10443=ADVANCED_FACE('',(#547,#274),#9938,.F.);
#10444=ADVANCED_FACE('',(#548),#64,.F.);
#10445=ADVANCED_FACE('',(#549),#65,.F.);
#10446=ADVANCED_FACE('',(#550),#66,.T.);
#10447=ADVANCED_FACE('',(#551,#275),#9939,.T.);
#10448=ADVANCED_FACE('',(#552,#276),#9940,.F.);
#10449=ADVANCED_FACE('',(#553),#67,.F.);
#10450=ADVANCED_FACE('',(#554),#68,.F.);
#10451=ADVANCED_FACE('',(#555),#69,.T.);
#10452=ADVANCED_FACE('',(#556,#277),#9941,.T.);
#10453=ADVANCED_FACE('',(#557,#278),#9942,.F.);
#10454=ADVANCED_FACE('',(#558),#70,.F.);
#10455=ADVANCED_FACE('',(#559),#71,.F.);
#10456=ADVANCED_FACE('',(#560),#72,.T.);
#10457=ADVANCED_FACE('',(#561,#279),#9943,.T.);
#10458=ADVANCED_FACE('',(#562,#280),#9944,.F.);
#10459=ADVANCED_FACE('',(#563),#9945,.T.);
#10460=ADVANCED_FACE('',(#564),#9946,.T.);
#10461=ADVANCED_FACE('',(#565),#9947,.T.);
#10462=ADVANCED_FACE('',(#566),#9948,.T.);
#10463=ADVANCED_FACE('',(#567),#9949,.T.);
#10464=ADVANCED_FACE('',(#568),#9950,.T.);
#10465=ADVANCED_FACE('',(#569),#9951,.T.);
#10466=ADVANCED_FACE('',(#570),#9952,.T.);
#10467=ADVANCED_FACE('',(#571),#9953,.T.);
#10468=ADVANCED_FACE('',(#572),#9954,.T.);
#10469=ADVANCED_FACE('',(#573),#9955,.T.);
#10470=ADVANCED_FACE('',(#574),#9956,.T.);
#10471=ADVANCED_FACE('',(#575),#9957,.T.);
#10472=ADVANCED_FACE('',(#576),#9958,.T.);
#10473=ADVANCED_FACE('',(#577),#9959,.T.);
#10474=ADVANCED_FACE('',(#578),#9960,.T.);
#10475=ADVANCED_FACE('',(#579),#9961,.T.);
#10476=ADVANCED_FACE('',(#580),#9962,.T.);
#10477=ADVANCED_FACE('',(#581),#9963,.T.);
#10478=ADVANCED_FACE('',(#582),#9964,.T.);
#10479=ADVANCED_FACE('',(#583),#9965,.T.);
#10480=ADVANCED_FACE('',(#584),#9966,.T.);
#10481=ADVANCED_FACE('',(#585),#9967,.T.);
#10482=ADVANCED_FACE('',(#586),#9968,.T.);
#10483=ADVANCED_FACE('',(#587),#9969,.T.);
#10484=ADVANCED_FACE('',(#588),#9970,.T.);
#10485=ADVANCED_FACE('',(#589),#9971,.T.);
#10486=ADVANCED_FACE('',(#590),#9972,.T.);
#10487=ADVANCED_FACE('',(#591),#9973,.T.);
#10488=ADVANCED_FACE('',(#592),#9974,.T.);
#10489=ADVANCED_FACE('',(#593),#9975,.T.);
#10490=ADVANCED_FACE('',(#594),#9976,.T.);
#10491=ADVANCED_FACE('',(#595),#9977,.T.);
#10492=ADVANCED_FACE('',(#596),#9978,.T.);
#10493=ADVANCED_FACE('',(#597),#9979,.T.);
#10494=ADVANCED_FACE('',(#598),#9980,.T.);
#10495=ADVANCED_FACE('',(#599),#9981,.T.);
#10496=ADVANCED_FACE('',(#600),#9982,.T.);
#10497=ADVANCED_FACE('',(#601),#9983,.T.);
#10498=ADVANCED_FACE('',(#602),#9984,.T.);
#10499=ADVANCED_FACE('',(#603),#9985,.T.);
#10500=ADVANCED_FACE('',(#604),#9986,.T.);
#10501=ADVANCED_FACE('',(#605),#9987,.T.);
#10502=ADVANCED_FACE('',(#606),#9988,.T.);
#10503=ADVANCED_FACE('',(#607),#9989,.T.);
#10504=ADVANCED_FACE('',(#608,#281),#9990,.T.);
#10505=ADVANCED_FACE('',(#609,#282),#9991,.T.);
#10506=ADVANCED_FACE('',(#610),#73,.F.);
#10507=ADVANCED_FACE('',(#611),#74,.F.);
#10508=ADVANCED_FACE('',(#612),#75,.F.);
#10509=ADVANCED_FACE('',(#613),#76,.F.);
#10510=ADVANCED_FACE('',(#614),#9992,.T.);
#10511=ADVANCED_FACE('',(#615),#9993,.T.);
#10512=ADVANCED_FACE('',(#616),#9994,.T.);
#10513=ADVANCED_FACE('',(#617),#9995,.T.);
#10514=ADVANCED_FACE('',(#618),#9996,.T.);
#10515=ADVANCED_FACE('',(#619),#9997,.T.);
#10516=ADVANCED_FACE('',(#620),#9998,.T.);
#10517=ADVANCED_FACE('',(#621),#9999,.T.);
#10518=ADVANCED_FACE('',(#622),#10000,.T.);
#10519=ADVANCED_FACE('',(#623),#10001,.T.);
#10520=ADVANCED_FACE('',(#624),#10002,.T.);
#10521=ADVANCED_FACE('',(#625),#10003,.T.);
#10522=ADVANCED_FACE('',(#626),#10004,.T.);
#10523=ADVANCED_FACE('',(#627),#10005,.T.);
#10524=ADVANCED_FACE('',(#628),#10006,.T.);
#10525=ADVANCED_FACE('',(#629),#10007,.T.);
#10526=ADVANCED_FACE('',(#630),#10008,.T.);
#10527=ADVANCED_FACE('',(#631),#10009,.T.);
#10528=ADVANCED_FACE('',(#632),#10010,.T.);
#10529=ADVANCED_FACE('',(#633),#10011,.T.);
#10530=ADVANCED_FACE('',(#634),#10012,.T.);
#10531=ADVANCED_FACE('',(#635),#10013,.T.);
#10532=ADVANCED_FACE('',(#636,#283,#284,#285,#286),#10014,.T.);
#10533=ADVANCED_FACE('',(#637,#287,#288,#289,#290),#10015,.F.);
#10534=ADVANCED_FACE('',(#638),#10016,.F.);
#10535=ADVANCED_FACE('',(#639),#10017,.F.);
#10536=ADVANCED_FACE('',(#640),#10018,.F.);
#10537=ADVANCED_FACE('',(#641,#291,#292,#293,#294,#295,#296,#297,#298,#299,
#300,#301,#302,#303,#304,#305,#306,#307,#308,#309,#310,#311,#312,#313,#314,
#315,#316,#317,#318),#10019,.F.);
#10538=ADVANCED_FACE('',(#642),#10020,.F.);
#10539=ADVANCED_FACE('',(#643),#10021,.F.);
#10540=ADVANCED_FACE('',(#644),#10022,.F.);
#10541=ADVANCED_FACE('',(#645),#10023,.F.);
#10542=ADVANCED_FACE('',(#646),#10024,.F.);
#10543=ADVANCED_FACE('',(#647),#10025,.F.);
#10544=ADVANCED_FACE('',(#648),#10026,.F.);
#10545=ADVANCED_FACE('',(#649),#10027,.F.);
#10546=ADVANCED_FACE('',(#650),#10028,.F.);
#10547=ADVANCED_FACE('',(#651),#10029,.F.);
#10548=ADVANCED_FACE('',(#652),#10030,.F.);
#10549=ADVANCED_FACE('',(#653),#10031,.F.);
#10550=ADVANCED_FACE('',(#654),#10032,.F.);
#10551=ADVANCED_FACE('',(#655),#10033,.F.);
#10552=ADVANCED_FACE('',(#656),#10034,.F.);
#10553=ADVANCED_FACE('',(#657),#10035,.F.);
#10554=ADVANCED_FACE('',(#658),#10036,.F.);
#10555=ADVANCED_FACE('',(#659),#10037,.F.);
#10556=ADVANCED_FACE('',(#660),#10038,.F.);
#10557=ADVANCED_FACE('',(#661),#10039,.F.);
#10558=ADVANCED_FACE('',(#662),#10040,.F.);
#10559=ADVANCED_FACE('',(#663),#10041,.F.);
#10560=ADVANCED_FACE('',(#664),#10042,.F.);
#10561=ADVANCED_FACE('',(#665),#10043,.F.);
#10562=ADVANCED_FACE('',(#666),#10044,.F.);
#10563=ADVANCED_FACE('',(#667),#10045,.F.);
#10564=ADVANCED_FACE('',(#668),#10046,.F.);
#10565=ADVANCED_FACE('',(#669),#10047,.F.);
#10566=ADVANCED_FACE('',(#670),#10048,.F.);
#10567=ADVANCED_FACE('',(#671),#10049,.F.);
#10568=ADVANCED_FACE('',(#672),#10050,.F.);
#10569=ADVANCED_FACE('',(#673),#10051,.F.);
#10570=ADVANCED_FACE('',(#674),#10052,.F.);
#10571=ADVANCED_FACE('',(#675),#10053,.F.);
#10572=ADVANCED_FACE('',(#676),#10054,.F.);
#10573=ADVANCED_FACE('',(#677),#77,.F.);
#10574=ADVANCED_FACE('',(#678),#78,.F.);
#10575=ADVANCED_FACE('',(#679),#10055,.F.);
#10576=ADVANCED_FACE('',(#680),#10056,.F.);
#10577=ADVANCED_FACE('',(#681),#10057,.F.);
#10578=ADVANCED_FACE('',(#682),#10058,.F.);
#10579=ADVANCED_FACE('',(#683),#79,.F.);
#10580=ADVANCED_FACE('',(#684),#80,.F.);
#10581=ADVANCED_FACE('',(#685),#10059,.F.);
#10582=ADVANCED_FACE('',(#686),#10060,.F.);
#10583=ADVANCED_FACE('',(#687),#10061,.F.);
#10584=ADVANCED_FACE('',(#688),#10062,.F.);
#10585=ADVANCED_FACE('',(#689),#10063,.F.);
#10586=ADVANCED_FACE('',(#690),#10064,.F.);
#10587=ADVANCED_FACE('',(#691),#10065,.F.);
#10588=ADVANCED_FACE('',(#692),#10066,.F.);
#10589=ADVANCED_FACE('',(#693),#10067,.F.);
#10590=ADVANCED_FACE('',(#694),#10068,.F.);
#10591=ADVANCED_FACE('',(#695),#10069,.F.);
#10592=ADVANCED_FACE('',(#696),#10070,.F.);
#10593=ADVANCED_FACE('',(#697),#10071,.F.);
#10594=ADVANCED_FACE('',(#698),#10072,.F.);
#10595=ADVANCED_FACE('',(#699),#10073,.F.);
#10596=ADVANCED_FACE('',(#700),#10074,.F.);
#10597=ADVANCED_FACE('',(#701),#10075,.F.);
#10598=ADVANCED_FACE('',(#702),#10076,.F.);
#10599=ADVANCED_FACE('',(#703),#10077,.F.);
#10600=ADVANCED_FACE('',(#704),#10078,.F.);
#10601=ADVANCED_FACE('',(#705),#10079,.F.);
#10602=ADVANCED_FACE('',(#706),#10080,.F.);
#10603=ADVANCED_FACE('',(#707),#10081,.F.);
#10604=ADVANCED_FACE('',(#708),#10082,.F.);
#10605=ADVANCED_FACE('',(#709),#81,.F.);
#10606=ADVANCED_FACE('',(#710),#10083,.F.);
#10607=ADVANCED_FACE('',(#711),#10084,.F.);
#10608=ADVANCED_FACE('',(#712),#10085,.F.);
#10609=ADVANCED_FACE('',(#713),#10086,.F.);
#10610=ADVANCED_FACE('',(#714),#10087,.F.);
#10611=ADVANCED_FACE('',(#715),#10088,.F.);
#10612=ADVANCED_FACE('',(#716),#10089,.F.);
#10613=ADVANCED_FACE('',(#717),#10090,.F.);
#10614=ADVANCED_FACE('',(#718),#82,.F.);
#10615=ADVANCED_FACE('',(#719),#10091,.F.);
#10616=ADVANCED_FACE('',(#720),#10092,.F.);
#10617=ADVANCED_FACE('',(#721),#10093,.F.);
#10618=ADVANCED_FACE('',(#722),#10094,.F.);
#10619=ADVANCED_FACE('',(#723),#10095,.F.);
#10620=ADVANCED_FACE('',(#724),#10096,.F.);
#10621=ADVANCED_FACE('',(#725),#10097,.F.);
#10622=ADVANCED_FACE('',(#726),#10098,.F.);
#10623=ADVANCED_FACE('',(#727),#10099,.F.);
#10624=ADVANCED_FACE('',(#728),#10100,.F.);
#10625=ADVANCED_FACE('',(#729),#10101,.F.);
#10626=ADVANCED_FACE('',(#730),#10102,.F.);
#10627=ADVANCED_FACE('',(#731),#10103,.F.);
#10628=ADVANCED_FACE('',(#732),#10104,.F.);
#10629=ADVANCED_FACE('',(#733),#10105,.F.);
#10630=ADVANCED_FACE('',(#734),#10106,.F.);
#10631=ADVANCED_FACE('',(#735),#10107,.F.);
#10632=ADVANCED_FACE('',(#736),#10108,.F.);
#10633=ADVANCED_FACE('',(#737),#10109,.F.);
#10634=ADVANCED_FACE('',(#738),#10110,.F.);
#10635=ADVANCED_FACE('',(#739),#10111,.F.);
#10636=ADVANCED_FACE('',(#740),#10112,.F.);
#10637=ADVANCED_FACE('',(#741),#10113,.F.);
#10638=ADVANCED_FACE('',(#742),#10114,.F.);
#10639=ADVANCED_FACE('',(#743),#10115,.F.);
#10640=ADVANCED_FACE('',(#744),#10116,.F.);
#10641=ADVANCED_FACE('',(#745),#10117,.F.);
#10642=ADVANCED_FACE('',(#746),#10118,.F.);
#10643=ADVANCED_FACE('',(#747),#10119,.F.);
#10644=ADVANCED_FACE('',(#748),#10120,.F.);
#10645=ADVANCED_FACE('',(#749),#10121,.F.);
#10646=ADVANCED_FACE('',(#750),#10122,.F.);
#10647=ADVANCED_FACE('',(#751),#10123,.F.);
#10648=ADVANCED_FACE('',(#752),#10124,.F.);
#10649=ADVANCED_FACE('',(#753),#10125,.F.);
#10650=ADVANCED_FACE('',(#754),#10126,.F.);
#10651=ADVANCED_FACE('',(#755),#10127,.F.);
#10652=ADVANCED_FACE('',(#756),#10128,.F.);
#10653=ADVANCED_FACE('',(#757),#10129,.F.);
#10654=ADVANCED_FACE('',(#758),#10130,.F.);
#10655=ADVANCED_FACE('',(#759),#10131,.F.);
#10656=ADVANCED_FACE('',(#760),#10132,.F.);
#10657=ADVANCED_FACE('',(#761),#10133,.F.);
#10658=ADVANCED_FACE('',(#762),#10134,.F.);
#10659=ADVANCED_FACE('',(#763),#83,.F.);
#10660=ADVANCED_FACE('',(#764),#10135,.F.);
#10661=ADVANCED_FACE('',(#765),#10136,.F.);
#10662=ADVANCED_FACE('',(#766),#10137,.F.);
#10663=ADVANCED_FACE('',(#767),#10138,.F.);
#10664=ADVANCED_FACE('',(#768),#10139,.F.);
#10665=ADVANCED_FACE('',(#769),#10140,.F.);
#10666=ADVANCED_FACE('',(#770),#10141,.F.);
#10667=ADVANCED_FACE('',(#771),#10142,.F.);
#10668=ADVANCED_FACE('',(#772),#10143,.F.);
#10669=ADVANCED_FACE('',(#773),#10144,.F.);
#10670=ADVANCED_FACE('',(#774),#10145,.F.);
#10671=ADVANCED_FACE('',(#775),#10146,.F.);
#10672=ADVANCED_FACE('',(#776),#84,.F.);
#10673=ADVANCED_FACE('',(#777),#10147,.F.);
#10674=ADVANCED_FACE('',(#778),#10148,.F.);
#10675=ADVANCED_FACE('',(#779),#10149,.F.);
#10676=ADVANCED_FACE('',(#780),#10150,.F.);
#10677=ADVANCED_FACE('',(#781),#10151,.F.);
#10678=ADVANCED_FACE('',(#782),#10152,.F.);
#10679=ADVANCED_FACE('',(#783),#10153,.F.);
#10680=ADVANCED_FACE('',(#784),#10154,.F.);
#10681=ADVANCED_FACE('',(#785),#10155,.F.);
#10682=ADVANCED_FACE('',(#786),#10156,.F.);
#10683=ADVANCED_FACE('',(#787),#10157,.F.);
#10684=ADVANCED_FACE('',(#788),#10158,.F.);
#10685=ADVANCED_FACE('',(#789),#10159,.F.);
#10686=ADVANCED_FACE('',(#790),#10160,.F.);
#10687=ADVANCED_FACE('',(#791),#10161,.F.);
#10688=ADVANCED_FACE('',(#792),#10162,.F.);
#10689=ADVANCED_FACE('',(#793),#10163,.F.);
#10690=ADVANCED_FACE('',(#794),#10164,.F.);
#10691=ADVANCED_FACE('',(#795),#10165,.F.);
#10692=ADVANCED_FACE('',(#796),#10166,.F.);
#10693=ADVANCED_FACE('',(#797),#10167,.F.);
#10694=ADVANCED_FACE('',(#798),#10168,.F.);
#10695=ADVANCED_FACE('',(#799),#10169,.F.);
#10696=ADVANCED_FACE('',(#800),#10170,.F.);
#10697=ADVANCED_FACE('',(#801),#10171,.F.);
#10698=ADVANCED_FACE('',(#802),#10172,.F.);
#10699=ADVANCED_FACE('',(#803),#10173,.F.);
#10700=ADVANCED_FACE('',(#804),#10174,.F.);
#10701=ADVANCED_FACE('',(#805),#10175,.F.);
#10702=ADVANCED_FACE('',(#806),#10176,.F.);
#10703=ADVANCED_FACE('',(#807,#319,#320,#321,#322,#323,#324,#325,#326,#327,
#328,#329,#330,#331,#332,#333,#334,#335,#336,#337,#338,#339,#340,#341,#342,
#343,#344,#345,#346),#10177,.T.);
#10704=ADVANCED_FACE('',(#808),#85,.T.);
#10705=ADVANCED_FACE('',(#809),#86,.T.);
#10706=ADVANCED_FACE('',(#810),#10178,.F.);
#10707=ADVANCED_FACE('',(#811),#10179,.T.);
#10708=ADVANCED_FACE('',(#812),#87,.T.);
#10709=ADVANCED_FACE('',(#813),#88,.T.);
#10710=ADVANCED_FACE('',(#814),#10180,.F.);
#10711=ADVANCED_FACE('',(#815),#10181,.T.);
#10712=ADVANCED_FACE('',(#816),#89,.F.);
#10713=ADVANCED_FACE('',(#817),#90,.F.);
#10714=ADVANCED_FACE('',(#818),#91,.T.);
#10715=ADVANCED_FACE('',(#819,#347),#10182,.F.);
#10716=ADVANCED_FACE('',(#820,#348),#10183,.T.);
#10717=ADVANCED_FACE('',(#821),#92,.F.);
#10718=ADVANCED_FACE('',(#822),#93,.F.);
#10719=ADVANCED_FACE('',(#823),#94,.T.);
#10720=ADVANCED_FACE('',(#824,#349),#10184,.F.);
#10721=ADVANCED_FACE('',(#825,#350),#10185,.T.);
#10722=ADVANCED_FACE('',(#826),#95,.F.);
#10723=ADVANCED_FACE('',(#827),#96,.F.);
#10724=ADVANCED_FACE('',(#828),#97,.T.);
#10725=ADVANCED_FACE('',(#829,#351),#10186,.F.);
#10726=ADVANCED_FACE('',(#830,#352),#10187,.T.);
#10727=ADVANCED_FACE('',(#831),#98,.F.);
#10728=ADVANCED_FACE('',(#832),#99,.F.);
#10729=ADVANCED_FACE('',(#833),#100,.T.);
#10730=ADVANCED_FACE('',(#834,#353),#10188,.F.);
#10731=ADVANCED_FACE('',(#835,#354),#10189,.T.);
#10732=ADVANCED_FACE('',(#836),#10190,.F.);
#10733=ADVANCED_FACE('',(#837),#10191,.F.);
#10734=ADVANCED_FACE('',(#838),#10192,.F.);
#10735=ADVANCED_FACE('',(#839),#10193,.F.);
#10736=ADVANCED_FACE('',(#840),#10194,.F.);
#10737=ADVANCED_FACE('',(#841),#10195,.F.);
#10738=ADVANCED_FACE('',(#842),#10196,.F.);
#10739=ADVANCED_FACE('',(#843),#10197,.F.);
#10740=ADVANCED_FACE('',(#844),#10198,.F.);
#10741=ADVANCED_FACE('',(#845),#10199,.F.);
#10742=ADVANCED_FACE('',(#846),#10200,.F.);
#10743=ADVANCED_FACE('',(#847),#10201,.F.);
#10744=ADVANCED_FACE('',(#848),#10202,.F.);
#10745=ADVANCED_FACE('',(#849),#10203,.F.);
#10746=ADVANCED_FACE('',(#850),#10204,.F.);
#10747=ADVANCED_FACE('',(#851),#10205,.F.);
#10748=ADVANCED_FACE('',(#852),#10206,.F.);
#10749=ADVANCED_FACE('',(#853),#10207,.F.);
#10750=ADVANCED_FACE('',(#854),#10208,.F.);
#10751=ADVANCED_FACE('',(#855),#10209,.F.);
#10752=ADVANCED_FACE('',(#856),#10210,.F.);
#10753=ADVANCED_FACE('',(#857),#10211,.F.);
#10754=ADVANCED_FACE('',(#858),#10212,.F.);
#10755=ADVANCED_FACE('',(#859),#10213,.F.);
#10756=ADVANCED_FACE('',(#860),#10214,.F.);
#10757=ADVANCED_FACE('',(#861),#10215,.F.);
#10758=ADVANCED_FACE('',(#862),#10216,.F.);
#10759=ADVANCED_FACE('',(#863),#10217,.F.);
#10760=ADVANCED_FACE('',(#864),#10218,.F.);
#10761=ADVANCED_FACE('',(#865),#10219,.F.);
#10762=ADVANCED_FACE('',(#866),#10220,.F.);
#10763=ADVANCED_FACE('',(#867),#10221,.F.);
#10764=ADVANCED_FACE('',(#868),#10222,.F.);
#10765=ADVANCED_FACE('',(#869),#10223,.F.);
#10766=ADVANCED_FACE('',(#870),#10224,.F.);
#10767=ADVANCED_FACE('',(#871),#10225,.F.);
#10768=ADVANCED_FACE('',(#872),#10226,.F.);
#10769=ADVANCED_FACE('',(#873),#10227,.F.);
#10770=ADVANCED_FACE('',(#874),#10228,.F.);
#10771=ADVANCED_FACE('',(#875),#10229,.F.);
#10772=ADVANCED_FACE('',(#876),#10230,.F.);
#10773=ADVANCED_FACE('',(#877),#10231,.F.);
#10774=ADVANCED_FACE('',(#878),#10232,.F.);
#10775=ADVANCED_FACE('',(#879),#10233,.F.);
#10776=ADVANCED_FACE('',(#880),#10234,.F.);
#10777=ADVANCED_FACE('',(#881,#355),#10235,.F.);
#10778=ADVANCED_FACE('',(#882,#356),#10236,.F.);
#10779=ADVANCED_FACE('',(#883),#101,.F.);
#10780=ADVANCED_FACE('',(#884),#102,.F.);
#10781=ADVANCED_FACE('',(#885),#103,.F.);
#10782=ADVANCED_FACE('',(#886),#104,.F.);
#10783=ADVANCED_FACE('',(#887),#10237,.F.);
#10784=ADVANCED_FACE('',(#888),#10238,.F.);
#10785=ADVANCED_FACE('',(#889),#10239,.F.);
#10786=ADVANCED_FACE('',(#890),#10240,.F.);
#10787=ADVANCED_FACE('',(#891),#10241,.F.);
#10788=ADVANCED_FACE('',(#892),#10242,.F.);
#10789=ADVANCED_FACE('',(#893),#10243,.F.);
#10790=ADVANCED_FACE('',(#894),#10244,.F.);
#10791=ADVANCED_FACE('',(#895),#10245,.F.);
#10792=ADVANCED_FACE('',(#896),#10246,.F.);
#10793=ADVANCED_FACE('',(#897),#10247,.F.);
#10794=ADVANCED_FACE('',(#898),#10248,.F.);
#10795=ADVANCED_FACE('',(#899),#10249,.F.);
#10796=ADVANCED_FACE('',(#900),#10250,.F.);
#10797=ADVANCED_FACE('',(#901),#10251,.F.);
#10798=ADVANCED_FACE('',(#902),#10252,.F.);
#10799=ADVANCED_FACE('',(#903),#10253,.F.);
#10800=ADVANCED_FACE('',(#904),#10254,.F.);
#10801=ADVANCED_FACE('',(#905),#10255,.F.);
#10802=ADVANCED_FACE('',(#906),#10256,.F.);
#10803=ADVANCED_FACE('',(#907),#10257,.F.);
#10804=ADVANCED_FACE('',(#908),#10258,.F.);
#10805=ADVANCED_FACE('',(#909,#357,#358,#359,#360),#10259,.F.);
#10806=ADVANCED_FACE('',(#910,#361,#362,#363,#364),#10260,.T.);
#10807=CLOSED_SHELL('',(#10261,#10262,#10263,#10264,#10265,#10266,#10267,
#10268,#10269,#10270,#10271,#10272,#10273,#10274,#10275,#10276,#10277,#10278,
#10279,#10280,#10281,#10282,#10283,#10284,#10285,#10286,#10287,#10288,#10289,
#10290,#10291,#10292,#10293,#10294,#10295,#10296,#10297,#10298,#10299,#10300,
#10301,#10302,#10303,#10304,#10305,#10306,#10307,#10308,#10309,#10310,#10311,
#10312,#10313,#10314,#10315,#10316,#10317,#10318,#10319,#10320,#10321,#10322,
#10323,#10324,#10325,#10326,#10327,#10328,#10329,#10330,#10331,#10332,#10333,
#10334,#10335,#10336,#10337,#10338,#10339,#10340,#10341,#10342,#10343,#10344,
#10345,#10346,#10347,#10348,#10349,#10350,#10351,#10352,#10353,#10354,#10355,
#10356,#10357,#10358,#10359,#10360,#10361,#10362,#10363,#10364,#10365,#10366,
#10367,#10368,#10369,#10370,#10371,#10372,#10373,#10374,#10375,#10376,#10377,
#10378,#10379,#10380,#10381,#10382,#10383,#10384,#10385,#10386,#10387,#10388,
#10389,#10390,#10391,#10392,#10393,#10394,#10395,#10396,#10397,#10398,#10399,
#10400,#10401,#10402,#10403,#10404,#10405,#10406,#10407,#10408,#10409,#10410,
#10411,#10412,#10413,#10414,#10415,#10416,#10417,#10418,#10419,#10420,#10421,
#10422,#10423,#10424,#10425,#10426,#10427,#10428,#10429,#10430));
#10808=CLOSED_SHELL('',(#10431,#10432,#10433,#10434));
#10809=CLOSED_SHELL('',(#10435,#10436,#10437,#10438));
#10810=CLOSED_SHELL('',(#10439,#10440,#10441,#10442,#10443));
#10811=CLOSED_SHELL('',(#10444,#10445,#10446,#10447,#10448));
#10812=CLOSED_SHELL('',(#10449,#10450,#10451,#10452,#10453));
#10813=CLOSED_SHELL('',(#10454,#10455,#10456,#10457,#10458));
#10814=CLOSED_SHELL('',(#10459,#10460,#10461,#10462,#10463,#10464,#10465,
#10466,#10467,#10468,#10469,#10470,#10471,#10472,#10473,#10474,#10475,#10476,
#10477,#10478,#10479,#10480,#10481,#10482,#10483,#10484,#10485,#10486,#10487,
#10488,#10489,#10490,#10491,#10492,#10493,#10494,#10495,#10496,#10497,#10498,
#10499,#10500,#10501,#10502,#10503,#10504,#10505));
#10815=CLOSED_SHELL('',(#10506,#10507,#10508,#10509,#10510,#10511,#10512,
#10513,#10514,#10515,#10516,#10517,#10518,#10519,#10520,#10521,#10522,#10523,
#10524,#10525,#10526,#10527,#10528,#10529,#10530,#10531,#10532,#10533));
#10816=CLOSED_SHELL('',(#10534,#10535,#10536,#10537,#10538,#10539,#10540,
#10541,#10542,#10543,#10544,#10545,#10546,#10547,#10548,#10549,#10550,#10551,
#10552,#10553,#10554,#10555,#10556,#10557,#10558,#10559,#10560,#10561,#10562,
#10563,#10564,#10565,#10566,#10567,#10568,#10569,#10570,#10571,#10572,#10573,
#10574,#10575,#10576,#10577,#10578,#10579,#10580,#10581,#10582,#10583,#10584,
#10585,#10586,#10587,#10588,#10589,#10590,#10591,#10592,#10593,#10594,#10595,
#10596,#10597,#10598,#10599,#10600,#10601,#10602,#10603,#10604,#10605,#10606,
#10607,#10608,#10609,#10610,#10611,#10612,#10613,#10614,#10615,#10616,#10617,
#10618,#10619,#10620,#10621,#10622,#10623,#10624,#10625,#10626,#10627,#10628,
#10629,#10630,#10631,#10632,#10633,#10634,#10635,#10636,#10637,#10638,#10639,
#10640,#10641,#10642,#10643,#10644,#10645,#10646,#10647,#10648,#10649,#10650,
#10651,#10652,#10653,#10654,#10655,#10656,#10657,#10658,#10659,#10660,#10661,
#10662,#10663,#10664,#10665,#10666,#10667,#10668,#10669,#10670,#10671,#10672,
#10673,#10674,#10675,#10676,#10677,#10678,#10679,#10680,#10681,#10682,#10683,
#10684,#10685,#10686,#10687,#10688,#10689,#10690,#10691,#10692,#10693,#10694,
#10695,#10696,#10697,#10698,#10699,#10700,#10701,#10702,#10703));
#10817=CLOSED_SHELL('',(#10704,#10705,#10706,#10707));
#10818=CLOSED_SHELL('',(#10708,#10709,#10710,#10711));
#10819=CLOSED_SHELL('',(#10712,#10713,#10714,#10715,#10716));
#10820=CLOSED_SHELL('',(#10717,#10718,#10719,#10720,#10721));
#10821=CLOSED_SHELL('',(#10722,#10723,#10724,#10725,#10726));
#10822=CLOSED_SHELL('',(#10727,#10728,#10729,#10730,#10731));
#10823=CLOSED_SHELL('',(#10732,#10733,#10734,#10735,#10736,#10737,#10738,
#10739,#10740,#10741,#10742,#10743,#10744,#10745,#10746,#10747,#10748,#10749,
#10750,#10751,#10752,#10753,#10754,#10755,#10756,#10757,#10758,#10759,#10760,
#10761,#10762,#10763,#10764,#10765,#10766,#10767,#10768,#10769,#10770,#10771,
#10772,#10773,#10774,#10775,#10776,#10777,#10778));
#10824=CLOSED_SHELL('',(#10779,#10780,#10781,#10782,#10783,#10784,#10785,
#10786,#10787,#10788,#10789,#10790,#10791,#10792,#10793,#10794,#10795,#10796,
#10797,#10798,#10799,#10800,#10801,#10802,#10803,#10804,#10805,#10806));
#10825=AXIS2_PLACEMENT_3D('',#14176,#11484,#11485);
#10826=AXIS2_PLACEMENT_3D('',#14177,#11486,#11487);
#10827=AXIS2_PLACEMENT_3D('',#14186,#11492,#11493);
#10828=AXIS2_PLACEMENT_3D('',#14192,#11497,#11498);
#10829=AXIS2_PLACEMENT_3D('',#14198,#11502,#11503);
#10830=AXIS2_PLACEMENT_3D('',#14262,#11535,#11536);
#10831=AXIS2_PLACEMENT_3D('',#14263,#11537,#11538);
#10832=AXIS2_PLACEMENT_3D('',#14274,#11543,#11544);
#10833=AXIS2_PLACEMENT_3D('',#14275,#11545,#11546);
#10834=AXIS2_PLACEMENT_3D('',#14325,#11571,#11572);
#10835=AXIS2_PLACEMENT_3D('',#14343,#11581,#11582);
#10836=AXIS2_PLACEMENT_3D('',#14429,#11627,#11628);
#10837=AXIS2_PLACEMENT_3D('',#14455,#11641,#11642);
#10838=AXIS2_PLACEMENT_3D('',#14480,#11655,#11656);
#10839=AXIS2_PLACEMENT_3D('',#14484,#11659,#11660);
#10840=AXIS2_PLACEMENT_3D('',#14490,#11664,#11665);
#10841=AXIS2_PLACEMENT_3D('',#14494,#11668,#11669);
#10842=AXIS2_PLACEMENT_3D('',#14500,#11673,#11674);
#10843=AXIS2_PLACEMENT_3D('',#14504,#11677,#11678);
#10844=AXIS2_PLACEMENT_3D('',#14508,#11681,#11682);
#10845=AXIS2_PLACEMENT_3D('',#14512,#11685,#11686);
#10846=AXIS2_PLACEMENT_3D('',#14514,#11688,#11689);
#10847=AXIS2_PLACEMENT_3D('',#14520,#11693,#11694);
#10848=AXIS2_PLACEMENT_3D('',#14524,#11697,#11698);
#10849=AXIS2_PLACEMENT_3D('',#14528,#11701,#11702);
#10850=AXIS2_PLACEMENT_3D('',#14532,#11705,#11706);
#10851=AXIS2_PLACEMENT_3D('',#14536,#11709,#11710);
#10852=AXIS2_PLACEMENT_3D('',#14540,#11713,#11714);
#10853=AXIS2_PLACEMENT_3D('',#14544,#11717,#11718);
#10854=AXIS2_PLACEMENT_3D('',#14548,#11721,#11722);
#10855=AXIS2_PLACEMENT_3D('',#14552,#11725,#11726);
#10856=AXIS2_PLACEMENT_3D('',#14556,#11729,#11730);
#10857=AXIS2_PLACEMENT_3D('',#14560,#11733,#11734);
#10858=AXIS2_PLACEMENT_3D('',#14564,#11737,#11738);
#10859=AXIS2_PLACEMENT_3D('',#14568,#11741,#11742);
#10860=AXIS2_PLACEMENT_3D('',#14570,#11744,#11745);
#10861=AXIS2_PLACEMENT_3D('',#14576,#11749,#11750);
#10862=AXIS2_PLACEMENT_3D('',#14582,#11754,#11755);
#10863=AXIS2_PLACEMENT_3D('',#14586,#11758,#11759);
#10864=AXIS2_PLACEMENT_3D('',#14590,#11762,#11763);
#10865=AXIS2_PLACEMENT_3D('',#14592,#11765,#11766);
#10866=AXIS2_PLACEMENT_3D('',#14598,#11770,#11771);
#10867=AXIS2_PLACEMENT_3D('',#14602,#11774,#11775);
#10868=AXIS2_PLACEMENT_3D('',#14606,#11778,#11779);
#10869=AXIS2_PLACEMENT_3D('',#14608,#11781,#11782);
#10870=AXIS2_PLACEMENT_3D('',#14614,#11786,#11787);
#10871=AXIS2_PLACEMENT_3D('',#14618,#11790,#11791);
#10872=AXIS2_PLACEMENT_3D('',#14622,#11794,#11795);
#10873=AXIS2_PLACEMENT_3D('',#14624,#11797,#11798);
#10874=AXIS2_PLACEMENT_3D('',#14627,#11799,#11800);
#10875=AXIS2_PLACEMENT_3D('',#14630,#11803,#11804);
#10876=AXIS2_PLACEMENT_3D('',#14631,#11805,#11806);
#10877=AXIS2_PLACEMENT_3D('',#14632,#11807,#11808);
#10878=AXIS2_PLACEMENT_3D('',#14638,#11812,#11813);
#10879=AXIS2_PLACEMENT_3D('',#14642,#11816,#11817);
#10880=AXIS2_PLACEMENT_3D('',#14646,#11820,#11821);
#10881=AXIS2_PLACEMENT_3D('',#14648,#11823,#11824);
#10882=AXIS2_PLACEMENT_3D('',#14651,#11825,#11826);
#10883=AXIS2_PLACEMENT_3D('',#14654,#11829,#11830);
#10884=AXIS2_PLACEMENT_3D('',#14655,#11831,#11832);
#10885=AXIS2_PLACEMENT_3D('',#14656,#11833,#11834);
#10886=AXIS2_PLACEMENT_3D('',#14662,#11838,#11839);
#10887=AXIS2_PLACEMENT_3D('',#14666,#11842,#11843);
#10888=AXIS2_PLACEMENT_3D('',#14670,#11846,#11847);
#10889=AXIS2_PLACEMENT_3D('',#14672,#11849,#11850);
#10890=AXIS2_PLACEMENT_3D('',#14678,#11854,#11855);
#10891=AXIS2_PLACEMENT_3D('',#14682,#11858,#11859);
#10892=AXIS2_PLACEMENT_3D('',#14686,#11862,#11863);
#10893=AXIS2_PLACEMENT_3D('',#14688,#11865,#11866);
#10894=AXIS2_PLACEMENT_3D('',#14694,#11870,#11871);
#10895=AXIS2_PLACEMENT_3D('',#14698,#11874,#11875);
#10896=AXIS2_PLACEMENT_3D('',#14702,#11878,#11879);
#10897=AXIS2_PLACEMENT_3D('',#14704,#11881,#11882);
#10898=AXIS2_PLACEMENT_3D('',#14710,#11886,#11887);
#10899=AXIS2_PLACEMENT_3D('',#14714,#11890,#11891);
#10900=AXIS2_PLACEMENT_3D('',#14718,#11894,#11895);
#10901=AXIS2_PLACEMENT_3D('',#14720,#11897,#11898);
#10902=AXIS2_PLACEMENT_3D('',#14726,#11902,#11903);
#10903=AXIS2_PLACEMENT_3D('',#14730,#11906,#11907);
#10904=AXIS2_PLACEMENT_3D('',#14734,#11910,#11911);
#10905=AXIS2_PLACEMENT_3D('',#14736,#11913,#11914);
#10906=AXIS2_PLACEMENT_3D('',#14742,#11918,#11919);
#10907=AXIS2_PLACEMENT_3D('',#14746,#11922,#11923);
#10908=AXIS2_PLACEMENT_3D('',#14750,#11926,#11927);
#10909=AXIS2_PLACEMENT_3D('',#14752,#11929,#11930);
#10910=AXIS2_PLACEMENT_3D('',#14755,#11932,#11933);
#10911=AXIS2_PLACEMENT_3D('',#14756,#11934,#11935);
#10912=AXIS2_PLACEMENT_3D('',#14762,#11939,#11940);
#10913=AXIS2_PLACEMENT_3D('',#14766,#11943,#11944);
#10914=AXIS2_PLACEMENT_3D('',#14770,#11947,#11948);
#10915=AXIS2_PLACEMENT_3D('',#14772,#11950,#11951);
#10916=AXIS2_PLACEMENT_3D('',#14778,#11955,#11956);
#10917=AXIS2_PLACEMENT_3D('',#14782,#11959,#11960);
#10918=AXIS2_PLACEMENT_3D('',#14786,#11963,#11964);
#10919=AXIS2_PLACEMENT_3D('',#14788,#11966,#11967);
#10920=AXIS2_PLACEMENT_3D('',#14791,#11969,#11970);
#10921=AXIS2_PLACEMENT_3D('',#14792,#11971,#11972);
#10922=AXIS2_PLACEMENT_3D('',#14798,#11976,#11977);
#10923=AXIS2_PLACEMENT_3D('',#14802,#11980,#11981);
#10924=AXIS2_PLACEMENT_3D('',#14806,#11984,#11985);
#10925=AXIS2_PLACEMENT_3D('',#14808,#11987,#11988);
#10926=AXIS2_PLACEMENT_3D('',#14814,#11992,#11993);
#10927=AXIS2_PLACEMENT_3D('',#14818,#11996,#11997);
#10928=AXIS2_PLACEMENT_3D('',#14822,#12000,#12001);
#10929=AXIS2_PLACEMENT_3D('',#14824,#12003,#12004);
#10930=AXIS2_PLACEMENT_3D('',#14830,#12008,#12009);
#10931=AXIS2_PLACEMENT_3D('',#14834,#12012,#12013);
#10932=AXIS2_PLACEMENT_3D('',#14838,#12016,#12017);
#10933=AXIS2_PLACEMENT_3D('',#14840,#12019,#12020);
#10934=AXIS2_PLACEMENT_3D('',#14846,#12024,#12025);
#10935=AXIS2_PLACEMENT_3D('',#14850,#12028,#12029);
#10936=AXIS2_PLACEMENT_3D('',#14854,#12032,#12033);
#10937=AXIS2_PLACEMENT_3D('',#14858,#12036,#12037);
#10938=AXIS2_PLACEMENT_3D('',#14862,#12040,#12041);
#10939=AXIS2_PLACEMENT_3D('',#14866,#12044,#12045);
#10940=AXIS2_PLACEMENT_3D('',#14870,#12048,#12049);
#10941=AXIS2_PLACEMENT_3D('',#14873,#12052,#12053);
#10942=AXIS2_PLACEMENT_3D('',#14877,#12056,#12057);
#10943=AXIS2_PLACEMENT_3D('',#14881,#12060,#12061);
#10944=AXIS2_PLACEMENT_3D('',#14885,#12064,#12065);
#10945=AXIS2_PLACEMENT_3D('',#14889,#12068,#12069);
#10946=AXIS2_PLACEMENT_3D('',#14893,#12072,#12073);
#10947=AXIS2_PLACEMENT_3D('',#14897,#12076,#12077);
#10948=AXIS2_PLACEMENT_3D('',#14901,#12080,#12081);
#10949=AXIS2_PLACEMENT_3D('',#14905,#12084,#12085);
#10950=AXIS2_PLACEMENT_3D('',#14909,#12088,#12089);
#10951=AXIS2_PLACEMENT_3D('',#14913,#12092,#12093);
#10952=AXIS2_PLACEMENT_3D('',#14917,#12096,#12097);
#10953=AXIS2_PLACEMENT_3D('',#14921,#12100,#12101);
#10954=AXIS2_PLACEMENT_3D('',#14925,#12104,#12105);
#10955=AXIS2_PLACEMENT_3D('',#14929,#12108,#12109);
#10956=AXIS2_PLACEMENT_3D('',#14933,#12112,#12113);
#10957=AXIS2_PLACEMENT_3D('',#14936,#12116,#12117);
#10958=AXIS2_PLACEMENT_3D('',#14940,#12120,#12121);
#10959=AXIS2_PLACEMENT_3D('',#14944,#12124,#12125);
#10960=AXIS2_PLACEMENT_3D('',#14947,#12128,#12129);
#10961=AXIS2_PLACEMENT_3D('',#14951,#12132,#12133);
#10962=AXIS2_PLACEMENT_3D('',#14954,#12136,#12137);
#10963=AXIS2_PLACEMENT_3D('',#14958,#12140,#12141);
#10964=AXIS2_PLACEMENT_3D('',#14962,#12144,#12145);
#10965=AXIS2_PLACEMENT_3D('',#14964,#12147,#12148);
#10966=AXIS2_PLACEMENT_3D('',#14967,#12150,#12151);
#10967=AXIS2_PLACEMENT_3D('',#14968,#12152,#12153);
#10968=AXIS2_PLACEMENT_3D('',#14974,#12157,#12158);
#10969=AXIS2_PLACEMENT_3D('',#14978,#12161,#12162);
#10970=AXIS2_PLACEMENT_3D('',#14982,#12165,#12166);
#10971=AXIS2_PLACEMENT_3D('',#14984,#12168,#12169);
#10972=AXIS2_PLACEMENT_3D('',#14990,#12173,#12174);
#10973=AXIS2_PLACEMENT_3D('',#14994,#12177,#12178);
#10974=AXIS2_PLACEMENT_3D('',#14998,#12181,#12182);
#10975=AXIS2_PLACEMENT_3D('',#15000,#12184,#12185);
#10976=AXIS2_PLACEMENT_3D('',#15006,#12189,#12190);
#10977=AXIS2_PLACEMENT_3D('',#15010,#12193,#12194);
#10978=AXIS2_PLACEMENT_3D('',#15014,#12197,#12198);
#10979=AXIS2_PLACEMENT_3D('',#15016,#12200,#12201);
#10980=AXIS2_PLACEMENT_3D('',#15019,#12203,#12204);
#10981=AXIS2_PLACEMENT_3D('',#15020,#12205,#12206);
#10982=AXIS2_PLACEMENT_3D('',#15026,#12210,#12211);
#10983=AXIS2_PLACEMENT_3D('',#15030,#12214,#12215);
#10984=AXIS2_PLACEMENT_3D('',#15034,#12218,#12219);
#10985=AXIS2_PLACEMENT_3D('',#15036,#12221,#12222);
#10986=AXIS2_PLACEMENT_3D('',#15042,#12226,#12227);
#10987=AXIS2_PLACEMENT_3D('',#15046,#12230,#12231);
#10988=AXIS2_PLACEMENT_3D('',#15050,#12234,#12235);
#10989=AXIS2_PLACEMENT_3D('',#15052,#12237,#12238);
#10990=AXIS2_PLACEMENT_3D('',#15058,#12242,#12243);
#10991=AXIS2_PLACEMENT_3D('',#15062,#12246,#12247);
#10992=AXIS2_PLACEMENT_3D('',#15066,#12250,#12251);
#10993=AXIS2_PLACEMENT_3D('',#15068,#12253,#12254);
#10994=AXIS2_PLACEMENT_3D('',#15074,#12258,#12259);
#10995=AXIS2_PLACEMENT_3D('',#15078,#12262,#12263);
#10996=AXIS2_PLACEMENT_3D('',#15082,#12266,#12267);
#10997=AXIS2_PLACEMENT_3D('',#15086,#12270,#12271);
#10998=AXIS2_PLACEMENT_3D('',#15090,#12274,#12275);
#10999=AXIS2_PLACEMENT_3D('',#15094,#12278,#12279);
#11000=AXIS2_PLACEMENT_3D('',#15098,#12282,#12283);
#11001=AXIS2_PLACEMENT_3D('',#15102,#12286,#12287);
#11002=AXIS2_PLACEMENT_3D('',#15106,#12290,#12291);
#11003=AXIS2_PLACEMENT_3D('',#15110,#12294,#12295);
#11004=AXIS2_PLACEMENT_3D('',#15114,#12298,#12299);
#11005=AXIS2_PLACEMENT_3D('',#15116,#12301,#12302);
#11006=AXIS2_PLACEMENT_3D('',#15120,#12305,#12306);
#11007=AXIS2_PLACEMENT_3D('',#15124,#12309,#12310);
#11008=AXIS2_PLACEMENT_3D('',#15128,#12313,#12314);
#11009=AXIS2_PLACEMENT_3D('',#15130,#12316,#12317);
#11010=AXIS2_PLACEMENT_3D('',#15132,#12319,#12320);
#11011=AXIS2_PLACEMENT_3D('',#15134,#12322,#12323);
#11012=AXIS2_PLACEMENT_3D('',#15135,#12324,#12325);
#11013=AXIS2_PLACEMENT_3D('',#15138,#12326,#12327);
#11014=AXIS2_PLACEMENT_3D('',#15142,#12329,#12330);
#11015=AXIS2_PLACEMENT_3D('',#15144,#12332,#12333);
#11016=AXIS2_PLACEMENT_3D('',#15145,#12334,#12335);
#11017=AXIS2_PLACEMENT_3D('',#15146,#12336,#12337);
#11018=AXIS2_PLACEMENT_3D('',#15147,#12338,#12339);
#11019=AXIS2_PLACEMENT_3D('',#15148,#12340,#12341);
#11020=AXIS2_PLACEMENT_3D('',#15149,#12342,#12343);
#11021=AXIS2_PLACEMENT_3D('',#15152,#12344,#12345);
#11022=AXIS2_PLACEMENT_3D('',#15156,#12347,#12348);
#11023=AXIS2_PLACEMENT_3D('',#15158,#12350,#12351);
#11024=AXIS2_PLACEMENT_3D('',#15159,#12352,#12353);
#11025=AXIS2_PLACEMENT_3D('',#15160,#12354,#12355);
#11026=AXIS2_PLACEMENT_3D('',#15161,#12356,#12357);
#11027=AXIS2_PLACEMENT_3D('',#15162,#12358,#12359);
#11028=AXIS2_PLACEMENT_3D('',#15163,#12360,#12361);
#11029=AXIS2_PLACEMENT_3D('',#15166,#12362,#12363);
#11030=AXIS2_PLACEMENT_3D('',#15170,#12365,#12366);
#11031=AXIS2_PLACEMENT_3D('',#15172,#12368,#12369);
#11032=AXIS2_PLACEMENT_3D('',#15173,#12370,#12371);
#11033=AXIS2_PLACEMENT_3D('',#15174,#12372,#12373);
#11034=AXIS2_PLACEMENT_3D('',#15175,#12374,#12375);
#11035=AXIS2_PLACEMENT_3D('',#15177,#12376,#12377);
#11036=AXIS2_PLACEMENT_3D('',#15180,#12379,#12380);
#11037=AXIS2_PLACEMENT_3D('',#15181,#12381,#12382);
#11038=AXIS2_PLACEMENT_3D('',#15182,#12383,#12384);
#11039=AXIS2_PLACEMENT_3D('',#15183,#12385,#12386);
#11040=AXIS2_PLACEMENT_3D('',#15186,#12387,#12388);
#11041=AXIS2_PLACEMENT_3D('',#15190,#12390,#12391);
#11042=AXIS2_PLACEMENT_3D('',#15192,#12393,#12394);
#11043=AXIS2_PLACEMENT_3D('',#15193,#12395,#12396);
#11044=AXIS2_PLACEMENT_3D('',#15194,#12397,#12398);
#11045=AXIS2_PLACEMENT_3D('',#15195,#12399,#12400);
#11046=AXIS2_PLACEMENT_3D('',#15197,#12401,#12402);
#11047=AXIS2_PLACEMENT_3D('',#15200,#12404,#12405);
#11048=AXIS2_PLACEMENT_3D('',#15201,#12406,#12407);
#11049=AXIS2_PLACEMENT_3D('',#15202,#12408,#12409);
#11050=AXIS2_PLACEMENT_3D('',#15203,#12410,#12411);
#11051=AXIS2_PLACEMENT_3D('',#15206,#12412,#12413);
#11052=AXIS2_PLACEMENT_3D('',#15210,#12415,#12416);
#11053=AXIS2_PLACEMENT_3D('',#15212,#12418,#12419);
#11054=AXIS2_PLACEMENT_3D('',#15213,#12420,#12421);
#11055=AXIS2_PLACEMENT_3D('',#15214,#12422,#12423);
#11056=AXIS2_PLACEMENT_3D('',#15215,#12424,#12425);
#11057=AXIS2_PLACEMENT_3D('',#15217,#12426,#12427);
#11058=AXIS2_PLACEMENT_3D('',#15220,#12429,#12430);
#11059=AXIS2_PLACEMENT_3D('',#15221,#12431,#12432);
#11060=AXIS2_PLACEMENT_3D('',#15222,#12433,#12434);
#11061=AXIS2_PLACEMENT_3D('',#15223,#12435,#12436);
#11062=AXIS2_PLACEMENT_3D('',#15226,#12437,#12438);
#11063=AXIS2_PLACEMENT_3D('',#15230,#12440,#12441);
#11064=AXIS2_PLACEMENT_3D('',#15232,#12443,#12444);
#11065=AXIS2_PLACEMENT_3D('',#15233,#12445,#12446);
#11066=AXIS2_PLACEMENT_3D('',#15234,#12447,#12448);
#11067=AXIS2_PLACEMENT_3D('',#15235,#12449,#12450);
#11068=AXIS2_PLACEMENT_3D('',#15237,#12451,#12452);
#11069=AXIS2_PLACEMENT_3D('',#15240,#12454,#12455);
#11070=AXIS2_PLACEMENT_3D('',#15241,#12456,#12457);
#11071=AXIS2_PLACEMENT_3D('',#15242,#12458,#12459);
#11072=AXIS2_PLACEMENT_3D('',#15243,#12460,#12461);
#11073=AXIS2_PLACEMENT_3D('',#15252,#12466,#12467);
#11074=AXIS2_PLACEMENT_3D('',#15258,#12471,#12472);
#11075=AXIS2_PLACEMENT_3D('',#15264,#12476,#12477);
#11076=AXIS2_PLACEMENT_3D('',#15270,#12481,#12482);
#11077=AXIS2_PLACEMENT_3D('',#15276,#12486,#12487);
#11078=AXIS2_PLACEMENT_3D('',#15282,#12491,#12492);
#11079=AXIS2_PLACEMENT_3D('',#15288,#12496,#12497);
#11080=AXIS2_PLACEMENT_3D('',#15294,#12501,#12502);
#11081=AXIS2_PLACEMENT_3D('',#15300,#12506,#12507);
#11082=AXIS2_PLACEMENT_3D('',#15306,#12511,#12512);
#11083=AXIS2_PLACEMENT_3D('',#15312,#12516,#12517);
#11084=AXIS2_PLACEMENT_3D('',#15318,#12521,#12522);
#11085=AXIS2_PLACEMENT_3D('',#15324,#12526,#12527);
#11086=AXIS2_PLACEMENT_3D('',#15330,#12531,#12532);
#11087=AXIS2_PLACEMENT_3D('',#15336,#12536,#12537);
#11088=AXIS2_PLACEMENT_3D('',#15342,#12541,#12542);
#11089=AXIS2_PLACEMENT_3D('',#15348,#12546,#12547);
#11090=AXIS2_PLACEMENT_3D('',#15354,#12551,#12552);
#11091=AXIS2_PLACEMENT_3D('',#15360,#12556,#12557);
#11092=AXIS2_PLACEMENT_3D('',#15366,#12561,#12562);
#11093=AXIS2_PLACEMENT_3D('',#15372,#12566,#12567);
#11094=AXIS2_PLACEMENT_3D('',#15378,#12571,#12572);
#11095=AXIS2_PLACEMENT_3D('',#15381,#12575,#12576);
#11096=AXIS2_PLACEMENT_3D('',#15390,#12581,#12582);
#11097=AXIS2_PLACEMENT_3D('',#15396,#12586,#12587);
#11098=AXIS2_PLACEMENT_3D('',#15402,#12591,#12592);
#11099=AXIS2_PLACEMENT_3D('',#15408,#12596,#12597);
#11100=AXIS2_PLACEMENT_3D('',#15414,#12601,#12602);
#11101=AXIS2_PLACEMENT_3D('',#15420,#12606,#12607);
#11102=AXIS2_PLACEMENT_3D('',#15426,#12611,#12612);
#11103=AXIS2_PLACEMENT_3D('',#15432,#12616,#12617);
#11104=AXIS2_PLACEMENT_3D('',#15438,#12621,#12622);
#11105=AXIS2_PLACEMENT_3D('',#15444,#12626,#12627);
#11106=AXIS2_PLACEMENT_3D('',#15450,#12631,#12632);
#11107=AXIS2_PLACEMENT_3D('',#15456,#12636,#12637);
#11108=AXIS2_PLACEMENT_3D('',#15462,#12641,#12642);
#11109=AXIS2_PLACEMENT_3D('',#15468,#12646,#12647);
#11110=AXIS2_PLACEMENT_3D('',#15474,#12651,#12652);
#11111=AXIS2_PLACEMENT_3D('',#15480,#12656,#12657);
#11112=AXIS2_PLACEMENT_3D('',#15486,#12661,#12662);
#11113=AXIS2_PLACEMENT_3D('',#15492,#12666,#12667);
#11114=AXIS2_PLACEMENT_3D('',#15498,#12671,#12672);
#11115=AXIS2_PLACEMENT_3D('',#15504,#12676,#12677);
#11116=AXIS2_PLACEMENT_3D('',#15510,#12681,#12682);
#11117=AXIS2_PLACEMENT_3D('',#15513,#12685,#12686);
#11118=AXIS2_PLACEMENT_3D('',#15514,#12687,#12688);
#11119=AXIS2_PLACEMENT_3D('',#15515,#12689,#12690);
#11120=AXIS2_PLACEMENT_3D('',#15517,#12691,#12692);
#11121=AXIS2_PLACEMENT_3D('',#15520,#12694,#12695);
#11122=AXIS2_PLACEMENT_3D('',#15521,#12696,#12697);
#11123=AXIS2_PLACEMENT_3D('',#15523,#12698,#12699);
#11124=AXIS2_PLACEMENT_3D('',#15526,#12701,#12702);
#11125=AXIS2_PLACEMENT_3D('',#15527,#12703,#12704);
#11126=AXIS2_PLACEMENT_3D('',#15529,#12705,#12706);
#11127=AXIS2_PLACEMENT_3D('',#15532,#12708,#12709);
#11128=AXIS2_PLACEMENT_3D('',#15533,#12710,#12711);
#11129=AXIS2_PLACEMENT_3D('',#15535,#12712,#12713);
#11130=AXIS2_PLACEMENT_3D('',#15538,#12715,#12716);
#11131=AXIS2_PLACEMENT_3D('',#15539,#12717,#12718);
#11132=AXIS2_PLACEMENT_3D('',#15548,#12723,#12724);
#11133=AXIS2_PLACEMENT_3D('',#15554,#12728,#12729);
#11134=AXIS2_PLACEMENT_3D('',#15560,#12733,#12734);
#11135=AXIS2_PLACEMENT_3D('',#15566,#12738,#12739);
#11136=AXIS2_PLACEMENT_3D('',#15572,#12743,#12744);
#11137=AXIS2_PLACEMENT_3D('',#15578,#12748,#12749);
#11138=AXIS2_PLACEMENT_3D('',#15584,#12753,#12754);
#11139=AXIS2_PLACEMENT_3D('',#15590,#12758,#12759);
#11140=AXIS2_PLACEMENT_3D('',#15596,#12763,#12764);
#11141=AXIS2_PLACEMENT_3D('',#15602,#12768,#12769);
#11142=AXIS2_PLACEMENT_3D('',#15608,#12773,#12774);
#11143=AXIS2_PLACEMENT_3D('',#15614,#12778,#12779);
#11144=AXIS2_PLACEMENT_3D('',#15620,#12783,#12784);
#11145=AXIS2_PLACEMENT_3D('',#15626,#12788,#12789);
#11146=AXIS2_PLACEMENT_3D('',#15632,#12793,#12794);
#11147=AXIS2_PLACEMENT_3D('',#15638,#12798,#12799);
#11148=AXIS2_PLACEMENT_3D('',#15644,#12803,#12804);
#11149=AXIS2_PLACEMENT_3D('',#15650,#12808,#12809);
#11150=AXIS2_PLACEMENT_3D('',#15656,#12813,#12814);
#11151=AXIS2_PLACEMENT_3D('',#15662,#12818,#12819);
#11152=AXIS2_PLACEMENT_3D('',#15668,#12823,#12824);
#11153=AXIS2_PLACEMENT_3D('',#15671,#12827,#12828);
#11154=AXIS2_PLACEMENT_3D('',#15672,#12829,#12830);
#11155=AXIS2_PLACEMENT_3D('',#15673,#12831,#12832);
#11156=AXIS2_PLACEMENT_3D('',#15682,#12837,#12838);
#11157=AXIS2_PLACEMENT_3D('',#15688,#12842,#12843);
#11158=AXIS2_PLACEMENT_3D('',#15694,#12847,#12848);
#11159=AXIS2_PLACEMENT_3D('',#15758,#12880,#12881);
#11160=AXIS2_PLACEMENT_3D('',#15759,#12882,#12883);
#11161=AXIS2_PLACEMENT_3D('',#15770,#12888,#12889);
#11162=AXIS2_PLACEMENT_3D('',#15771,#12890,#12891);
#11163=AXIS2_PLACEMENT_3D('',#15821,#12916,#12917);
#11164=AXIS2_PLACEMENT_3D('',#15839,#12926,#12927);
#11165=AXIS2_PLACEMENT_3D('',#15925,#12972,#12973);
#11166=AXIS2_PLACEMENT_3D('',#15951,#12986,#12987);
#11167=AXIS2_PLACEMENT_3D('',#15976,#13000,#13001);
#11168=AXIS2_PLACEMENT_3D('',#15980,#13004,#13005);
#11169=AXIS2_PLACEMENT_3D('',#15986,#13009,#13010);
#11170=AXIS2_PLACEMENT_3D('',#15990,#13013,#13014);
#11171=AXIS2_PLACEMENT_3D('',#15996,#13018,#13019);
#11172=AXIS2_PLACEMENT_3D('',#16000,#13022,#13023);
#11173=AXIS2_PLACEMENT_3D('',#16004,#13026,#13027);
#11174=AXIS2_PLACEMENT_3D('',#16008,#13030,#13031);
#11175=AXIS2_PLACEMENT_3D('',#16010,#13033,#13034);
#11176=AXIS2_PLACEMENT_3D('',#16016,#13038,#13039);
#11177=AXIS2_PLACEMENT_3D('',#16020,#13042,#13043);
#11178=AXIS2_PLACEMENT_3D('',#16024,#13046,#13047);
#11179=AXIS2_PLACEMENT_3D('',#16028,#13050,#13051);
#11180=AXIS2_PLACEMENT_3D('',#16032,#13054,#13055);
#11181=AXIS2_PLACEMENT_3D('',#16036,#13058,#13059);
#11182=AXIS2_PLACEMENT_3D('',#16040,#13062,#13063);
#11183=AXIS2_PLACEMENT_3D('',#16044,#13066,#13067);
#11184=AXIS2_PLACEMENT_3D('',#16048,#13070,#13071);
#11185=AXIS2_PLACEMENT_3D('',#16052,#13074,#13075);
#11186=AXIS2_PLACEMENT_3D('',#16056,#13078,#13079);
#11187=AXIS2_PLACEMENT_3D('',#16060,#13082,#13083);
#11188=AXIS2_PLACEMENT_3D('',#16064,#13086,#13087);
#11189=AXIS2_PLACEMENT_3D('',#16066,#13089,#13090);
#11190=AXIS2_PLACEMENT_3D('',#16072,#13094,#13095);
#11191=AXIS2_PLACEMENT_3D('',#16078,#13099,#13100);
#11192=AXIS2_PLACEMENT_3D('',#16082,#13103,#13104);
#11193=AXIS2_PLACEMENT_3D('',#16086,#13107,#13108);
#11194=AXIS2_PLACEMENT_3D('',#16088,#13110,#13111);
#11195=AXIS2_PLACEMENT_3D('',#16094,#13115,#13116);
#11196=AXIS2_PLACEMENT_3D('',#16098,#13119,#13120);
#11197=AXIS2_PLACEMENT_3D('',#16102,#13123,#13124);
#11198=AXIS2_PLACEMENT_3D('',#16104,#13126,#13127);
#11199=AXIS2_PLACEMENT_3D('',#16110,#13131,#13132);
#11200=AXIS2_PLACEMENT_3D('',#16114,#13135,#13136);
#11201=AXIS2_PLACEMENT_3D('',#16118,#13139,#13140);
#11202=AXIS2_PLACEMENT_3D('',#16120,#13142,#13143);
#11203=AXIS2_PLACEMENT_3D('',#16123,#13144,#13145);
#11204=AXIS2_PLACEMENT_3D('',#16126,#13148,#13149);
#11205=AXIS2_PLACEMENT_3D('',#16127,#13150,#13151);
#11206=AXIS2_PLACEMENT_3D('',#16128,#13152,#13153);
#11207=AXIS2_PLACEMENT_3D('',#16134,#13157,#13158);
#11208=AXIS2_PLACEMENT_3D('',#16138,#13161,#13162);
#11209=AXIS2_PLACEMENT_3D('',#16142,#13165,#13166);
#11210=AXIS2_PLACEMENT_3D('',#16144,#13168,#13169);
#11211=AXIS2_PLACEMENT_3D('',#16147,#13170,#13171);
#11212=AXIS2_PLACEMENT_3D('',#16150,#13174,#13175);
#11213=AXIS2_PLACEMENT_3D('',#16151,#13176,#13177);
#11214=AXIS2_PLACEMENT_3D('',#16152,#13178,#13179);
#11215=AXIS2_PLACEMENT_3D('',#16158,#13183,#13184);
#11216=AXIS2_PLACEMENT_3D('',#16162,#13187,#13188);
#11217=AXIS2_PLACEMENT_3D('',#16166,#13191,#13192);
#11218=AXIS2_PLACEMENT_3D('',#16168,#13194,#13195);
#11219=AXIS2_PLACEMENT_3D('',#16174,#13199,#13200);
#11220=AXIS2_PLACEMENT_3D('',#16178,#13203,#13204);
#11221=AXIS2_PLACEMENT_3D('',#16182,#13207,#13208);
#11222=AXIS2_PLACEMENT_3D('',#16184,#13210,#13211);
#11223=AXIS2_PLACEMENT_3D('',#16190,#13215,#13216);
#11224=AXIS2_PLACEMENT_3D('',#16194,#13219,#13220);
#11225=AXIS2_PLACEMENT_3D('',#16198,#13223,#13224);
#11226=AXIS2_PLACEMENT_3D('',#16200,#13226,#13227);
#11227=AXIS2_PLACEMENT_3D('',#16206,#13231,#13232);
#11228=AXIS2_PLACEMENT_3D('',#16210,#13235,#13236);
#11229=AXIS2_PLACEMENT_3D('',#16214,#13239,#13240);
#11230=AXIS2_PLACEMENT_3D('',#16216,#13242,#13243);
#11231=AXIS2_PLACEMENT_3D('',#16222,#13247,#13248);
#11232=AXIS2_PLACEMENT_3D('',#16226,#13251,#13252);
#11233=AXIS2_PLACEMENT_3D('',#16230,#13255,#13256);
#11234=AXIS2_PLACEMENT_3D('',#16232,#13258,#13259);
#11235=AXIS2_PLACEMENT_3D('',#16238,#13263,#13264);
#11236=AXIS2_PLACEMENT_3D('',#16242,#13267,#13268);
#11237=AXIS2_PLACEMENT_3D('',#16246,#13271,#13272);
#11238=AXIS2_PLACEMENT_3D('',#16248,#13274,#13275);
#11239=AXIS2_PLACEMENT_3D('',#16251,#13277,#13278);
#11240=AXIS2_PLACEMENT_3D('',#16252,#13279,#13280);
#11241=AXIS2_PLACEMENT_3D('',#16258,#13284,#13285);
#11242=AXIS2_PLACEMENT_3D('',#16262,#13288,#13289);
#11243=AXIS2_PLACEMENT_3D('',#16266,#13292,#13293);
#11244=AXIS2_PLACEMENT_3D('',#16268,#13295,#13296);
#11245=AXIS2_PLACEMENT_3D('',#16274,#13300,#13301);
#11246=AXIS2_PLACEMENT_3D('',#16278,#13304,#13305);
#11247=AXIS2_PLACEMENT_3D('',#16282,#13308,#13309);
#11248=AXIS2_PLACEMENT_3D('',#16284,#13311,#13312);
#11249=AXIS2_PLACEMENT_3D('',#16287,#13314,#13315);
#11250=AXIS2_PLACEMENT_3D('',#16288,#13316,#13317);
#11251=AXIS2_PLACEMENT_3D('',#16294,#13321,#13322);
#11252=AXIS2_PLACEMENT_3D('',#16298,#13325,#13326);
#11253=AXIS2_PLACEMENT_3D('',#16302,#13329,#13330);
#11254=AXIS2_PLACEMENT_3D('',#16304,#13332,#13333);
#11255=AXIS2_PLACEMENT_3D('',#16310,#13337,#13338);
#11256=AXIS2_PLACEMENT_3D('',#16314,#13341,#13342);
#11257=AXIS2_PLACEMENT_3D('',#16318,#13345,#13346);
#11258=AXIS2_PLACEMENT_3D('',#16320,#13348,#13349);
#11259=AXIS2_PLACEMENT_3D('',#16326,#13353,#13354);
#11260=AXIS2_PLACEMENT_3D('',#16330,#13357,#13358);
#11261=AXIS2_PLACEMENT_3D('',#16334,#13361,#13362);
#11262=AXIS2_PLACEMENT_3D('',#16336,#13364,#13365);
#11263=AXIS2_PLACEMENT_3D('',#16342,#13369,#13370);
#11264=AXIS2_PLACEMENT_3D('',#16346,#13373,#13374);
#11265=AXIS2_PLACEMENT_3D('',#16350,#13377,#13378);
#11266=AXIS2_PLACEMENT_3D('',#16354,#13381,#13382);
#11267=AXIS2_PLACEMENT_3D('',#16358,#13385,#13386);
#11268=AXIS2_PLACEMENT_3D('',#16362,#13389,#13390);
#11269=AXIS2_PLACEMENT_3D('',#16366,#13393,#13394);
#11270=AXIS2_PLACEMENT_3D('',#16369,#13397,#13398);
#11271=AXIS2_PLACEMENT_3D('',#16373,#13401,#13402);
#11272=AXIS2_PLACEMENT_3D('',#16377,#13405,#13406);
#11273=AXIS2_PLACEMENT_3D('',#16381,#13409,#13410);
#11274=AXIS2_PLACEMENT_3D('',#16385,#13413,#13414);
#11275=AXIS2_PLACEMENT_3D('',#16389,#13417,#13418);
#11276=AXIS2_PLACEMENT_3D('',#16393,#13421,#13422);
#11277=AXIS2_PLACEMENT_3D('',#16397,#13425,#13426);
#11278=AXIS2_PLACEMENT_3D('',#16401,#13429,#13430);
#11279=AXIS2_PLACEMENT_3D('',#16405,#13433,#13434);
#11280=AXIS2_PLACEMENT_3D('',#16409,#13437,#13438);
#11281=AXIS2_PLACEMENT_3D('',#16413,#13441,#13442);
#11282=AXIS2_PLACEMENT_3D('',#16417,#13445,#13446);
#11283=AXIS2_PLACEMENT_3D('',#16421,#13449,#13450);
#11284=AXIS2_PLACEMENT_3D('',#16425,#13453,#13454);
#11285=AXIS2_PLACEMENT_3D('',#16429,#13457,#13458);
#11286=AXIS2_PLACEMENT_3D('',#16432,#13461,#13462);
#11287=AXIS2_PLACEMENT_3D('',#16436,#13465,#13466);
#11288=AXIS2_PLACEMENT_3D('',#16440,#13469,#13470);
#11289=AXIS2_PLACEMENT_3D('',#16443,#13473,#13474);
#11290=AXIS2_PLACEMENT_3D('',#16447,#13477,#13478);
#11291=AXIS2_PLACEMENT_3D('',#16450,#13481,#13482);
#11292=AXIS2_PLACEMENT_3D('',#16454,#13485,#13486);
#11293=AXIS2_PLACEMENT_3D('',#16458,#13489,#13490);
#11294=AXIS2_PLACEMENT_3D('',#16460,#13492,#13493);
#11295=AXIS2_PLACEMENT_3D('',#16463,#13495,#13496);
#11296=AXIS2_PLACEMENT_3D('',#16464,#13497,#13498);
#11297=AXIS2_PLACEMENT_3D('',#16470,#13502,#13503);
#11298=AXIS2_PLACEMENT_3D('',#16474,#13506,#13507);
#11299=AXIS2_PLACEMENT_3D('',#16478,#13510,#13511);
#11300=AXIS2_PLACEMENT_3D('',#16480,#13513,#13514);
#11301=AXIS2_PLACEMENT_3D('',#16486,#13518,#13519);
#11302=AXIS2_PLACEMENT_3D('',#16490,#13522,#13523);
#11303=AXIS2_PLACEMENT_3D('',#16494,#13526,#13527);
#11304=AXIS2_PLACEMENT_3D('',#16496,#13529,#13530);
#11305=AXIS2_PLACEMENT_3D('',#16502,#13534,#13535);
#11306=AXIS2_PLACEMENT_3D('',#16506,#13538,#13539);
#11307=AXIS2_PLACEMENT_3D('',#16510,#13542,#13543);
#11308=AXIS2_PLACEMENT_3D('',#16512,#13545,#13546);
#11309=AXIS2_PLACEMENT_3D('',#16515,#13548,#13549);
#11310=AXIS2_PLACEMENT_3D('',#16516,#13550,#13551);
#11311=AXIS2_PLACEMENT_3D('',#16522,#13555,#13556);
#11312=AXIS2_PLACEMENT_3D('',#16526,#13559,#13560);
#11313=AXIS2_PLACEMENT_3D('',#16530,#13563,#13564);
#11314=AXIS2_PLACEMENT_3D('',#16532,#13566,#13567);
#11315=AXIS2_PLACEMENT_3D('',#16538,#13571,#13572);
#11316=AXIS2_PLACEMENT_3D('',#16542,#13575,#13576);
#11317=AXIS2_PLACEMENT_3D('',#16546,#13579,#13580);
#11318=AXIS2_PLACEMENT_3D('',#16548,#13582,#13583);
#11319=AXIS2_PLACEMENT_3D('',#16554,#13587,#13588);
#11320=AXIS2_PLACEMENT_3D('',#16558,#13591,#13592);
#11321=AXIS2_PLACEMENT_3D('',#16562,#13595,#13596);
#11322=AXIS2_PLACEMENT_3D('',#16564,#13598,#13599);
#11323=AXIS2_PLACEMENT_3D('',#16570,#13603,#13604);
#11324=AXIS2_PLACEMENT_3D('',#16574,#13607,#13608);
#11325=AXIS2_PLACEMENT_3D('',#16578,#13611,#13612);
#11326=AXIS2_PLACEMENT_3D('',#16582,#13615,#13616);
#11327=AXIS2_PLACEMENT_3D('',#16586,#13619,#13620);
#11328=AXIS2_PLACEMENT_3D('',#16590,#13623,#13624);
#11329=AXIS2_PLACEMENT_3D('',#16594,#13627,#13628);
#11330=AXIS2_PLACEMENT_3D('',#16598,#13631,#13632);
#11331=AXIS2_PLACEMENT_3D('',#16602,#13635,#13636);
#11332=AXIS2_PLACEMENT_3D('',#16606,#13639,#13640);
#11333=AXIS2_PLACEMENT_3D('',#16610,#13643,#13644);
#11334=AXIS2_PLACEMENT_3D('',#16612,#13646,#13647);
#11335=AXIS2_PLACEMENT_3D('',#16616,#13650,#13651);
#11336=AXIS2_PLACEMENT_3D('',#16620,#13654,#13655);
#11337=AXIS2_PLACEMENT_3D('',#16624,#13658,#13659);
#11338=AXIS2_PLACEMENT_3D('',#16626,#13661,#13662);
#11339=AXIS2_PLACEMENT_3D('',#16628,#13664,#13665);
#11340=AXIS2_PLACEMENT_3D('',#16630,#13667,#13668);
#11341=AXIS2_PLACEMENT_3D('',#16631,#13669,#13670);
#11342=AXIS2_PLACEMENT_3D('',#16634,#13671,#13672);
#11343=AXIS2_PLACEMENT_3D('',#16638,#13674,#13675);
#11344=AXIS2_PLACEMENT_3D('',#16640,#13677,#13678);
#11345=AXIS2_PLACEMENT_3D('',#16641,#13679,#13680);
#11346=AXIS2_PLACEMENT_3D('',#16642,#13681,#13682);
#11347=AXIS2_PLACEMENT_3D('',#16643,#13683,#13684);
#11348=AXIS2_PLACEMENT_3D('',#16644,#13685,#13686);
#11349=AXIS2_PLACEMENT_3D('',#16645,#13687,#13688);
#11350=AXIS2_PLACEMENT_3D('',#16648,#13689,#13690);
#11351=AXIS2_PLACEMENT_3D('',#16652,#13692,#13693);
#11352=AXIS2_PLACEMENT_3D('',#16654,#13695,#13696);
#11353=AXIS2_PLACEMENT_3D('',#16655,#13697,#13698);
#11354=AXIS2_PLACEMENT_3D('',#16656,#13699,#13700);
#11355=AXIS2_PLACEMENT_3D('',#16657,#13701,#13702);
#11356=AXIS2_PLACEMENT_3D('',#16658,#13703,#13704);
#11357=AXIS2_PLACEMENT_3D('',#16659,#13705,#13706);
#11358=AXIS2_PLACEMENT_3D('',#16662,#13707,#13708);
#11359=AXIS2_PLACEMENT_3D('',#16666,#13710,#13711);
#11360=AXIS2_PLACEMENT_3D('',#16668,#13713,#13714);
#11361=AXIS2_PLACEMENT_3D('',#16669,#13715,#13716);
#11362=AXIS2_PLACEMENT_3D('',#16670,#13717,#13718);
#11363=AXIS2_PLACEMENT_3D('',#16671,#13719,#13720);
#11364=AXIS2_PLACEMENT_3D('',#16673,#13721,#13722);
#11365=AXIS2_PLACEMENT_3D('',#16676,#13724,#13725);
#11366=AXIS2_PLACEMENT_3D('',#16677,#13726,#13727);
#11367=AXIS2_PLACEMENT_3D('',#16678,#13728,#13729);
#11368=AXIS2_PLACEMENT_3D('',#16679,#13730,#13731);
#11369=AXIS2_PLACEMENT_3D('',#16682,#13732,#13733);
#11370=AXIS2_PLACEMENT_3D('',#16686,#13735,#13736);
#11371=AXIS2_PLACEMENT_3D('',#16688,#13738,#13739);
#11372=AXIS2_PLACEMENT_3D('',#16689,#13740,#13741);
#11373=AXIS2_PLACEMENT_3D('',#16690,#13742,#13743);
#11374=AXIS2_PLACEMENT_3D('',#16691,#13744,#13745);
#11375=AXIS2_PLACEMENT_3D('',#16693,#13746,#13747);
#11376=AXIS2_PLACEMENT_3D('',#16696,#13749,#13750);
#11377=AXIS2_PLACEMENT_3D('',#16697,#13751,#13752);
#11378=AXIS2_PLACEMENT_3D('',#16698,#13753,#13754);
#11379=AXIS2_PLACEMENT_3D('',#16699,#13755,#13756);
#11380=AXIS2_PLACEMENT_3D('',#16702,#13757,#13758);
#11381=AXIS2_PLACEMENT_3D('',#16706,#13760,#13761);
#11382=AXIS2_PLACEMENT_3D('',#16708,#13763,#13764);
#11383=AXIS2_PLACEMENT_3D('',#16709,#13765,#13766);
#11384=AXIS2_PLACEMENT_3D('',#16710,#13767,#13768);
#11385=AXIS2_PLACEMENT_3D('',#16711,#13769,#13770);
#11386=AXIS2_PLACEMENT_3D('',#16713,#13771,#13772);
#11387=AXIS2_PLACEMENT_3D('',#16716,#13774,#13775);
#11388=AXIS2_PLACEMENT_3D('',#16717,#13776,#13777);
#11389=AXIS2_PLACEMENT_3D('',#16718,#13778,#13779);
#11390=AXIS2_PLACEMENT_3D('',#16719,#13780,#13781);
#11391=AXIS2_PLACEMENT_3D('',#16722,#13782,#13783);
#11392=AXIS2_PLACEMENT_3D('',#16726,#13785,#13786);
#11393=AXIS2_PLACEMENT_3D('',#16728,#13788,#13789);
#11394=AXIS2_PLACEMENT_3D('',#16729,#13790,#13791);
#11395=AXIS2_PLACEMENT_3D('',#16730,#13792,#13793);
#11396=AXIS2_PLACEMENT_3D('',#16731,#13794,#13795);
#11397=AXIS2_PLACEMENT_3D('',#16733,#13796,#13797);
#11398=AXIS2_PLACEMENT_3D('',#16736,#13799,#13800);
#11399=AXIS2_PLACEMENT_3D('',#16737,#13801,#13802);
#11400=AXIS2_PLACEMENT_3D('',#16738,#13803,#13804);
#11401=AXIS2_PLACEMENT_3D('',#16739,#13805,#13806);
#11402=AXIS2_PLACEMENT_3D('',#16748,#13811,#13812);
#11403=AXIS2_PLACEMENT_3D('',#16754,#13816,#13817);
#11404=AXIS2_PLACEMENT_3D('',#16760,#13821,#13822);
#11405=AXIS2_PLACEMENT_3D('',#16766,#13826,#13827);
#11406=AXIS2_PLACEMENT_3D('',#16772,#13831,#13832);
#11407=AXIS2_PLACEMENT_3D('',#16778,#13836,#13837);
#11408=AXIS2_PLACEMENT_3D('',#16784,#13841,#13842);
#11409=AXIS2_PLACEMENT_3D('',#16790,#13846,#13847);
#11410=AXIS2_PLACEMENT_3D('',#16796,#13851,#13852);
#11411=AXIS2_PLACEMENT_3D('',#16802,#13856,#13857);
#11412=AXIS2_PLACEMENT_3D('',#16808,#13861,#13862);
#11413=AXIS2_PLACEMENT_3D('',#16814,#13866,#13867);
#11414=AXIS2_PLACEMENT_3D('',#16820,#13871,#13872);
#11415=AXIS2_PLACEMENT_3D('',#16826,#13876,#13877);
#11416=AXIS2_PLACEMENT_3D('',#16832,#13881,#13882);
#11417=AXIS2_PLACEMENT_3D('',#16838,#13886,#13887);
#11418=AXIS2_PLACEMENT_3D('',#16844,#13891,#13892);
#11419=AXIS2_PLACEMENT_3D('',#16850,#13896,#13897);
#11420=AXIS2_PLACEMENT_3D('',#16856,#13901,#13902);
#11421=AXIS2_PLACEMENT_3D('',#16862,#13906,#13907);
#11422=AXIS2_PLACEMENT_3D('',#16868,#13911,#13912);
#11423=AXIS2_PLACEMENT_3D('',#16874,#13916,#13917);
#11424=AXIS2_PLACEMENT_3D('',#16877,#13920,#13921);
#11425=AXIS2_PLACEMENT_3D('',#16886,#13926,#13927);
#11426=AXIS2_PLACEMENT_3D('',#16892,#13931,#13932);
#11427=AXIS2_PLACEMENT_3D('',#16898,#13936,#13937);
#11428=AXIS2_PLACEMENT_3D('',#16904,#13941,#13942);
#11429=AXIS2_PLACEMENT_3D('',#16910,#13946,#13947);
#11430=AXIS2_PLACEMENT_3D('',#16916,#13951,#13952);
#11431=AXIS2_PLACEMENT_3D('',#16922,#13956,#13957);
#11432=AXIS2_PLACEMENT_3D('',#16928,#13961,#13962);
#11433=AXIS2_PLACEMENT_3D('',#16934,#13966,#13967);
#11434=AXIS2_PLACEMENT_3D('',#16940,#13971,#13972);
#11435=AXIS2_PLACEMENT_3D('',#16946,#13976,#13977);
#11436=AXIS2_PLACEMENT_3D('',#16952,#13981,#13982);
#11437=AXIS2_PLACEMENT_3D('',#16958,#13986,#13987);
#11438=AXIS2_PLACEMENT_3D('',#16964,#13991,#13992);
#11439=AXIS2_PLACEMENT_3D('',#16970,#13996,#13997);
#11440=AXIS2_PLACEMENT_3D('',#16976,#14001,#14002);
#11441=AXIS2_PLACEMENT_3D('',#16982,#14006,#14007);
#11442=AXIS2_PLACEMENT_3D('',#16988,#14011,#14012);
#11443=AXIS2_PLACEMENT_3D('',#16994,#14016,#14017);
#11444=AXIS2_PLACEMENT_3D('',#17000,#14021,#14022);
#11445=AXIS2_PLACEMENT_3D('',#17006,#14026,#14027);
#11446=AXIS2_PLACEMENT_3D('',#17009,#14030,#14031);
#11447=AXIS2_PLACEMENT_3D('',#17010,#14032,#14033);
#11448=AXIS2_PLACEMENT_3D('',#17011,#14034,#14035);
#11449=AXIS2_PLACEMENT_3D('',#17013,#14036,#14037);
#11450=AXIS2_PLACEMENT_3D('',#17016,#14039,#14040);
#11451=AXIS2_PLACEMENT_3D('',#17017,#14041,#14042);
#11452=AXIS2_PLACEMENT_3D('',#17019,#14043,#14044);
#11453=AXIS2_PLACEMENT_3D('',#17022,#14046,#14047);
#11454=AXIS2_PLACEMENT_3D('',#17023,#14048,#14049);
#11455=AXIS2_PLACEMENT_3D('',#17025,#14050,#14051);
#11456=AXIS2_PLACEMENT_3D('',#17028,#14053,#14054);
#11457=AXIS2_PLACEMENT_3D('',#17029,#14055,#14056);
#11458=AXIS2_PLACEMENT_3D('',#17031,#14057,#14058);
#11459=AXIS2_PLACEMENT_3D('',#17034,#14060,#14061);
#11460=AXIS2_PLACEMENT_3D('',#17035,#14062,#14063);
#11461=AXIS2_PLACEMENT_3D('',#17044,#14068,#14069);
#11462=AXIS2_PLACEMENT_3D('',#17050,#14073,#14074);
#11463=AXIS2_PLACEMENT_3D('',#17056,#14078,#14079);
#11464=AXIS2_PLACEMENT_3D('',#17062,#14083,#14084);
#11465=AXIS2_PLACEMENT_3D('',#17068,#14088,#14089);
#11466=AXIS2_PLACEMENT_3D('',#17074,#14093,#14094);
#11467=AXIS2_PLACEMENT_3D('',#17080,#14098,#14099);
#11468=AXIS2_PLACEMENT_3D('',#17086,#14103,#14104);
#11469=AXIS2_PLACEMENT_3D('',#17092,#14108,#14109);
#11470=AXIS2_PLACEMENT_3D('',#17098,#14113,#14114);
#11471=AXIS2_PLACEMENT_3D('',#17104,#14118,#14119);
#11472=AXIS2_PLACEMENT_3D('',#17110,#14123,#14124);
#11473=AXIS2_PLACEMENT_3D('',#17116,#14128,#14129);
#11474=AXIS2_PLACEMENT_3D('',#17122,#14133,#14134);
#11475=AXIS2_PLACEMENT_3D('',#17128,#14138,#14139);
#11476=AXIS2_PLACEMENT_3D('',#17134,#14143,#14144);
#11477=AXIS2_PLACEMENT_3D('',#17140,#14148,#14149);
#11478=AXIS2_PLACEMENT_3D('',#17146,#14153,#14154);
#11479=AXIS2_PLACEMENT_3D('',#17152,#14158,#14159);
#11480=AXIS2_PLACEMENT_3D('',#17158,#14163,#14164);
#11481=AXIS2_PLACEMENT_3D('',#17164,#14168,#14169);
#11482=AXIS2_PLACEMENT_3D('',#17167,#14172,#14173);
#11483=AXIS2_PLACEMENT_3D('',#17168,#14174,#14175);
#11484=DIRECTION('axis',(0.,0.,1.));
#11485=DIRECTION('refdir',(1.,0.,0.));
#11486=DIRECTION('center_axis',(0.707106781186551,0.,0.707106781186544));
#11487=DIRECTION('ref_axis',(0.707106781186544,0.,-0.707106781186551));
#11488=DIRECTION('',(-0.707106742515871,0.000330722207146005,0.707106742515878));
#11489=DIRECTION('',(0.,-1.,0.));
#11490=DIRECTION('',(0.577350269189624,-0.577350269189624,-0.57735026918963));
#11491=DIRECTION('',(0.,1.,0.));
#11492=DIRECTION('center_axis',(0.707106471821069,-0.000661444450459934,
0.707106781186547));
#11493=DIRECTION('ref_axis',(0.707106935869303,0.,-0.707106626503758));
#11494=DIRECTION('',(-0.707106742515803,0.000330722351841531,0.707106742515877));
#11495=DIRECTION('',(-0.000935423712596856,-0.999999562491143,0.));
#11496=DIRECTION('',(0.000935423712596856,0.999999562491143,0.));
#11497=DIRECTION('center_axis',(0.707106781186551,0.,0.707106781186544));
#11498=DIRECTION('ref_axis',(0.707106781186544,0.,-0.707106781186551));
#11499=DIRECTION('',(0.,1.,0.));
#11500=DIRECTION('',(-0.577530207412178,-0.57699022439976,0.577530207412184));
#11501=DIRECTION('',(0.,-1.,0.));
#11502=DIRECTION('center_axis',(0.,0.,1.));
#11503=DIRECTION('ref_axis',(-1.,0.,0.));
#11504=DIRECTION('',(0.999999562491143,-0.000935423712598695,0.));
#11505=DIRECTION('',(0.999999999803258,-1.98364257777034E-5,0.));
#11506=DIRECTION('',(1.,-1.02391165422356E-15,0.));
#11507=DIRECTION('',(0.54511790621038,-0.838359390911089,0.));
#11508=DIRECTION('',(1.,8.03629753667885E-16,0.));
#11509=DIRECTION('',(4.73087737840788E-15,-1.,0.));
#11510=DIRECTION('',(1.,0.,0.));
#11511=DIRECTION('',(0.,-1.,0.));
#11512=DIRECTION('',(1.,2.42747454380169E-16,0.));
#11513=DIRECTION('',(0.,1.,0.));
#11514=DIRECTION('',(1.,0.,0.));
#11515=DIRECTION('',(0.,1.,0.));
#11516=DIRECTION('',(1.,0.,0.));
#11517=DIRECTION('',(-7.64717599860695E-17,1.,0.));
#11518=DIRECTION('',(-1.,3.37079955005478E-15,0.));
#11519=DIRECTION('',(-1.0870091323191E-14,-1.,0.));
#11520=DIRECTION('',(-0.999998465222443,-0.00175201391502266,0.));
#11521=DIRECTION('',(0.,1.,0.));
#11522=DIRECTION('',(-1.,0.,0.));
#11523=DIRECTION('',(2.53777851557768E-15,-1.,0.));
#11524=DIRECTION('',(-1.,0.,0.));
#11525=DIRECTION('',(0.,1.,0.));
#11526=DIRECTION('',(1.,0.,0.));
#11527=DIRECTION('',(0.,-1.,0.));
#11528=DIRECTION('',(-1.,1.26888925778884E-15,0.));
#11529=DIRECTION('',(0.,1.,0.));
#11530=DIRECTION('',(1.,0.,0.));
#11531=DIRECTION('',(0.,-1.,0.));
#11532=DIRECTION('',(-1.,0.,0.));
#11533=DIRECTION('',(6.3444462889442E-16,1.,0.));
#11534=DIRECTION('',(1.,0.,0.));
#11535=DIRECTION('center_axis',(0.,0.,-1.));
#11536=DIRECTION('ref_axis',(-1.,0.,0.));
#11537=DIRECTION('center_axis',(0.,0.,-1.));
#11538=DIRECTION('ref_axis',(1.,0.,0.));
#11539=DIRECTION('',(0.,-1.,0.));
#11540=DIRECTION('',(-1.,-2.53777851557768E-15,0.));
#11541=DIRECTION('',(0.,1.,0.));
#11542=DIRECTION('',(1.,0.,0.));
#11543=DIRECTION('center_axis',(0.,0.,-1.));
#11544=DIRECTION('ref_axis',(-1.,0.,0.));
#11545=DIRECTION('center_axis',(0.,0.,-1.));
#11546=DIRECTION('ref_axis',(1.,0.,0.));
#11547=DIRECTION('',(0.,-1.,0.));
#11548=DIRECTION('',(-1.,0.,0.));
#11549=DIRECTION('',(0.,1.,0.));
#11550=DIRECTION('',(1.,0.,0.));
#11551=DIRECTION('',(6.34444974639493E-16,-1.,0.));
#11552=DIRECTION('',(-1.,0.,0.));
#11553=DIRECTION('',(-6.34444974639493E-16,1.,0.));
#11554=DIRECTION('',(1.,0.,0.));
#11555=DIRECTION('',(-1.26888925778884E-15,-1.,0.));
#11556=DIRECTION('',(-1.,1.26888925778884E-15,0.));
#11557=DIRECTION('',(1.26888925778884E-15,1.,0.));
#11558=DIRECTION('',(1.,0.,0.));
#11559=DIRECTION('',(0.,-1.,0.));
#11560=DIRECTION('',(-1.,1.26888925778884E-15,0.));
#11561=DIRECTION('',(0.,1.,0.));
#11562=DIRECTION('',(1.,0.,0.));
#11563=DIRECTION('',(0.,-1.,0.));
#11564=DIRECTION('',(-1.,6.34444628894421E-16,0.));
#11565=DIRECTION('',(0.,1.,0.));
#11566=DIRECTION('',(1.,0.,0.));
#11567=DIRECTION('',(0.,-1.,0.));
#11568=DIRECTION('',(-1.,0.,0.));
#11569=DIRECTION('',(0.,1.,0.));
#11570=DIRECTION('',(1.,0.,0.));
#11571=DIRECTION('center_axis',(0.,0.,-1.));
#11572=DIRECTION('ref_axis',(1.,0.,0.));
#11573=DIRECTION('',(-6.3444462889442E-16,-1.,0.));
#11574=DIRECTION('',(-1.,1.26888925778884E-15,0.));
#11575=DIRECTION('',(0.,1.,0.));
#11576=DIRECTION('',(1.,0.,0.));
#11577=DIRECTION('',(-6.3444462889442E-16,-1.,0.));
#11578=DIRECTION('',(-1.,0.,0.));
#11579=DIRECTION('',(0.,1.,0.));
#11580=DIRECTION('',(1.,0.,0.));
#11581=DIRECTION('center_axis',(0.,0.,-1.));
#11582=DIRECTION('ref_axis',(1.,0.,0.));
#11583=DIRECTION('',(0.,-1.,0.));
#11584=DIRECTION('',(-1.,0.,0.));
#11585=DIRECTION('',(0.,1.,0.));
#11586=DIRECTION('',(1.,0.,0.));
#11587=DIRECTION('',(0.,-1.,0.));
#11588=DIRECTION('',(-1.,0.,0.));
#11589=DIRECTION('',(0.,1.,0.));
#11590=DIRECTION('',(1.,0.,0.));
#11591=DIRECTION('',(0.,-1.,0.));
#11592=DIRECTION('',(-1.,0.,0.));
#11593=DIRECTION('',(0.,1.,0.));
#11594=DIRECTION('',(1.,0.,0.));
#11595=DIRECTION('',(-1.,0.,0.));
#11596=DIRECTION('',(8.21287591844296E-17,-1.,0.));
#11597=DIRECTION('',(1.,0.,0.));
#11598=DIRECTION('',(0.,1.,0.));
#11599=DIRECTION('',(0.999998465189419,0.00175203276390972,0.));
#11600=DIRECTION('',(5.44087379169663E-15,1.,0.));
#11601=DIRECTION('',(0.999998465222443,0.00175201391502258,0.));
#11602=DIRECTION('',(0.,-1.,0.));
#11603=DIRECTION('',(0.999998465189419,0.00175203276390972,0.));
#11604=DIRECTION('',(0.,-1.,0.));
#11605=DIRECTION('',(-1.,0.,0.));
#11606=DIRECTION('',(0.,1.,0.));
#11607=DIRECTION('',(-0.999998465189419,-0.00175203276390972,0.));
#11608=DIRECTION('',(-5.44087379169663E-15,-1.,0.));
#11609=DIRECTION('',(-1.,0.,0.));
#11610=DIRECTION('',(0.,-1.,0.));
#11611=DIRECTION('',(-1.,0.,0.));
#11612=DIRECTION('',(0.,1.,0.));
#11613=DIRECTION('',(1.,0.,0.));
#11614=DIRECTION('',(0.,1.,0.));
#11615=DIRECTION('',(1.,0.,0.));
#11616=DIRECTION('',(0.,1.,0.));
#11617=DIRECTION('',(1.,0.,0.));
#11618=DIRECTION('',(0.,-1.,0.));
#11619=DIRECTION('',(1.,3.10675968599205E-16,0.));
#11620=DIRECTION('',(0.,-1.,0.));
#11621=DIRECTION('',(-1.,0.,0.));
#11622=DIRECTION('',(0.,1.,0.));
#11623=DIRECTION('',(-1.,-3.10675968599205E-16,0.));
#11624=DIRECTION('',(0.,-1.,0.));
#11625=DIRECTION('',(-1.,0.,0.));
#11626=DIRECTION('',(0.,-1.,0.));
#11627=DIRECTION('center_axis',(0.,0.,-1.));
#11628=DIRECTION('ref_axis',(1.,0.,0.));
#11629=DIRECTION('',(0.,-1.,0.));
#11630=DIRECTION('',(-1.,0.,0.));
#11631=DIRECTION('',(0.,1.,0.));
#11632=DIRECTION('',(1.,0.,0.));
#11633=DIRECTION('',(-1.26888960353382E-15,-1.,0.));
#11634=DIRECTION('',(-1.,0.,0.));
#11635=DIRECTION('',(1.26888960353382E-15,1.,0.));
#11636=DIRECTION('',(1.,0.,0.));
#11637=DIRECTION('',(0.,-1.,0.));
#11638=DIRECTION('',(-1.,0.,0.));
#11639=DIRECTION('',(0.,1.,0.));
#11640=DIRECTION('',(1.,0.,0.));
#11641=DIRECTION('center_axis',(0.,0.,-1.));
#11642=DIRECTION('ref_axis',(1.,0.,0.));
#11643=DIRECTION('',(0.,-1.,0.));
#11644=DIRECTION('',(-1.,0.,0.));
#11645=DIRECTION('',(0.,1.,0.));
#11646=DIRECTION('',(1.,0.,0.));
#11647=DIRECTION('',(-1.26888925778884E-15,-1.,0.));
#11648=DIRECTION('',(-1.,0.,0.));
#11649=DIRECTION('',(1.26888925778884E-15,1.,0.));
#11650=DIRECTION('',(1.,0.,0.));
#11651=DIRECTION('',(0.,-1.,0.));
#11652=DIRECTION('',(-1.,-6.3444462889442E-16,0.));
#11653=DIRECTION('',(0.,1.,0.));
#11654=DIRECTION('',(1.,0.,0.));
#11655=DIRECTION('center_axis',(0.000661444450461235,0.707106471821069,
0.707106781186547));
#11656=DIRECTION('ref_axis',(0.999999562491526,0.,-0.000935423303342897));
#11657=DIRECTION('',(-0.999999562491143,0.000935423712598695,0.));
#11658=DIRECTION('',(0.000337735512358477,0.707106737578208,-0.707106744138555));
#11659=DIRECTION('center_axis',(0.707106781186551,3.34523547523426E-15,
0.707106781186544));
#11660=DIRECTION('ref_axis',(0.707106781186544,0.,-0.707106781186551));
#11661=DIRECTION('',(-4.73087737840788E-15,1.,0.));
#11662=DIRECTION('',(-0.57735026918962,-0.577350269189629,0.577350269189628));
#11663=DIRECTION('',(0.577350269189611,0.577350269189635,-0.577350269189631));
#11664=DIRECTION('center_axis',(-5.68252048381836E-16,0.707106781186547,
0.707106781186548));
#11665=DIRECTION('ref_axis',(1.,0.,8.03629753667883E-16));
#11666=DIRECTION('',(0.358207008480371,0.66018472379916,-0.660184723799158));
#11667=DIRECTION('',(-1.,-8.03629753667885E-16,0.));
#11668=DIRECTION('center_axis',(1.,4.73087737840788E-15,0.));
#11669=DIRECTION('ref_axis',(-4.73087737840788E-15,1.,0.));
#11670=DIRECTION('',(0.,0.,1.));
#11671=DIRECTION('',(4.73087737840788E-15,-1.,0.));
#11672=DIRECTION('',(0.,0.,1.));
#11673=DIRECTION('center_axis',(-8.03629753667885E-16,1.,0.));
#11674=DIRECTION('ref_axis',(-1.,-8.03629753667885E-16,0.));
#11675=DIRECTION('',(0.,0.,1.));
#11676=DIRECTION('',(1.,8.03629753667885E-16,0.));
#11677=DIRECTION('center_axis',(0.592809610384652,0.385456568027571,0.70710678118655));
#11678=DIRECTION('ref_axis',(0.766323693614448,0.,-0.642454665019338));
#11679=DIRECTION('',(0.358207008480369,0.660184723799158,-0.660184723799161));
#11680=DIRECTION('',(-0.54511790621038,0.838359390911089,0.));
#11681=DIRECTION('center_axis',(7.24014874037414E-16,0.707106781186547,
0.707106781186548));
#11682=DIRECTION('ref_axis',(1.,0.,-1.02391165422356E-15));
#11683=DIRECTION('',(7.01328999913537E-6,0.707106781169158,-0.707106781169157));
#11684=DIRECTION('',(-1.,1.02391165422356E-15,0.));
#11685=DIRECTION('center_axis',(1.40264711819177E-5,0.70710678104743,0.707106781186548));
#11686=DIRECTION('ref_axis',(0.999999999803258,0.,-1.98364257738007E-5));
#11687=DIRECTION('',(-0.999999999803258,1.98364257777034E-5,0.));
#11688=DIRECTION('center_axis',(1.,0.,0.));
#11689=DIRECTION('ref_axis',(0.,1.,0.));
#11690=DIRECTION('',(0.,0.,1.));
#11691=DIRECTION('',(0.,-1.,0.));
#11692=DIRECTION('',(0.,0.,1.));
#11693=DIRECTION('center_axis',(0.,-0.707106781186551,0.707106781186544));
#11694=DIRECTION('ref_axis',(1.,0.,0.));
#11695=DIRECTION('',(-0.577350269189624,-0.577350269189624,-0.57735026918963));
#11696=DIRECTION('',(1.,0.,0.));
#11697=DIRECTION('center_axis',(-0.707106781186551,0.,0.707106781186544));
#11698=DIRECTION('ref_axis',(0.707106781186544,0.,0.707106781186551));
#11699=DIRECTION('',(-0.57701279829881,-0.5780246198898,-0.577012798298815));
#11700=DIRECTION('',(0.,-1.,0.));
#11701=DIRECTION('center_axis',(0.00123886092004571,-0.707105695934928,
0.707106781186549));
#11702=DIRECTION('ref_axis',(0.999998465227154,0.,-0.00175201122607927));
#11703=DIRECTION('',(0.577687149344109,-0.576675918489188,-0.577687149344114));
#11704=DIRECTION('',(0.999998465222443,0.00175201391502266,0.));
#11705=DIRECTION('center_axis',(0.707106781186547,-7.68631528674539E-15,
0.707106781186548));
#11706=DIRECTION('ref_axis',(0.707106781186548,0.,-0.707106781186547));
#11707=DIRECTION('',(1.0870091323191E-14,1.,0.));
#11708=DIRECTION('',(0.577350269189638,-0.577350269189597,-0.577350269189643));
#11709=DIRECTION('center_axis',(-2.38351521986431E-15,-0.707106781186551,
0.707106781186544));
#11710=DIRECTION('ref_axis',(1.,0.,3.37079955005481E-15));
#11711=DIRECTION('',(1.,-3.37079955005478E-15,0.));
#11712=DIRECTION('',(-0.577350269189628,-0.577350269189622,-0.577350269189627));
#11713=DIRECTION('center_axis',(-0.707106781186547,-5.40737000554198E-17,
0.707106781186548));
#11714=DIRECTION('ref_axis',(0.707106781186548,0.,0.707106781186547));
#11715=DIRECTION('',(7.64717599860695E-17,-1.,0.));
#11716=DIRECTION('',(-0.577350269189626,0.577350269189626,-0.577350269189625));
#11717=DIRECTION('center_axis',(0.,0.707106781186547,0.707106781186548));
#11718=DIRECTION('ref_axis',(1.,0.,0.));
#11719=DIRECTION('',(-1.,0.,0.));
#11720=DIRECTION('',(-0.577350269189626,0.577350269189626,-0.577350269189625));
#11721=DIRECTION('center_axis',(-0.707106781186547,0.,0.707106781186548));
#11722=DIRECTION('ref_axis',(0.707106781186548,0.,0.707106781186547));
#11723=DIRECTION('',(0.,-1.,0.));
#11724=DIRECTION('',(-0.577350269189626,0.577350269189626,-0.577350269189625));
#11725=DIRECTION('center_axis',(0.,0.707106781186547,0.707106781186548));
#11726=DIRECTION('ref_axis',(1.,0.,0.));
#11727=DIRECTION('',(-1.,0.,0.));
#11728=DIRECTION('',(-0.577350269189626,0.577350269189626,-0.577350269189625));
#11729=DIRECTION('center_axis',(-0.707106781186547,0.,0.707106781186548));
#11730=DIRECTION('ref_axis',(0.707106781186548,0.,0.707106781186547));
#11731=DIRECTION('',(0.,-1.,0.));
#11732=DIRECTION('',(-0.577350269189627,0.577350269189625,-0.577350269189626));
#11733=DIRECTION('center_axis',(-1.7164837110799E-16,0.707106781186548,
0.707106781186547));
#11734=DIRECTION('ref_axis',(1.,0.,2.4274745438017E-16));
#11735=DIRECTION('',(-1.,-2.42747454380169E-16,0.));
#11736=DIRECTION('',(0.577350269189627,0.577350269189625,-0.577350269189626));
#11737=DIRECTION('center_axis',(0.707106781186547,0.,0.707106781186548));
#11738=DIRECTION('ref_axis',(0.707106781186548,0.,-0.707106781186547));
#11739=DIRECTION('',(0.,1.,0.));
#11740=DIRECTION('',(0.577350269189626,0.577350269189626,-0.577350269189625));
#11741=DIRECTION('center_axis',(0.,0.707106781186547,0.707106781186548));
#11742=DIRECTION('ref_axis',(1.,0.,0.));
#11743=DIRECTION('',(-1.,0.,0.));
#11744=DIRECTION('center_axis',(1.,0.,0.));
#11745=DIRECTION('ref_axis',(0.,1.,0.));
#11746=DIRECTION('',(0.,0.,1.));
#11747=DIRECTION('',(0.,1.,0.));
#11748=DIRECTION('',(0.,0.,1.));
#11749=DIRECTION('center_axis',(0.,-1.,0.));
#11750=DIRECTION('ref_axis',(1.,0.,0.));
#11751=DIRECTION('',(1.,0.,0.));
#11752=DIRECTION('',(0.,0.,1.));
#11753=DIRECTION('',(0.,0.,1.));
#11754=DIRECTION('center_axis',(1.,0.,0.));
#11755=DIRECTION('ref_axis',(0.,1.,0.));
#11756=DIRECTION('',(0.,1.,0.));
#11757=DIRECTION('',(0.,0.,1.));
#11758=DIRECTION('center_axis',(0.,1.,0.));
#11759=DIRECTION('ref_axis',(-1.,0.,0.));
#11760=DIRECTION('',(-1.,0.,0.));
#11761=DIRECTION('',(0.,0.,1.));
#11762=DIRECTION('center_axis',(-1.,-2.53777851557768E-15,0.));
#11763=DIRECTION('ref_axis',(2.53777851557768E-15,-1.,0.));
#11764=DIRECTION('',(2.53777851557768E-15,-1.,0.));
#11765=DIRECTION('center_axis',(0.,-1.,0.));
#11766=DIRECTION('ref_axis',(1.,0.,0.));
#11767=DIRECTION('',(1.,0.,0.));
#11768=DIRECTION('',(0.,0.,1.));
#11769=DIRECTION('',(0.,0.,1.));
#11770=DIRECTION('center_axis',(1.,0.,0.));
#11771=DIRECTION('ref_axis',(0.,1.,0.));
#11772=DIRECTION('',(0.,1.,0.));
#11773=DIRECTION('',(0.,0.,1.));
#11774=DIRECTION('center_axis',(1.26888925778884E-15,1.,0.));
#11775=DIRECTION('ref_axis',(-1.,1.26888925778884E-15,0.));
#11776=DIRECTION('',(-1.,1.26888925778884E-15,0.));
#11777=DIRECTION('',(0.,0.,1.));
#11778=DIRECTION('center_axis',(-1.,0.,0.));
#11779=DIRECTION('ref_axis',(0.,-1.,0.));
#11780=DIRECTION('',(0.,-1.,0.));
#11781=DIRECTION('center_axis',(0.,-1.,0.));
#11782=DIRECTION('ref_axis',(1.,0.,0.));
#11783=DIRECTION('',(1.,0.,0.));
#11784=DIRECTION('',(0.,0.,1.));
#11785=DIRECTION('',(0.,0.,1.));
#11786=DIRECTION('center_axis',(1.,-6.3444462889442E-16,0.));
#11787=DIRECTION('ref_axis',(6.3444462889442E-16,1.,0.));
#11788=DIRECTION('',(6.3444462889442E-16,1.,0.));
#11789=DIRECTION('',(0.,0.,1.));
#11790=DIRECTION('center_axis',(0.,1.,0.));
#11791=DIRECTION('ref_axis',(-1.,0.,0.));
#11792=DIRECTION('',(-1.,0.,0.));
#11793=DIRECTION('',(0.,0.,1.));
#11794=DIRECTION('center_axis',(-1.,0.,0.));
#11795=DIRECTION('ref_axis',(0.,-1.,0.));
#11796=DIRECTION('',(0.,-1.,0.));
#11797=DIRECTION('center_axis',(0.,0.,1.));
#11798=DIRECTION('ref_axis',(-0.943738642715343,-0.330692265173836,0.));
#11799=DIRECTION('center_axis',(0.,0.,-1.));
#11800=DIRECTION('ref_axis',(1.,0.,0.));
#11801=DIRECTION('',(0.,0.,1.));
#11802=DIRECTION('',(0.,0.,1.));
#11803=DIRECTION('center_axis',(0.,0.,1.));
#11804=DIRECTION('ref_axis',(0.943738642715344,0.330692265173831,0.));
#11805=DIRECTION('center_axis',(0.,0.,-1.));
#11806=DIRECTION('ref_axis',(-1.,0.,0.));
#11807=DIRECTION('center_axis',(0.,-1.,0.));
#11808=DIRECTION('ref_axis',(1.,0.,0.));
#11809=DIRECTION('',(1.,0.,0.));
#11810=DIRECTION('',(0.,0.,1.));
#11811=DIRECTION('',(0.,0.,1.));
#11812=DIRECTION('center_axis',(1.,0.,0.));
#11813=DIRECTION('ref_axis',(0.,1.,0.));
#11814=DIRECTION('',(0.,1.,0.));
#11815=DIRECTION('',(0.,0.,1.));
#11816=DIRECTION('center_axis',(-2.53777851557768E-15,1.,0.));
#11817=DIRECTION('ref_axis',(-1.,-2.53777851557768E-15,0.));
#11818=DIRECTION('',(-1.,-2.53777851557768E-15,0.));
#11819=DIRECTION('',(0.,0.,1.));
#11820=DIRECTION('center_axis',(-1.,0.,0.));
#11821=DIRECTION('ref_axis',(0.,-1.,0.));
#11822=DIRECTION('',(0.,-1.,0.));
#11823=DIRECTION('center_axis',(0.,0.,1.));
#11824=DIRECTION('ref_axis',(-0.924947355063637,-0.380095238540003,0.));
#11825=DIRECTION('center_axis',(0.,0.,-1.));
#11826=DIRECTION('ref_axis',(1.,0.,0.));
#11827=DIRECTION('',(0.,0.,1.));
#11828=DIRECTION('',(0.,0.,1.));
#11829=DIRECTION('center_axis',(0.,0.,1.));
#11830=DIRECTION('ref_axis',(0.92494735506364,0.380095238539996,0.));
#11831=DIRECTION('center_axis',(0.,0.,-1.));
#11832=DIRECTION('ref_axis',(-1.,0.,0.));
#11833=DIRECTION('center_axis',(0.,-1.,0.));
#11834=DIRECTION('ref_axis',(1.,0.,0.));
#11835=DIRECTION('',(1.,0.,0.));
#11836=DIRECTION('',(0.,0.,1.));
#11837=DIRECTION('',(0.,0.,1.));
#11838=DIRECTION('center_axis',(1.,0.,0.));
#11839=DIRECTION('ref_axis',(0.,1.,0.));
#11840=DIRECTION('',(0.,1.,0.));
#11841=DIRECTION('',(0.,0.,1.));
#11842=DIRECTION('center_axis',(0.,1.,0.));
#11843=DIRECTION('ref_axis',(-1.,0.,0.));
#11844=DIRECTION('',(-1.,0.,0.));
#11845=DIRECTION('',(0.,0.,1.));
#11846=DIRECTION('center_axis',(-1.,0.,0.));
#11847=DIRECTION('ref_axis',(0.,-1.,0.));
#11848=DIRECTION('',(0.,-1.,0.));
#11849=DIRECTION('center_axis',(0.,-1.,0.));
#11850=DIRECTION('ref_axis',(1.,0.,0.));
#11851=DIRECTION('',(1.,0.,0.));
#11852=DIRECTION('',(0.,0.,1.));
#11853=DIRECTION('',(0.,0.,1.));
#11854=DIRECTION('center_axis',(1.,6.34444974639493E-16,0.));
#11855=DIRECTION('ref_axis',(-6.34444974639493E-16,1.,0.));
#11856=DIRECTION('',(-6.34444974639493E-16,1.,0.));
#11857=DIRECTION('',(0.,0.,1.));
#11858=DIRECTION('center_axis',(0.,1.,0.));
#11859=DIRECTION('ref_axis',(-1.,0.,0.));
#11860=DIRECTION('',(-1.,0.,0.));
#11861=DIRECTION('',(0.,0.,1.));
#11862=DIRECTION('center_axis',(-1.,-6.34444974639493E-16,0.));
#11863=DIRECTION('ref_axis',(6.34444974639493E-16,-1.,0.));
#11864=DIRECTION('',(6.34444974639493E-16,-1.,0.));
#11865=DIRECTION('center_axis',(0.,-1.,0.));
#11866=DIRECTION('ref_axis',(1.,0.,0.));
#11867=DIRECTION('',(1.,0.,0.));
#11868=DIRECTION('',(0.,0.,1.));
#11869=DIRECTION('',(0.,0.,1.));
#11870=DIRECTION('center_axis',(1.,-1.26888925778884E-15,0.));
#11871=DIRECTION('ref_axis',(1.26888925778884E-15,1.,0.));
#11872=DIRECTION('',(1.26888925778884E-15,1.,0.));
#11873=DIRECTION('',(0.,0.,1.));
#11874=DIRECTION('center_axis',(1.26888925778884E-15,1.,0.));
#11875=DIRECTION('ref_axis',(-1.,1.26888925778884E-15,0.));
#11876=DIRECTION('',(-1.,1.26888925778884E-15,0.));
#11877=DIRECTION('',(0.,0.,1.));
#11878=DIRECTION('center_axis',(-1.,1.26888925778884E-15,0.));
#11879=DIRECTION('ref_axis',(-1.26888925778884E-15,-1.,0.));
#11880=DIRECTION('',(-1.26888925778884E-15,-1.,0.));
#11881=DIRECTION('center_axis',(0.,-1.,0.));
#11882=DIRECTION('ref_axis',(1.,0.,0.));
#11883=DIRECTION('',(1.,0.,0.));
#11884=DIRECTION('',(0.,0.,1.));
#11885=DIRECTION('',(0.,0.,1.));
#11886=DIRECTION('center_axis',(1.,0.,0.));
#11887=DIRECTION('ref_axis',(0.,1.,0.));
#11888=DIRECTION('',(0.,1.,0.));
#11889=DIRECTION('',(0.,0.,1.));
#11890=DIRECTION('center_axis',(1.26888925778884E-15,1.,0.));
#11891=DIRECTION('ref_axis',(-1.,1.26888925778884E-15,0.));
#11892=DIRECTION('',(-1.,1.26888925778884E-15,0.));
#11893=DIRECTION('',(0.,0.,1.));
#11894=DIRECTION('center_axis',(-1.,0.,0.));
#11895=DIRECTION('ref_axis',(0.,-1.,0.));
#11896=DIRECTION('',(0.,-1.,0.));
#11897=DIRECTION('center_axis',(0.,-1.,0.));
#11898=DIRECTION('ref_axis',(1.,0.,0.));
#11899=DIRECTION('',(1.,0.,0.));
#11900=DIRECTION('',(0.,0.,1.));
#11901=DIRECTION('',(0.,0.,1.));
#11902=DIRECTION('center_axis',(1.,0.,0.));
#11903=DIRECTION('ref_axis',(0.,1.,0.));
#11904=DIRECTION('',(0.,1.,0.));
#11905=DIRECTION('',(0.,0.,1.));
#11906=DIRECTION('center_axis',(6.34444628894421E-16,1.,0.));
#11907=DIRECTION('ref_axis',(-1.,6.34444628894421E-16,0.));
#11908=DIRECTION('',(-1.,6.34444628894421E-16,0.));
#11909=DIRECTION('',(0.,0.,1.));
#11910=DIRECTION('center_axis',(-1.,0.,0.));
#11911=DIRECTION('ref_axis',(0.,-1.,0.));
#11912=DIRECTION('',(0.,-1.,0.));
#11913=DIRECTION('center_axis',(0.,-1.,0.));
#11914=DIRECTION('ref_axis',(1.,0.,0.));
#11915=DIRECTION('',(1.,0.,0.));
#11916=DIRECTION('',(0.,0.,1.));
#11917=DIRECTION('',(0.,0.,1.));
#11918=DIRECTION('center_axis',(1.,0.,0.));
#11919=DIRECTION('ref_axis',(0.,1.,0.));
#11920=DIRECTION('',(0.,1.,0.));
#11921=DIRECTION('',(0.,0.,1.));
#11922=DIRECTION('center_axis',(0.,1.,0.));
#11923=DIRECTION('ref_axis',(-1.,0.,0.));
#11924=DIRECTION('',(-1.,0.,0.));
#11925=DIRECTION('',(0.,0.,1.));
#11926=DIRECTION('center_axis',(-1.,0.,0.));
#11927=DIRECTION('ref_axis',(0.,-1.,0.));
#11928=DIRECTION('',(0.,-1.,0.));
#11929=DIRECTION('center_axis',(0.,0.,1.));
#11930=DIRECTION('ref_axis',(1.,0.,0.));
#11931=DIRECTION('',(0.,0.,-1.));
#11932=DIRECTION('center_axis',(0.,0.,-1.));
#11933=DIRECTION('ref_axis',(1.,0.,0.));
#11934=DIRECTION('center_axis',(0.,-1.,0.));
#11935=DIRECTION('ref_axis',(1.,0.,0.));
#11936=DIRECTION('',(1.,0.,0.));
#11937=DIRECTION('',(0.,0.,1.));
#11938=DIRECTION('',(0.,0.,1.));
#11939=DIRECTION('center_axis',(1.,0.,0.));
#11940=DIRECTION('ref_axis',(0.,1.,0.));
#11941=DIRECTION('',(0.,1.,0.));
#11942=DIRECTION('',(0.,0.,1.));
#11943=DIRECTION('center_axis',(1.26888925778884E-15,1.,0.));
#11944=DIRECTION('ref_axis',(-1.,1.26888925778884E-15,0.));
#11945=DIRECTION('',(-1.,1.26888925778884E-15,0.));
#11946=DIRECTION('',(0.,0.,1.));
#11947=DIRECTION('center_axis',(-1.,6.3444462889442E-16,0.));
#11948=DIRECTION('ref_axis',(-6.3444462889442E-16,-1.,0.));
#11949=DIRECTION('',(-6.3444462889442E-16,-1.,0.));
#11950=DIRECTION('center_axis',(0.,-1.,0.));
#11951=DIRECTION('ref_axis',(1.,0.,0.));
#11952=DIRECTION('',(1.,0.,0.));
#11953=DIRECTION('',(0.,0.,1.));
#11954=DIRECTION('',(0.,0.,1.));
#11955=DIRECTION('center_axis',(1.,0.,0.));
#11956=DIRECTION('ref_axis',(0.,1.,0.));
#11957=DIRECTION('',(0.,1.,0.));
#11958=DIRECTION('',(0.,0.,1.));
#11959=DIRECTION('center_axis',(0.,1.,0.));
#11960=DIRECTION('ref_axis',(-1.,0.,0.));
#11961=DIRECTION('',(-1.,0.,0.));
#11962=DIRECTION('',(0.,0.,1.));
#11963=DIRECTION('center_axis',(-1.,6.3444462889442E-16,0.));
#11964=DIRECTION('ref_axis',(-6.3444462889442E-16,-1.,0.));
#11965=DIRECTION('',(-6.3444462889442E-16,-1.,0.));
#11966=DIRECTION('center_axis',(0.,0.,1.));
#11967=DIRECTION('ref_axis',(1.,0.,0.));
#11968=DIRECTION('',(0.,0.,-1.));
#11969=DIRECTION('center_axis',(0.,0.,-1.));
#11970=DIRECTION('ref_axis',(1.,0.,0.));
#11971=DIRECTION('center_axis',(0.,-1.,0.));
#11972=DIRECTION('ref_axis',(1.,0.,0.));
#11973=DIRECTION('',(1.,0.,0.));
#11974=DIRECTION('',(0.,0.,1.));
#11975=DIRECTION('',(0.,0.,1.));
#11976=DIRECTION('center_axis',(1.,0.,0.));
#11977=DIRECTION('ref_axis',(0.,1.,0.));
#11978=DIRECTION('',(0.,1.,0.));
#11979=DIRECTION('',(0.,0.,1.));
#11980=DIRECTION('center_axis',(0.,1.,0.));
#11981=DIRECTION('ref_axis',(-1.,0.,0.));
#11982=DIRECTION('',(-1.,0.,0.));
#11983=DIRECTION('',(0.,0.,1.));
#11984=DIRECTION('center_axis',(-1.,0.,0.));
#11985=DIRECTION('ref_axis',(0.,-1.,0.));
#11986=DIRECTION('',(0.,-1.,0.));
#11987=DIRECTION('center_axis',(0.,-1.,0.));
#11988=DIRECTION('ref_axis',(1.,0.,0.));
#11989=DIRECTION('',(1.,0.,0.));
#11990=DIRECTION('',(0.,0.,1.));
#11991=DIRECTION('',(0.,0.,1.));
#11992=DIRECTION('center_axis',(1.,0.,0.));
#11993=DIRECTION('ref_axis',(0.,1.,0.));
#11994=DIRECTION('',(0.,1.,0.));
#11995=DIRECTION('',(0.,0.,1.));
#11996=DIRECTION('center_axis',(0.,1.,0.));
#11997=DIRECTION('ref_axis',(-1.,0.,0.));
#11998=DIRECTION('',(-1.,0.,0.));
#11999=DIRECTION('',(0.,0.,1.));
#12000=DIRECTION('center_axis',(-1.,0.,0.));
#12001=DIRECTION('ref_axis',(0.,-1.,0.));
#12002=DIRECTION('',(0.,-1.,0.));
#12003=DIRECTION('center_axis',(0.,-1.,0.));
#12004=DIRECTION('ref_axis',(1.,0.,0.));
#12005=DIRECTION('',(1.,0.,0.));
#12006=DIRECTION('',(0.,0.,1.));
#12007=DIRECTION('',(0.,0.,1.));
#12008=DIRECTION('center_axis',(1.,0.,0.));
#12009=DIRECTION('ref_axis',(0.,1.,0.));
#12010=DIRECTION('',(0.,1.,0.));
#12011=DIRECTION('',(0.,0.,1.));
#12012=DIRECTION('center_axis',(0.,1.,0.));
#12013=DIRECTION('ref_axis',(-1.,0.,0.));
#12014=DIRECTION('',(-1.,0.,0.));
#12015=DIRECTION('',(0.,0.,1.));
#12016=DIRECTION('center_axis',(-1.,0.,0.));
#12017=DIRECTION('ref_axis',(0.,-1.,0.));
#12018=DIRECTION('',(0.,-1.,0.));
#12019=DIRECTION('center_axis',(-1.,0.,0.));
#12020=DIRECTION('ref_axis',(0.,-1.,0.));
#12021=DIRECTION('',(0.,-1.,0.));
#12022=DIRECTION('',(0.,0.,1.));
#12023=DIRECTION('',(0.,0.,1.));
#12024=DIRECTION('center_axis',(0.,1.,0.));
#12025=DIRECTION('ref_axis',(-1.,0.,0.));
#12026=DIRECTION('',(-1.,0.,0.));
#12027=DIRECTION('',(0.,0.,1.));
#12028=DIRECTION('center_axis',(-1.,0.,0.));
#12029=DIRECTION('ref_axis',(0.,-1.,0.));
#12030=DIRECTION('',(0.,-1.,0.));
#12031=DIRECTION('',(0.,0.,1.));
#12032=DIRECTION('center_axis',(-3.10675968599205E-16,1.,0.));
#12033=DIRECTION('ref_axis',(-1.,-3.10675968599205E-16,0.));
#12034=DIRECTION('',(-1.,-3.10675968599205E-16,0.));
#12035=DIRECTION('',(0.,0.,1.));
#12036=DIRECTION('center_axis',(1.,0.,0.));
#12037=DIRECTION('ref_axis',(0.,1.,0.));
#12038=DIRECTION('',(0.,1.,0.));
#12039=DIRECTION('',(0.,0.,1.));
#12040=DIRECTION('center_axis',(0.,1.,0.));
#12041=DIRECTION('ref_axis',(-1.,0.,0.));
#12042=DIRECTION('',(-1.,0.,0.));
#12043=DIRECTION('',(0.,0.,1.));
#12044=DIRECTION('center_axis',(-1.,0.,0.));
#12045=DIRECTION('ref_axis',(0.,-1.,0.));
#12046=DIRECTION('',(0.,-1.,0.));
#12047=DIRECTION('',(0.,0.,1.));
#12048=DIRECTION('center_axis',(3.10675968599205E-16,-1.,0.));
#12049=DIRECTION('ref_axis',(1.,3.10675968599205E-16,0.));
#12050=DIRECTION('',(1.,3.10675968599205E-16,0.));
#12051=DIRECTION('',(0.,0.,1.));
#12052=DIRECTION('center_axis',(-1.,0.,0.));
#12053=DIRECTION('ref_axis',(0.,-1.,0.));
#12054=DIRECTION('',(0.,-1.,0.));
#12055=DIRECTION('',(0.,0.,1.));
#12056=DIRECTION('center_axis',(0.,-1.,0.));
#12057=DIRECTION('ref_axis',(1.,0.,0.));
#12058=DIRECTION('',(1.,0.,0.));
#12059=DIRECTION('',(0.,0.,1.));
#12060=DIRECTION('center_axis',(1.,0.,0.));
#12061=DIRECTION('ref_axis',(0.,1.,0.));
#12062=DIRECTION('',(0.,1.,0.));
#12063=DIRECTION('',(0.,0.,1.));
#12064=DIRECTION('center_axis',(0.,-1.,0.));
#12065=DIRECTION('ref_axis',(1.,0.,0.));
#12066=DIRECTION('',(1.,0.,0.));
#12067=DIRECTION('',(0.,0.,1.));
#12068=DIRECTION('center_axis',(1.,0.,0.));
#12069=DIRECTION('ref_axis',(0.,1.,0.));
#12070=DIRECTION('',(0.,1.,0.));
#12071=DIRECTION('',(0.,0.,1.));
#12072=DIRECTION('center_axis',(0.,-1.,0.));
#12073=DIRECTION('ref_axis',(1.,0.,0.));
#12074=DIRECTION('',(1.,0.,0.));
#12075=DIRECTION('',(0.,0.,1.));
#12076=DIRECTION('center_axis',(1.,0.,0.));
#12077=DIRECTION('ref_axis',(0.,1.,0.));
#12078=DIRECTION('',(0.,1.,0.));
#12079=DIRECTION('',(0.,0.,1.));
#12080=DIRECTION('center_axis',(0.,1.,0.));
#12081=DIRECTION('ref_axis',(-1.,0.,0.));
#12082=DIRECTION('',(-1.,0.,0.));
#12083=DIRECTION('',(0.,0.,1.));
#12084=DIRECTION('center_axis',(-1.,0.,0.));
#12085=DIRECTION('ref_axis',(0.,-1.,0.));
#12086=DIRECTION('',(0.,-1.,0.));
#12087=DIRECTION('',(0.,0.,1.));
#12088=DIRECTION('center_axis',(0.,1.,0.));
#12089=DIRECTION('ref_axis',(-1.,0.,0.));
#12090=DIRECTION('',(-1.,0.,0.));
#12091=DIRECTION('',(0.,0.,1.));
#12092=DIRECTION('center_axis',(-1.,5.44087379169663E-15,0.));
#12093=DIRECTION('ref_axis',(-5.44087379169663E-15,-1.,0.));
#12094=DIRECTION('',(-5.44087379169663E-15,-1.,0.));
#12095=DIRECTION('',(0.,0.,1.));
#12096=DIRECTION('center_axis',(-0.00175203276390972,0.999998465189419,
0.));
#12097=DIRECTION('ref_axis',(-0.999998465189419,-0.00175203276390972,0.));
#12098=DIRECTION('',(-0.999998465189419,-0.00175203276390972,0.));
#12099=DIRECTION('',(0.,0.,1.));
#12100=DIRECTION('center_axis',(1.,0.,0.));
#12101=DIRECTION('ref_axis',(0.,1.,0.));
#12102=DIRECTION('',(0.,1.,0.));
#12103=DIRECTION('',(0.,0.,1.));
#12104=DIRECTION('center_axis',(0.,1.,0.));
#12105=DIRECTION('ref_axis',(-1.,0.,0.));
#12106=DIRECTION('',(-1.,0.,0.));
#12107=DIRECTION('',(0.,0.,1.));
#12108=DIRECTION('center_axis',(-1.,0.,0.));
#12109=DIRECTION('ref_axis',(0.,-1.,0.));
#12110=DIRECTION('',(0.,-1.,0.));
#12111=DIRECTION('',(0.,0.,1.));
#12112=DIRECTION('center_axis',(0.00175203276390972,-0.999998465189419,
0.));
#12113=DIRECTION('ref_axis',(0.999998465189419,0.00175203276390972,0.));
#12114=DIRECTION('',(0.999998465189419,0.00175203276390972,0.));
#12115=DIRECTION('',(0.,0.,1.));
#12116=DIRECTION('center_axis',(-1.,0.,0.));
#12117=DIRECTION('ref_axis',(0.,-1.,0.));
#12118=DIRECTION('',(0.,-1.,0.));
#12119=DIRECTION('',(0.,0.,1.));
#12120=DIRECTION('center_axis',(0.00175201391502258,-0.999998465222443,
0.));
#12121=DIRECTION('ref_axis',(0.999998465222443,0.00175201391502258,0.));
#12122=DIRECTION('',(0.999998465222443,0.00175201391502258,0.));
#12123=DIRECTION('',(0.,0.,1.));
#12124=DIRECTION('center_axis',(1.,-5.44087379169663E-15,0.));
#12125=DIRECTION('ref_axis',(5.44087379169663E-15,1.,0.));
#12126=DIRECTION('',(5.44087379169663E-15,1.,0.));
#12127=DIRECTION('',(0.,0.,1.));
#12128=DIRECTION('center_axis',(0.00175203276390972,-0.999998465189419,
0.));
#12129=DIRECTION('ref_axis',(0.999998465189419,0.00175203276390972,0.));
#12130=DIRECTION('',(0.999998465189419,0.00175203276390972,0.));
#12131=DIRECTION('',(0.,0.,1.));
#12132=DIRECTION('center_axis',(1.,0.,0.));
#12133=DIRECTION('ref_axis',(0.,1.,0.));
#12134=DIRECTION('',(0.,1.,0.));
#12135=DIRECTION('',(0.,0.,1.));
#12136=DIRECTION('center_axis',(0.,-1.,0.));
#12137=DIRECTION('ref_axis',(1.,0.,0.));
#12138=DIRECTION('',(1.,0.,0.));
#12139=DIRECTION('',(0.,0.,1.));
#12140=DIRECTION('center_axis',(-1.,-8.21287591844296E-17,0.));
#12141=DIRECTION('ref_axis',(8.21287591844296E-17,-1.,0.));
#12142=DIRECTION('',(8.21287591844296E-17,-1.,0.));
#12143=DIRECTION('',(0.,0.,1.));
#12144=DIRECTION('center_axis',(0.,1.,0.));
#12145=DIRECTION('ref_axis',(-1.,0.,0.));
#12146=DIRECTION('',(-1.,0.,0.));
#12147=DIRECTION('center_axis',(0.,0.,1.));
#12148=DIRECTION('ref_axis',(1.,0.,0.));
#12149=DIRECTION('',(0.,0.,-1.));
#12150=DIRECTION('center_axis',(0.,0.,-1.));
#12151=DIRECTION('ref_axis',(1.,0.,0.));
#12152=DIRECTION('center_axis',(0.,-1.,0.));
#12153=DIRECTION('ref_axis',(1.,0.,0.));
#12154=DIRECTION('',(1.,0.,0.));
#12155=DIRECTION('',(0.,0.,1.));
#12156=DIRECTION('',(0.,0.,1.));
#12157=DIRECTION('center_axis',(1.,0.,0.));
#12158=DIRECTION('ref_axis',(0.,1.,0.));
#12159=DIRECTION('',(0.,1.,0.));
#12160=DIRECTION('',(0.,0.,1.));
#12161=DIRECTION('center_axis',(0.,1.,0.));
#12162=DIRECTION('ref_axis',(-1.,0.,0.));
#12163=DIRECTION('',(-1.,0.,0.));
#12164=DIRECTION('',(0.,0.,1.));
#12165=DIRECTION('center_axis',(-1.,0.,0.));
#12166=DIRECTION('ref_axis',(0.,-1.,0.));
#12167=DIRECTION('',(0.,-1.,0.));
#12168=DIRECTION('center_axis',(0.,-1.,0.));
#12169=DIRECTION('ref_axis',(1.,0.,0.));
#12170=DIRECTION('',(1.,0.,0.));
#12171=DIRECTION('',(0.,0.,1.));
#12172=DIRECTION('',(0.,0.,1.));
#12173=DIRECTION('center_axis',(1.,-1.26888960353382E-15,0.));
#12174=DIRECTION('ref_axis',(1.26888960353382E-15,1.,0.));
#12175=DIRECTION('',(1.26888960353382E-15,1.,0.));
#12176=DIRECTION('',(0.,0.,1.));
#12177=DIRECTION('center_axis',(0.,1.,0.));
#12178=DIRECTION('ref_axis',(-1.,0.,0.));
#12179=DIRECTION('',(-1.,0.,0.));
#12180=DIRECTION('',(0.,0.,1.));
#12181=DIRECTION('center_axis',(-1.,1.26888960353382E-15,0.));
#12182=DIRECTION('ref_axis',(-1.26888960353382E-15,-1.,0.));
#12183=DIRECTION('',(-1.26888960353382E-15,-1.,0.));
#12184=DIRECTION('center_axis',(0.,-1.,0.));
#12185=DIRECTION('ref_axis',(1.,0.,0.));
#12186=DIRECTION('',(1.,0.,0.));
#12187=DIRECTION('',(0.,0.,1.));
#12188=DIRECTION('',(0.,0.,1.));
#12189=DIRECTION('center_axis',(1.,0.,0.));
#12190=DIRECTION('ref_axis',(0.,1.,0.));
#12191=DIRECTION('',(0.,1.,0.));
#12192=DIRECTION('',(0.,0.,1.));
#12193=DIRECTION('center_axis',(0.,1.,0.));
#12194=DIRECTION('ref_axis',(-1.,0.,0.));
#12195=DIRECTION('',(-1.,0.,0.));
#12196=DIRECTION('',(0.,0.,1.));
#12197=DIRECTION('center_axis',(-1.,0.,0.));
#12198=DIRECTION('ref_axis',(0.,-1.,0.));
#12199=DIRECTION('',(0.,-1.,0.));
#12200=DIRECTION('center_axis',(0.,0.,1.));
#12201=DIRECTION('ref_axis',(1.,0.,0.));
#12202=DIRECTION('',(0.,0.,-1.));
#12203=DIRECTION('center_axis',(0.,0.,-1.));
#12204=DIRECTION('ref_axis',(1.,0.,0.));
#12205=DIRECTION('center_axis',(0.,-1.,0.));
#12206=DIRECTION('ref_axis',(1.,0.,0.));
#12207=DIRECTION('',(1.,0.,0.));
#12208=DIRECTION('',(0.,0.,1.));
#12209=DIRECTION('',(0.,0.,1.));
#12210=DIRECTION('center_axis',(1.,0.,0.));
#12211=DIRECTION('ref_axis',(0.,1.,0.));
#12212=DIRECTION('',(0.,1.,0.));
#12213=DIRECTION('',(0.,0.,1.));
#12214=DIRECTION('center_axis',(0.,1.,0.));
#12215=DIRECTION('ref_axis',(-1.,0.,0.));
#12216=DIRECTION('',(-1.,0.,0.));
#12217=DIRECTION('',(0.,0.,1.));
#12218=DIRECTION('center_axis',(-1.,0.,0.));
#12219=DIRECTION('ref_axis',(0.,-1.,0.));
#12220=DIRECTION('',(0.,-1.,0.));
#12221=DIRECTION('center_axis',(0.,-1.,0.));
#12222=DIRECTION('ref_axis',(1.,0.,0.));
#12223=DIRECTION('',(1.,0.,0.));
#12224=DIRECTION('',(0.,0.,1.));
#12225=DIRECTION('',(0.,0.,1.));
#12226=DIRECTION('center_axis',(1.,-1.26888925778884E-15,0.));
#12227=DIRECTION('ref_axis',(1.26888925778884E-15,1.,0.));
#12228=DIRECTION('',(1.26888925778884E-15,1.,0.));
#12229=DIRECTION('',(0.,0.,1.));
#12230=DIRECTION('center_axis',(0.,1.,0.));
#12231=DIRECTION('ref_axis',(-1.,0.,0.));
#12232=DIRECTION('',(-1.,0.,0.));
#12233=DIRECTION('',(0.,0.,1.));
#12234=DIRECTION('center_axis',(-1.,1.26888925778884E-15,0.));
#12235=DIRECTION('ref_axis',(-1.26888925778884E-15,-1.,0.));
#12236=DIRECTION('',(-1.26888925778884E-15,-1.,0.));
#12237=DIRECTION('center_axis',(0.,-1.,0.));
#12238=DIRECTION('ref_axis',(1.,0.,0.));
#12239=DIRECTION('',(1.,0.,0.));
#12240=DIRECTION('',(0.,0.,1.));
#12241=DIRECTION('',(0.,0.,1.));
#12242=DIRECTION('center_axis',(1.,0.,0.));
#12243=DIRECTION('ref_axis',(0.,1.,0.));
#12244=DIRECTION('',(0.,1.,0.));
#12245=DIRECTION('',(0.,0.,1.));
#12246=DIRECTION('center_axis',(-6.3444462889442E-16,1.,0.));
#12247=DIRECTION('ref_axis',(-1.,-6.3444462889442E-16,0.));
#12248=DIRECTION('',(-1.,-6.3444462889442E-16,0.));
#12249=DIRECTION('',(0.,0.,1.));
#12250=DIRECTION('center_axis',(-1.,0.,0.));
#12251=DIRECTION('ref_axis',(0.,-1.,0.));
#12252=DIRECTION('',(0.,-1.,0.));
#12253=DIRECTION('center_axis',(-1.,0.,0.));
#12254=DIRECTION('ref_axis',(0.,-1.,0.));
#12255=DIRECTION('',(0.,0.,1.));
#12256=DIRECTION('',(0.,1.,0.));
#12257=DIRECTION('',(0.,0.,1.));
#12258=DIRECTION('center_axis',(0.00175201391502266,-0.999998465222443,
0.));
#12259=DIRECTION('ref_axis',(0.999998465222443,0.00175201391502266,0.));
#12260=DIRECTION('',(0.,0.,1.));
#12261=DIRECTION('',(-0.999998465222443,-0.00175201391502266,0.));
#12262=DIRECTION('center_axis',(1.,-1.0870091323191E-14,0.));
#12263=DIRECTION('ref_axis',(1.0870091323191E-14,1.,0.));
#12264=DIRECTION('',(0.,0.,1.));
#12265=DIRECTION('',(-1.0870091323191E-14,-1.,0.));
#12266=DIRECTION('center_axis',(-3.37079955005478E-15,-1.,0.));
#12267=DIRECTION('ref_axis',(1.,-3.37079955005478E-15,0.));
#12268=DIRECTION('',(0.,0.,1.));
#12269=DIRECTION('',(-1.,3.37079955005478E-15,0.));
#12270=DIRECTION('center_axis',(-1.,-7.64717599860695E-17,0.));
#12271=DIRECTION('ref_axis',(7.64717599860695E-17,-1.,0.));
#12272=DIRECTION('',(0.,0.,1.));
#12273=DIRECTION('',(7.64717599860695E-17,-1.,0.));
#12274=DIRECTION('center_axis',(0.,1.,0.));
#12275=DIRECTION('ref_axis',(-1.,0.,0.));
#12276=DIRECTION('',(0.,0.,1.));
#12277=DIRECTION('',(1.,0.,0.));
#12278=DIRECTION('center_axis',(-1.,0.,0.));
#12279=DIRECTION('ref_axis',(0.,-1.,0.));
#12280=DIRECTION('',(0.,0.,1.));
#12281=DIRECTION('',(0.,1.,0.));
#12282=DIRECTION('center_axis',(0.,1.,0.));
#12283=DIRECTION('ref_axis',(-1.,0.,0.));
#12284=DIRECTION('',(0.,0.,1.));
#12285=DIRECTION('',(1.,0.,0.));
#12286=DIRECTION('center_axis',(-1.,0.,0.));
#12287=DIRECTION('ref_axis',(0.,-1.,0.));
#12288=DIRECTION('',(0.,0.,1.));
#12289=DIRECTION('',(0.,1.,0.));
#12290=DIRECTION('center_axis',(-2.42747454380169E-16,1.,0.));
#12291=DIRECTION('ref_axis',(-1.,-2.42747454380169E-16,0.));
#12292=DIRECTION('',(0.,0.,1.));
#12293=DIRECTION('',(1.,2.42747454380169E-16,0.));
#12294=DIRECTION('center_axis',(1.,0.,0.));
#12295=DIRECTION('ref_axis',(0.,1.,0.));
#12296=DIRECTION('',(0.,0.,1.));
#12297=DIRECTION('',(0.,-1.,0.));
#12298=DIRECTION('center_axis',(0.,1.,0.));
#12299=DIRECTION('ref_axis',(-1.,0.,0.));
#12300=DIRECTION('',(1.,0.,0.));
#12301=DIRECTION('center_axis',(0.838359390911088,0.54511790621038,0.));
#12302=DIRECTION('ref_axis',(-0.54511790621038,0.838359390911089,0.));
#12303=DIRECTION('',(0.,0.,1.));
#12304=DIRECTION('',(0.54511790621038,-0.838359390911089,0.));
#12305=DIRECTION('center_axis',(1.02391165422356E-15,1.,0.));
#12306=DIRECTION('ref_axis',(-1.,1.02391165422356E-15,0.));
#12307=DIRECTION('',(0.,0.,1.));
#12308=DIRECTION('',(1.,-1.02391165422356E-15,0.));
#12309=DIRECTION('center_axis',(1.98364257777034E-5,0.999999999803258,0.));
#12310=DIRECTION('ref_axis',(-0.999999999803258,1.98364257777034E-5,0.));
#12311=DIRECTION('',(0.,0.,1.));
#12312=DIRECTION('',(0.999999999803258,-1.98364257777034E-5,0.));
#12313=DIRECTION('center_axis',(0.000935423712598696,0.999999562491143,
0.));
#12314=DIRECTION('ref_axis',(-0.999999562491143,0.000935423712598695,0.));
#12315=DIRECTION('',(0.999999562491143,-0.000935423712598695,0.));
#12316=DIRECTION('center_axis',(0.999999562491143,-0.000935423712596856,
0.));
#12317=DIRECTION('ref_axis',(0.000935423712596856,0.999999562491143,0.));
#12318=DIRECTION('',(0.000935423712596856,0.999999562491143,0.));
#12319=DIRECTION('center_axis',(0.,-1.,0.));
#12320=DIRECTION('ref_axis',(1.,0.,0.));
#12321=DIRECTION('',(1.,0.,0.));
#12322=DIRECTION('center_axis',(0.,0.,1.));
#12323=DIRECTION('ref_axis',(-1.,0.,0.));
#12324=DIRECTION('center_axis',(0.,0.,1.));
#12325=DIRECTION('ref_axis',(1.,0.,0.));
#12326=DIRECTION('center_axis',(0.,0.,-1.));
#12327=DIRECTION('ref_axis',(1.,0.,0.));
#12328=DIRECTION('',(0.,0.,1.));
#12329=DIRECTION('center_axis',(0.,0.,1.));
#12330=DIRECTION('ref_axis',(1.,0.,0.));
#12331=DIRECTION('',(0.,0.,1.));
#12332=DIRECTION('center_axis',(0.,0.,1.));
#12333=DIRECTION('ref_axis',(-1.,0.,0.));
#12334=DIRECTION('center_axis',(0.,0.,1.));
#12335=DIRECTION('ref_axis',(-1.,0.,0.));
#12336=DIRECTION('center_axis',(0.,0.,1.));
#12337=DIRECTION('ref_axis',(-1.,0.,0.));
#12338=DIRECTION('center_axis',(0.,0.,1.));
#12339=DIRECTION('ref_axis',(-1.,0.,0.));
#12340=DIRECTION('center_axis',(0.,0.,1.));
#12341=DIRECTION('ref_axis',(-1.,0.,0.));
#12342=DIRECTION('center_axis',(0.,0.,1.));
#12343=DIRECTION('ref_axis',(1.,0.,0.));
#12344=DIRECTION('center_axis',(0.,0.,-1.));
#12345=DIRECTION('ref_axis',(1.,0.,0.));
#12346=DIRECTION('',(0.,0.,1.));
#12347=DIRECTION('center_axis',(0.,0.,1.));
#12348=DIRECTION('ref_axis',(1.,0.,0.));
#12349=DIRECTION('',(0.,0.,1.));
#12350=DIRECTION('center_axis',(0.,0.,1.));
#12351=DIRECTION('ref_axis',(-1.,0.,0.));
#12352=DIRECTION('center_axis',(0.,0.,1.));
#12353=DIRECTION('ref_axis',(-1.,0.,0.));
#12354=DIRECTION('center_axis',(0.,0.,1.));
#12355=DIRECTION('ref_axis',(-1.,0.,0.));
#12356=DIRECTION('center_axis',(0.,0.,1.));
#12357=DIRECTION('ref_axis',(-1.,0.,0.));
#12358=DIRECTION('center_axis',(0.,0.,1.));
#12359=DIRECTION('ref_axis',(-1.,0.,0.));
#12360=DIRECTION('center_axis',(0.,0.,1.));
#12361=DIRECTION('ref_axis',(1.,0.,0.));
#12362=DIRECTION('center_axis',(0.,0.,-1.));
#12363=DIRECTION('ref_axis',(1.,0.,0.));
#12364=DIRECTION('',(0.,0.,1.));
#12365=DIRECTION('center_axis',(0.,0.,-1.));
#12366=DIRECTION('ref_axis',(1.,0.,0.));
#12367=DIRECTION('',(0.,0.,1.));
#12368=DIRECTION('center_axis',(0.,0.,1.));
#12369=DIRECTION('ref_axis',(-1.,0.,0.));
#12370=DIRECTION('center_axis',(0.,0.,-1.));
#12371=DIRECTION('ref_axis',(-1.,0.,0.));
#12372=DIRECTION('center_axis',(0.,0.,-1.));
#12373=DIRECTION('ref_axis',(-1.,0.,0.));
#12374=DIRECTION('center_axis',(0.,0.,1.));
#12375=DIRECTION('ref_axis',(1.,0.,0.));
#12376=DIRECTION('center_axis',(0.,0.,1.));
#12377=DIRECTION('ref_axis',(1.,0.,0.));
#12378=DIRECTION('',(0.,0.,-1.));
#12379=DIRECTION('center_axis',(0.,0.,-1.));
#12380=DIRECTION('ref_axis',(1.,0.,0.));
#12381=DIRECTION('center_axis',(0.,0.,1.));
#12382=DIRECTION('ref_axis',(-1.,0.,0.));
#12383=DIRECTION('center_axis',(0.,0.,1.));
#12384=DIRECTION('ref_axis',(-1.,0.,0.));
#12385=DIRECTION('center_axis',(0.,0.,1.));
#12386=DIRECTION('ref_axis',(1.,0.,0.));
#12387=DIRECTION('center_axis',(0.,0.,-1.));
#12388=DIRECTION('ref_axis',(1.,0.,0.));
#12389=DIRECTION('',(0.,0.,1.));
#12390=DIRECTION('center_axis',(0.,0.,-1.));
#12391=DIRECTION('ref_axis',(1.,0.,0.));
#12392=DIRECTION('',(0.,0.,1.));
#12393=DIRECTION('center_axis',(0.,0.,1.));
#12394=DIRECTION('ref_axis',(-1.,0.,0.));
#12395=DIRECTION('center_axis',(0.,0.,-1.));
#12396=DIRECTION('ref_axis',(-1.,0.,0.));
#12397=DIRECTION('center_axis',(0.,0.,-1.));
#12398=DIRECTION('ref_axis',(-1.,0.,0.));
#12399=DIRECTION('center_axis',(0.,0.,1.));
#12400=DIRECTION('ref_axis',(1.,0.,0.));
#12401=DIRECTION('center_axis',(0.,0.,1.));
#12402=DIRECTION('ref_axis',(1.,0.,0.));
#12403=DIRECTION('',(0.,0.,-1.));
#12404=DIRECTION('center_axis',(0.,0.,-1.));
#12405=DIRECTION('ref_axis',(1.,0.,0.));
#12406=DIRECTION('center_axis',(0.,0.,1.));
#12407=DIRECTION('ref_axis',(-1.,0.,0.));
#12408=DIRECTION('center_axis',(0.,0.,1.));
#12409=DIRECTION('ref_axis',(-1.,0.,0.));
#12410=DIRECTION('center_axis',(0.,0.,1.));
#12411=DIRECTION('ref_axis',(-0.927749073662397,-0.373204577033246,0.));
#12412=DIRECTION('center_axis',(0.,0.,-1.));
#12413=DIRECTION('ref_axis',(1.,0.,0.));
#12414=DIRECTION('',(0.,0.,1.));
#12415=DIRECTION('center_axis',(0.,0.,-1.));
#12416=DIRECTION('ref_axis',(1.,0.,0.));
#12417=DIRECTION('',(0.,0.,1.));
#12418=DIRECTION('center_axis',(0.,0.,1.));
#12419=DIRECTION('ref_axis',(0.927749073662417,0.373204577033196,0.));
#12420=DIRECTION('center_axis',(0.,0.,-1.));
#12421=DIRECTION('ref_axis',(-1.,0.,0.));
#12422=DIRECTION('center_axis',(0.,0.,-1.));
#12423=DIRECTION('ref_axis',(-1.,0.,0.));
#12424=DIRECTION('center_axis',(0.,0.,1.));
#12425=DIRECTION('ref_axis',(1.,0.,0.));
#12426=DIRECTION('center_axis',(0.,0.,1.));
#12427=DIRECTION('ref_axis',(1.,0.,0.));
#12428=DIRECTION('',(0.,0.,-1.));
#12429=DIRECTION('center_axis',(0.,0.,-1.));
#12430=DIRECTION('ref_axis',(1.,0.,0.));
#12431=DIRECTION('center_axis',(0.,0.,1.));
#12432=DIRECTION('ref_axis',(-1.,0.,0.));
#12433=DIRECTION('center_axis',(0.,0.,1.));
#12434=DIRECTION('ref_axis',(-1.,0.,0.));
#12435=DIRECTION('center_axis',(0.,0.,1.));
#12436=DIRECTION('ref_axis',(-0.669733084591222,0.742601909103341,0.));
#12437=DIRECTION('center_axis',(0.,0.,-1.));
#12438=DIRECTION('ref_axis',(1.,0.,0.));
#12439=DIRECTION('',(0.,0.,1.));
#12440=DIRECTION('center_axis',(0.,0.,-1.));
#12441=DIRECTION('ref_axis',(1.,0.,0.));
#12442=DIRECTION('',(0.,0.,1.));
#12443=DIRECTION('center_axis',(0.,0.,1.));
#12444=DIRECTION('ref_axis',(0.669733084591205,-0.742601909103357,0.));
#12445=DIRECTION('center_axis',(0.,0.,-1.));
#12446=DIRECTION('ref_axis',(-1.,0.,0.));
#12447=DIRECTION('center_axis',(0.,0.,-1.));
#12448=DIRECTION('ref_axis',(-1.,0.,0.));
#12449=DIRECTION('center_axis',(0.,0.,1.));
#12450=DIRECTION('ref_axis',(1.,0.,0.));
#12451=DIRECTION('center_axis',(0.,0.,1.));
#12452=DIRECTION('ref_axis',(1.,0.,0.));
#12453=DIRECTION('',(0.,0.,-1.));
#12454=DIRECTION('center_axis',(0.,0.,-1.));
#12455=DIRECTION('ref_axis',(1.,0.,0.));
#12456=DIRECTION('center_axis',(0.,0.,1.));
#12457=DIRECTION('ref_axis',(-1.,0.,0.));
#12458=DIRECTION('center_axis',(0.,0.,1.));
#12459=DIRECTION('ref_axis',(-1.,0.,0.));
#12460=DIRECTION('center_axis',(1.,0.,0.));
#12461=DIRECTION('ref_axis',(0.,-1.,0.));
#12462=DIRECTION('',(0.,1.,0.));
#12463=DIRECTION('',(0.,0.,-1.));
#12464=DIRECTION('',(0.,-1.,0.));
#12465=DIRECTION('',(0.,0.,-1.));
#12466=DIRECTION('center_axis',(-0.00175203276390972,0.999998465189419,
0.));
#12467=DIRECTION('ref_axis',(0.999998465189419,0.00175203276390972,0.));
#12468=DIRECTION('',(-0.999998465189419,-0.00175203276390972,0.));
#12469=DIRECTION('',(0.999998465189419,0.00175203276390972,0.));
#12470=DIRECTION('',(0.,0.,-1.));
#12471=DIRECTION('center_axis',(-1.,5.44087379169663E-15,0.));
#12472=DIRECTION('ref_axis',(5.44087379169663E-15,1.,0.));
#12473=DIRECTION('',(-5.44087379169663E-15,-1.,0.));
#12474=DIRECTION('',(5.44087379169663E-15,1.,0.));
#12475=DIRECTION('',(0.,0.,-1.));
#12476=DIRECTION('center_axis',(0.,1.,0.));
#12477=DIRECTION('ref_axis',(1.,0.,0.));
#12478=DIRECTION('',(-1.,0.,0.));
#12479=DIRECTION('',(1.,0.,0.));
#12480=DIRECTION('',(0.,0.,-1.));
#12481=DIRECTION('center_axis',(-1.,0.,0.));
#12482=DIRECTION('ref_axis',(0.,1.,0.));
#12483=DIRECTION('',(0.,-1.,0.));
#12484=DIRECTION('',(0.,1.,0.));
#12485=DIRECTION('',(0.,0.,-1.));
#12486=DIRECTION('center_axis',(0.,1.,0.));
#12487=DIRECTION('ref_axis',(1.,0.,0.));
#12488=DIRECTION('',(-1.,0.,0.));
#12489=DIRECTION('',(1.,0.,0.));
#12490=DIRECTION('',(0.,0.,-1.));
#12491=DIRECTION('center_axis',(1.,0.,0.));
#12492=DIRECTION('ref_axis',(0.,-1.,0.));
#12493=DIRECTION('',(0.,1.,0.));
#12494=DIRECTION('',(0.,-1.,0.));
#12495=DIRECTION('',(0.,0.,-1.));
#12496=DIRECTION('center_axis',(0.,-1.,0.));
#12497=DIRECTION('ref_axis',(-1.,0.,0.));
#12498=DIRECTION('',(1.,0.,0.));
#12499=DIRECTION('',(-1.,0.,0.));
#12500=DIRECTION('',(0.,0.,-1.));
#12501=DIRECTION('center_axis',(1.,0.,0.));
#12502=DIRECTION('ref_axis',(0.,-1.,0.));
#12503=DIRECTION('',(0.,1.,0.));
#12504=DIRECTION('',(0.,-1.,0.));
#12505=DIRECTION('',(0.,0.,-1.));
#12506=DIRECTION('center_axis',(0.,-1.,0.));
#12507=DIRECTION('ref_axis',(-1.,0.,0.));
#12508=DIRECTION('',(1.,0.,0.));
#12509=DIRECTION('',(-1.,0.,0.));
#12510=DIRECTION('',(0.,0.,-1.));
#12511=DIRECTION('center_axis',(1.,0.,0.));
#12512=DIRECTION('ref_axis',(0.,-1.,0.));
#12513=DIRECTION('',(0.,1.,0.));
#12514=DIRECTION('',(0.,-1.,0.));
#12515=DIRECTION('',(0.,0.,-1.));
#12516=DIRECTION('center_axis',(0.,-1.,0.));
#12517=DIRECTION('ref_axis',(-1.,0.,0.));
#12518=DIRECTION('',(1.,0.,0.));
#12519=DIRECTION('',(-1.,0.,0.));
#12520=DIRECTION('',(0.,0.,-1.));
#12521=DIRECTION('center_axis',(-1.,0.,0.));
#12522=DIRECTION('ref_axis',(0.,1.,0.));
#12523=DIRECTION('',(0.,-1.,0.));
#12524=DIRECTION('',(0.,1.,0.));
#12525=DIRECTION('',(0.,0.,-1.));
#12526=DIRECTION('center_axis',(3.10675968599205E-16,-1.,0.));
#12527=DIRECTION('ref_axis',(-1.,-3.10675968599205E-16,0.));
#12528=DIRECTION('',(1.,3.10675968599205E-16,0.));
#12529=DIRECTION('',(-1.,-3.10675968599205E-16,0.));
#12530=DIRECTION('',(0.,0.,-1.));
#12531=DIRECTION('center_axis',(-1.,0.,0.));
#12532=DIRECTION('ref_axis',(0.,1.,0.));
#12533=DIRECTION('',(0.,-1.,0.));
#12534=DIRECTION('',(0.,1.,0.));
#12535=DIRECTION('',(0.,0.,-1.));
#12536=DIRECTION('center_axis',(0.,-1.,0.));
#12537=DIRECTION('ref_axis',(-1.,0.,0.));
#12538=DIRECTION('',(1.,0.,0.));
#12539=DIRECTION('',(-1.,0.,0.));
#12540=DIRECTION('',(0.,0.,-1.));
#12541=DIRECTION('center_axis',(-1.,-4.73087737840788E-15,0.));
#12542=DIRECTION('ref_axis',(-4.73087737840788E-15,1.,0.));
#12543=DIRECTION('',(4.73087737840788E-15,-1.,0.));
#12544=DIRECTION('',(-4.73087737840788E-15,1.,0.));
#12545=DIRECTION('',(0.,0.,-1.));
#12546=DIRECTION('center_axis',(0.,-1.,0.));
#12547=DIRECTION('ref_axis',(-1.,0.,0.));
#12548=DIRECTION('',(1.,0.,0.));
#12549=DIRECTION('',(-1.,0.,0.));
#12550=DIRECTION('',(0.,0.,-1.));
#12551=DIRECTION('center_axis',(-0.838359390911088,-0.54511790621038,0.));
#12552=DIRECTION('ref_axis',(-0.54511790621038,0.838359390911089,0.));
#12553=DIRECTION('',(0.54511790621038,-0.838359390911089,0.));
#12554=DIRECTION('',(-0.54511790621038,0.838359390911089,0.));
#12555=DIRECTION('',(0.,0.,-1.));
#12556=DIRECTION('center_axis',(0.,-1.,0.));
#12557=DIRECTION('ref_axis',(-1.,0.,0.));
#12558=DIRECTION('',(1.,0.,0.));
#12559=DIRECTION('',(-1.,0.,0.));
#12560=DIRECTION('',(0.,0.,-1.));
#12561=DIRECTION('center_axis',(-1.98364257777034E-5,-0.999999999803258,
0.));
#12562=DIRECTION('ref_axis',(-0.999999999803258,1.98364257777034E-5,0.));
#12563=DIRECTION('',(0.999999999803258,-1.98364257777034E-5,0.));
#12564=DIRECTION('',(-0.999999999803258,1.98364257777034E-5,0.));
#12565=DIRECTION('',(0.,0.,-1.));
#12566=DIRECTION('center_axis',(-0.999999562491143,0.000935423712596856,
0.));
#12567=DIRECTION('ref_axis',(0.000935423712596856,0.999999562491143,0.));
#12568=DIRECTION('',(-0.000935423712596856,-0.999999562491143,0.));
#12569=DIRECTION('',(0.000935423712596856,0.999999562491143,0.));
#12570=DIRECTION('',(0.,0.,-1.));
#12571=DIRECTION('center_axis',(0.,1.,0.));
#12572=DIRECTION('ref_axis',(1.,0.,0.));
#12573=DIRECTION('',(-1.,0.,0.));
#12574=DIRECTION('',(1.,0.,0.));
#12575=DIRECTION('center_axis',(1.,0.,0.));
#12576=DIRECTION('ref_axis',(0.,-1.,0.));
#12577=DIRECTION('',(0.,1.,0.));
#12578=DIRECTION('',(0.,0.,-1.));
#12579=DIRECTION('',(0.,-1.,0.));
#12580=DIRECTION('',(0.,0.,-1.));
#12581=DIRECTION('center_axis',(0.999999562491143,-0.000935423712596856,
0.));
#12582=DIRECTION('ref_axis',(-0.000935423712596856,-0.999999562491143,0.));
#12583=DIRECTION('',(0.000935423712596856,0.999999562491143,0.));
#12584=DIRECTION('',(-0.000935423712596856,-0.999999562491143,0.));
#12585=DIRECTION('',(0.,0.,-1.));
#12586=DIRECTION('center_axis',(1.,0.,0.));
#12587=DIRECTION('ref_axis',(0.,-1.,0.));
#12588=DIRECTION('',(0.,-1.,0.));
#12589=DIRECTION('',(0.,-1.,0.));
#12590=DIRECTION('',(0.,0.,-1.));
#12591=DIRECTION('center_axis',(0.000935423712598696,0.999999562491143,
0.));
#12592=DIRECTION('ref_axis',(0.999999562491143,-0.000935423712598695,0.));
#12593=DIRECTION('',(0.999999562491143,-0.000935423712598695,0.));
#12594=DIRECTION('',(0.999999562491143,-0.000935423712598695,0.));
#12595=DIRECTION('',(0.,0.,-1.));
#12596=DIRECTION('center_axis',(1.98364257777034E-5,0.999999999803258,0.));
#12597=DIRECTION('ref_axis',(0.999999999803258,-1.98364257777034E-5,0.));
#12598=DIRECTION('',(0.999999999803258,-1.98364257777034E-5,0.));
#12599=DIRECTION('',(0.999999999803258,-1.98364257777034E-5,0.));
#12600=DIRECTION('',(0.,0.,-1.));
#12601=DIRECTION('center_axis',(1.02391165422356E-15,1.,0.));
#12602=DIRECTION('ref_axis',(1.,-1.02391165422356E-15,0.));
#12603=DIRECTION('',(1.,-1.02391165422356E-15,0.));
#12604=DIRECTION('',(1.,-1.02391165422356E-15,0.));
#12605=DIRECTION('',(0.,0.,-1.));
#12606=DIRECTION('center_axis',(0.838359390911088,0.54511790621038,0.));
#12607=DIRECTION('ref_axis',(0.54511790621038,-0.838359390911089,0.));
#12608=DIRECTION('',(0.54511790621038,-0.838359390911089,0.));
#12609=DIRECTION('',(0.54511790621038,-0.838359390911089,0.));
#12610=DIRECTION('',(0.,0.,-1.));
#12611=DIRECTION('center_axis',(-8.03629753667885E-16,1.,0.));
#12612=DIRECTION('ref_axis',(1.,8.03629753667885E-16,0.));
#12613=DIRECTION('',(1.,8.03629753667885E-16,0.));
#12614=DIRECTION('',(1.,8.03629753667885E-16,0.));
#12615=DIRECTION('',(0.,0.,-1.));
#12616=DIRECTION('center_axis',(1.,4.73087737840788E-15,0.));
#12617=DIRECTION('ref_axis',(4.73087737840788E-15,-1.,0.));
#12618=DIRECTION('',(4.73087737840788E-15,-1.,0.));
#12619=DIRECTION('',(4.73087737840788E-15,-1.,0.));
#12620=DIRECTION('',(0.,0.,-1.));
#12621=DIRECTION('center_axis',(0.,1.,0.));
#12622=DIRECTION('ref_axis',(1.,0.,0.));
#12623=DIRECTION('',(1.,0.,0.));
#12624=DIRECTION('',(1.,0.,0.));
#12625=DIRECTION('',(0.,0.,-1.));
#12626=DIRECTION('center_axis',(1.,0.,0.));
#12627=DIRECTION('ref_axis',(0.,-1.,0.));
#12628=DIRECTION('',(0.,-1.,0.));
#12629=DIRECTION('',(0.,-1.,0.));
#12630=DIRECTION('',(0.,0.,-1.));
#12631=DIRECTION('center_axis',(-2.42747454380169E-16,1.,0.));
#12632=DIRECTION('ref_axis',(1.,2.42747454380169E-16,0.));
#12633=DIRECTION('',(1.,2.42747454380169E-16,0.));
#12634=DIRECTION('',(1.,2.42747454380169E-16,0.));
#12635=DIRECTION('',(0.,0.,-1.));
#12636=DIRECTION('center_axis',(-1.,0.,0.));
#12637=DIRECTION('ref_axis',(0.,1.,0.));
#12638=DIRECTION('',(0.,1.,0.));
#12639=DIRECTION('',(0.,1.,0.));
#12640=DIRECTION('',(0.,0.,-1.));
#12641=DIRECTION('center_axis',(0.,1.,0.));
#12642=DIRECTION('ref_axis',(1.,0.,0.));
#12643=DIRECTION('',(1.,0.,0.));
#12644=DIRECTION('',(1.,0.,0.));
#12645=DIRECTION('',(0.,0.,-1.));
#12646=DIRECTION('center_axis',(-1.,0.,0.));
#12647=DIRECTION('ref_axis',(0.,1.,0.));
#12648=DIRECTION('',(0.,1.,0.));
#12649=DIRECTION('',(0.,1.,0.));
#12650=DIRECTION('',(0.,0.,-1.));
#12651=DIRECTION('center_axis',(0.,1.,0.));
#12652=DIRECTION('ref_axis',(1.,0.,0.));
#12653=DIRECTION('',(1.,0.,0.));
#12654=DIRECTION('',(1.,0.,0.));
#12655=DIRECTION('',(0.,0.,-1.));
#12656=DIRECTION('center_axis',(-1.,-7.64717599860695E-17,0.));
#12657=DIRECTION('ref_axis',(-7.64717599860695E-17,1.,0.));
#12658=DIRECTION('',(7.64717599860695E-17,-1.,0.));
#12659=DIRECTION('',(-7.64717599860695E-17,1.,0.));
#12660=DIRECTION('',(0.,0.,-1.));
#12661=DIRECTION('center_axis',(-3.37079955005478E-15,-1.,0.));
#12662=DIRECTION('ref_axis',(-1.,3.37079955005478E-15,0.));
#12663=DIRECTION('',(-1.,3.37079955005478E-15,0.));
#12664=DIRECTION('',(-1.,3.37079955005478E-15,0.));
#12665=DIRECTION('',(0.,0.,-1.));
#12666=DIRECTION('center_axis',(1.,-1.0870091323191E-14,0.));
#12667=DIRECTION('ref_axis',(-1.0870091323191E-14,-1.,0.));
#12668=DIRECTION('',(-1.0870091323191E-14,-1.,0.));
#12669=DIRECTION('',(-1.0870091323191E-14,-1.,0.));
#12670=DIRECTION('',(0.,0.,-1.));
#12671=DIRECTION('center_axis',(0.00175201391502266,-0.999998465222443,
0.));
#12672=DIRECTION('ref_axis',(-0.999998465222443,-0.00175201391502266,0.));
#12673=DIRECTION('',(-0.999998465222443,-0.00175201391502266,0.));
#12674=DIRECTION('',(-0.999998465222443,-0.00175201391502266,0.));
#12675=DIRECTION('',(0.,0.,-1.));
#12676=DIRECTION('center_axis',(-1.,0.,0.));
#12677=DIRECTION('ref_axis',(0.,1.,0.));
#12678=DIRECTION('',(0.,1.,0.));
#12679=DIRECTION('',(0.,1.,0.));
#12680=DIRECTION('',(0.,0.,-1.));
#12681=DIRECTION('center_axis',(0.,-1.,0.));
#12682=DIRECTION('ref_axis',(-1.,0.,0.));
#12683=DIRECTION('',(1.,0.,0.));
#12684=DIRECTION('',(-1.,0.,0.));
#12685=DIRECTION('center_axis',(0.,0.,1.));
#12686=DIRECTION('ref_axis',(-1.,0.,0.));
#12687=DIRECTION('center_axis',(0.,0.,-1.));
#12688=DIRECTION('ref_axis',(-1.,0.,0.));
#12689=DIRECTION('center_axis',(0.,0.,1.));
#12690=DIRECTION('ref_axis',(1.,0.,0.));
#12691=DIRECTION('center_axis',(0.,0.,-1.));
#12692=DIRECTION('ref_axis',(1.,0.,0.));
#12693=DIRECTION('',(0.,0.,-1.));
#12694=DIRECTION('center_axis',(0.,0.,-1.));
#12695=DIRECTION('ref_axis',(1.,0.,0.));
#12696=DIRECTION('center_axis',(0.,0.,1.));
#12697=DIRECTION('ref_axis',(1.,0.,0.));
#12698=DIRECTION('center_axis',(0.,0.,-1.));
#12699=DIRECTION('ref_axis',(1.,0.,0.));
#12700=DIRECTION('',(0.,0.,-1.));
#12701=DIRECTION('center_axis',(0.,0.,-1.));
#12702=DIRECTION('ref_axis',(1.,0.,0.));
#12703=DIRECTION('center_axis',(0.,0.,1.));
#12704=DIRECTION('ref_axis',(1.,0.,0.));
#12705=DIRECTION('center_axis',(0.,0.,-1.));
#12706=DIRECTION('ref_axis',(1.,0.,0.));
#12707=DIRECTION('',(0.,0.,-1.));
#12708=DIRECTION('center_axis',(0.,0.,-1.));
#12709=DIRECTION('ref_axis',(1.,0.,0.));
#12710=DIRECTION('center_axis',(0.,0.,1.));
#12711=DIRECTION('ref_axis',(1.,0.,0.));
#12712=DIRECTION('center_axis',(0.,0.,-1.));
#12713=DIRECTION('ref_axis',(1.,0.,0.));
#12714=DIRECTION('',(0.,0.,-1.));
#12715=DIRECTION('center_axis',(0.,0.,-1.));
#12716=DIRECTION('ref_axis',(1.,0.,0.));
#12717=DIRECTION('center_axis',(0.,1.,0.));
#12718=DIRECTION('ref_axis',(-1.,0.,0.));
#12719=DIRECTION('',(1.,0.,0.));
#12720=DIRECTION('',(0.,0.,1.));
#12721=DIRECTION('',(-1.,0.,0.));
#12722=DIRECTION('',(0.,0.,1.));
#12723=DIRECTION('center_axis',(-1.,0.,0.));
#12724=DIRECTION('ref_axis',(0.,-1.,0.));
#12725=DIRECTION('',(0.,1.,0.));
#12726=DIRECTION('',(0.,-1.,0.));
#12727=DIRECTION('',(0.,0.,1.));
#12728=DIRECTION('center_axis',(0.,1.,0.));
#12729=DIRECTION('ref_axis',(-1.,0.,0.));
#12730=DIRECTION('',(1.,0.,0.));
#12731=DIRECTION('',(-1.,0.,0.));
#12732=DIRECTION('',(0.,0.,1.));
#12733=DIRECTION('center_axis',(-1.,0.,0.));
#12734=DIRECTION('ref_axis',(0.,-1.,0.));
#12735=DIRECTION('',(0.,1.,0.));
#12736=DIRECTION('',(0.,-1.,0.));
#12737=DIRECTION('',(0.,0.,1.));
#12738=DIRECTION('center_axis',(-2.42747454380169E-16,1.,0.));
#12739=DIRECTION('ref_axis',(-1.,-2.42747454380169E-16,0.));
#12740=DIRECTION('',(1.,2.42747454380169E-16,0.));
#12741=DIRECTION('',(-1.,-2.42747454380169E-16,0.));
#12742=DIRECTION('',(0.,0.,1.));
#12743=DIRECTION('center_axis',(1.,0.,0.));
#12744=DIRECTION('ref_axis',(0.,1.,0.));
#12745=DIRECTION('',(0.,-1.,0.));
#12746=DIRECTION('',(0.,1.,0.));
#12747=DIRECTION('',(0.,0.,1.));
#12748=DIRECTION('center_axis',(0.,1.,0.));
#12749=DIRECTION('ref_axis',(-1.,0.,0.));
#12750=DIRECTION('',(1.,0.,0.));
#12751=DIRECTION('',(-1.,0.,0.));
#12752=DIRECTION('',(0.,0.,1.));
#12753=DIRECTION('center_axis',(1.,4.73087737840788E-15,0.));
#12754=DIRECTION('ref_axis',(-4.73087737840788E-15,1.,0.));
#12755=DIRECTION('',(4.73087737840788E-15,-1.,0.));
#12756=DIRECTION('',(-4.73087737840788E-15,1.,0.));
#12757=DIRECTION('',(0.,0.,1.));
#12758=DIRECTION('center_axis',(-8.03629753667885E-16,1.,0.));
#12759=DIRECTION('ref_axis',(-1.,-8.03629753667885E-16,0.));
#12760=DIRECTION('',(1.,8.03629753667885E-16,0.));
#12761=DIRECTION('',(-1.,-8.03629753667885E-16,0.));
#12762=DIRECTION('',(0.,0.,1.));
#12763=DIRECTION('center_axis',(0.838359390911088,0.54511790621038,0.));
#12764=DIRECTION('ref_axis',(-0.54511790621038,0.838359390911089,0.));
#12765=DIRECTION('',(0.54511790621038,-0.838359390911089,0.));
#12766=DIRECTION('',(-0.54511790621038,0.838359390911089,0.));
#12767=DIRECTION('',(0.,0.,1.));
#12768=DIRECTION('center_axis',(1.02391165422356E-15,1.,0.));
#12769=DIRECTION('ref_axis',(-1.,1.02391165422356E-15,0.));
#12770=DIRECTION('',(1.,-1.02391165422356E-15,0.));
#12771=DIRECTION('',(-1.,1.02391165422356E-15,0.));
#12772=DIRECTION('',(0.,0.,1.));
#12773=DIRECTION('center_axis',(1.98364257777034E-5,0.999999999803258,0.));
#12774=DIRECTION('ref_axis',(-0.999999999803258,1.98364257777034E-5,0.));
#12775=DIRECTION('',(0.999999999803258,-1.98364257777034E-5,0.));
#12776=DIRECTION('',(-0.999999999803258,1.98364257777034E-5,0.));
#12777=DIRECTION('',(0.,0.,1.));
#12778=DIRECTION('center_axis',(0.000935423712598696,0.999999562491143,
0.));
#12779=DIRECTION('ref_axis',(-0.999999562491143,0.000935423712598695,0.));
#12780=DIRECTION('',(0.999999562491143,-0.000935423712598695,0.));
#12781=DIRECTION('',(-0.999999562491143,0.000935423712598695,0.));
#12782=DIRECTION('',(0.,0.,1.));
#12783=DIRECTION('center_axis',(1.,0.,0.));
#12784=DIRECTION('ref_axis',(0.,1.,0.));
#12785=DIRECTION('',(0.,-1.,0.));
#12786=DIRECTION('',(0.,1.,0.));
#12787=DIRECTION('',(0.,0.,1.));
#12788=DIRECTION('center_axis',(0.999999562491143,-0.000935423712596856,
0.));
#12789=DIRECTION('ref_axis',(0.000935423712596856,0.999999562491143,0.));
#12790=DIRECTION('',(0.000935423712596856,0.999999562491143,0.));
#12791=DIRECTION('',(0.000935423712596856,0.999999562491143,0.));
#12792=DIRECTION('',(0.,0.,1.));
#12793=DIRECTION('center_axis',(1.,0.,0.));
#12794=DIRECTION('ref_axis',(0.,1.,0.));
#12795=DIRECTION('',(0.,1.,0.));
#12796=DIRECTION('',(0.,1.,0.));
#12797=DIRECTION('',(0.,0.,1.));
#12798=DIRECTION('center_axis',(0.,-1.,0.));
#12799=DIRECTION('ref_axis',(1.,0.,0.));
#12800=DIRECTION('',(-1.,0.,0.));
#12801=DIRECTION('',(1.,0.,0.));
#12802=DIRECTION('',(0.,0.,1.));
#12803=DIRECTION('center_axis',(-1.,0.,0.));
#12804=DIRECTION('ref_axis',(0.,-1.,0.));
#12805=DIRECTION('',(0.,1.,0.));
#12806=DIRECTION('',(0.,-1.,0.));
#12807=DIRECTION('',(0.,0.,1.));
#12808=DIRECTION('center_axis',(0.00175201391502266,-0.999998465222443,
0.));
#12809=DIRECTION('ref_axis',(0.999998465222443,0.00175201391502266,0.));
#12810=DIRECTION('',(-0.999998465222443,-0.00175201391502266,0.));
#12811=DIRECTION('',(0.999998465222443,0.00175201391502266,0.));
#12812=DIRECTION('',(0.,0.,1.));
#12813=DIRECTION('center_axis',(1.,-1.0870091323191E-14,0.));
#12814=DIRECTION('ref_axis',(1.0870091323191E-14,1.,0.));
#12815=DIRECTION('',(-1.0870091323191E-14,-1.,0.));
#12816=DIRECTION('',(1.0870091323191E-14,1.,0.));
#12817=DIRECTION('',(0.,0.,1.));
#12818=DIRECTION('center_axis',(-3.37079955005478E-15,-1.,0.));
#12819=DIRECTION('ref_axis',(1.,-3.37079955005478E-15,0.));
#12820=DIRECTION('',(-1.,3.37079955005478E-15,0.));
#12821=DIRECTION('',(1.,-3.37079955005478E-15,0.));
#12822=DIRECTION('',(0.,0.,1.));
#12823=DIRECTION('center_axis',(-1.,-1.52943519972139E-16,0.));
#12824=DIRECTION('ref_axis',(1.52943519972139E-16,-1.,0.));
#12825=DIRECTION('',(1.52943519972139E-16,-1.,0.));
#12826=DIRECTION('',(1.52943519972139E-16,-1.,0.));
#12827=DIRECTION('center_axis',(0.,0.,1.));
#12828=DIRECTION('ref_axis',(-1.,0.,0.));
#12829=DIRECTION('center_axis',(0.,0.,1.));
#12830=DIRECTION('ref_axis',(-1.,0.,0.));
#12831=DIRECTION('center_axis',(0.707106781186551,0.,-0.707106781186544));
#12832=DIRECTION('ref_axis',(-0.707106781186544,0.,-0.707106781186551));
#12833=DIRECTION('',(0.707106742515871,0.000330722207146005,0.707106742515878));
#12834=DIRECTION('',(0.,1.,0.));
#12835=DIRECTION('',(-0.577350269189624,-0.577350269189624,-0.57735026918963));
#12836=DIRECTION('',(0.,-1.,0.));
#12837=DIRECTION('center_axis',(0.707106471821069,0.000661444450459934,
-0.707106781186547));
#12838=DIRECTION('ref_axis',(-0.707106935869303,0.,-0.707106626503758));
#12839=DIRECTION('',(0.707106742515803,0.000330722351841531,0.707106742515877));
#12840=DIRECTION('',(-0.000935423712596856,0.999999562491143,0.));
#12841=DIRECTION('',(0.000935423712596856,-0.999999562491143,0.));
#12842=DIRECTION('center_axis',(0.707106781186551,0.,-0.707106781186544));
#12843=DIRECTION('ref_axis',(-0.707106781186544,0.,-0.707106781186551));
#12844=DIRECTION('',(0.,-1.,0.));
#12845=DIRECTION('',(0.577530207412178,-0.57699022439976,0.577530207412184));
#12846=DIRECTION('',(0.,1.,0.));
#12847=DIRECTION('center_axis',(0.,0.,-1.));
#12848=DIRECTION('ref_axis',(1.,0.,0.));
#12849=DIRECTION('',(1.,0.,0.));
#12850=DIRECTION('',(0.,1.,0.));
#12851=DIRECTION('',(0.999998465222443,-0.00175201391502266,0.));
#12852=DIRECTION('',(1.0870091323191E-14,-1.,0.));
#12853=DIRECTION('',(1.,3.37079955005478E-15,0.));
#12854=DIRECTION('',(7.64717599860695E-17,1.,0.));
#12855=DIRECTION('',(-1.,0.,0.));
#12856=DIRECTION('',(0.,1.,0.));
#12857=DIRECTION('',(-1.,0.,0.));
#12858=DIRECTION('',(0.,1.,0.));
#12859=DIRECTION('',(-1.,2.42747454380169E-16,0.));
#12860=DIRECTION('',(0.,-1.,0.));
#12861=DIRECTION('',(-1.,0.,0.));
#12862=DIRECTION('',(-4.73087737840788E-15,-1.,0.));
#12863=DIRECTION('',(-1.,8.03629753667885E-16,0.));
#12864=DIRECTION('',(-0.54511790621038,-0.838359390911089,0.));
#12865=DIRECTION('',(-1.,-1.02391165422356E-15,0.));
#12866=DIRECTION('',(-0.999999999803258,-1.98364257777034E-5,0.));
#12867=DIRECTION('',(-0.999999562491143,-0.000935423712598695,0.));
#12868=DIRECTION('',(-2.53777851557768E-15,-1.,0.));
#12869=DIRECTION('',(-1.,0.,0.));
#12870=DIRECTION('',(0.,1.,0.));
#12871=DIRECTION('',(1.,0.,0.));
#12872=DIRECTION('',(0.,-1.,0.));
#12873=DIRECTION('',(-1.,0.,0.));
#12874=DIRECTION('',(0.,1.,0.));
#12875=DIRECTION('',(1.,1.26888925778884E-15,0.));
#12876=DIRECTION('',(0.,-1.,0.));
#12877=DIRECTION('',(-1.,0.,0.));
#12878=DIRECTION('',(-6.3444462889442E-16,1.,0.));
#12879=DIRECTION('',(1.,0.,0.));
#12880=DIRECTION('center_axis',(0.,0.,1.));
#12881=DIRECTION('ref_axis',(1.,0.,0.));
#12882=DIRECTION('center_axis',(0.,0.,1.));
#12883=DIRECTION('ref_axis',(-1.,0.,0.));
#12884=DIRECTION('',(0.,-1.,0.));
#12885=DIRECTION('',(-1.,0.,0.));
#12886=DIRECTION('',(0.,1.,0.));
#12887=DIRECTION('',(1.,-2.53777851557768E-15,0.));
#12888=DIRECTION('center_axis',(0.,0.,1.));
#12889=DIRECTION('ref_axis',(1.,0.,0.));
#12890=DIRECTION('center_axis',(0.,0.,1.));
#12891=DIRECTION('ref_axis',(-1.,0.,0.));
#12892=DIRECTION('',(0.,-1.,0.));
#12893=DIRECTION('',(-1.,0.,0.));
#12894=DIRECTION('',(0.,1.,0.));
#12895=DIRECTION('',(1.,0.,0.));
#12896=DIRECTION('',(-6.34444974639493E-16,-1.,0.));
#12897=DIRECTION('',(-1.,0.,0.));
#12898=DIRECTION('',(6.34444974639493E-16,1.,0.));
#12899=DIRECTION('',(1.,0.,0.));
#12900=DIRECTION('',(1.26888925778884E-15,-1.,0.));
#12901=DIRECTION('',(-1.,0.,0.));
#12902=DIRECTION('',(-1.26888925778884E-15,1.,0.));
#12903=DIRECTION('',(1.,1.26888925778884E-15,0.));
#12904=DIRECTION('',(0.,-1.,0.));
#12905=DIRECTION('',(-1.,0.,0.));
#12906=DIRECTION('',(0.,1.,0.));
#12907=DIRECTION('',(1.,1.26888925778884E-15,0.));
#12908=DIRECTION('',(0.,-1.,0.));
#12909=DIRECTION('',(-1.,0.,0.));
#12910=DIRECTION('',(0.,1.,0.));
#12911=DIRECTION('',(1.,6.34444628894421E-16,0.));
#12912=DIRECTION('',(0.,-1.,0.));
#12913=DIRECTION('',(-1.,0.,0.));
#12914=DIRECTION('',(0.,1.,0.));
#12915=DIRECTION('',(1.,0.,0.));
#12916=DIRECTION('center_axis',(0.,0.,1.));
#12917=DIRECTION('ref_axis',(-1.,0.,0.));
#12918=DIRECTION('',(6.3444462889442E-16,-1.,0.));
#12919=DIRECTION('',(-1.,0.,0.));
#12920=DIRECTION('',(0.,1.,0.));
#12921=DIRECTION('',(1.,1.26888925778884E-15,0.));
#12922=DIRECTION('',(6.3444462889442E-16,-1.,0.));
#12923=DIRECTION('',(-1.,0.,0.));
#12924=DIRECTION('',(0.,1.,0.));
#12925=DIRECTION('',(1.,0.,0.));
#12926=DIRECTION('center_axis',(0.,0.,1.));
#12927=DIRECTION('ref_axis',(-1.,0.,0.));
#12928=DIRECTION('',(0.,-1.,0.));
#12929=DIRECTION('',(-1.,0.,0.));
#12930=DIRECTION('',(0.,1.,0.));
#12931=DIRECTION('',(1.,0.,0.));
#12932=DIRECTION('',(0.,-1.,0.));
#12933=DIRECTION('',(-1.,0.,0.));
#12934=DIRECTION('',(0.,1.,0.));
#12935=DIRECTION('',(1.,0.,0.));
#12936=DIRECTION('',(0.,-1.,0.));
#12937=DIRECTION('',(-1.,0.,0.));
#12938=DIRECTION('',(0.,1.,0.));
#12939=DIRECTION('',(1.,0.,0.));
#12940=DIRECTION('',(1.,0.,0.));
#12941=DIRECTION('',(0.,-1.,0.));
#12942=DIRECTION('',(1.,0.,0.));
#12943=DIRECTION('',(0.,-1.,0.));
#12944=DIRECTION('',(1.,-3.10675968599205E-16,0.));
#12945=DIRECTION('',(0.,1.,0.));
#12946=DIRECTION('',(1.,0.,0.));
#12947=DIRECTION('',(0.,-1.,0.));
#12948=DIRECTION('',(-1.,3.10675968599205E-16,0.));
#12949=DIRECTION('',(0.,-1.,0.));
#12950=DIRECTION('',(-1.,0.,0.));
#12951=DIRECTION('',(0.,1.,0.));
#12952=DIRECTION('',(-1.,0.,0.));
#12953=DIRECTION('',(0.,1.,0.));
#12954=DIRECTION('',(-1.,0.,0.));
#12955=DIRECTION('',(0.,1.,0.));
#12956=DIRECTION('',(1.,0.,0.));
#12957=DIRECTION('',(0.,-1.,0.));
#12958=DIRECTION('',(1.,0.,0.));
#12959=DIRECTION('',(5.44087379169663E-15,-1.,0.));
#12960=DIRECTION('',(0.999998465189419,-0.00175203276390972,0.));
#12961=DIRECTION('',(0.,1.,0.));
#12962=DIRECTION('',(1.,0.,0.));
#12963=DIRECTION('',(0.,-1.,0.));
#12964=DIRECTION('',(-0.999998465189419,0.00175203276390972,0.));
#12965=DIRECTION('',(0.,-1.,0.));
#12966=DIRECTION('',(-0.999998465222443,0.00175201391502258,0.));
#12967=DIRECTION('',(-5.44087379169663E-15,1.,0.));
#12968=DIRECTION('',(-0.999998465189419,0.00175203276390972,0.));
#12969=DIRECTION('',(0.,1.,0.));
#12970=DIRECTION('',(-1.,0.,0.));
#12971=DIRECTION('',(-8.21287591844296E-17,-1.,0.));
#12972=DIRECTION('center_axis',(0.,0.,1.));
#12973=DIRECTION('ref_axis',(-1.,0.,0.));
#12974=DIRECTION('',(0.,-1.,0.));
#12975=DIRECTION('',(-1.,0.,0.));
#12976=DIRECTION('',(0.,1.,0.));
#12977=DIRECTION('',(1.,0.,0.));
#12978=DIRECTION('',(1.26888960353382E-15,-1.,0.));
#12979=DIRECTION('',(-1.,0.,0.));
#12980=DIRECTION('',(-1.26888960353382E-15,1.,0.));
#12981=DIRECTION('',(1.,0.,0.));
#12982=DIRECTION('',(0.,-1.,0.));
#12983=DIRECTION('',(-1.,0.,0.));
#12984=DIRECTION('',(0.,1.,0.));
#12985=DIRECTION('',(1.,0.,0.));
#12986=DIRECTION('center_axis',(0.,0.,1.));
#12987=DIRECTION('ref_axis',(-1.,0.,0.));
#12988=DIRECTION('',(0.,-1.,0.));
#12989=DIRECTION('',(-1.,0.,0.));
#12990=DIRECTION('',(0.,1.,0.));
#12991=DIRECTION('',(1.,0.,0.));
#12992=DIRECTION('',(1.26888925778884E-15,-1.,0.));
#12993=DIRECTION('',(-1.,0.,0.));
#12994=DIRECTION('',(-1.26888925778884E-15,1.,0.));
#12995=DIRECTION('',(1.,0.,0.));
#12996=DIRECTION('',(0.,-1.,0.));
#12997=DIRECTION('',(-1.,0.,0.));
#12998=DIRECTION('',(0.,1.,0.));
#12999=DIRECTION('',(1.,-6.3444462889442E-16,0.));
#13000=DIRECTION('center_axis',(0.000661444450461235,-0.707106471821069,
-0.707106781186547));
#13001=DIRECTION('ref_axis',(-0.999999562491526,0.,-0.000935423303342897));
#13002=DIRECTION('',(-0.000337735512358477,0.707106737578208,-0.707106744138555));
#13003=DIRECTION('',(0.999999562491143,0.000935423712598695,0.));
#13004=DIRECTION('center_axis',(0.707106781186551,-3.34523547523426E-15,
-0.707106781186544));
#13005=DIRECTION('ref_axis',(-0.707106781186544,0.,-0.707106781186551));
#13006=DIRECTION('',(4.73087737840788E-15,1.,0.));
#13007=DIRECTION('',(-0.577350269189611,0.577350269189635,-0.577350269189631));
#13008=DIRECTION('',(0.57735026918962,-0.577350269189629,0.577350269189628));
#13009=DIRECTION('center_axis',(-5.68252048381836E-16,-0.707106781186547,
-0.707106781186548));
#13010=DIRECTION('ref_axis',(-1.,0.,8.03629753667883E-16));
#13011=DIRECTION('',(1.,-8.03629753667885E-16,0.));
#13012=DIRECTION('',(-0.358207008480371,0.66018472379916,-0.660184723799158));
#13013=DIRECTION('center_axis',(1.,-4.73087737840788E-15,0.));
#13014=DIRECTION('ref_axis',(4.73087737840788E-15,1.,0.));
#13015=DIRECTION('',(0.,0.,1.));
#13016=DIRECTION('',(-4.73087737840788E-15,-1.,0.));
#13017=DIRECTION('',(0.,0.,1.));
#13018=DIRECTION('center_axis',(-8.03629753667885E-16,-1.,0.));
#13019=DIRECTION('ref_axis',(1.,-8.03629753667885E-16,0.));
#13020=DIRECTION('',(-1.,8.03629753667885E-16,0.));
#13021=DIRECTION('',(0.,0.,1.));
#13022=DIRECTION('center_axis',(0.592809610384652,-0.385456568027571,-0.70710678118655));
#13023=DIRECTION('ref_axis',(-0.766323693614448,0.,-0.642454665019338));
#13024=DIRECTION('',(0.54511790621038,0.838359390911089,0.));
#13025=DIRECTION('',(-0.358207008480369,0.660184723799158,-0.660184723799161));
#13026=DIRECTION('center_axis',(7.24014874037414E-16,-0.707106781186547,
-0.707106781186548));
#13027=DIRECTION('ref_axis',(-1.,0.,-1.02391165422356E-15));
#13028=DIRECTION('',(1.,1.02391165422356E-15,0.));
#13029=DIRECTION('',(-7.01328999913537E-6,0.707106781169158,-0.707106781169157));
#13030=DIRECTION('center_axis',(1.40264711819177E-5,-0.70710678104743,-0.707106781186548));
#13031=DIRECTION('ref_axis',(-0.999999999803258,0.,-1.98364257738007E-5));
#13032=DIRECTION('',(0.999999999803258,1.98364257777034E-5,0.));
#13033=DIRECTION('center_axis',(1.,0.,0.));
#13034=DIRECTION('ref_axis',(0.,1.,0.));
#13035=DIRECTION('',(0.,0.,1.));
#13036=DIRECTION('',(0.,-1.,0.));
#13037=DIRECTION('',(0.,0.,1.));
#13038=DIRECTION('center_axis',(0.,0.707106781186551,-0.707106781186544));
#13039=DIRECTION('ref_axis',(-1.,0.,0.));
#13040=DIRECTION('',(-1.,0.,0.));
#13041=DIRECTION('',(0.577350269189624,-0.577350269189624,-0.57735026918963));
#13042=DIRECTION('center_axis',(-0.707106781186551,0.,-0.707106781186544));
#13043=DIRECTION('ref_axis',(-0.707106781186544,0.,0.707106781186551));
#13044=DIRECTION('',(0.,-1.,0.));
#13045=DIRECTION('',(0.57701279829881,-0.5780246198898,-0.577012798298815));
#13046=DIRECTION('center_axis',(0.00123886092004571,0.707105695934928,-0.707106781186549));
#13047=DIRECTION('ref_axis',(-0.999998465227154,0.,-0.00175201122607927));
#13048=DIRECTION('',(-0.999998465222443,0.00175201391502266,0.));
#13049=DIRECTION('',(-0.577687149344109,-0.576675918489188,-0.577687149344114));
#13050=DIRECTION('center_axis',(0.707106781186547,7.68631528674539E-15,
-0.707106781186548));
#13051=DIRECTION('ref_axis',(-0.707106781186548,0.,-0.707106781186547));
#13052=DIRECTION('',(-1.0870091323191E-14,1.,0.));
#13053=DIRECTION('',(-0.577350269189638,-0.577350269189597,-0.577350269189643));
#13054=DIRECTION('center_axis',(-2.38351521986431E-15,0.707106781186551,
-0.707106781186544));
#13055=DIRECTION('ref_axis',(-1.,0.,3.37079955005481E-15));
#13056=DIRECTION('',(-1.,-3.37079955005478E-15,0.));
#13057=DIRECTION('',(0.577350269189628,-0.577350269189622,-0.577350269189627));
#13058=DIRECTION('center_axis',(-0.707106781186547,5.40737000554198E-17,
-0.707106781186548));
#13059=DIRECTION('ref_axis',(-0.707106781186548,0.,0.707106781186547));
#13060=DIRECTION('',(-7.64717599860695E-17,-1.,0.));
#13061=DIRECTION('',(0.577350269189626,0.577350269189626,-0.577350269189625));
#13062=DIRECTION('center_axis',(0.,-0.707106781186547,-0.707106781186548));
#13063=DIRECTION('ref_axis',(-1.,0.,0.));
#13064=DIRECTION('',(1.,0.,0.));
#13065=DIRECTION('',(0.577350269189626,0.577350269189626,-0.577350269189625));
#13066=DIRECTION('center_axis',(-0.707106781186547,0.,-0.707106781186548));
#13067=DIRECTION('ref_axis',(-0.707106781186548,0.,0.707106781186547));
#13068=DIRECTION('',(0.,-1.,0.));
#13069=DIRECTION('',(0.577350269189626,0.577350269189626,-0.577350269189625));
#13070=DIRECTION('center_axis',(0.,-0.707106781186547,-0.707106781186548));
#13071=DIRECTION('ref_axis',(-1.,0.,0.));
#13072=DIRECTION('',(1.,0.,0.));
#13073=DIRECTION('',(0.577350269189626,0.577350269189626,-0.577350269189625));
#13074=DIRECTION('center_axis',(-0.707106781186547,0.,-0.707106781186548));
#13075=DIRECTION('ref_axis',(-0.707106781186548,0.,0.707106781186547));
#13076=DIRECTION('',(0.,-1.,0.));
#13077=DIRECTION('',(0.577350269189627,0.577350269189625,-0.577350269189626));
#13078=DIRECTION('center_axis',(-1.7164837110799E-16,-0.707106781186548,
-0.707106781186547));
#13079=DIRECTION('ref_axis',(-1.,0.,2.4274745438017E-16));
#13080=DIRECTION('',(1.,-2.42747454380169E-16,0.));
#13081=DIRECTION('',(-0.577350269189627,0.577350269189625,-0.577350269189626));
#13082=DIRECTION('center_axis',(0.707106781186547,0.,-0.707106781186548));
#13083=DIRECTION('ref_axis',(-0.707106781186548,0.,-0.707106781186547));
#13084=DIRECTION('',(0.,1.,0.));
#13085=DIRECTION('',(-0.577350269189626,0.577350269189626,-0.577350269189625));
#13086=DIRECTION('center_axis',(0.,-0.707106781186547,-0.707106781186548));
#13087=DIRECTION('ref_axis',(-1.,0.,0.));
#13088=DIRECTION('',(1.,0.,0.));
#13089=DIRECTION('center_axis',(1.,0.,0.));
#13090=DIRECTION('ref_axis',(0.,1.,0.));
#13091=DIRECTION('',(0.,0.,1.));
#13092=DIRECTION('',(0.,1.,0.));
#13093=DIRECTION('',(0.,0.,1.));
#13094=DIRECTION('center_axis',(0.,1.,0.));
#13095=DIRECTION('ref_axis',(-1.,0.,0.));
#13096=DIRECTION('',(-1.,0.,0.));
#13097=DIRECTION('',(0.,0.,1.));
#13098=DIRECTION('',(0.,0.,1.));
#13099=DIRECTION('center_axis',(1.,0.,0.));
#13100=DIRECTION('ref_axis',(0.,1.,0.));
#13101=DIRECTION('',(0.,1.,0.));
#13102=DIRECTION('',(0.,0.,1.));
#13103=DIRECTION('center_axis',(0.,-1.,0.));
#13104=DIRECTION('ref_axis',(1.,0.,0.));
#13105=DIRECTION('',(1.,0.,0.));
#13106=DIRECTION('',(0.,0.,1.));
#13107=DIRECTION('center_axis',(-1.,2.53777851557768E-15,0.));
#13108=DIRECTION('ref_axis',(-2.53777851557768E-15,-1.,0.));
#13109=DIRECTION('',(-2.53777851557768E-15,-1.,0.));
#13110=DIRECTION('center_axis',(0.,1.,0.));
#13111=DIRECTION('ref_axis',(-1.,0.,0.));
#13112=DIRECTION('',(-1.,0.,0.));
#13113=DIRECTION('',(0.,0.,1.));
#13114=DIRECTION('',(0.,0.,1.));
#13115=DIRECTION('center_axis',(1.,0.,0.));
#13116=DIRECTION('ref_axis',(0.,1.,0.));
#13117=DIRECTION('',(0.,1.,0.));
#13118=DIRECTION('',(0.,0.,1.));
#13119=DIRECTION('center_axis',(1.26888925778884E-15,-1.,0.));
#13120=DIRECTION('ref_axis',(1.,1.26888925778884E-15,0.));
#13121=DIRECTION('',(1.,1.26888925778884E-15,0.));
#13122=DIRECTION('',(0.,0.,1.));
#13123=DIRECTION('center_axis',(-1.,0.,0.));
#13124=DIRECTION('ref_axis',(0.,-1.,0.));
#13125=DIRECTION('',(0.,-1.,0.));
#13126=DIRECTION('center_axis',(0.,1.,0.));
#13127=DIRECTION('ref_axis',(-1.,0.,0.));
#13128=DIRECTION('',(-1.,0.,0.));
#13129=DIRECTION('',(0.,0.,1.));
#13130=DIRECTION('',(0.,0.,1.));
#13131=DIRECTION('center_axis',(1.,6.3444462889442E-16,0.));
#13132=DIRECTION('ref_axis',(-6.3444462889442E-16,1.,0.));
#13133=DIRECTION('',(-6.3444462889442E-16,1.,0.));
#13134=DIRECTION('',(0.,0.,1.));
#13135=DIRECTION('center_axis',(0.,-1.,0.));
#13136=DIRECTION('ref_axis',(1.,0.,0.));
#13137=DIRECTION('',(1.,0.,0.));
#13138=DIRECTION('',(0.,0.,1.));
#13139=DIRECTION('center_axis',(-1.,0.,0.));
#13140=DIRECTION('ref_axis',(0.,-1.,0.));
#13141=DIRECTION('',(0.,-1.,0.));
#13142=DIRECTION('center_axis',(0.,0.,-1.));
#13143=DIRECTION('ref_axis',(0.943738642715343,-0.330692265173834,0.));
#13144=DIRECTION('center_axis',(0.,0.,1.));
#13145=DIRECTION('ref_axis',(-1.,0.,0.));
#13146=DIRECTION('',(0.,0.,1.));
#13147=DIRECTION('',(0.,0.,1.));
#13148=DIRECTION('center_axis',(0.,0.,-1.));
#13149=DIRECTION('ref_axis',(-0.943738642715345,0.330692265173829,0.));
#13150=DIRECTION('center_axis',(0.,0.,1.));
#13151=DIRECTION('ref_axis',(1.,0.,0.));
#13152=DIRECTION('center_axis',(0.,1.,0.));
#13153=DIRECTION('ref_axis',(-1.,0.,0.));
#13154=DIRECTION('',(-1.,0.,0.));
#13155=DIRECTION('',(0.,0.,1.));
#13156=DIRECTION('',(0.,0.,1.));
#13157=DIRECTION('center_axis',(1.,0.,0.));
#13158=DIRECTION('ref_axis',(0.,1.,0.));
#13159=DIRECTION('',(0.,1.,0.));
#13160=DIRECTION('',(0.,0.,1.));
#13161=DIRECTION('center_axis',(-2.53777851557768E-15,-1.,0.));
#13162=DIRECTION('ref_axis',(1.,-2.53777851557768E-15,0.));
#13163=DIRECTION('',(1.,-2.53777851557768E-15,0.));
#13164=DIRECTION('',(0.,0.,1.));
#13165=DIRECTION('center_axis',(-1.,0.,0.));
#13166=DIRECTION('ref_axis',(0.,-1.,0.));
#13167=DIRECTION('',(0.,-1.,0.));
#13168=DIRECTION('center_axis',(0.,0.,-1.));
#13169=DIRECTION('ref_axis',(0.924947355063637,-0.380095238540004,0.));
#13170=DIRECTION('center_axis',(0.,0.,1.));
#13171=DIRECTION('ref_axis',(-1.,0.,0.));
#13172=DIRECTION('',(0.,0.,1.));
#13173=DIRECTION('',(0.,0.,1.));
#13174=DIRECTION('center_axis',(0.,0.,-1.));
#13175=DIRECTION('ref_axis',(-0.924947355063639,0.380095238539999,0.));
#13176=DIRECTION('center_axis',(0.,0.,1.));
#13177=DIRECTION('ref_axis',(1.,0.,0.));
#13178=DIRECTION('center_axis',(0.,1.,0.));
#13179=DIRECTION('ref_axis',(-1.,0.,0.));
#13180=DIRECTION('',(-1.,0.,0.));
#13181=DIRECTION('',(0.,0.,1.));
#13182=DIRECTION('',(0.,0.,1.));
#13183=DIRECTION('center_axis',(1.,0.,0.));
#13184=DIRECTION('ref_axis',(0.,1.,0.));
#13185=DIRECTION('',(0.,1.,0.));
#13186=DIRECTION('',(0.,0.,1.));
#13187=DIRECTION('center_axis',(0.,-1.,0.));
#13188=DIRECTION('ref_axis',(1.,0.,0.));
#13189=DIRECTION('',(1.,0.,0.));
#13190=DIRECTION('',(0.,0.,1.));
#13191=DIRECTION('center_axis',(-1.,0.,0.));
#13192=DIRECTION('ref_axis',(0.,-1.,0.));
#13193=DIRECTION('',(0.,-1.,0.));
#13194=DIRECTION('center_axis',(0.,1.,0.));
#13195=DIRECTION('ref_axis',(-1.,0.,0.));
#13196=DIRECTION('',(-1.,0.,0.));
#13197=DIRECTION('',(0.,0.,1.));
#13198=DIRECTION('',(0.,0.,1.));
#13199=DIRECTION('center_axis',(1.,-6.34444974639493E-16,0.));
#13200=DIRECTION('ref_axis',(6.34444974639493E-16,1.,0.));
#13201=DIRECTION('',(6.34444974639493E-16,1.,0.));
#13202=DIRECTION('',(0.,0.,1.));
#13203=DIRECTION('center_axis',(0.,-1.,0.));
#13204=DIRECTION('ref_axis',(1.,0.,0.));
#13205=DIRECTION('',(1.,0.,0.));
#13206=DIRECTION('',(0.,0.,1.));
#13207=DIRECTION('center_axis',(-1.,6.34444974639493E-16,0.));
#13208=DIRECTION('ref_axis',(-6.34444974639493E-16,-1.,0.));
#13209=DIRECTION('',(-6.34444974639493E-16,-1.,0.));
#13210=DIRECTION('center_axis',(0.,1.,0.));
#13211=DIRECTION('ref_axis',(-1.,0.,0.));
#13212=DIRECTION('',(-1.,0.,0.));
#13213=DIRECTION('',(0.,0.,1.));
#13214=DIRECTION('',(0.,0.,1.));
#13215=DIRECTION('center_axis',(1.,1.26888925778884E-15,0.));
#13216=DIRECTION('ref_axis',(-1.26888925778884E-15,1.,0.));
#13217=DIRECTION('',(-1.26888925778884E-15,1.,0.));
#13218=DIRECTION('',(0.,0.,1.));
#13219=DIRECTION('center_axis',(1.26888925778884E-15,-1.,0.));
#13220=DIRECTION('ref_axis',(1.,1.26888925778884E-15,0.));
#13221=DIRECTION('',(1.,1.26888925778884E-15,0.));
#13222=DIRECTION('',(0.,0.,1.));
#13223=DIRECTION('center_axis',(-1.,-1.26888925778884E-15,0.));
#13224=DIRECTION('ref_axis',(1.26888925778884E-15,-1.,0.));
#13225=DIRECTION('',(1.26888925778884E-15,-1.,0.));
#13226=DIRECTION('center_axis',(0.,1.,0.));
#13227=DIRECTION('ref_axis',(-1.,0.,0.));
#13228=DIRECTION('',(-1.,0.,0.));
#13229=DIRECTION('',(0.,0.,1.));
#13230=DIRECTION('',(0.,0.,1.));
#13231=DIRECTION('center_axis',(1.,0.,0.));
#13232=DIRECTION('ref_axis',(0.,1.,0.));
#13233=DIRECTION('',(0.,1.,0.));
#13234=DIRECTION('',(0.,0.,1.));
#13235=DIRECTION('center_axis',(1.26888925778884E-15,-1.,0.));
#13236=DIRECTION('ref_axis',(1.,1.26888925778884E-15,0.));
#13237=DIRECTION('',(1.,1.26888925778884E-15,0.));
#13238=DIRECTION('',(0.,0.,1.));
#13239=DIRECTION('center_axis',(-1.,0.,0.));
#13240=DIRECTION('ref_axis',(0.,-1.,0.));
#13241=DIRECTION('',(0.,-1.,0.));
#13242=DIRECTION('center_axis',(0.,1.,0.));
#13243=DIRECTION('ref_axis',(-1.,0.,0.));
#13244=DIRECTION('',(-1.,0.,0.));
#13245=DIRECTION('',(0.,0.,1.));
#13246=DIRECTION('',(0.,0.,1.));
#13247=DIRECTION('center_axis',(1.,0.,0.));
#13248=DIRECTION('ref_axis',(0.,1.,0.));
#13249=DIRECTION('',(0.,1.,0.));
#13250=DIRECTION('',(0.,0.,1.));
#13251=DIRECTION('center_axis',(6.34444628894421E-16,-1.,0.));
#13252=DIRECTION('ref_axis',(1.,6.34444628894421E-16,0.));
#13253=DIRECTION('',(1.,6.34444628894421E-16,0.));
#13254=DIRECTION('',(0.,0.,1.));
#13255=DIRECTION('center_axis',(-1.,0.,0.));
#13256=DIRECTION('ref_axis',(0.,-1.,0.));
#13257=DIRECTION('',(0.,-1.,0.));
#13258=DIRECTION('center_axis',(0.,1.,0.));
#13259=DIRECTION('ref_axis',(-1.,0.,0.));
#13260=DIRECTION('',(-1.,0.,0.));
#13261=DIRECTION('',(0.,0.,1.));
#13262=DIRECTION('',(0.,0.,1.));
#13263=DIRECTION('center_axis',(1.,0.,0.));
#13264=DIRECTION('ref_axis',(0.,1.,0.));
#13265=DIRECTION('',(0.,1.,0.));
#13266=DIRECTION('',(0.,0.,1.));
#13267=DIRECTION('center_axis',(0.,-1.,0.));
#13268=DIRECTION('ref_axis',(1.,0.,0.));
#13269=DIRECTION('',(1.,0.,0.));
#13270=DIRECTION('',(0.,0.,1.));
#13271=DIRECTION('center_axis',(-1.,0.,0.));
#13272=DIRECTION('ref_axis',(0.,-1.,0.));
#13273=DIRECTION('',(0.,-1.,0.));
#13274=DIRECTION('center_axis',(0.,0.,-1.));
#13275=DIRECTION('ref_axis',(-1.,0.,0.));
#13276=DIRECTION('',(0.,0.,-1.));
#13277=DIRECTION('center_axis',(0.,0.,1.));
#13278=DIRECTION('ref_axis',(-1.,0.,0.));
#13279=DIRECTION('center_axis',(0.,1.,0.));
#13280=DIRECTION('ref_axis',(-1.,0.,0.));
#13281=DIRECTION('',(-1.,0.,0.));
#13282=DIRECTION('',(0.,0.,1.));
#13283=DIRECTION('',(0.,0.,1.));
#13284=DIRECTION('center_axis',(1.,0.,0.));
#13285=DIRECTION('ref_axis',(0.,1.,0.));
#13286=DIRECTION('',(0.,1.,0.));
#13287=DIRECTION('',(0.,0.,1.));
#13288=DIRECTION('center_axis',(1.26888925778884E-15,-1.,0.));
#13289=DIRECTION('ref_axis',(1.,1.26888925778884E-15,0.));
#13290=DIRECTION('',(1.,1.26888925778884E-15,0.));
#13291=DIRECTION('',(0.,0.,1.));
#13292=DIRECTION('center_axis',(-1.,-6.3444462889442E-16,0.));
#13293=DIRECTION('ref_axis',(6.3444462889442E-16,-1.,0.));
#13294=DIRECTION('',(6.3444462889442E-16,-1.,0.));
#13295=DIRECTION('center_axis',(0.,1.,0.));
#13296=DIRECTION('ref_axis',(-1.,0.,0.));
#13297=DIRECTION('',(-1.,0.,0.));
#13298=DIRECTION('',(0.,0.,1.));
#13299=DIRECTION('',(0.,0.,1.));
#13300=DIRECTION('center_axis',(1.,0.,0.));
#13301=DIRECTION('ref_axis',(0.,1.,0.));
#13302=DIRECTION('',(0.,1.,0.));
#13303=DIRECTION('',(0.,0.,1.));
#13304=DIRECTION('center_axis',(0.,-1.,0.));
#13305=DIRECTION('ref_axis',(1.,0.,0.));
#13306=DIRECTION('',(1.,0.,0.));
#13307=DIRECTION('',(0.,0.,1.));
#13308=DIRECTION('center_axis',(-1.,-6.3444462889442E-16,0.));
#13309=DIRECTION('ref_axis',(6.3444462889442E-16,-1.,0.));
#13310=DIRECTION('',(6.3444462889442E-16,-1.,0.));
#13311=DIRECTION('center_axis',(0.,0.,-1.));
#13312=DIRECTION('ref_axis',(-1.,0.,0.));
#13313=DIRECTION('',(0.,0.,-1.));
#13314=DIRECTION('center_axis',(0.,0.,1.));
#13315=DIRECTION('ref_axis',(-1.,0.,0.));
#13316=DIRECTION('center_axis',(0.,1.,0.));
#13317=DIRECTION('ref_axis',(-1.,0.,0.));
#13318=DIRECTION('',(-1.,0.,0.));
#13319=DIRECTION('',(0.,0.,1.));
#13320=DIRECTION('',(0.,0.,1.));
#13321=DIRECTION('center_axis',(1.,0.,0.));
#13322=DIRECTION('ref_axis',(0.,1.,0.));
#13323=DIRECTION('',(0.,1.,0.));
#13324=DIRECTION('',(0.,0.,1.));
#13325=DIRECTION('center_axis',(0.,-1.,0.));
#13326=DIRECTION('ref_axis',(1.,0.,0.));
#13327=DIRECTION('',(1.,0.,0.));
#13328=DIRECTION('',(0.,0.,1.));
#13329=DIRECTION('center_axis',(-1.,0.,0.));
#13330=DIRECTION('ref_axis',(0.,-1.,0.));
#13331=DIRECTION('',(0.,-1.,0.));
#13332=DIRECTION('center_axis',(0.,1.,0.));
#13333=DIRECTION('ref_axis',(-1.,0.,0.));
#13334=DIRECTION('',(-1.,0.,0.));
#13335=DIRECTION('',(0.,0.,1.));
#13336=DIRECTION('',(0.,0.,1.));
#13337=DIRECTION('center_axis',(1.,0.,0.));
#13338=DIRECTION('ref_axis',(0.,1.,0.));
#13339=DIRECTION('',(0.,1.,0.));
#13340=DIRECTION('',(0.,0.,1.));
#13341=DIRECTION('center_axis',(0.,-1.,0.));
#13342=DIRECTION('ref_axis',(1.,0.,0.));
#13343=DIRECTION('',(1.,0.,0.));
#13344=DIRECTION('',(0.,0.,1.));
#13345=DIRECTION('center_axis',(-1.,0.,0.));
#13346=DIRECTION('ref_axis',(0.,-1.,0.));
#13347=DIRECTION('',(0.,-1.,0.));
#13348=DIRECTION('center_axis',(0.,1.,0.));
#13349=DIRECTION('ref_axis',(-1.,0.,0.));
#13350=DIRECTION('',(-1.,0.,0.));
#13351=DIRECTION('',(0.,0.,1.));
#13352=DIRECTION('',(0.,0.,1.));
#13353=DIRECTION('center_axis',(1.,0.,0.));
#13354=DIRECTION('ref_axis',(0.,1.,0.));
#13355=DIRECTION('',(0.,1.,0.));
#13356=DIRECTION('',(0.,0.,1.));
#13357=DIRECTION('center_axis',(0.,-1.,0.));
#13358=DIRECTION('ref_axis',(1.,0.,0.));
#13359=DIRECTION('',(1.,0.,0.));
#13360=DIRECTION('',(0.,0.,1.));
#13361=DIRECTION('center_axis',(-1.,0.,0.));
#13362=DIRECTION('ref_axis',(0.,-1.,0.));
#13363=DIRECTION('',(0.,-1.,0.));
#13364=DIRECTION('center_axis',(-1.,0.,0.));
#13365=DIRECTION('ref_axis',(0.,-1.,0.));
#13366=DIRECTION('',(0.,-1.,0.));
#13367=DIRECTION('',(0.,0.,1.));
#13368=DIRECTION('',(0.,0.,1.));
#13369=DIRECTION('center_axis',(0.,-1.,0.));
#13370=DIRECTION('ref_axis',(1.,0.,0.));
#13371=DIRECTION('',(1.,0.,0.));
#13372=DIRECTION('',(0.,0.,1.));
#13373=DIRECTION('center_axis',(-1.,0.,0.));
#13374=DIRECTION('ref_axis',(0.,-1.,0.));
#13375=DIRECTION('',(0.,-1.,0.));
#13376=DIRECTION('',(0.,0.,1.));
#13377=DIRECTION('center_axis',(-3.10675968599205E-16,-1.,0.));
#13378=DIRECTION('ref_axis',(1.,-3.10675968599205E-16,0.));
#13379=DIRECTION('',(1.,-3.10675968599205E-16,0.));
#13380=DIRECTION('',(0.,0.,1.));
#13381=DIRECTION('center_axis',(1.,0.,0.));
#13382=DIRECTION('ref_axis',(0.,1.,0.));
#13383=DIRECTION('',(0.,1.,0.));
#13384=DIRECTION('',(0.,0.,1.));
#13385=DIRECTION('center_axis',(0.,-1.,0.));
#13386=DIRECTION('ref_axis',(1.,0.,0.));
#13387=DIRECTION('',(1.,0.,0.));
#13388=DIRECTION('',(0.,0.,1.));
#13389=DIRECTION('center_axis',(-1.,0.,0.));
#13390=DIRECTION('ref_axis',(0.,-1.,0.));
#13391=DIRECTION('',(0.,-1.,0.));
#13392=DIRECTION('',(0.,0.,1.));
#13393=DIRECTION('center_axis',(3.10675968599205E-16,1.,0.));
#13394=DIRECTION('ref_axis',(-1.,3.10675968599205E-16,0.));
#13395=DIRECTION('',(-1.,3.10675968599205E-16,0.));
#13396=DIRECTION('',(0.,0.,1.));
#13397=DIRECTION('center_axis',(-1.,0.,0.));
#13398=DIRECTION('ref_axis',(0.,-1.,0.));
#13399=DIRECTION('',(0.,-1.,0.));
#13400=DIRECTION('',(0.,0.,1.));
#13401=DIRECTION('center_axis',(0.,1.,0.));
#13402=DIRECTION('ref_axis',(-1.,0.,0.));
#13403=DIRECTION('',(-1.,0.,0.));
#13404=DIRECTION('',(0.,0.,1.));
#13405=DIRECTION('center_axis',(1.,0.,0.));
#13406=DIRECTION('ref_axis',(0.,1.,0.));
#13407=DIRECTION('',(0.,1.,0.));
#13408=DIRECTION('',(0.,0.,1.));
#13409=DIRECTION('center_axis',(0.,1.,0.));
#13410=DIRECTION('ref_axis',(-1.,0.,0.));
#13411=DIRECTION('',(-1.,0.,0.));
#13412=DIRECTION('',(0.,0.,1.));
#13413=DIRECTION('center_axis',(1.,0.,0.));
#13414=DIRECTION('ref_axis',(0.,1.,0.));
#13415=DIRECTION('',(0.,1.,0.));
#13416=DIRECTION('',(0.,0.,1.));
#13417=DIRECTION('center_axis',(0.,1.,0.));
#13418=DIRECTION('ref_axis',(-1.,0.,0.));
#13419=DIRECTION('',(-1.,0.,0.));
#13420=DIRECTION('',(0.,0.,1.));
#13421=DIRECTION('center_axis',(1.,0.,0.));
#13422=DIRECTION('ref_axis',(0.,1.,0.));
#13423=DIRECTION('',(0.,1.,0.));
#13424=DIRECTION('',(0.,0.,1.));
#13425=DIRECTION('center_axis',(0.,-1.,0.));
#13426=DIRECTION('ref_axis',(1.,0.,0.));
#13427=DIRECTION('',(1.,0.,0.));
#13428=DIRECTION('',(0.,0.,1.));
#13429=DIRECTION('center_axis',(-1.,0.,0.));
#13430=DIRECTION('ref_axis',(0.,-1.,0.));
#13431=DIRECTION('',(0.,-1.,0.));
#13432=DIRECTION('',(0.,0.,1.));
#13433=DIRECTION('center_axis',(0.,-1.,0.));
#13434=DIRECTION('ref_axis',(1.,0.,0.));
#13435=DIRECTION('',(1.,0.,0.));
#13436=DIRECTION('',(0.,0.,1.));
#13437=DIRECTION('center_axis',(-1.,-5.44087379169663E-15,0.));
#13438=DIRECTION('ref_axis',(5.44087379169663E-15,-1.,0.));
#13439=DIRECTION('',(5.44087379169663E-15,-1.,0.));
#13440=DIRECTION('',(0.,0.,1.));
#13441=DIRECTION('center_axis',(-0.00175203276390972,-0.999998465189419,
0.));
#13442=DIRECTION('ref_axis',(0.999998465189419,-0.00175203276390972,0.));
#13443=DIRECTION('',(0.999998465189419,-0.00175203276390972,0.));
#13444=DIRECTION('',(0.,0.,1.));
#13445=DIRECTION('center_axis',(1.,0.,0.));
#13446=DIRECTION('ref_axis',(0.,1.,0.));
#13447=DIRECTION('',(0.,1.,0.));
#13448=DIRECTION('',(0.,0.,1.));
#13449=DIRECTION('center_axis',(0.,-1.,0.));
#13450=DIRECTION('ref_axis',(1.,0.,0.));
#13451=DIRECTION('',(1.,0.,0.));
#13452=DIRECTION('',(0.,0.,1.));
#13453=DIRECTION('center_axis',(-1.,0.,0.));
#13454=DIRECTION('ref_axis',(0.,-1.,0.));
#13455=DIRECTION('',(0.,-1.,0.));
#13456=DIRECTION('',(0.,0.,1.));
#13457=DIRECTION('center_axis',(0.00175203276390972,0.999998465189419,0.));
#13458=DIRECTION('ref_axis',(-0.999998465189419,0.00175203276390972,0.));
#13459=DIRECTION('',(-0.999998465189419,0.00175203276390972,0.));
#13460=DIRECTION('',(0.,0.,1.));
#13461=DIRECTION('center_axis',(-1.,0.,0.));
#13462=DIRECTION('ref_axis',(0.,-1.,0.));
#13463=DIRECTION('',(0.,-1.,0.));
#13464=DIRECTION('',(0.,0.,1.));
#13465=DIRECTION('center_axis',(0.00175201391502258,0.999998465222443,0.));
#13466=DIRECTION('ref_axis',(-0.999998465222443,0.00175201391502258,0.));
#13467=DIRECTION('',(-0.999998465222443,0.00175201391502258,0.));
#13468=DIRECTION('',(0.,0.,1.));
#13469=DIRECTION('center_axis',(1.,5.44087379169663E-15,0.));
#13470=DIRECTION('ref_axis',(-5.44087379169663E-15,1.,0.));
#13471=DIRECTION('',(-5.44087379169663E-15,1.,0.));
#13472=DIRECTION('',(0.,0.,1.));
#13473=DIRECTION('center_axis',(0.00175203276390972,0.999998465189419,0.));
#13474=DIRECTION('ref_axis',(-0.999998465189419,0.00175203276390972,0.));
#13475=DIRECTION('',(-0.999998465189419,0.00175203276390972,0.));
#13476=DIRECTION('',(0.,0.,1.));
#13477=DIRECTION('center_axis',(1.,0.,0.));
#13478=DIRECTION('ref_axis',(0.,1.,0.));
#13479=DIRECTION('',(0.,1.,0.));
#13480=DIRECTION('',(0.,0.,1.));
#13481=DIRECTION('center_axis',(0.,1.,0.));
#13482=DIRECTION('ref_axis',(-1.,0.,0.));
#13483=DIRECTION('',(-1.,0.,0.));
#13484=DIRECTION('',(0.,0.,1.));
#13485=DIRECTION('center_axis',(-1.,8.21287591844296E-17,0.));
#13486=DIRECTION('ref_axis',(-8.21287591844296E-17,-1.,0.));
#13487=DIRECTION('',(-8.21287591844296E-17,-1.,0.));
#13488=DIRECTION('',(0.,0.,1.));
#13489=DIRECTION('center_axis',(0.,-1.,0.));
#13490=DIRECTION('ref_axis',(1.,0.,0.));
#13491=DIRECTION('',(1.,0.,0.));
#13492=DIRECTION('center_axis',(0.,0.,-1.));
#13493=DIRECTION('ref_axis',(-1.,0.,0.));
#13494=DIRECTION('',(0.,0.,-1.));
#13495=DIRECTION('center_axis',(0.,0.,1.));
#13496=DIRECTION('ref_axis',(-1.,0.,0.));
#13497=DIRECTION('center_axis',(0.,1.,0.));
#13498=DIRECTION('ref_axis',(-1.,0.,0.));
#13499=DIRECTION('',(-1.,0.,0.));
#13500=DIRECTION('',(0.,0.,1.));
#13501=DIRECTION('',(0.,0.,1.));
#13502=DIRECTION('center_axis',(1.,0.,0.));
#13503=DIRECTION('ref_axis',(0.,1.,0.));
#13504=DIRECTION('',(0.,1.,0.));
#13505=DIRECTION('',(0.,0.,1.));
#13506=DIRECTION('center_axis',(0.,-1.,0.));
#13507=DIRECTION('ref_axis',(1.,0.,0.));
#13508=DIRECTION('',(1.,0.,0.));
#13509=DIRECTION('',(0.,0.,1.));
#13510=DIRECTION('center_axis',(-1.,0.,0.));
#13511=DIRECTION('ref_axis',(0.,-1.,0.));
#13512=DIRECTION('',(0.,-1.,0.));
#13513=DIRECTION('center_axis',(0.,1.,0.));
#13514=DIRECTION('ref_axis',(-1.,0.,0.));
#13515=DIRECTION('',(-1.,0.,0.));
#13516=DIRECTION('',(0.,0.,1.));
#13517=DIRECTION('',(0.,0.,1.));
#13518=DIRECTION('center_axis',(1.,1.26888960353382E-15,0.));
#13519=DIRECTION('ref_axis',(-1.26888960353382E-15,1.,0.));
#13520=DIRECTION('',(-1.26888960353382E-15,1.,0.));
#13521=DIRECTION('',(0.,0.,1.));
#13522=DIRECTION('center_axis',(0.,-1.,0.));
#13523=DIRECTION('ref_axis',(1.,0.,0.));
#13524=DIRECTION('',(1.,0.,0.));
#13525=DIRECTION('',(0.,0.,1.));
#13526=DIRECTION('center_axis',(-1.,-1.26888960353382E-15,0.));
#13527=DIRECTION('ref_axis',(1.26888960353382E-15,-1.,0.));
#13528=DIRECTION('',(1.26888960353382E-15,-1.,0.));
#13529=DIRECTION('center_axis',(0.,1.,0.));
#13530=DIRECTION('ref_axis',(-1.,0.,0.));
#13531=DIRECTION('',(-1.,0.,0.));
#13532=DIRECTION('',(0.,0.,1.));
#13533=DIRECTION('',(0.,0.,1.));
#13534=DIRECTION('center_axis',(1.,0.,0.));
#13535=DIRECTION('ref_axis',(0.,1.,0.));
#13536=DIRECTION('',(0.,1.,0.));
#13537=DIRECTION('',(0.,0.,1.));
#13538=DIRECTION('center_axis',(0.,-1.,0.));
#13539=DIRECTION('ref_axis',(1.,0.,0.));
#13540=DIRECTION('',(1.,0.,0.));
#13541=DIRECTION('',(0.,0.,1.));
#13542=DIRECTION('center_axis',(-1.,0.,0.));
#13543=DIRECTION('ref_axis',(0.,-1.,0.));
#13544=DIRECTION('',(0.,-1.,0.));
#13545=DIRECTION('center_axis',(0.,0.,-1.));
#13546=DIRECTION('ref_axis',(-1.,0.,0.));
#13547=DIRECTION('',(0.,0.,-1.));
#13548=DIRECTION('center_axis',(0.,0.,1.));
#13549=DIRECTION('ref_axis',(-1.,0.,0.));
#13550=DIRECTION('center_axis',(0.,1.,0.));
#13551=DIRECTION('ref_axis',(-1.,0.,0.));
#13552=DIRECTION('',(-1.,0.,0.));
#13553=DIRECTION('',(0.,0.,1.));
#13554=DIRECTION('',(0.,0.,1.));
#13555=DIRECTION('center_axis',(1.,0.,0.));
#13556=DIRECTION('ref_axis',(0.,1.,0.));
#13557=DIRECTION('',(0.,1.,0.));
#13558=DIRECTION('',(0.,0.,1.));
#13559=DIRECTION('center_axis',(0.,-1.,0.));
#13560=DIRECTION('ref_axis',(1.,0.,0.));
#13561=DIRECTION('',(1.,0.,0.));
#13562=DIRECTION('',(0.,0.,1.));
#13563=DIRECTION('center_axis',(-1.,0.,0.));
#13564=DIRECTION('ref_axis',(0.,-1.,0.));
#13565=DIRECTION('',(0.,-1.,0.));
#13566=DIRECTION('center_axis',(0.,1.,0.));
#13567=DIRECTION('ref_axis',(-1.,0.,0.));
#13568=DIRECTION('',(-1.,0.,0.));
#13569=DIRECTION('',(0.,0.,1.));
#13570=DIRECTION('',(0.,0.,1.));
#13571=DIRECTION('center_axis',(1.,1.26888925778884E-15,0.));
#13572=DIRECTION('ref_axis',(-1.26888925778884E-15,1.,0.));
#13573=DIRECTION('',(-1.26888925778884E-15,1.,0.));
#13574=DIRECTION('',(0.,0.,1.));
#13575=DIRECTION('center_axis',(0.,-1.,0.));
#13576=DIRECTION('ref_axis',(1.,0.,0.));
#13577=DIRECTION('',(1.,0.,0.));
#13578=DIRECTION('',(0.,0.,1.));
#13579=DIRECTION('center_axis',(-1.,-1.26888925778884E-15,0.));
#13580=DIRECTION('ref_axis',(1.26888925778884E-15,-1.,0.));
#13581=DIRECTION('',(1.26888925778884E-15,-1.,0.));
#13582=DIRECTION('center_axis',(0.,1.,0.));
#13583=DIRECTION('ref_axis',(-1.,0.,0.));
#13584=DIRECTION('',(-1.,0.,0.));
#13585=DIRECTION('',(0.,0.,1.));
#13586=DIRECTION('',(0.,0.,1.));
#13587=DIRECTION('center_axis',(1.,0.,0.));
#13588=DIRECTION('ref_axis',(0.,1.,0.));
#13589=DIRECTION('',(0.,1.,0.));
#13590=DIRECTION('',(0.,0.,1.));
#13591=DIRECTION('center_axis',(-6.3444462889442E-16,-1.,0.));
#13592=DIRECTION('ref_axis',(1.,-6.3444462889442E-16,0.));
#13593=DIRECTION('',(1.,-6.3444462889442E-16,0.));
#13594=DIRECTION('',(0.,0.,1.));
#13595=DIRECTION('center_axis',(-1.,0.,0.));
#13596=DIRECTION('ref_axis',(0.,-1.,0.));
#13597=DIRECTION('',(0.,-1.,0.));
#13598=DIRECTION('center_axis',(-1.,0.,0.));
#13599=DIRECTION('ref_axis',(0.,-1.,0.));
#13600=DIRECTION('',(0.,0.,1.));
#13601=DIRECTION('',(0.,1.,0.));
#13602=DIRECTION('',(0.,0.,1.));
#13603=DIRECTION('center_axis',(0.00175201391502266,0.999998465222443,0.));
#13604=DIRECTION('ref_axis',(-0.999998465222443,0.00175201391502266,0.));
#13605=DIRECTION('',(0.999998465222443,-0.00175201391502266,0.));
#13606=DIRECTION('',(0.,0.,1.));
#13607=DIRECTION('center_axis',(1.,1.0870091323191E-14,0.));
#13608=DIRECTION('ref_axis',(-1.0870091323191E-14,1.,0.));
#13609=DIRECTION('',(1.0870091323191E-14,-1.,0.));
#13610=DIRECTION('',(0.,0.,1.));
#13611=DIRECTION('center_axis',(-3.37079955005478E-15,1.,0.));
#13612=DIRECTION('ref_axis',(-1.,-3.37079955005478E-15,0.));
#13613=DIRECTION('',(1.,3.37079955005478E-15,0.));
#13614=DIRECTION('',(0.,0.,1.));
#13615=DIRECTION('center_axis',(-1.,7.64717599860695E-17,0.));
#13616=DIRECTION('ref_axis',(-7.64717599860695E-17,-1.,0.));
#13617=DIRECTION('',(-7.64717599860695E-17,-1.,0.));
#13618=DIRECTION('',(0.,0.,1.));
#13619=DIRECTION('center_axis',(0.,-1.,0.));
#13620=DIRECTION('ref_axis',(1.,0.,0.));
#13621=DIRECTION('',(-1.,0.,0.));
#13622=DIRECTION('',(0.,0.,1.));
#13623=DIRECTION('center_axis',(-1.,0.,0.));
#13624=DIRECTION('ref_axis',(0.,-1.,0.));
#13625=DIRECTION('',(0.,1.,0.));
#13626=DIRECTION('',(0.,0.,1.));
#13627=DIRECTION('center_axis',(0.,-1.,0.));
#13628=DIRECTION('ref_axis',(1.,0.,0.));
#13629=DIRECTION('',(-1.,0.,0.));
#13630=DIRECTION('',(0.,0.,1.));
#13631=DIRECTION('center_axis',(-1.,0.,0.));
#13632=DIRECTION('ref_axis',(0.,-1.,0.));
#13633=DIRECTION('',(0.,1.,0.));
#13634=DIRECTION('',(0.,0.,1.));
#13635=DIRECTION('center_axis',(-2.42747454380169E-16,-1.,0.));
#13636=DIRECTION('ref_axis',(1.,-2.42747454380169E-16,0.));
#13637=DIRECTION('',(-1.,2.42747454380169E-16,0.));
#13638=DIRECTION('',(0.,0.,1.));
#13639=DIRECTION('center_axis',(1.,0.,0.));
#13640=DIRECTION('ref_axis',(0.,1.,0.));
#13641=DIRECTION('',(0.,-1.,0.));
#13642=DIRECTION('',(0.,0.,1.));
#13643=DIRECTION('center_axis',(0.,-1.,0.));
#13644=DIRECTION('ref_axis',(1.,0.,0.));
#13645=DIRECTION('',(-1.,0.,0.));
#13646=DIRECTION('center_axis',(0.838359390911088,-0.54511790621038,0.));
#13647=DIRECTION('ref_axis',(0.54511790621038,0.838359390911089,0.));
#13648=DIRECTION('',(-0.54511790621038,-0.838359390911089,0.));
#13649=DIRECTION('',(0.,0.,1.));
#13650=DIRECTION('center_axis',(1.02391165422356E-15,-1.,0.));
#13651=DIRECTION('ref_axis',(1.,1.02391165422356E-15,0.));
#13652=DIRECTION('',(-1.,-1.02391165422356E-15,0.));
#13653=DIRECTION('',(0.,0.,1.));
#13654=DIRECTION('center_axis',(1.98364257777034E-5,-0.999999999803258,
0.));
#13655=DIRECTION('ref_axis',(0.999999999803258,1.98364257777034E-5,0.));
#13656=DIRECTION('',(-0.999999999803258,-1.98364257777034E-5,0.));
#13657=DIRECTION('',(0.,0.,1.));
#13658=DIRECTION('center_axis',(0.000935423712598696,-0.999999562491143,
0.));
#13659=DIRECTION('ref_axis',(0.999999562491143,0.000935423712598695,0.));
#13660=DIRECTION('',(-0.999999562491143,-0.000935423712598695,0.));
#13661=DIRECTION('center_axis',(0.999999562491143,0.000935423712596856,
0.));
#13662=DIRECTION('ref_axis',(-0.000935423712596856,0.999999562491143,0.));
#13663=DIRECTION('',(-0.000935423712596856,0.999999562491143,0.));
#13664=DIRECTION('center_axis',(0.,1.,0.));
#13665=DIRECTION('ref_axis',(-1.,0.,0.));
#13666=DIRECTION('',(-1.,0.,0.));
#13667=DIRECTION('center_axis',(0.,0.,-1.));
#13668=DIRECTION('ref_axis',(1.,0.,0.));
#13669=DIRECTION('center_axis',(0.,0.,-1.));
#13670=DIRECTION('ref_axis',(-1.,0.,0.));
#13671=DIRECTION('center_axis',(0.,0.,1.));
#13672=DIRECTION('ref_axis',(-1.,0.,0.));
#13673=DIRECTION('',(0.,0.,1.));
#13674=DIRECTION('center_axis',(0.,0.,-1.));
#13675=DIRECTION('ref_axis',(-1.,0.,0.));
#13676=DIRECTION('',(0.,0.,1.));
#13677=DIRECTION('center_axis',(0.,0.,-1.));
#13678=DIRECTION('ref_axis',(1.,0.,0.));
#13679=DIRECTION('center_axis',(0.,0.,-1.));
#13680=DIRECTION('ref_axis',(1.,0.,0.));
#13681=DIRECTION('center_axis',(0.,0.,-1.));
#13682=DIRECTION('ref_axis',(1.,0.,0.));
#13683=DIRECTION('center_axis',(0.,0.,-1.));
#13684=DIRECTION('ref_axis',(1.,0.,0.));
#13685=DIRECTION('center_axis',(0.,0.,-1.));
#13686=DIRECTION('ref_axis',(1.,0.,0.));
#13687=DIRECTION('center_axis',(0.,0.,-1.));
#13688=DIRECTION('ref_axis',(-1.,0.,0.));
#13689=DIRECTION('center_axis',(0.,0.,1.));
#13690=DIRECTION('ref_axis',(-1.,0.,0.));
#13691=DIRECTION('',(0.,0.,1.));
#13692=DIRECTION('center_axis',(0.,0.,-1.));
#13693=DIRECTION('ref_axis',(-1.,0.,0.));
#13694=DIRECTION('',(0.,0.,1.));
#13695=DIRECTION('center_axis',(0.,0.,-1.));
#13696=DIRECTION('ref_axis',(1.,0.,0.));
#13697=DIRECTION('center_axis',(0.,0.,-1.));
#13698=DIRECTION('ref_axis',(1.,0.,0.));
#13699=DIRECTION('center_axis',(0.,0.,-1.));
#13700=DIRECTION('ref_axis',(1.,0.,0.));
#13701=DIRECTION('center_axis',(0.,0.,-1.));
#13702=DIRECTION('ref_axis',(1.,0.,0.));
#13703=DIRECTION('center_axis',(0.,0.,-1.));
#13704=DIRECTION('ref_axis',(1.,0.,0.));
#13705=DIRECTION('center_axis',(0.,0.,-1.));
#13706=DIRECTION('ref_axis',(-1.,0.,0.));
#13707=DIRECTION('center_axis',(0.,0.,1.));
#13708=DIRECTION('ref_axis',(-1.,0.,0.));
#13709=DIRECTION('',(0.,0.,1.));
#13710=DIRECTION('center_axis',(0.,0.,1.));
#13711=DIRECTION('ref_axis',(-1.,0.,0.));
#13712=DIRECTION('',(0.,0.,1.));
#13713=DIRECTION('center_axis',(0.,0.,-1.));
#13714=DIRECTION('ref_axis',(1.,0.,0.));
#13715=DIRECTION('center_axis',(0.,0.,1.));
#13716=DIRECTION('ref_axis',(1.,0.,0.));
#13717=DIRECTION('center_axis',(0.,0.,1.));
#13718=DIRECTION('ref_axis',(1.,0.,0.));
#13719=DIRECTION('center_axis',(0.,0.,-1.));
#13720=DIRECTION('ref_axis',(-1.,0.,0.));
#13721=DIRECTION('center_axis',(0.,0.,-1.));
#13722=DIRECTION('ref_axis',(-1.,0.,0.));
#13723=DIRECTION('',(0.,0.,-1.));
#13724=DIRECTION('center_axis',(0.,0.,1.));
#13725=DIRECTION('ref_axis',(-1.,0.,0.));
#13726=DIRECTION('center_axis',(0.,0.,-1.));
#13727=DIRECTION('ref_axis',(1.,0.,0.));
#13728=DIRECTION('center_axis',(0.,0.,-1.));
#13729=DIRECTION('ref_axis',(1.,0.,0.));
#13730=DIRECTION('center_axis',(0.,0.,-1.));
#13731=DIRECTION('ref_axis',(-1.,0.,0.));
#13732=DIRECTION('center_axis',(0.,0.,1.));
#13733=DIRECTION('ref_axis',(-1.,0.,0.));
#13734=DIRECTION('',(0.,0.,1.));
#13735=DIRECTION('center_axis',(0.,0.,1.));
#13736=DIRECTION('ref_axis',(-1.,0.,0.));
#13737=DIRECTION('',(0.,0.,1.));
#13738=DIRECTION('center_axis',(0.,0.,-1.));
#13739=DIRECTION('ref_axis',(1.,0.,0.));
#13740=DIRECTION('center_axis',(0.,0.,1.));
#13741=DIRECTION('ref_axis',(1.,0.,0.));
#13742=DIRECTION('center_axis',(0.,0.,1.));
#13743=DIRECTION('ref_axis',(1.,0.,0.));
#13744=DIRECTION('center_axis',(0.,0.,-1.));
#13745=DIRECTION('ref_axis',(-1.,0.,0.));
#13746=DIRECTION('center_axis',(0.,0.,-1.));
#13747=DIRECTION('ref_axis',(-1.,0.,0.));
#13748=DIRECTION('',(0.,0.,-1.));
#13749=DIRECTION('center_axis',(0.,0.,1.));
#13750=DIRECTION('ref_axis',(-1.,0.,0.));
#13751=DIRECTION('center_axis',(0.,0.,-1.));
#13752=DIRECTION('ref_axis',(1.,0.,0.));
#13753=DIRECTION('center_axis',(0.,0.,-1.));
#13754=DIRECTION('ref_axis',(1.,0.,0.));
#13755=DIRECTION('center_axis',(0.,0.,-1.));
#13756=DIRECTION('ref_axis',(0.927749073662398,-0.373204577033245,0.));
#13757=DIRECTION('center_axis',(0.,0.,1.));
#13758=DIRECTION('ref_axis',(-1.,0.,0.));
#13759=DIRECTION('',(0.,0.,1.));
#13760=DIRECTION('center_axis',(0.,0.,1.));
#13761=DIRECTION('ref_axis',(-1.,0.,0.));
#13762=DIRECTION('',(0.,0.,1.));
#13763=DIRECTION('center_axis',(0.,0.,-1.));
#13764=DIRECTION('ref_axis',(-0.927749073662418,0.373204577033195,0.));
#13765=DIRECTION('center_axis',(0.,0.,1.));
#13766=DIRECTION('ref_axis',(1.,0.,0.));
#13767=DIRECTION('center_axis',(0.,0.,1.));
#13768=DIRECTION('ref_axis',(1.,0.,0.));
#13769=DIRECTION('center_axis',(0.,0.,-1.));
#13770=DIRECTION('ref_axis',(-1.,0.,0.));
#13771=DIRECTION('center_axis',(0.,0.,-1.));
#13772=DIRECTION('ref_axis',(-1.,0.,0.));
#13773=DIRECTION('',(0.,0.,-1.));
#13774=DIRECTION('center_axis',(0.,0.,1.));
#13775=DIRECTION('ref_axis',(-1.,0.,0.));
#13776=DIRECTION('center_axis',(0.,0.,-1.));
#13777=DIRECTION('ref_axis',(1.,0.,0.));
#13778=DIRECTION('center_axis',(0.,0.,-1.));
#13779=DIRECTION('ref_axis',(1.,0.,0.));
#13780=DIRECTION('center_axis',(0.,0.,-1.));
#13781=DIRECTION('ref_axis',(0.669733084591222,0.742601909103341,0.));
#13782=DIRECTION('center_axis',(0.,0.,1.));
#13783=DIRECTION('ref_axis',(-1.,0.,0.));
#13784=DIRECTION('',(0.,0.,1.));
#13785=DIRECTION('center_axis',(0.,0.,1.));
#13786=DIRECTION('ref_axis',(-1.,0.,0.));
#13787=DIRECTION('',(0.,0.,1.));
#13788=DIRECTION('center_axis',(0.,0.,-1.));
#13789=DIRECTION('ref_axis',(-0.669733084591205,-0.742601909103357,0.));
#13790=DIRECTION('center_axis',(0.,0.,1.));
#13791=DIRECTION('ref_axis',(1.,0.,0.));
#13792=DIRECTION('center_axis',(0.,0.,1.));
#13793=DIRECTION('ref_axis',(1.,0.,0.));
#13794=DIRECTION('center_axis',(0.,0.,-1.));
#13795=DIRECTION('ref_axis',(-1.,0.,0.));
#13796=DIRECTION('center_axis',(0.,0.,-1.));
#13797=DIRECTION('ref_axis',(-1.,0.,0.));
#13798=DIRECTION('',(0.,0.,-1.));
#13799=DIRECTION('center_axis',(0.,0.,1.));
#13800=DIRECTION('ref_axis',(-1.,0.,0.));
#13801=DIRECTION('center_axis',(0.,0.,-1.));
#13802=DIRECTION('ref_axis',(1.,0.,0.));
#13803=DIRECTION('center_axis',(0.,0.,-1.));
#13804=DIRECTION('ref_axis',(1.,0.,0.));
#13805=DIRECTION('center_axis',(1.,0.,0.));
#13806=DIRECTION('ref_axis',(0.,-1.,0.));
#13807=DIRECTION('',(0.,1.,0.));
#13808=DIRECTION('',(0.,0.,-1.));
#13809=DIRECTION('',(0.,-1.,0.));
#13810=DIRECTION('',(0.,0.,-1.));
#13811=DIRECTION('center_axis',(-0.00175203276390972,-0.999998465189419,
0.));
#13812=DIRECTION('ref_axis',(-0.999998465189419,0.00175203276390972,0.));
#13813=DIRECTION('',(0.999998465189419,-0.00175203276390972,0.));
#13814=DIRECTION('',(0.,0.,-1.));
#13815=DIRECTION('',(-0.999998465189419,0.00175203276390972,0.));
#13816=DIRECTION('center_axis',(-1.,-5.44087379169663E-15,0.));
#13817=DIRECTION('ref_axis',(-5.44087379169663E-15,1.,0.));
#13818=DIRECTION('',(5.44087379169663E-15,-1.,0.));
#13819=DIRECTION('',(0.,0.,-1.));
#13820=DIRECTION('',(-5.44087379169663E-15,1.,0.));
#13821=DIRECTION('center_axis',(0.,-1.,0.));
#13822=DIRECTION('ref_axis',(-1.,0.,0.));
#13823=DIRECTION('',(1.,0.,0.));
#13824=DIRECTION('',(0.,0.,-1.));
#13825=DIRECTION('',(-1.,0.,0.));
#13826=DIRECTION('center_axis',(-1.,0.,0.));
#13827=DIRECTION('ref_axis',(0.,1.,0.));
#13828=DIRECTION('',(0.,-1.,0.));
#13829=DIRECTION('',(0.,0.,-1.));
#13830=DIRECTION('',(0.,1.,0.));
#13831=DIRECTION('center_axis',(0.,-1.,0.));
#13832=DIRECTION('ref_axis',(-1.,0.,0.));
#13833=DIRECTION('',(1.,0.,0.));
#13834=DIRECTION('',(0.,0.,-1.));
#13835=DIRECTION('',(-1.,0.,0.));
#13836=DIRECTION('center_axis',(1.,0.,0.));
#13837=DIRECTION('ref_axis',(0.,-1.,0.));
#13838=DIRECTION('',(0.,1.,0.));
#13839=DIRECTION('',(0.,0.,-1.));
#13840=DIRECTION('',(0.,-1.,0.));
#13841=DIRECTION('center_axis',(0.,1.,0.));
#13842=DIRECTION('ref_axis',(1.,0.,0.));
#13843=DIRECTION('',(-1.,0.,0.));
#13844=DIRECTION('',(0.,0.,-1.));
#13845=DIRECTION('',(1.,0.,0.));
#13846=DIRECTION('center_axis',(1.,0.,0.));
#13847=DIRECTION('ref_axis',(0.,-1.,0.));
#13848=DIRECTION('',(0.,1.,0.));
#13849=DIRECTION('',(0.,0.,-1.));
#13850=DIRECTION('',(0.,-1.,0.));
#13851=DIRECTION('center_axis',(0.,1.,0.));
#13852=DIRECTION('ref_axis',(1.,0.,0.));
#13853=DIRECTION('',(-1.,0.,0.));
#13854=DIRECTION('',(0.,0.,-1.));
#13855=DIRECTION('',(1.,0.,0.));
#13856=DIRECTION('center_axis',(1.,0.,0.));
#13857=DIRECTION('ref_axis',(0.,-1.,0.));
#13858=DIRECTION('',(0.,1.,0.));
#13859=DIRECTION('',(0.,0.,-1.));
#13860=DIRECTION('',(0.,-1.,0.));
#13861=DIRECTION('center_axis',(0.,1.,0.));
#13862=DIRECTION('ref_axis',(1.,0.,0.));
#13863=DIRECTION('',(-1.,0.,0.));
#13864=DIRECTION('',(0.,0.,-1.));
#13865=DIRECTION('',(1.,0.,0.));
#13866=DIRECTION('center_axis',(-1.,0.,0.));
#13867=DIRECTION('ref_axis',(0.,1.,0.));
#13868=DIRECTION('',(0.,-1.,0.));
#13869=DIRECTION('',(0.,0.,-1.));
#13870=DIRECTION('',(0.,1.,0.));
#13871=DIRECTION('center_axis',(3.10675968599205E-16,1.,0.));
#13872=DIRECTION('ref_axis',(1.,-3.10675968599205E-16,0.));
#13873=DIRECTION('',(-1.,3.10675968599205E-16,0.));
#13874=DIRECTION('',(0.,0.,-1.));
#13875=DIRECTION('',(1.,-3.10675968599205E-16,0.));
#13876=DIRECTION('center_axis',(-1.,0.,0.));
#13877=DIRECTION('ref_axis',(0.,1.,0.));
#13878=DIRECTION('',(0.,-1.,0.));
#13879=DIRECTION('',(0.,0.,-1.));
#13880=DIRECTION('',(0.,1.,0.));
#13881=DIRECTION('center_axis',(0.,1.,0.));
#13882=DIRECTION('ref_axis',(1.,0.,0.));
#13883=DIRECTION('',(-1.,0.,0.));
#13884=DIRECTION('',(0.,0.,-1.));
#13885=DIRECTION('',(1.,0.,0.));
#13886=DIRECTION('center_axis',(-1.,4.73087737840788E-15,0.));
#13887=DIRECTION('ref_axis',(4.73087737840788E-15,1.,0.));
#13888=DIRECTION('',(-4.73087737840788E-15,-1.,0.));
#13889=DIRECTION('',(0.,0.,-1.));
#13890=DIRECTION('',(4.73087737840788E-15,1.,0.));
#13891=DIRECTION('center_axis',(0.,1.,0.));
#13892=DIRECTION('ref_axis',(1.,0.,0.));
#13893=DIRECTION('',(-1.,0.,0.));
#13894=DIRECTION('',(0.,0.,-1.));
#13895=DIRECTION('',(1.,0.,0.));
#13896=DIRECTION('center_axis',(-0.838359390911088,0.54511790621038,0.));
#13897=DIRECTION('ref_axis',(0.54511790621038,0.838359390911089,0.));
#13898=DIRECTION('',(-0.54511790621038,-0.838359390911089,0.));
#13899=DIRECTION('',(0.,0.,-1.));
#13900=DIRECTION('',(0.54511790621038,0.838359390911089,0.));
#13901=DIRECTION('center_axis',(0.,1.,0.));
#13902=DIRECTION('ref_axis',(1.,0.,0.));
#13903=DIRECTION('',(-1.,0.,0.));
#13904=DIRECTION('',(0.,0.,-1.));
#13905=DIRECTION('',(1.,0.,0.));
#13906=DIRECTION('center_axis',(-1.98364257777034E-5,0.999999999803258,
0.));
#13907=DIRECTION('ref_axis',(0.999999999803258,1.98364257777034E-5,0.));
#13908=DIRECTION('',(-0.999999999803258,-1.98364257777034E-5,0.));
#13909=DIRECTION('',(0.,0.,-1.));
#13910=DIRECTION('',(0.999999999803258,1.98364257777034E-5,0.));
#13911=DIRECTION('center_axis',(-0.999999562491143,-0.000935423712596856,
0.));
#13912=DIRECTION('ref_axis',(-0.000935423712596856,0.999999562491143,0.));
#13913=DIRECTION('',(0.000935423712596856,-0.999999562491143,0.));
#13914=DIRECTION('',(0.,0.,-1.));
#13915=DIRECTION('',(-0.000935423712596856,0.999999562491143,0.));
#13916=DIRECTION('center_axis',(0.,-1.,0.));
#13917=DIRECTION('ref_axis',(-1.,0.,0.));
#13918=DIRECTION('',(1.,0.,0.));
#13919=DIRECTION('',(-1.,0.,0.));
#13920=DIRECTION('center_axis',(1.,0.,0.));
#13921=DIRECTION('ref_axis',(0.,-1.,0.));
#13922=DIRECTION('',(0.,1.,0.));
#13923=DIRECTION('',(0.,0.,-1.));
#13924=DIRECTION('',(0.,-1.,0.));
#13925=DIRECTION('',(0.,0.,-1.));
#13926=DIRECTION('center_axis',(0.999999562491143,0.000935423712596856,
0.));
#13927=DIRECTION('ref_axis',(0.000935423712596856,-0.999999562491143,0.));
#13928=DIRECTION('',(-0.000935423712596856,0.999999562491143,0.));
#13929=DIRECTION('',(0.,0.,-1.));
#13930=DIRECTION('',(0.000935423712596856,-0.999999562491143,0.));
#13931=DIRECTION('center_axis',(1.,0.,0.));
#13932=DIRECTION('ref_axis',(0.,-1.,0.));
#13933=DIRECTION('',(0.,-1.,0.));
#13934=DIRECTION('',(0.,0.,-1.));
#13935=DIRECTION('',(0.,-1.,0.));
#13936=DIRECTION('center_axis',(0.000935423712598696,-0.999999562491143,
0.));
#13937=DIRECTION('ref_axis',(-0.999999562491143,-0.000935423712598695,0.));
#13938=DIRECTION('',(-0.999999562491143,-0.000935423712598695,0.));
#13939=DIRECTION('',(0.,0.,-1.));
#13940=DIRECTION('',(-0.999999562491143,-0.000935423712598695,0.));
#13941=DIRECTION('center_axis',(1.98364257777034E-5,-0.999999999803258,
0.));
#13942=DIRECTION('ref_axis',(-0.999999999803258,-1.98364257777034E-5,0.));
#13943=DIRECTION('',(-0.999999999803258,-1.98364257777034E-5,0.));
#13944=DIRECTION('',(0.,0.,-1.));
#13945=DIRECTION('',(-0.999999999803258,-1.98364257777034E-5,0.));
#13946=DIRECTION('center_axis',(1.02391165422356E-15,-1.,0.));
#13947=DIRECTION('ref_axis',(-1.,-1.02391165422356E-15,0.));
#13948=DIRECTION('',(-1.,-1.02391165422356E-15,0.));
#13949=DIRECTION('',(0.,0.,-1.));
#13950=DIRECTION('',(-1.,-1.02391165422356E-15,0.));
#13951=DIRECTION('center_axis',(0.838359390911088,-0.54511790621038,0.));
#13952=DIRECTION('ref_axis',(-0.54511790621038,-0.838359390911089,0.));
#13953=DIRECTION('',(-0.54511790621038,-0.838359390911089,0.));
#13954=DIRECTION('',(0.,0.,-1.));
#13955=DIRECTION('',(-0.54511790621038,-0.838359390911089,0.));
#13956=DIRECTION('center_axis',(-8.03629753667885E-16,-1.,0.));
#13957=DIRECTION('ref_axis',(-1.,8.03629753667885E-16,0.));
#13958=DIRECTION('',(-1.,8.03629753667885E-16,0.));
#13959=DIRECTION('',(0.,0.,-1.));
#13960=DIRECTION('',(-1.,8.03629753667885E-16,0.));
#13961=DIRECTION('center_axis',(1.,-4.73087737840788E-15,0.));
#13962=DIRECTION('ref_axis',(-4.73087737840788E-15,-1.,0.));
#13963=DIRECTION('',(-4.73087737840788E-15,-1.,0.));
#13964=DIRECTION('',(0.,0.,-1.));
#13965=DIRECTION('',(-4.73087737840788E-15,-1.,0.));
#13966=DIRECTION('center_axis',(0.,-1.,0.));
#13967=DIRECTION('ref_axis',(-1.,0.,0.));
#13968=DIRECTION('',(-1.,0.,0.));
#13969=DIRECTION('',(0.,0.,-1.));
#13970=DIRECTION('',(-1.,0.,0.));
#13971=DIRECTION('center_axis',(1.,0.,0.));
#13972=DIRECTION('ref_axis',(0.,-1.,0.));
#13973=DIRECTION('',(0.,-1.,0.));
#13974=DIRECTION('',(0.,0.,-1.));
#13975=DIRECTION('',(0.,-1.,0.));
#13976=DIRECTION('center_axis',(-2.42747454380169E-16,-1.,0.));
#13977=DIRECTION('ref_axis',(-1.,2.42747454380169E-16,0.));
#13978=DIRECTION('',(-1.,2.42747454380169E-16,0.));
#13979=DIRECTION('',(0.,0.,-1.));
#13980=DIRECTION('',(-1.,2.42747454380169E-16,0.));
#13981=DIRECTION('center_axis',(-1.,0.,0.));
#13982=DIRECTION('ref_axis',(0.,1.,0.));
#13983=DIRECTION('',(0.,1.,0.));
#13984=DIRECTION('',(0.,0.,-1.));
#13985=DIRECTION('',(0.,1.,0.));
#13986=DIRECTION('center_axis',(0.,-1.,0.));
#13987=DIRECTION('ref_axis',(-1.,0.,0.));
#13988=DIRECTION('',(-1.,0.,0.));
#13989=DIRECTION('',(0.,0.,-1.));
#13990=DIRECTION('',(-1.,0.,0.));
#13991=DIRECTION('center_axis',(-1.,0.,0.));
#13992=DIRECTION('ref_axis',(0.,1.,0.));
#13993=DIRECTION('',(0.,1.,0.));
#13994=DIRECTION('',(0.,0.,-1.));
#13995=DIRECTION('',(0.,1.,0.));
#13996=DIRECTION('center_axis',(0.,-1.,0.));
#13997=DIRECTION('ref_axis',(-1.,0.,0.));
#13998=DIRECTION('',(-1.,0.,0.));
#13999=DIRECTION('',(0.,0.,-1.));
#14000=DIRECTION('',(-1.,0.,0.));
#14001=DIRECTION('center_axis',(-1.,7.64717599860695E-17,0.));
#14002=DIRECTION('ref_axis',(7.64717599860695E-17,1.,0.));
#14003=DIRECTION('',(-7.64717599860695E-17,-1.,0.));
#14004=DIRECTION('',(0.,0.,-1.));
#14005=DIRECTION('',(7.64717599860695E-17,1.,0.));
#14006=DIRECTION('center_axis',(-3.37079955005478E-15,1.,0.));
#14007=DIRECTION('ref_axis',(1.,3.37079955005478E-15,0.));
#14008=DIRECTION('',(1.,3.37079955005478E-15,0.));
#14009=DIRECTION('',(0.,0.,-1.));
#14010=DIRECTION('',(1.,3.37079955005478E-15,0.));
#14011=DIRECTION('center_axis',(1.,1.0870091323191E-14,0.));
#14012=DIRECTION('ref_axis',(1.0870091323191E-14,-1.,0.));
#14013=DIRECTION('',(1.0870091323191E-14,-1.,0.));
#14014=DIRECTION('',(0.,0.,-1.));
#14015=DIRECTION('',(1.0870091323191E-14,-1.,0.));
#14016=DIRECTION('center_axis',(0.00175201391502266,0.999998465222443,0.));
#14017=DIRECTION('ref_axis',(0.999998465222443,-0.00175201391502266,0.));
#14018=DIRECTION('',(0.999998465222443,-0.00175201391502266,0.));
#14019=DIRECTION('',(0.,0.,-1.));
#14020=DIRECTION('',(0.999998465222443,-0.00175201391502266,0.));
#14021=DIRECTION('center_axis',(-1.,0.,0.));
#14022=DIRECTION('ref_axis',(0.,1.,0.));
#14023=DIRECTION('',(0.,1.,0.));
#14024=DIRECTION('',(0.,0.,-1.));
#14025=DIRECTION('',(0.,1.,0.));
#14026=DIRECTION('center_axis',(0.,1.,0.));
#14027=DIRECTION('ref_axis',(1.,0.,0.));
#14028=DIRECTION('',(-1.,0.,0.));
#14029=DIRECTION('',(1.,0.,0.));
#14030=DIRECTION('center_axis',(0.,0.,-1.));
#14031=DIRECTION('ref_axis',(1.,0.,0.));
#14032=DIRECTION('center_axis',(0.,0.,1.));
#14033=DIRECTION('ref_axis',(1.,0.,0.));
#14034=DIRECTION('center_axis',(0.,0.,-1.));
#14035=DIRECTION('ref_axis',(-1.,0.,0.));
#14036=DIRECTION('center_axis',(0.,0.,1.));
#14037=DIRECTION('ref_axis',(-1.,0.,0.));
#14038=DIRECTION('',(0.,0.,-1.));
#14039=DIRECTION('center_axis',(0.,0.,1.));
#14040=DIRECTION('ref_axis',(-1.,0.,0.));
#14041=DIRECTION('center_axis',(0.,0.,-1.));
#14042=DIRECTION('ref_axis',(-1.,0.,0.));
#14043=DIRECTION('center_axis',(0.,0.,1.));
#14044=DIRECTION('ref_axis',(-1.,0.,0.));
#14045=DIRECTION('',(0.,0.,-1.));
#14046=DIRECTION('center_axis',(0.,0.,1.));
#14047=DIRECTION('ref_axis',(-1.,0.,0.));
#14048=DIRECTION('center_axis',(0.,0.,-1.));
#14049=DIRECTION('ref_axis',(-1.,0.,0.));
#14050=DIRECTION('center_axis',(0.,0.,1.));
#14051=DIRECTION('ref_axis',(-1.,0.,0.));
#14052=DIRECTION('',(0.,0.,-1.));
#14053=DIRECTION('center_axis',(0.,0.,1.));
#14054=DIRECTION('ref_axis',(-1.,0.,0.));
#14055=DIRECTION('center_axis',(0.,0.,-1.));
#14056=DIRECTION('ref_axis',(-1.,0.,0.));
#14057=DIRECTION('center_axis',(0.,0.,1.));
#14058=DIRECTION('ref_axis',(-1.,0.,0.));
#14059=DIRECTION('',(0.,0.,-1.));
#14060=DIRECTION('center_axis',(0.,0.,1.));
#14061=DIRECTION('ref_axis',(-1.,0.,0.));
#14062=DIRECTION('center_axis',(0.,-1.,0.));
#14063=DIRECTION('ref_axis',(1.,0.,0.));
#14064=DIRECTION('',(-1.,0.,0.));
#14065=DIRECTION('',(0.,0.,1.));
#14066=DIRECTION('',(1.,0.,0.));
#14067=DIRECTION('',(0.,0.,1.));
#14068=DIRECTION('center_axis',(-1.,0.,0.));
#14069=DIRECTION('ref_axis',(0.,-1.,0.));
#14070=DIRECTION('',(0.,1.,0.));
#14071=DIRECTION('',(0.,0.,1.));
#14072=DIRECTION('',(0.,-1.,0.));
#14073=DIRECTION('center_axis',(0.,-1.,0.));
#14074=DIRECTION('ref_axis',(1.,0.,0.));
#14075=DIRECTION('',(-1.,0.,0.));
#14076=DIRECTION('',(0.,0.,1.));
#14077=DIRECTION('',(1.,0.,0.));
#14078=DIRECTION('center_axis',(-1.,0.,0.));
#14079=DIRECTION('ref_axis',(0.,-1.,0.));
#14080=DIRECTION('',(0.,1.,0.));
#14081=DIRECTION('',(0.,0.,1.));
#14082=DIRECTION('',(0.,-1.,0.));
#14083=DIRECTION('center_axis',(-2.42747454380169E-16,-1.,0.));
#14084=DIRECTION('ref_axis',(1.,-2.42747454380169E-16,0.));
#14085=DIRECTION('',(-1.,2.42747454380169E-16,0.));
#14086=DIRECTION('',(0.,0.,1.));
#14087=DIRECTION('',(1.,-2.42747454380169E-16,0.));
#14088=DIRECTION('center_axis',(1.,0.,0.));
#14089=DIRECTION('ref_axis',(0.,1.,0.));
#14090=DIRECTION('',(0.,-1.,0.));
#14091=DIRECTION('',(0.,0.,1.));
#14092=DIRECTION('',(0.,1.,0.));
#14093=DIRECTION('center_axis',(0.,-1.,0.));
#14094=DIRECTION('ref_axis',(1.,0.,0.));
#14095=DIRECTION('',(-1.,0.,0.));
#14096=DIRECTION('',(0.,0.,1.));
#14097=DIRECTION('',(1.,0.,0.));
#14098=DIRECTION('center_axis',(1.,-4.73087737840788E-15,0.));
#14099=DIRECTION('ref_axis',(4.73087737840788E-15,1.,0.));
#14100=DIRECTION('',(-4.73087737840788E-15,-1.,0.));
#14101=DIRECTION('',(0.,0.,1.));
#14102=DIRECTION('',(4.73087737840788E-15,1.,0.));
#14103=DIRECTION('center_axis',(-8.03629753667885E-16,-1.,0.));
#14104=DIRECTION('ref_axis',(1.,-8.03629753667885E-16,0.));
#14105=DIRECTION('',(-1.,8.03629753667885E-16,0.));
#14106=DIRECTION('',(0.,0.,1.));
#14107=DIRECTION('',(1.,-8.03629753667885E-16,0.));
#14108=DIRECTION('center_axis',(0.838359390911088,-0.54511790621038,0.));
#14109=DIRECTION('ref_axis',(0.54511790621038,0.838359390911089,0.));
#14110=DIRECTION('',(-0.54511790621038,-0.838359390911089,0.));
#14111=DIRECTION('',(0.,0.,1.));
#14112=DIRECTION('',(0.54511790621038,0.838359390911089,0.));
#14113=DIRECTION('center_axis',(1.02391165422356E-15,-1.,0.));
#14114=DIRECTION('ref_axis',(1.,1.02391165422356E-15,0.));
#14115=DIRECTION('',(-1.,-1.02391165422356E-15,0.));
#14116=DIRECTION('',(0.,0.,1.));
#14117=DIRECTION('',(1.,1.02391165422356E-15,0.));
#14118=DIRECTION('center_axis',(1.98364257777034E-5,-0.999999999803258,
0.));
#14119=DIRECTION('ref_axis',(0.999999999803258,1.98364257777034E-5,0.));
#14120=DIRECTION('',(-0.999999999803258,-1.98364257777034E-5,0.));
#14121=DIRECTION('',(0.,0.,1.));
#14122=DIRECTION('',(0.999999999803258,1.98364257777034E-5,0.));
#14123=DIRECTION('center_axis',(0.000935423712598696,-0.999999562491143,
0.));
#14124=DIRECTION('ref_axis',(0.999999562491143,0.000935423712598695,0.));
#14125=DIRECTION('',(-0.999999562491143,-0.000935423712598695,0.));
#14126=DIRECTION('',(0.,0.,1.));
#14127=DIRECTION('',(0.999999562491143,0.000935423712598695,0.));
#14128=DIRECTION('center_axis',(1.,0.,0.));
#14129=DIRECTION('ref_axis',(0.,1.,0.));
#14130=DIRECTION('',(0.,-1.,0.));
#14131=DIRECTION('',(0.,0.,1.));
#14132=DIRECTION('',(0.,1.,0.));
#14133=DIRECTION('center_axis',(0.999999562491143,0.000935423712596856,
0.));
#14134=DIRECTION('ref_axis',(-0.000935423712596856,0.999999562491143,0.));
#14135=DIRECTION('',(-0.000935423712596856,0.999999562491143,0.));
#14136=DIRECTION('',(0.,0.,1.));
#14137=DIRECTION('',(-0.000935423712596856,0.999999562491143,0.));
#14138=DIRECTION('center_axis',(1.,0.,0.));
#14139=DIRECTION('ref_axis',(0.,1.,0.));
#14140=DIRECTION('',(0.,1.,0.));
#14141=DIRECTION('',(0.,0.,1.));
#14142=DIRECTION('',(0.,1.,0.));
#14143=DIRECTION('center_axis',(0.,1.,0.));
#14144=DIRECTION('ref_axis',(-1.,0.,0.));
#14145=DIRECTION('',(1.,0.,0.));
#14146=DIRECTION('',(0.,0.,1.));
#14147=DIRECTION('',(-1.,0.,0.));
#14148=DIRECTION('center_axis',(-1.,0.,0.));
#14149=DIRECTION('ref_axis',(0.,-1.,0.));
#14150=DIRECTION('',(0.,1.,0.));
#14151=DIRECTION('',(0.,0.,1.));
#14152=DIRECTION('',(0.,-1.,0.));
#14153=DIRECTION('center_axis',(0.00175201391502266,0.999998465222443,0.));
#14154=DIRECTION('ref_axis',(-0.999998465222443,0.00175201391502266,0.));
#14155=DIRECTION('',(0.999998465222443,-0.00175201391502266,0.));
#14156=DIRECTION('',(0.,0.,1.));
#14157=DIRECTION('',(-0.999998465222443,0.00175201391502266,0.));
#14158=DIRECTION('center_axis',(1.,1.0870091323191E-14,0.));
#14159=DIRECTION('ref_axis',(-1.0870091323191E-14,1.,0.));
#14160=DIRECTION('',(1.0870091323191E-14,-1.,0.));
#14161=DIRECTION('',(0.,0.,1.));
#14162=DIRECTION('',(-1.0870091323191E-14,1.,0.));
#14163=DIRECTION('center_axis',(-3.37079955005478E-15,1.,0.));
#14164=DIRECTION('ref_axis',(-1.,-3.37079955005478E-15,0.));
#14165=DIRECTION('',(1.,3.37079955005478E-15,0.));
#14166=DIRECTION('',(0.,0.,1.));
#14167=DIRECTION('',(-1.,-3.37079955005478E-15,0.));
#14168=DIRECTION('center_axis',(-1.,1.52943519972139E-16,0.));
#14169=DIRECTION('ref_axis',(-1.52943519972139E-16,-1.,0.));
#14170=DIRECTION('',(-1.52943519972139E-16,-1.,0.));
#14171=DIRECTION('',(-1.52943519972139E-16,-1.,0.));
#14172=DIRECTION('center_axis',(0.,0.,-1.));
#14173=DIRECTION('ref_axis',(1.,0.,0.));
#14174=DIRECTION('center_axis',(0.,0.,-1.));
#14175=DIRECTION('ref_axis',(1.,0.,0.));
#14176=CARTESIAN_POINT('',(0.,0.,0.));
#14177=CARTESIAN_POINT('Origin',(218.666560243989,-141.560326619429,2.36));
#14178=CARTESIAN_POINT('',(219.416560243989,-171.98996140915,1.61));
#14179=CARTESIAN_POINT('',(217.916560243989,-171.989259841366,3.11));
#14180=CARTESIAN_POINT('',(219.416560243989,-171.98996140915,1.61));
#14181=CARTESIAN_POINT('',(217.916560243989,-174.4862197143,3.11));
#14182=CARTESIAN_POINT('',(217.916560243989,-141.560326619429,3.11));
#14183=CARTESIAN_POINT('',(219.416560243989,-175.9862197143,1.61));
#14184=CARTESIAN_POINT('',(202.592304164189,-159.1619636345,18.4342560798003));
#14185=CARTESIAN_POINT('',(219.416560243989,-141.560326619429,1.61));
#14186=CARTESIAN_POINT('Origin',(218.696856115794,-139.602299781857,2.36));
#14187=CARTESIAN_POINT('',(219.516561386648,-65.0853602522652,1.61));
#14188=CARTESIAN_POINT('',(218.016561386649,-65.0846586841738,3.11));
#14189=CARTESIAN_POINT('',(219.516561386648,-65.0853602522652,1.61));
#14190=CARTESIAN_POINT('',(217.946856443926,-139.601598214072,3.11));
#14191=CARTESIAN_POINT('',(219.446855787662,-139.603001349641,1.61));
#14192=CARTESIAN_POINT('Origin',(218.766561386649,-86.1098968884116,2.36));
#14193=CARTESIAN_POINT('',(219.516561386648,-61.0853601788303,1.61));
#14194=CARTESIAN_POINT('',(219.516561386648,-86.1098968884116,1.61));
#14195=CARTESIAN_POINT('',(218.016561386649,-62.5839576989111,3.11));
#14196=CARTESIAN_POINT('',(207.579251717614,-73.0115086231318,13.547309669035));
#14197=CARTESIAN_POINT('',(218.016561386649,-86.1098968884116,3.11));
#14198=CARTESIAN_POINT('Origin',(132.235691904043,-107.134433524558,3.11));
#14199=CARTESIAN_POINT('',(215.515926036989,-62.5816185442851,3.11));
#14200=CARTESIAN_POINT('',(175.896299384074,-62.5445573898151,3.11));
#14201=CARTESIAN_POINT('',(210.516835960196,-62.5815193802059,3.11));
#14202=CARTESIAN_POINT('',(173.876594216584,-62.58079256877,3.11));
#14203=CARTESIAN_POINT('',(192.354240267656,-62.5815193802059,3.11));
#14204=CARTESIAN_POINT('',(171.376271370779,-62.5815193802059,3.11));
#14205=CARTESIAN_POINT('',(187.939465989631,-55.7918552863122,3.11));
#14206=CARTESIAN_POINT('',(193.380636698385,-64.1600569345508,3.11));
#14207=CARTESIAN_POINT('',(165.149175405901,-55.7918552863122,3.11));
#14208=CARTESIAN_POINT('',(160.494518469482,-55.7918552863122,3.11));
#14209=CARTESIAN_POINT('',(165.149175405901,-48.2822256877616,3.11));
#14210=CARTESIAN_POINT('',(165.149175405901,-80.713144405435,3.11));
#14211=CARTESIAN_POINT('',(139.340458166065,-48.2822256877616,3.11));
#14212=CARTESIAN_POINT('',(149.442433654972,-48.2822256877616,3.11));
#14213=CARTESIAN_POINT('',(139.340458166065,-39.782647334816,3.11));
#14214=CARTESIAN_POINT('',(139.340458166065,-76.9583296061598,3.11));
#14215=CARTESIAN_POINT('',(105.751880050262,-39.7826473348161,3.11));
#14216=CARTESIAN_POINT('',(136.538075035054,-39.782647334816,3.11));
#14217=CARTESIAN_POINT('',(105.751880050262,-48.7722030594326,3.11));
#14218=CARTESIAN_POINT('',(105.751880050262,-72.708540429687,3.11));
#14219=CARTESIAN_POINT('',(77.6532754916211,-48.7722030594326,3.11));
#14220=CARTESIAN_POINT('',(118.243785977152,-48.7722030594326,3.11));
#14221=CARTESIAN_POINT('',(77.6532754916211,-58.891699983348,3.11));
#14222=CARTESIAN_POINT('',(77.6532754916211,-77.2033182919953,3.11));
#14223=CARTESIAN_POINT('',(46.4548224214369,-58.891699983348,3.11));
#14224=CARTESIAN_POINT('',(104.194483697832,-58.891699983348,3.11));
#14225=CARTESIAN_POINT('',(46.4548224214369,-172.036329041437,3.11));
#14226=CARTESIAN_POINT('',(46.4548224214369,-82.263066753953,3.11));
#14227=CARTESIAN_POINT('',(89.0329562618569,-172.036329041437,3.11));
#14228=CARTESIAN_POINT('',(88.5952571627397,-172.036329041437,3.11));
#14229=CARTESIAN_POINT('',(89.0329562618569,-165.502277981668,3.11));
#14230=CARTESIAN_POINT('',(89.0329562618572,-140.335381282997,3.11));
#14231=CARTESIAN_POINT('',(181.058141816074,-165.341048328593,3.11));
#14232=CARTESIAN_POINT('',(111.434074325341,-165.463030850873,3.11));
#14233=CARTESIAN_POINT('',(181.058141816074,-174.4862197143,3.11));
#14234=CARTESIAN_POINT('',(181.058141816074,-136.989056090113,3.11));
#14235=CARTESIAN_POINT('',(155.896916860059,-174.4862197143,3.11));
#14236=CARTESIAN_POINT('',(179.798333825781,-142.127700325278,3.11));
#14237=CARTESIAN_POINT('',(179.798333825781,-156.127005847777,3.11));
#14238=CARTESIAN_POINT('',(179.798333825781,-156.127005847777,3.11));
#14239=CARTESIAN_POINT('',(165.799028303282,-156.127005847777,3.11));
#14240=CARTESIAN_POINT('',(165.799028303282,-156.127005847777,3.11));
#14241=CARTESIAN_POINT('',(165.799028303282,-142.127700325278,3.11));
#14242=CARTESIAN_POINT('',(165.799028303282,-142.127700325278,3.11));
#14243=CARTESIAN_POINT('',(179.798333825781,-142.127700325278,3.11));
#14244=CARTESIAN_POINT('',(154.469588503039,-83.0006286180403,3.11));
#14245=CARTESIAN_POINT('',(154.469588503039,-96.9999341405389,3.11));
#14246=CARTESIAN_POINT('',(154.469588503039,-96.9999341405389,3.11));
#14247=CARTESIAN_POINT('',(140.47028298054,-96.9999341405389,3.11));
#14248=CARTESIAN_POINT('',(140.47028298054,-96.9999341405389,3.11));
#14249=CARTESIAN_POINT('',(140.47028298054,-83.0006286180403,3.11));
#14250=CARTESIAN_POINT('',(140.47028298054,-83.0006286180403,3.11));
#14251=CARTESIAN_POINT('',(154.469588503039,-83.0006286180403,3.11));
#14252=CARTESIAN_POINT('',(78.4333595925002,-145.157548799862,3.11));
#14253=CARTESIAN_POINT('',(78.4333595925002,-159.156854322361,3.11));
#14254=CARTESIAN_POINT('',(78.4333595925002,-159.156854322361,3.11));
#14255=CARTESIAN_POINT('',(64.4340540700016,-159.156854322361,3.11));
#14256=CARTESIAN_POINT('',(64.4340540700016,-159.156854322361,3.11));
#14257=CARTESIAN_POINT('',(64.4340540700016,-145.157548799862,3.11));
#14258=CARTESIAN_POINT('',(64.4340540700016,-145.157548799862,3.11));
#14259=CARTESIAN_POINT('',(78.4333595925002,-145.157548799862,3.11));
#14260=CARTESIAN_POINT('',(201.880568508876,-74.8197863594114,3.11));
#14261=CARTESIAN_POINT('',(202.707095748477,-77.1785524311195,3.11));
#14262=CARTESIAN_POINT('Origin',(202.32,-75.99,3.11));
#14263=CARTESIAN_POINT('Origin',(202.317213657508,-75.9909763528463,3.11));
#14264=CARTESIAN_POINT('',(205.427052060436,-151.337234913795,3.11));
#14265=CARTESIAN_POINT('',(205.427052060436,-165.336540436294,3.11));
#14266=CARTESIAN_POINT('',(205.427052060436,-165.336540436294,3.11));
#14267=CARTESIAN_POINT('',(191.427746537937,-165.336540436294,3.11));
#14268=CARTESIAN_POINT('',(191.427746537937,-165.336540436294,3.11));
#14269=CARTESIAN_POINT('',(191.427746537937,-151.337234913795,3.11));
#14270=CARTESIAN_POINT('',(191.427746537937,-151.337234913795,3.11));
#14271=CARTESIAN_POINT('',(205.427052060436,-151.337234913795,3.11));
#14272=CARTESIAN_POINT('',(201.819802652744,-71.4444422259015,3.11));
#14273=CARTESIAN_POINT('',(202.76981517264,-73.7562616818113,3.11));
#14274=CARTESIAN_POINT('Origin',(202.32,-72.59,3.11));
#14275=CARTESIAN_POINT('Origin',(202.317213657508,-72.5911450116681,3.11));
#14276=CARTESIAN_POINT('',(103.632106481391,-57.4318973367517,3.11));
#14277=CARTESIAN_POINT('',(103.632106481391,-71.4312028592503,3.11));
#14278=CARTESIAN_POINT('',(103.632106481391,-71.4312028592503,3.11));
#14279=CARTESIAN_POINT('',(89.6328009588926,-71.4312028592503,3.11));
#14280=CARTESIAN_POINT('',(89.6328009588926,-71.4312028592503,3.11));
#14281=CARTESIAN_POINT('',(89.6328009588926,-57.4318973367517,3.11));
#14282=CARTESIAN_POINT('',(89.6328009588926,-57.4318973367517,3.11));
#14283=CARTESIAN_POINT('',(103.632106481391,-57.4318973367517,3.11));
#14284=CARTESIAN_POINT('',(78.4733585237607,-120.118790006997,3.11));
#14285=CARTESIAN_POINT('',(78.4733585237607,-134.118087900479,3.11));
#14286=CARTESIAN_POINT('',(78.4733585237607,-134.118087900479,3.11));
#14287=CARTESIAN_POINT('',(64.4740530012621,-134.118087900479,3.11));
#14288=CARTESIAN_POINT('',(64.4740530012621,-134.118087900479,3.11));
#14289=CARTESIAN_POINT('',(64.4740530012621,-120.118790006997,3.11));
#14290=CARTESIAN_POINT('',(64.4740530012621,-120.118790006997,3.11));
#14291=CARTESIAN_POINT('',(78.4733585237607,-120.118790006997,3.11));
#14292=CARTESIAN_POINT('',(103.672105412652,-83.0506291893699,3.11));
#14293=CARTESIAN_POINT('',(103.672105412652,-97.0499347118686,3.11));
#14294=CARTESIAN_POINT('',(103.672105412652,-97.0499347118686,3.11));
#14295=CARTESIAN_POINT('',(89.6727998901531,-97.0499347118685,3.11));
#14296=CARTESIAN_POINT('',(89.6727998901531,-97.0499347118685,3.11));
#14297=CARTESIAN_POINT('',(89.6727998901532,-83.0506291893699,3.11));
#14298=CARTESIAN_POINT('',(89.6727998901532,-83.0506291893699,3.11));
#14299=CARTESIAN_POINT('',(103.672105412652,-83.0506291893699,3.11));
#14300=CARTESIAN_POINT('',(129.110845889106,-127.488419531627,3.11));
#14301=CARTESIAN_POINT('',(129.110845889106,-141.487732683142,3.11));
#14302=CARTESIAN_POINT('',(129.110845889106,-141.487732683142,3.11));
#14303=CARTESIAN_POINT('',(115.111540366607,-141.487732683142,3.11));
#14304=CARTESIAN_POINT('',(115.111540366607,-141.487732683142,3.11));
#14305=CARTESIAN_POINT('',(115.111540366607,-127.488419531627,3.11));
#14306=CARTESIAN_POINT('',(115.111540366607,-127.488419531627,3.11));
#14307=CARTESIAN_POINT('',(129.110845889106,-127.488419531627,3.11));
#14308=CARTESIAN_POINT('',(154.479582514092,-57.7418833322585,3.11));
#14309=CARTESIAN_POINT('',(154.479582514092,-71.7411850402491,3.11));
#14310=CARTESIAN_POINT('',(154.479582514092,-71.7411850402491,3.11));
#14311=CARTESIAN_POINT('',(140.480276991593,-71.7411850402491,3.11));
#14312=CARTESIAN_POINT('',(140.480276991593,-71.7411850402491,3.11));
#14313=CARTESIAN_POINT('',(140.480276991593,-57.7418833322585,3.11));
#14314=CARTESIAN_POINT('',(140.480276991593,-57.7418833322585,3.11));
#14315=CARTESIAN_POINT('',(154.479582514092,-57.7418833322585,3.11));
#14316=CARTESIAN_POINT('',(129.090842608968,-76.2009628840774,3.11));
#14317=CARTESIAN_POINT('',(129.090842608968,-90.200268406576,3.11));
#14318=CARTESIAN_POINT('',(129.090842608968,-90.200268406576,3.11));
#14319=CARTESIAN_POINT('',(115.091537086469,-90.200268406576,3.11));
#14320=CARTESIAN_POINT('',(115.091537086469,-90.200268406576,3.11));
#14321=CARTESIAN_POINT('',(115.091537086469,-76.2009628840774,3.11));
#14322=CARTESIAN_POINT('',(115.091537086469,-76.2009628840774,3.11));
#14323=CARTESIAN_POINT('',(129.090842608968,-76.2009628840774,3.11));
#14324=CARTESIAN_POINT('',(50.1209638085594,-66.0076716045948,3.11));
#14325=CARTESIAN_POINT('Origin',(53.5707926694609,-66.0076716045948,3.11));
#14326=CARTESIAN_POINT('',(78.4433612325693,-69.6112934464861,3.11));
#14327=CARTESIAN_POINT('',(78.4433612325693,-83.6105989689848,3.11));
#14328=CARTESIAN_POINT('',(78.4433612325693,-83.6105989689848,3.11));
#14329=CARTESIAN_POINT('',(64.4440557100707,-83.6105989689847,3.11));
#14330=CARTESIAN_POINT('',(64.4440557100707,-83.6105989689847,3.11));
#14331=CARTESIAN_POINT('',(64.4440557100707,-69.6112934464861,3.11));
#14332=CARTESIAN_POINT('',(64.4440557100707,-69.6112934464861,3.11));
#14333=CARTESIAN_POINT('',(78.4433612325693,-69.6112934464861,3.11));
#14334=CARTESIAN_POINT('',(78.4333595925002,-94.7800430441858,3.11));
#14335=CARTESIAN_POINT('',(78.4333595925002,-108.779348566684,3.11));
#14336=CARTESIAN_POINT('',(78.4333595925002,-108.779348566684,3.11));
#14337=CARTESIAN_POINT('',(64.4340540700016,-108.779348566684,3.11));
#14338=CARTESIAN_POINT('',(64.4340540700016,-108.779348566684,3.11));
#14339=CARTESIAN_POINT('',(64.4340540700016,-94.7800430441858,3.11));
#14340=CARTESIAN_POINT('',(64.4340540700016,-94.7800430441858,3.11));
#14341=CARTESIAN_POINT('',(78.4333595925002,-94.7800430441858,3.11));
#14342=CARTESIAN_POINT('',(50.1209638085594,-164.920364744045,3.11));
#14343=CARTESIAN_POINT('Origin',(53.5707926694609,-164.920364744045,3.11));
#14344=CARTESIAN_POINT('',(129.100851878053,-101.55970549801,3.11));
#14345=CARTESIAN_POINT('',(129.100851878053,-115.559011020509,3.11));
#14346=CARTESIAN_POINT('',(129.100851878053,-115.559011020509,3.11));
#14347=CARTESIAN_POINT('',(115.101538726538,-115.559011020509,3.11));
#14348=CARTESIAN_POINT('',(115.101538726538,-115.559011020509,3.11));
#14349=CARTESIAN_POINT('',(115.101538726538,-101.55970549801,3.11));
#14350=CARTESIAN_POINT('',(115.101538726538,-101.55970549801,3.11));
#14351=CARTESIAN_POINT('',(129.100851878053,-101.55970549801,3.11));
#14352=CARTESIAN_POINT('',(103.662111401599,-108.419365814356,3.11));
#14353=CARTESIAN_POINT('',(103.662111401599,-122.418671336855,3.11));
#14354=CARTESIAN_POINT('',(103.662111401599,-122.418671336855,3.11));
#14355=CARTESIAN_POINT('',(89.6628058791001,-122.418671336855,3.11));
#14356=CARTESIAN_POINT('',(89.6628058791001,-122.418671336855,3.11));
#14357=CARTESIAN_POINT('',(89.6628058791001,-108.419365814356,3.11));
#14358=CARTESIAN_POINT('',(89.6628058791001,-108.419365814356,3.11));
#14359=CARTESIAN_POINT('',(103.662111401599,-108.419365814356,3.11));
#14360=CARTESIAN_POINT('',(154.49438280527,-107.929392257193,3.11));
#14361=CARTESIAN_POINT('',(154.49438280527,-121.928697779692,3.11));
#14362=CARTESIAN_POINT('',(154.49438280527,-121.928697779692,3.11));
#14363=CARTESIAN_POINT('',(140.495077282771,-121.928697779692,3.11));
#14364=CARTESIAN_POINT('',(140.495077282771,-121.928697779692,3.11));
#14365=CARTESIAN_POINT('',(140.495077282771,-107.929392257193,3.11));
#14366=CARTESIAN_POINT('',(140.495077282771,-107.929392257193,3.11));
#14367=CARTESIAN_POINT('',(154.49438280527,-107.929392257193,3.11));
#14368=CARTESIAN_POINT('',(80.1532754916211,-61.3916999833479,3.11));
#14369=CARTESIAN_POINT('',(48.9548224214369,-61.3916999833479,3.11));
#14370=CARTESIAN_POINT('',(48.9548224214369,-61.3916999833479,3.11));
#14371=CARTESIAN_POINT('',(48.9548224214369,-169.536329041437,3.11));
#14372=CARTESIAN_POINT('',(48.9548224214369,-61.3916999833479,3.11));
#14373=CARTESIAN_POINT('',(86.53,-169.536329041437,3.11));
#14374=CARTESIAN_POINT('',(86.5329562618569,-169.536329041437,3.11));
#14375=CARTESIAN_POINT('',(86.53,-163.01,3.11));
#14376=CARTESIAN_POINT('',(86.53,-169.54,3.11));
#14377=CARTESIAN_POINT('',(86.5329562618569,-163.009994820524,3.11));
#14378=CARTESIAN_POINT('',(86.53,-163.01,3.11));
#14379=CARTESIAN_POINT('',(86.5329562618569,-163.006654186228,3.11));
#14380=CARTESIAN_POINT('',(86.5329562618569,-163.006654186228,3.11));
#14381=CARTESIAN_POINT('',(183.558141816074,-162.836664450133,3.11));
#14382=CARTESIAN_POINT('',(183.558141816074,-162.836664450133,3.11));
#14383=CARTESIAN_POINT('',(183.558141816074,-162.840003255604,3.11));
#14384=CARTESIAN_POINT('',(183.558141816074,-171.9862197143,3.11));
#14385=CARTESIAN_POINT('',(183.56,-162.84,3.11));
#14386=CARTESIAN_POINT('',(86.53,-163.01,3.11));
#14387=CARTESIAN_POINT('',(183.56,-171.9862197143,3.11));
#14388=CARTESIAN_POINT('',(183.56,-162.84,3.11));
#14389=CARTESIAN_POINT('',(183.558141816074,-171.9862197143,3.11));
#14390=CARTESIAN_POINT('',(215.416561994025,-171.9862197143,3.11));
#14391=CARTESIAN_POINT('',(183.558141816074,-171.9862197143,3.11));
#14392=CARTESIAN_POINT('',(86.53,-163.01,3.11));
#14393=CARTESIAN_POINT('',(86.5329562618569,-169.536329041437,3.11));
#14394=CARTESIAN_POINT('',(86.5329562618569,-163.006654186228,3.11));
#14395=CARTESIAN_POINT('',(86.5329562618569,-169.536329041437,3.11));
#14396=CARTESIAN_POINT('',(86.53,-169.54,3.11));
#14397=CARTESIAN_POINT('',(86.53,-169.54,3.11));
#14398=CARTESIAN_POINT('',(48.95,-169.54,3.11));
#14399=CARTESIAN_POINT('',(55.49,-169.54,3.11));
#14400=CARTESIAN_POINT('',(48.95,-61.39,3.11));
#14401=CARTESIAN_POINT('',(48.95,-61.39,3.11));
#14402=CARTESIAN_POINT('',(80.15,-61.39,3.11));
#14403=CARTESIAN_POINT('',(80.15,-61.39,3.11));
#14404=CARTESIAN_POINT('',(80.15,-51.27,3.11));
#14405=CARTESIAN_POINT('',(80.15,-51.27,3.11));
#14406=CARTESIAN_POINT('',(108.25,-51.27,3.11));
#14407=CARTESIAN_POINT('',(108.25,-51.27,3.11));
#14408=CARTESIAN_POINT('',(108.25,-42.28,3.11));
#14409=CARTESIAN_POINT('',(108.25,-42.28,3.11));
#14410=CARTESIAN_POINT('',(136.84,-42.28,3.11));
#14411=CARTESIAN_POINT('',(136.84,-42.28,3.11));
#14412=CARTESIAN_POINT('',(136.84,-42.282647334816,3.11));
#14413=CARTESIAN_POINT('',(136.84,-50.78,3.11));
#14414=CARTESIAN_POINT('',(136.840458166065,-42.282647334816,3.11));
#14415=CARTESIAN_POINT('',(108.251880050262,-42.2826473348161,3.11));
#14416=CARTESIAN_POINT('',(136.840458166065,-50.78,3.11));
#14417=CARTESIAN_POINT('',(136.840458166065,-42.282647334816,3.11));
#14418=CARTESIAN_POINT('',(136.84,-50.78,3.11));
#14419=CARTESIAN_POINT('',(162.65,-50.78,3.11));
#14420=CARTESIAN_POINT('',(136.84,-50.78,3.11));
#14421=CARTESIAN_POINT('',(108.251880050262,-42.2826473348161,3.11));
#14422=CARTESIAN_POINT('',(108.251880050262,-42.2826473348161,3.11));
#14423=CARTESIAN_POINT('',(108.251880050262,-51.2722030594326,3.11));
#14424=CARTESIAN_POINT('',(108.251880050262,-51.2722030594326,3.11));
#14425=CARTESIAN_POINT('',(80.1532754916211,-51.2722030594326,3.11));
#14426=CARTESIAN_POINT('',(80.1532754916211,-51.2722030594326,3.11));
#14427=CARTESIAN_POINT('',(80.1532754916211,-61.3916999833479,3.11));
#14428=CARTESIAN_POINT('',(207.450758992608,-69.6974885601677,3.11));
#14429=CARTESIAN_POINT('Origin',(210.900587853509,-69.6974885601677,3.11));
#14430=CARTESIAN_POINT('',(179.798333825781,-91.0902236473279,3.11));
#14431=CARTESIAN_POINT('',(179.798333825781,-105.089529169826,3.11));
#14432=CARTESIAN_POINT('',(179.798333825781,-105.089529169826,3.11));
#14433=CARTESIAN_POINT('',(165.799028303282,-105.089529169826,3.11));
#14434=CARTESIAN_POINT('',(165.799028303282,-105.089529169826,3.11));
#14435=CARTESIAN_POINT('',(165.799028303282,-91.0902236473279,3.11));
#14436=CARTESIAN_POINT('',(165.799028303282,-91.0902236473279,3.11));
#14437=CARTESIAN_POINT('',(179.798333825781,-91.0902236473279,3.11));
#14438=CARTESIAN_POINT('',(129.065651597901,-51.0222154608166,3.11));
#14439=CARTESIAN_POINT('',(129.065651597901,-65.0215171688072,3.11));
#14440=CARTESIAN_POINT('',(129.065651597901,-65.0215171688072,3.11));
#14441=CARTESIAN_POINT('',(115.066338446386,-65.0215171688072,3.11));
#14442=CARTESIAN_POINT('',(115.066338446386,-65.0215171688072,3.11));
#14443=CARTESIAN_POINT('',(115.066338446386,-51.0222154608166,3.11));
#14444=CARTESIAN_POINT('',(115.066338446386,-51.0222154608166,3.11));
#14445=CARTESIAN_POINT('',(129.065651597901,-51.0222154608166,3.11));
#14446=CARTESIAN_POINT('',(179.813134116958,-116.538965763851,3.11));
#14447=CARTESIAN_POINT('',(179.813134116958,-130.538263657334,3.11));
#14448=CARTESIAN_POINT('',(179.813134116958,-130.538263657334,3.11));
#14449=CARTESIAN_POINT('',(165.81382859446,-130.538263657334,3.11));
#14450=CARTESIAN_POINT('',(165.81382859446,-130.538263657334,3.11));
#14451=CARTESIAN_POINT('',(165.81382859446,-116.538965763851,3.11));
#14452=CARTESIAN_POINT('',(165.81382859446,-116.538965763851,3.11));
#14453=CARTESIAN_POINT('',(179.813134116958,-116.538965763851,3.11));
#14454=CARTESIAN_POINT('',(207.350763953162,-167.370243210483,3.11));
#14455=CARTESIAN_POINT('Origin',(210.800592814063,-167.370243210483,3.11));
#14456=CARTESIAN_POINT('',(154.484388794217,-133.778108428289,3.11));
#14457=CARTESIAN_POINT('',(154.484388794217,-147.777413950788,3.11));
#14458=CARTESIAN_POINT('',(154.484388794217,-147.777413950788,3.11));
#14459=CARTESIAN_POINT('',(140.485083271718,-147.777413950788,3.11));
#14460=CARTESIAN_POINT('',(140.485083271718,-147.777413950788,3.11));
#14461=CARTESIAN_POINT('',(140.485083271718,-133.778108428289,3.11));
#14462=CARTESIAN_POINT('',(140.485083271718,-133.778108428289,3.11));
#14463=CARTESIAN_POINT('',(154.484388794217,-133.778108428289,3.11));
#14464=CARTESIAN_POINT('',(103.69210869279,-133.558118120864,3.11));
#14465=CARTESIAN_POINT('',(103.69210869279,-147.557423643363,3.11));
#14466=CARTESIAN_POINT('',(103.69210869279,-147.557423643363,3.11));
#14467=CARTESIAN_POINT('',(89.6928031702914,-147.557423643363,3.11));
#14468=CARTESIAN_POINT('',(89.6928031702914,-147.557423643363,3.11));
#14469=CARTESIAN_POINT('',(89.6928031702914,-133.558118120864,3.11));
#14470=CARTESIAN_POINT('',(89.6928031702914,-133.558118120864,3.11));
#14471=CARTESIAN_POINT('',(103.69210869279,-133.558118120864,3.11));
#14472=CARTESIAN_POINT('',(179.783136825767,-65.7514843135331,3.11));
#14473=CARTESIAN_POINT('',(179.783136825767,-79.7507898360317,3.11));
#14474=CARTESIAN_POINT('',(179.783136825767,-79.7507898360317,3.11));
#14475=CARTESIAN_POINT('',(165.783831303268,-79.7507898360317,3.11));
#14476=CARTESIAN_POINT('',(165.783831303268,-79.7507898360317,3.11));
#14477=CARTESIAN_POINT('',(165.783831303268,-65.7514843135331,3.11));
#14478=CARTESIAN_POINT('',(165.783831303268,-65.7514843135331,3.11));
#14479=CARTESIAN_POINT('',(179.783136825767,-65.7514843135331,3.11));
#14480=CARTESIAN_POINT('Origin',(175.897000951859,-61.7945577179467,2.36));
#14481=CARTESIAN_POINT('',(215.516642482387,-61.0816185582018,1.61));
#14482=CARTESIAN_POINT('',(175.897702519643,-61.0445580460783,1.61));
#14483=CARTESIAN_POINT('',(215.515926037136,-62.5816185442852,3.11));
#14484=CARTESIAN_POINT('Origin',(165.899175405901,-80.713144405435,2.36));
#14485=CARTESIAN_POINT('',(166.649175405901,-54.2918552863122,1.61));
#14486=CARTESIAN_POINT('',(166.649175405901,-46.7822256877616,1.61));
#14487=CARTESIAN_POINT('',(166.649175405901,-80.713144405435,1.61));
#14488=CARTESIAN_POINT('',(157.626231994467,-55.8051690991954,10.6329434114337));
#14489=CARTESIAN_POINT('',(165.149175405901,-55.7918552863122,3.11));
#14490=CARTESIAN_POINT('Origin',(160.494518469482,-55.0418552863122,2.36));
#14491=CARTESIAN_POINT('',(188.753345034921,-54.2918552863122,1.61));
#14492=CARTESIAN_POINT('',(185.893045149024,-59.5634614957052,6.88160620939299));
#14493=CARTESIAN_POINT('',(160.494518469482,-54.2918552863122,1.61));
#14494=CARTESIAN_POINT('Origin',(166.649175405901,-54.2918552863122,1.51));
#14495=CARTESIAN_POINT('',(166.649175405901,-54.2918552863122,1.51));
#14496=CARTESIAN_POINT('',(166.649175405901,-54.2918552863122,1.51));
#14497=CARTESIAN_POINT('',(166.649175405901,-46.7822256877616,1.51));
#14498=CARTESIAN_POINT('',(166.649175405901,-46.7822256877616,1.51));
#14499=CARTESIAN_POINT('',(166.649175405901,-46.7822256877616,1.51));
#14500=CARTESIAN_POINT('Origin',(188.753345034921,-54.2918552863122,1.51));
#14501=CARTESIAN_POINT('',(188.753345034921,-54.2918552863122,1.51));
#14502=CARTESIAN_POINT('',(188.753345034921,-54.2918552863122,1.51));
#14503=CARTESIAN_POINT('',(166.649175405901,-54.2918552863122,1.51));
#14504=CARTESIAN_POINT('Origin',(194.009406241568,-63.751218504893,2.36));
#14505=CARTESIAN_POINT('',(193.168119312946,-61.0815193802059,1.61));
#14506=CARTESIAN_POINT('',(192.354240267656,-62.5815193802059,3.11));
#14507=CARTESIAN_POINT('',(194.638175784751,-63.3423800752352,1.61));
#14508=CARTESIAN_POINT('Origin',(171.376271370779,-61.8315193802059,2.36));
#14509=CARTESIAN_POINT('',(210.516850837515,-61.0815193802059,1.61));
#14510=CARTESIAN_POINT('',(210.516835960081,-62.5815193802059,3.11));
#14511=CARTESIAN_POINT('',(171.376271370779,-61.0815193802059,1.61));
#14512=CARTESIAN_POINT('Origin',(173.876609093903,-61.8307925689175,2.36));
#14513=CARTESIAN_POINT('',(173.876623971223,-61.0807925690651,1.61));
#14514=CARTESIAN_POINT('Origin',(219.516561386648,-65.0853602522652,1.51));
#14515=CARTESIAN_POINT('',(219.516561386648,-65.0853602522652,1.51));
#14516=CARTESIAN_POINT('',(219.516561386648,-65.0853602522652,1.51));
#14517=CARTESIAN_POINT('',(219.516561386648,-61.0853601788303,1.51));
#14518=CARTESIAN_POINT('',(219.516561386648,-61.0853601788303,1.51));
#14519=CARTESIAN_POINT('',(219.516561386648,-61.0853601788303,1.51));
#14520=CARTESIAN_POINT('Origin',(155.896916860059,-175.2362197143,2.36));
#14521=CARTESIAN_POINT('',(179.558141816074,-175.9862197143,1.61));
#14522=CARTESIAN_POINT('',(181.058141816074,-174.4862197143,3.11));
#14523=CARTESIAN_POINT('',(155.896916860059,-175.9862197143,1.61));
#14524=CARTESIAN_POINT('Origin',(180.308141816074,-136.989056090113,2.36));
#14525=CARTESIAN_POINT('',(179.558141816074,-166.843678655669,1.61));
#14526=CARTESIAN_POINT('',(181.058141816074,-165.341048328593,3.11));
#14527=CARTESIAN_POINT('',(179.558141816074,-136.989056090113,1.61));
#14528=CARTESIAN_POINT('Origin',(111.435388335777,-166.21302969979,2.36));
#14529=CARTESIAN_POINT('',(90.5329562618569,-166.999652258932,1.61));
#14530=CARTESIAN_POINT('',(89.0329562618569,-165.502277981668,3.11));
#14531=CARTESIAN_POINT('',(111.436702346213,-166.963028548707,1.61));
#14532=CARTESIAN_POINT('Origin',(89.7829562618572,-140.335381282997,2.36));
#14533=CARTESIAN_POINT('',(90.5329562618569,-173.536329041437,1.61));
#14534=CARTESIAN_POINT('',(90.5329562618572,-140.335381282997,1.61));
#14535=CARTESIAN_POINT('',(89.0329562618569,-172.036329041437,3.11));
#14536=CARTESIAN_POINT('Origin',(88.5952571627397,-172.786329041437,2.36));
#14537=CARTESIAN_POINT('',(44.9548224214369,-173.536329041437,1.61));
#14538=CARTESIAN_POINT('',(88.5952571627397,-173.536329041437,1.61));
#14539=CARTESIAN_POINT('',(46.4548224214369,-172.036329041437,3.11));
#14540=CARTESIAN_POINT('Origin',(45.7048224214369,-82.263066753953,2.36));
#14541=CARTESIAN_POINT('',(44.9548224214369,-57.391699983348,1.61));
#14542=CARTESIAN_POINT('',(44.9548224214369,-82.263066753953,1.61));
#14543=CARTESIAN_POINT('',(46.4548224214369,-58.891699983348,3.11));
#14544=CARTESIAN_POINT('Origin',(104.194483697832,-58.141699983348,2.36));
#14545=CARTESIAN_POINT('',(76.1532754916211,-57.391699983348,1.61));
#14546=CARTESIAN_POINT('',(104.194483697832,-57.391699983348,1.61));
#14547=CARTESIAN_POINT('',(77.6532754916211,-58.891699983348,3.11));
#14548=CARTESIAN_POINT('Origin',(76.9032754916211,-77.2033182919953,2.36));
#14549=CARTESIAN_POINT('',(76.1532754916211,-47.2722030594326,1.61));
#14550=CARTESIAN_POINT('',(76.1532754916211,-77.2033182919953,1.61));
#14551=CARTESIAN_POINT('',(77.6532754916211,-48.7722030594326,3.11));
#14552=CARTESIAN_POINT('Origin',(118.243785977152,-48.0222030594326,2.36));
#14553=CARTESIAN_POINT('',(104.251880050262,-47.2722030594326,1.61));
#14554=CARTESIAN_POINT('',(118.243785977152,-47.2722030594326,1.61));
#14555=CARTESIAN_POINT('',(105.751880050262,-48.7722030594326,3.11));
#14556=CARTESIAN_POINT('Origin',(105.001880050262,-72.708540429687,2.36));
#14557=CARTESIAN_POINT('',(104.251880050262,-38.2826473348161,1.61));
#14558=CARTESIAN_POINT('',(104.251880050262,-72.708540429687,1.61));
#14559=CARTESIAN_POINT('',(105.751880050262,-39.7826473348161,3.11));
#14560=CARTESIAN_POINT('Origin',(136.538075035054,-39.0326473348161,2.36));
#14561=CARTESIAN_POINT('',(140.840458166065,-38.282647334816,1.61));
#14562=CARTESIAN_POINT('',(136.538075035054,-38.282647334816,1.61));
#14563=CARTESIAN_POINT('',(139.340458166065,-39.782647334816,3.11));
#14564=CARTESIAN_POINT('Origin',(140.090458166065,-76.9583296061598,2.36));
#14565=CARTESIAN_POINT('',(140.840458166065,-46.7822256877616,1.61));
#14566=CARTESIAN_POINT('',(140.840458166065,-76.9583296061598,1.61));
#14567=CARTESIAN_POINT('',(139.340458166065,-48.2822256877616,3.11));
#14568=CARTESIAN_POINT('Origin',(149.442433654972,-47.5322256877616,2.36));
#14569=CARTESIAN_POINT('',(149.442433654972,-46.7822256877616,1.61));
#14570=CARTESIAN_POINT('Origin',(219.416560243989,-175.9862197143,1.51));
#14571=CARTESIAN_POINT('',(219.416560243989,-175.9862197143,1.51));
#14572=CARTESIAN_POINT('',(219.416560243989,-175.9862197143,1.51));
#14573=CARTESIAN_POINT('',(219.416560243989,-171.98996140915,1.51));
#14574=CARTESIAN_POINT('',(219.416560243989,-175.9862197143,1.51));
#14575=CARTESIAN_POINT('',(219.416560243989,-171.98996140915,1.51));
#14576=CARTESIAN_POINT('Origin',(165.799028303282,-142.127700325278,1.51));
#14577=CARTESIAN_POINT('',(165.799028303282,-142.127700325278,1.51));
#14578=CARTESIAN_POINT('',(179.798333825781,-142.127700325278,1.51));
#14579=CARTESIAN_POINT('',(179.798333825781,-142.127700325278,1.51));
#14580=CARTESIAN_POINT('',(179.798333825781,-142.127700325278,1.51));
#14581=CARTESIAN_POINT('',(165.799028303282,-142.127700325278,1.51));
#14582=CARTESIAN_POINT('Origin',(165.799028303282,-156.127005847777,1.51));
#14583=CARTESIAN_POINT('',(165.799028303282,-156.127005847777,1.51));
#14584=CARTESIAN_POINT('',(165.799028303282,-142.127700325278,1.51));
#14585=CARTESIAN_POINT('',(165.799028303282,-156.127005847777,1.51));
#14586=CARTESIAN_POINT('Origin',(179.798333825781,-156.127005847777,1.51));
#14587=CARTESIAN_POINT('',(179.798333825781,-156.127005847777,1.51));
#14588=CARTESIAN_POINT('',(165.799028303282,-156.127005847777,1.51));
#14589=CARTESIAN_POINT('',(179.798333825781,-156.127005847777,1.51));
#14590=CARTESIAN_POINT('Origin',(179.798333825781,-142.127700325278,1.51));
#14591=CARTESIAN_POINT('',(179.798333825781,-156.127005847777,1.51));
#14592=CARTESIAN_POINT('Origin',(140.47028298054,-83.0006286180403,1.51));
#14593=CARTESIAN_POINT('',(140.47028298054,-83.0006286180403,1.51));
#14594=CARTESIAN_POINT('',(154.469588503039,-83.0006286180403,1.51));
#14595=CARTESIAN_POINT('',(154.469588503039,-83.0006286180403,1.51));
#14596=CARTESIAN_POINT('',(154.469588503039,-83.0006286180403,1.51));
#14597=CARTESIAN_POINT('',(140.47028298054,-83.0006286180403,1.51));
#14598=CARTESIAN_POINT('Origin',(140.47028298054,-96.9999341405389,1.51));
#14599=CARTESIAN_POINT('',(140.47028298054,-96.9999341405389,1.51));
#14600=CARTESIAN_POINT('',(140.47028298054,-83.0006286180403,1.51));
#14601=CARTESIAN_POINT('',(140.47028298054,-96.9999341405389,1.51));
#14602=CARTESIAN_POINT('Origin',(154.469588503039,-96.9999341405389,1.51));
#14603=CARTESIAN_POINT('',(154.469588503039,-96.9999341405389,1.51));
#14604=CARTESIAN_POINT('',(140.47028298054,-96.9999341405389,1.51));
#14605=CARTESIAN_POINT('',(154.469588503039,-96.9999341405389,1.51));
#14606=CARTESIAN_POINT('Origin',(154.469588503039,-83.0006286180403,1.51));
#14607=CARTESIAN_POINT('',(154.469588503039,-96.9999341405389,1.51));
#14608=CARTESIAN_POINT('Origin',(64.4340540700016,-145.157548799862,1.51));
#14609=CARTESIAN_POINT('',(64.4340540700016,-145.157548799862,1.51));
#14610=CARTESIAN_POINT('',(78.4333595925002,-145.157548799862,1.51));
#14611=CARTESIAN_POINT('',(78.4333595925002,-145.157548799862,1.51));
#14612=CARTESIAN_POINT('',(78.4333595925002,-145.157548799862,1.51));
#14613=CARTESIAN_POINT('',(64.4340540700016,-145.157548799862,1.51));
#14614=CARTESIAN_POINT('Origin',(64.4340540700016,-159.156854322361,1.51));
#14615=CARTESIAN_POINT('',(64.4340540700016,-159.156854322361,1.51));
#14616=CARTESIAN_POINT('',(64.4340540700016,-145.157548799862,1.51));
#14617=CARTESIAN_POINT('',(64.4340540700016,-159.156854322361,1.51));
#14618=CARTESIAN_POINT('Origin',(78.4333595925002,-159.156854322361,1.51));
#14619=CARTESIAN_POINT('',(78.4333595925002,-159.156854322361,1.51));
#14620=CARTESIAN_POINT('',(64.4340540700016,-159.156854322361,1.51));
#14621=CARTESIAN_POINT('',(78.4333595925002,-159.156854322361,1.51));
#14622=CARTESIAN_POINT('Origin',(78.4333595925002,-145.157548799862,1.51));
#14623=CARTESIAN_POINT('',(78.4333595925002,-159.156854322361,1.51));
#14624=CARTESIAN_POINT('Origin',(202.317213657508,-75.9909763528463,1.51));
#14625=CARTESIAN_POINT('',(202.707095748477,-77.1785524311195,1.51));
#14626=CARTESIAN_POINT('',(201.880568508876,-74.8197863594114,1.51));
#14627=CARTESIAN_POINT('Origin',(202.317213657508,-75.9909763528463,1.51));
#14628=CARTESIAN_POINT('',(201.880568508876,-74.8197863594114,1.51));
#14629=CARTESIAN_POINT('',(202.707095748477,-77.1785524311195,1.51));
#14630=CARTESIAN_POINT('Origin',(202.32,-75.99,1.51));
#14631=CARTESIAN_POINT('Origin',(202.32,-75.99,1.51));
#14632=CARTESIAN_POINT('Origin',(191.427746537937,-151.337234913795,1.51));
#14633=CARTESIAN_POINT('',(191.427746537937,-151.337234913795,1.51));
#14634=CARTESIAN_POINT('',(205.427052060436,-151.337234913795,1.51));
#14635=CARTESIAN_POINT('',(205.427052060436,-151.337234913795,1.51));
#14636=CARTESIAN_POINT('',(205.427052060436,-151.337234913795,1.51));
#14637=CARTESIAN_POINT('',(191.427746537937,-151.337234913795,1.51));
#14638=CARTESIAN_POINT('Origin',(191.427746537937,-165.336540436294,1.51));
#14639=CARTESIAN_POINT('',(191.427746537937,-165.336540436294,1.51));
#14640=CARTESIAN_POINT('',(191.427746537937,-151.337234913795,1.51));
#14641=CARTESIAN_POINT('',(191.427746537937,-165.336540436294,1.51));
#14642=CARTESIAN_POINT('Origin',(205.427052060436,-165.336540436294,1.51));
#14643=CARTESIAN_POINT('',(205.427052060436,-165.336540436294,1.51));
#14644=CARTESIAN_POINT('',(191.427746537937,-165.336540436294,1.51));
#14645=CARTESIAN_POINT('',(205.427052060436,-165.336540436294,1.51));
#14646=CARTESIAN_POINT('Origin',(205.427052060436,-151.337234913795,1.51));
#14647=CARTESIAN_POINT('',(205.427052060436,-165.336540436294,1.51));
#14648=CARTESIAN_POINT('Origin',(202.317213657508,-72.5911450116681,1.51));
#14649=CARTESIAN_POINT('',(202.76981517264,-73.7562616818113,1.51));
#14650=CARTESIAN_POINT('',(201.819802652744,-71.4444422259015,1.51));
#14651=CARTESIAN_POINT('Origin',(202.317213657508,-72.5911450116681,1.51));
#14652=CARTESIAN_POINT('',(201.819802652744,-71.4444422259015,1.51));
#14653=CARTESIAN_POINT('',(202.76981517264,-73.7562616818113,1.51));
#14654=CARTESIAN_POINT('Origin',(202.32,-72.59,1.51));
#14655=CARTESIAN_POINT('Origin',(202.32,-72.59,1.51));
#14656=CARTESIAN_POINT('Origin',(89.6328009588926,-57.4318973367517,1.51));
#14657=CARTESIAN_POINT('',(89.6328009588926,-57.4318973367517,1.51));
#14658=CARTESIAN_POINT('',(103.632106481391,-57.4318973367517,1.51));
#14659=CARTESIAN_POINT('',(103.632106481391,-57.4318973367517,1.51));
#14660=CARTESIAN_POINT('',(103.632106481391,-57.4318973367517,1.51));
#14661=CARTESIAN_POINT('',(89.6328009588926,-57.4318973367517,1.51));
#14662=CARTESIAN_POINT('Origin',(89.6328009588926,-71.4312028592503,1.51));
#14663=CARTESIAN_POINT('',(89.6328009588926,-71.4312028592503,1.51));
#14664=CARTESIAN_POINT('',(89.6328009588926,-57.4318973367517,1.51));
#14665=CARTESIAN_POINT('',(89.6328009588926,-71.4312028592503,1.51));
#14666=CARTESIAN_POINT('Origin',(103.632106481391,-71.4312028592503,1.51));
#14667=CARTESIAN_POINT('',(103.632106481391,-71.4312028592503,1.51));
#14668=CARTESIAN_POINT('',(89.6328009588926,-71.4312028592503,1.51));
#14669=CARTESIAN_POINT('',(103.632106481391,-71.4312028592503,1.51));
#14670=CARTESIAN_POINT('Origin',(103.632106481391,-57.4318973367517,1.51));
#14671=CARTESIAN_POINT('',(103.632106481391,-71.4312028592503,1.51));
#14672=CARTESIAN_POINT('Origin',(64.4740530012621,-120.118790006997,1.51));
#14673=CARTESIAN_POINT('',(64.4740530012621,-120.118790006997,1.51));
#14674=CARTESIAN_POINT('',(78.4733585237607,-120.118790006997,1.51));
#14675=CARTESIAN_POINT('',(78.4733585237607,-120.118790006997,1.51));
#14676=CARTESIAN_POINT('',(78.4733585237607,-120.118790006997,1.51));
#14677=CARTESIAN_POINT('',(64.4740530012621,-120.118790006997,1.51));
#14678=CARTESIAN_POINT('Origin',(64.4740530012621,-134.118087900479,1.51));
#14679=CARTESIAN_POINT('',(64.4740530012621,-134.118087900479,1.51));
#14680=CARTESIAN_POINT('',(64.4740530012621,-120.118790006997,1.51));
#14681=CARTESIAN_POINT('',(64.4740530012621,-134.118087900479,1.51));
#14682=CARTESIAN_POINT('Origin',(78.4733585237607,-134.118087900479,1.51));
#14683=CARTESIAN_POINT('',(78.4733585237607,-134.118087900479,1.51));
#14684=CARTESIAN_POINT('',(64.4740530012621,-134.118087900479,1.51));
#14685=CARTESIAN_POINT('',(78.4733585237607,-134.118087900479,1.51));
#14686=CARTESIAN_POINT('Origin',(78.4733585237607,-120.118790006997,1.51));
#14687=CARTESIAN_POINT('',(78.4733585237607,-134.118087900479,1.51));
#14688=CARTESIAN_POINT('Origin',(89.6727998901532,-83.0506291893699,1.51));
#14689=CARTESIAN_POINT('',(89.6727998901532,-83.0506291893699,1.51));
#14690=CARTESIAN_POINT('',(103.672105412652,-83.0506291893699,1.51));
#14691=CARTESIAN_POINT('',(103.672105412652,-83.0506291893699,1.51));
#14692=CARTESIAN_POINT('',(103.672105412652,-83.0506291893699,1.51));
#14693=CARTESIAN_POINT('',(89.6727998901532,-83.0506291893699,1.51));
#14694=CARTESIAN_POINT('Origin',(89.6727998901531,-97.0499347118685,1.51));
#14695=CARTESIAN_POINT('',(89.6727998901531,-97.0499347118685,1.51));
#14696=CARTESIAN_POINT('',(89.6727998901532,-83.0506291893699,1.51));
#14697=CARTESIAN_POINT('',(89.6727998901531,-97.0499347118685,1.51));
#14698=CARTESIAN_POINT('Origin',(103.672105412652,-97.0499347118686,1.51));
#14699=CARTESIAN_POINT('',(103.672105412652,-97.0499347118686,1.51));
#14700=CARTESIAN_POINT('',(89.6727998901531,-97.0499347118685,1.51));
#14701=CARTESIAN_POINT('',(103.672105412652,-97.0499347118686,1.51));
#14702=CARTESIAN_POINT('Origin',(103.672105412652,-83.0506291893699,1.51));
#14703=CARTESIAN_POINT('',(103.672105412652,-97.0499347118686,1.51));
#14704=CARTESIAN_POINT('Origin',(115.111540366607,-127.488419531627,1.51));
#14705=CARTESIAN_POINT('',(115.111540366607,-127.488419531627,1.51));
#14706=CARTESIAN_POINT('',(129.110845889106,-127.488419531627,1.51));
#14707=CARTESIAN_POINT('',(129.110845889106,-127.488419531627,1.51));
#14708=CARTESIAN_POINT('',(129.110845889106,-127.488419531627,1.51));
#14709=CARTESIAN_POINT('',(115.111540366607,-127.488419531627,1.51));
#14710=CARTESIAN_POINT('Origin',(115.111540366607,-141.487732683142,1.51));
#14711=CARTESIAN_POINT('',(115.111540366607,-141.487732683142,1.51));
#14712=CARTESIAN_POINT('',(115.111540366607,-127.488419531627,1.51));
#14713=CARTESIAN_POINT('',(115.111540366607,-141.487732683142,1.51));
#14714=CARTESIAN_POINT('Origin',(129.110845889106,-141.487732683142,1.51));
#14715=CARTESIAN_POINT('',(129.110845889106,-141.487732683142,1.51));
#14716=CARTESIAN_POINT('',(115.111540366607,-141.487732683142,1.51));
#14717=CARTESIAN_POINT('',(129.110845889106,-141.487732683142,1.51));
#14718=CARTESIAN_POINT('Origin',(129.110845889106,-127.488419531627,1.51));
#14719=CARTESIAN_POINT('',(129.110845889106,-141.487732683142,1.51));
#14720=CARTESIAN_POINT('Origin',(140.480276991593,-57.7418833322585,1.51));
#14721=CARTESIAN_POINT('',(140.480276991593,-57.7418833322585,1.51));
#14722=CARTESIAN_POINT('',(154.479582514092,-57.7418833322585,1.51));
#14723=CARTESIAN_POINT('',(154.479582514092,-57.7418833322585,1.51));
#14724=CARTESIAN_POINT('',(154.479582514092,-57.7418833322585,1.51));
#14725=CARTESIAN_POINT('',(140.480276991593,-57.7418833322585,1.51));
#14726=CARTESIAN_POINT('Origin',(140.480276991593,-71.7411850402491,1.51));
#14727=CARTESIAN_POINT('',(140.480276991593,-71.7411850402491,1.51));
#14728=CARTESIAN_POINT('',(140.480276991593,-57.7418833322585,1.51));
#14729=CARTESIAN_POINT('',(140.480276991593,-71.7411850402491,1.51));
#14730=CARTESIAN_POINT('Origin',(154.479582514092,-71.7411850402491,1.51));
#14731=CARTESIAN_POINT('',(154.479582514092,-71.7411850402491,1.51));
#14732=CARTESIAN_POINT('',(140.480276991593,-71.7411850402491,1.51));
#14733=CARTESIAN_POINT('',(154.479582514092,-71.7411850402491,1.51));
#14734=CARTESIAN_POINT('Origin',(154.479582514092,-57.7418833322585,1.51));
#14735=CARTESIAN_POINT('',(154.479582514092,-71.7411850402491,1.51));
#14736=CARTESIAN_POINT('Origin',(115.091537086469,-76.2009628840774,1.51));
#14737=CARTESIAN_POINT('',(115.091537086469,-76.2009628840774,1.51));
#14738=CARTESIAN_POINT('',(129.090842608968,-76.2009628840774,1.51));
#14739=CARTESIAN_POINT('',(129.090842608968,-76.2009628840774,1.51));
#14740=CARTESIAN_POINT('',(129.090842608968,-76.2009628840774,1.51));
#14741=CARTESIAN_POINT('',(115.091537086469,-76.2009628840774,1.51));
#14742=CARTESIAN_POINT('Origin',(115.091537086469,-90.200268406576,1.51));
#14743=CARTESIAN_POINT('',(115.091537086469,-90.200268406576,1.51));
#14744=CARTESIAN_POINT('',(115.091537086469,-76.2009628840774,1.51));
#14745=CARTESIAN_POINT('',(115.091537086469,-90.200268406576,1.51));
#14746=CARTESIAN_POINT('Origin',(129.090842608968,-90.200268406576,1.51));
#14747=CARTESIAN_POINT('',(129.090842608968,-90.200268406576,1.51));
#14748=CARTESIAN_POINT('',(115.091537086469,-90.200268406576,1.51));
#14749=CARTESIAN_POINT('',(129.090842608968,-90.200268406576,1.51));
#14750=CARTESIAN_POINT('Origin',(129.090842608968,-76.2009628840774,1.51));
#14751=CARTESIAN_POINT('',(129.090842608968,-90.200268406576,1.51));
#14752=CARTESIAN_POINT('Origin',(53.5707926694609,-66.0076716045948,1.51));
#14753=CARTESIAN_POINT('',(50.1209638085594,-66.0076716045948,1.51));
#14754=CARTESIAN_POINT('',(50.1209638085594,-66.0076716045948,1.51));
#14755=CARTESIAN_POINT('Origin',(53.5707926694609,-66.0076716045948,1.51));
#14756=CARTESIAN_POINT('Origin',(64.4440557100707,-69.6112934464861,1.51));
#14757=CARTESIAN_POINT('',(64.4440557100707,-69.6112934464861,1.51));
#14758=CARTESIAN_POINT('',(78.4433612325693,-69.6112934464861,1.51));
#14759=CARTESIAN_POINT('',(78.4433612325693,-69.6112934464861,1.51));
#14760=CARTESIAN_POINT('',(78.4433612325693,-69.6112934464861,1.51));
#14761=CARTESIAN_POINT('',(64.4440557100707,-69.6112934464861,1.51));
#14762=CARTESIAN_POINT('Origin',(64.4440557100707,-83.6105989689847,1.51));
#14763=CARTESIAN_POINT('',(64.4440557100707,-83.6105989689847,1.51));
#14764=CARTESIAN_POINT('',(64.4440557100707,-69.6112934464861,1.51));
#14765=CARTESIAN_POINT('',(64.4440557100707,-83.6105989689847,1.51));
#14766=CARTESIAN_POINT('Origin',(78.4433612325693,-83.6105989689848,1.51));
#14767=CARTESIAN_POINT('',(78.4433612325693,-83.6105989689848,1.51));
#14768=CARTESIAN_POINT('',(64.4440557100707,-83.6105989689847,1.51));
#14769=CARTESIAN_POINT('',(78.4433612325693,-83.6105989689848,1.51));
#14770=CARTESIAN_POINT('Origin',(78.4433612325693,-69.6112934464861,1.51));
#14771=CARTESIAN_POINT('',(78.4433612325693,-83.6105989689848,1.51));
#14772=CARTESIAN_POINT('Origin',(64.4340540700016,-94.7800430441858,1.51));
#14773=CARTESIAN_POINT('',(64.4340540700016,-94.7800430441858,1.51));
#14774=CARTESIAN_POINT('',(78.4333595925002,-94.7800430441858,1.51));
#14775=CARTESIAN_POINT('',(78.4333595925002,-94.7800430441858,1.51));
#14776=CARTESIAN_POINT('',(78.4333595925002,-94.7800430441858,1.51));
#14777=CARTESIAN_POINT('',(64.4340540700016,-94.7800430441858,1.51));
#14778=CARTESIAN_POINT('Origin',(64.4340540700016,-108.779348566684,1.51));
#14779=CARTESIAN_POINT('',(64.4340540700016,-108.779348566684,1.51));
#14780=CARTESIAN_POINT('',(64.4340540700016,-94.7800430441858,1.51));
#14781=CARTESIAN_POINT('',(64.4340540700016,-108.779348566684,1.51));
#14782=CARTESIAN_POINT('Origin',(78.4333595925002,-108.779348566684,1.51));
#14783=CARTESIAN_POINT('',(78.4333595925002,-108.779348566684,1.51));
#14784=CARTESIAN_POINT('',(64.4340540700016,-108.779348566684,1.51));
#14785=CARTESIAN_POINT('',(78.4333595925002,-108.779348566684,1.51));
#14786=CARTESIAN_POINT('Origin',(78.4333595925002,-94.7800430441858,1.51));
#14787=CARTESIAN_POINT('',(78.4333595925002,-108.779348566684,1.51));
#14788=CARTESIAN_POINT('Origin',(53.5707926694609,-164.920364744045,1.51));
#14789=CARTESIAN_POINT('',(50.1209638085594,-164.920364744045,1.51));
#14790=CARTESIAN_POINT('',(50.1209638085594,-164.920364744045,1.51));
#14791=CARTESIAN_POINT('Origin',(53.5707926694609,-164.920364744045,1.51));
#14792=CARTESIAN_POINT('Origin',(115.101538726538,-101.55970549801,1.51));
#14793=CARTESIAN_POINT('',(115.101538726538,-101.55970549801,1.51));
#14794=CARTESIAN_POINT('',(129.100851878053,-101.55970549801,1.51));
#14795=CARTESIAN_POINT('',(129.100851878053,-101.55970549801,1.51));
#14796=CARTESIAN_POINT('',(129.100851878053,-101.55970549801,1.51));
#14797=CARTESIAN_POINT('',(115.101538726538,-101.55970549801,1.51));
#14798=CARTESIAN_POINT('Origin',(115.101538726538,-115.559011020509,1.51));
#14799=CARTESIAN_POINT('',(115.101538726538,-115.559011020509,1.51));
#14800=CARTESIAN_POINT('',(115.101538726538,-101.55970549801,1.51));
#14801=CARTESIAN_POINT('',(115.101538726538,-115.559011020509,1.51));
#14802=CARTESIAN_POINT('Origin',(129.100851878053,-115.559011020509,1.51));
#14803=CARTESIAN_POINT('',(129.100851878053,-115.559011020509,1.51));
#14804=CARTESIAN_POINT('',(115.101538726538,-115.559011020509,1.51));
#14805=CARTESIAN_POINT('',(129.100851878053,-115.559011020509,1.51));
#14806=CARTESIAN_POINT('Origin',(129.100851878053,-101.55970549801,1.51));
#14807=CARTESIAN_POINT('',(129.100851878053,-115.559011020509,1.51));
#14808=CARTESIAN_POINT('Origin',(89.6628058791001,-108.419365814356,1.51));
#14809=CARTESIAN_POINT('',(89.6628058791001,-108.419365814356,1.51));
#14810=CARTESIAN_POINT('',(103.662111401599,-108.419365814356,1.51));
#14811=CARTESIAN_POINT('',(103.662111401599,-108.419365814356,1.51));
#14812=CARTESIAN_POINT('',(103.662111401599,-108.419365814356,1.51));
#14813=CARTESIAN_POINT('',(89.6628058791001,-108.419365814356,1.51));
#14814=CARTESIAN_POINT('Origin',(89.6628058791001,-122.418671336855,1.51));
#14815=CARTESIAN_POINT('',(89.6628058791001,-122.418671336855,1.51));
#14816=CARTESIAN_POINT('',(89.6628058791001,-108.419365814356,1.51));
#14817=CARTESIAN_POINT('',(89.6628058791001,-122.418671336855,1.51));
#14818=CARTESIAN_POINT('Origin',(103.662111401599,-122.418671336855,1.51));
#14819=CARTESIAN_POINT('',(103.662111401599,-122.418671336855,1.51));
#14820=CARTESIAN_POINT('',(89.6628058791001,-122.418671336855,1.51));
#14821=CARTESIAN_POINT('',(103.662111401599,-122.418671336855,1.51));
#14822=CARTESIAN_POINT('Origin',(103.662111401599,-108.419365814356,1.51));
#14823=CARTESIAN_POINT('',(103.662111401599,-122.418671336855,1.51));
#14824=CARTESIAN_POINT('Origin',(140.495077282771,-107.929392257193,1.51));
#14825=CARTESIAN_POINT('',(140.495077282771,-107.929392257193,1.51));
#14826=CARTESIAN_POINT('',(154.49438280527,-107.929392257193,1.51));
#14827=CARTESIAN_POINT('',(154.49438280527,-107.929392257193,1.51));
#14828=CARTESIAN_POINT('',(154.49438280527,-107.929392257193,1.51));
#14829=CARTESIAN_POINT('',(140.495077282771,-107.929392257193,1.51));
#14830=CARTESIAN_POINT('Origin',(140.495077282771,-121.928697779692,1.51));
#14831=CARTESIAN_POINT('',(140.495077282771,-121.928697779692,1.51));
#14832=CARTESIAN_POINT('',(140.495077282771,-107.929392257193,1.51));
#14833=CARTESIAN_POINT('',(140.495077282771,-121.928697779692,1.51));
#14834=CARTESIAN_POINT('Origin',(154.49438280527,-121.928697779692,1.51));
#14835=CARTESIAN_POINT('',(154.49438280527,-121.928697779692,1.51));
#14836=CARTESIAN_POINT('',(140.495077282771,-121.928697779692,1.51));
#14837=CARTESIAN_POINT('',(154.49438280527,-121.928697779692,1.51));
#14838=CARTESIAN_POINT('Origin',(154.49438280527,-107.929392257193,1.51));
#14839=CARTESIAN_POINT('',(154.49438280527,-121.928697779692,1.51));
#14840=CARTESIAN_POINT('Origin',(80.1532754916211,-51.2722030594326,1.51));
#14841=CARTESIAN_POINT('',(80.1532754916211,-51.2722030594326,1.51));
#14842=CARTESIAN_POINT('',(80.1532754916211,-61.3916999833479,1.51));
#14843=CARTESIAN_POINT('',(80.1532754916211,-61.3916999833479,1.51));
#14844=CARTESIAN_POINT('',(80.1532754916211,-61.3916999833479,1.51));
#14845=CARTESIAN_POINT('',(80.1532754916211,-51.2722030594326,1.51));
#14846=CARTESIAN_POINT('Origin',(108.251880050262,-51.2722030594326,1.51));
#14847=CARTESIAN_POINT('',(108.251880050262,-51.2722030594326,1.51));
#14848=CARTESIAN_POINT('',(80.1532754916211,-51.2722030594326,1.51));
#14849=CARTESIAN_POINT('',(108.251880050262,-51.2722030594326,1.51));
#14850=CARTESIAN_POINT('Origin',(108.251880050262,-42.2826473348161,1.51));
#14851=CARTESIAN_POINT('',(108.251880050262,-42.2826473348161,1.51));
#14852=CARTESIAN_POINT('',(108.251880050262,-51.2722030594326,1.51));
#14853=CARTESIAN_POINT('',(108.251880050262,-42.2826473348161,1.51));
#14854=CARTESIAN_POINT('Origin',(136.84,-42.282647334816,1.51));
#14855=CARTESIAN_POINT('',(136.84,-42.282647334816,1.51));
#14856=CARTESIAN_POINT('',(108.251880050262,-42.2826473348161,1.51));
#14857=CARTESIAN_POINT('',(136.84,-42.282647334816,1.51));
#14858=CARTESIAN_POINT('Origin',(136.84,-50.78,1.51));
#14859=CARTESIAN_POINT('',(136.84,-50.78,1.51));
#14860=CARTESIAN_POINT('',(136.84,-50.78,1.51));
#14861=CARTESIAN_POINT('',(136.84,-50.78,1.51));
#14862=CARTESIAN_POINT('Origin',(136.840458166065,-50.78,1.51));
#14863=CARTESIAN_POINT('',(136.840458166065,-50.78,1.51));
#14864=CARTESIAN_POINT('',(162.65,-50.78,1.51));
#14865=CARTESIAN_POINT('',(136.840458166065,-50.78,1.51));
#14866=CARTESIAN_POINT('Origin',(136.840458166065,-42.282647334816,1.51));
#14867=CARTESIAN_POINT('',(136.840458166065,-42.282647334816,1.51));
#14868=CARTESIAN_POINT('',(136.840458166065,-42.282647334816,1.51));
#14869=CARTESIAN_POINT('',(136.840458166065,-42.282647334816,1.51));
#14870=CARTESIAN_POINT('Origin',(136.84,-42.282647334816,1.51));
#14871=CARTESIAN_POINT('',(108.251880050262,-42.2826473348161,1.51));
#14872=CARTESIAN_POINT('',(136.84,-42.282647334816,1.51));
#14873=CARTESIAN_POINT('Origin',(136.84,-42.28,1.51));
#14874=CARTESIAN_POINT('',(136.84,-42.28,1.51));
#14875=CARTESIAN_POINT('',(136.84,-50.78,1.51));
#14876=CARTESIAN_POINT('',(136.84,-42.28,1.51));
#14877=CARTESIAN_POINT('Origin',(108.25,-42.28,1.51));
#14878=CARTESIAN_POINT('',(108.25,-42.28,1.51));
#14879=CARTESIAN_POINT('',(136.84,-42.28,1.51));
#14880=CARTESIAN_POINT('',(108.25,-42.28,1.51));
#14881=CARTESIAN_POINT('Origin',(108.25,-51.27,1.51));
#14882=CARTESIAN_POINT('',(108.25,-51.27,1.51));
#14883=CARTESIAN_POINT('',(108.25,-42.28,1.51));
#14884=CARTESIAN_POINT('',(108.25,-51.27,1.51));
#14885=CARTESIAN_POINT('Origin',(80.15,-51.27,1.51));
#14886=CARTESIAN_POINT('',(80.15,-51.27,1.51));
#14887=CARTESIAN_POINT('',(108.25,-51.27,1.51));
#14888=CARTESIAN_POINT('',(80.15,-51.27,1.51));
#14889=CARTESIAN_POINT('Origin',(80.15,-61.39,1.51));
#14890=CARTESIAN_POINT('',(80.15,-61.39,1.51));
#14891=CARTESIAN_POINT('',(80.15,-51.27,1.51));
#14892=CARTESIAN_POINT('',(80.15,-61.39,1.51));
#14893=CARTESIAN_POINT('Origin',(48.95,-61.39,1.51));
#14894=CARTESIAN_POINT('',(48.95,-61.39,1.51));
#14895=CARTESIAN_POINT('',(80.15,-61.39,1.51));
#14896=CARTESIAN_POINT('',(48.95,-61.39,1.51));
#14897=CARTESIAN_POINT('Origin',(48.95,-169.54,1.51));
#14898=CARTESIAN_POINT('',(48.95,-169.54,1.51));
#14899=CARTESIAN_POINT('',(48.95,-61.39,1.51));
#14900=CARTESIAN_POINT('',(48.95,-169.54,1.51));
#14901=CARTESIAN_POINT('Origin',(86.53,-169.54,1.51));
#14902=CARTESIAN_POINT('',(86.53,-169.54,1.51));
#14903=CARTESIAN_POINT('',(55.49,-169.54,1.51));
#14904=CARTESIAN_POINT('',(86.53,-169.54,1.51));
#14905=CARTESIAN_POINT('Origin',(86.53,-169.536329041437,1.51));
#14906=CARTESIAN_POINT('',(86.53,-169.536329041437,1.51));
#14907=CARTESIAN_POINT('',(86.53,-169.54,1.51));
#14908=CARTESIAN_POINT('',(86.53,-169.536329041437,1.51));
#14909=CARTESIAN_POINT('Origin',(86.5329562618569,-169.536329041437,1.51));
#14910=CARTESIAN_POINT('',(86.5329562618569,-169.536329041437,1.51));
#14911=CARTESIAN_POINT('',(86.5329562618569,-169.536329041437,1.51));
#14912=CARTESIAN_POINT('',(86.5329562618569,-169.536329041437,1.51));
#14913=CARTESIAN_POINT('Origin',(86.5329562618569,-163.009994820524,1.51));
#14914=CARTESIAN_POINT('',(86.5329562618569,-163.009994820524,1.51));
#14915=CARTESIAN_POINT('',(86.5329562618569,-163.006654186228,1.51));
#14916=CARTESIAN_POINT('',(86.5329562618569,-163.009994820524,1.51));
#14917=CARTESIAN_POINT('Origin',(183.558141816074,-162.840003255604,1.51));
#14918=CARTESIAN_POINT('',(183.558141816074,-162.840003255604,1.51));
#14919=CARTESIAN_POINT('',(86.53,-163.01,1.51));
#14920=CARTESIAN_POINT('',(183.558141816074,-162.840003255604,1.51));
#14921=CARTESIAN_POINT('Origin',(183.558141816074,-171.9862197143,1.51));
#14922=CARTESIAN_POINT('',(183.558141816074,-171.9862197143,1.51));
#14923=CARTESIAN_POINT('',(183.558141816074,-171.9862197143,1.51));
#14924=CARTESIAN_POINT('',(183.558141816074,-171.9862197143,1.51));
#14925=CARTESIAN_POINT('Origin',(183.56,-171.9862197143,1.51));
#14926=CARTESIAN_POINT('',(183.56,-171.9862197143,1.51));
#14927=CARTESIAN_POINT('',(215.416561994025,-171.9862197143,1.51));
#14928=CARTESIAN_POINT('',(183.56,-171.9862197143,1.51));
#14929=CARTESIAN_POINT('Origin',(183.56,-162.84,1.51));
#14930=CARTESIAN_POINT('',(183.56,-162.84,1.51));
#14931=CARTESIAN_POINT('',(183.56,-162.84,1.51));
#14932=CARTESIAN_POINT('',(183.56,-162.84,1.51));
#14933=CARTESIAN_POINT('Origin',(183.558141816074,-162.840003255604,1.51));
#14934=CARTESIAN_POINT('',(86.53,-163.01,1.51));
#14935=CARTESIAN_POINT('',(183.558141816074,-162.840003255604,1.51));
#14936=CARTESIAN_POINT('Origin',(183.558141816074,-162.836664450133,1.51));
#14937=CARTESIAN_POINT('',(183.558141816074,-162.836664450133,1.51));
#14938=CARTESIAN_POINT('',(183.558141816074,-171.9862197143,1.51));
#14939=CARTESIAN_POINT('',(183.558141816074,-162.836664450133,1.51));
#14940=CARTESIAN_POINT('Origin',(86.5329562618569,-163.006654186228,1.51));
#14941=CARTESIAN_POINT('',(86.5329562618569,-163.006654186228,1.51));
#14942=CARTESIAN_POINT('',(183.558141816074,-162.836664450133,1.51));
#14943=CARTESIAN_POINT('',(86.5329562618569,-163.006654186228,1.51));
#14944=CARTESIAN_POINT('Origin',(86.5329562618569,-163.009994820524,1.51));
#14945=CARTESIAN_POINT('',(86.5329562618569,-163.006654186228,1.51));
#14946=CARTESIAN_POINT('',(86.5329562618569,-163.009994820524,1.51));
#14947=CARTESIAN_POINT('Origin',(86.53,-163.01,1.51));
#14948=CARTESIAN_POINT('',(86.53,-163.01,1.51));
#14949=CARTESIAN_POINT('',(86.53,-163.01,1.51));
#14950=CARTESIAN_POINT('',(86.53,-163.01,1.51));
#14951=CARTESIAN_POINT('Origin',(86.53,-169.536329041437,1.51));
#14952=CARTESIAN_POINT('',(86.53,-169.54,1.51));
#14953=CARTESIAN_POINT('',(86.53,-169.536329041437,1.51));
#14954=CARTESIAN_POINT('Origin',(48.9548224214369,-169.536329041437,1.51));
#14955=CARTESIAN_POINT('',(48.9548224214369,-169.536329041437,1.51));
#14956=CARTESIAN_POINT('',(86.5329562618569,-169.536329041437,1.51));
#14957=CARTESIAN_POINT('',(48.9548224214369,-169.536329041437,1.51));
#14958=CARTESIAN_POINT('Origin',(48.9548224214369,-61.3916999833479,1.51));
#14959=CARTESIAN_POINT('',(48.9548224214369,-61.3916999833479,1.51));
#14960=CARTESIAN_POINT('',(48.9548224214369,-61.3916999833479,1.51));
#14961=CARTESIAN_POINT('',(48.9548224214369,-61.3916999833479,1.51));
#14962=CARTESIAN_POINT('Origin',(80.1532754916211,-61.3916999833479,1.51));
#14963=CARTESIAN_POINT('',(48.9548224214369,-61.3916999833479,1.51));
#14964=CARTESIAN_POINT('Origin',(210.900587853509,-69.6974885601677,1.51));
#14965=CARTESIAN_POINT('',(207.450758992608,-69.6974885601677,1.51));
#14966=CARTESIAN_POINT('',(207.450758992608,-69.6974885601677,1.51));
#14967=CARTESIAN_POINT('Origin',(210.900587853509,-69.6974885601677,1.51));
#14968=CARTESIAN_POINT('Origin',(165.799028303282,-91.0902236473279,1.51));
#14969=CARTESIAN_POINT('',(165.799028303282,-91.0902236473279,1.51));
#14970=CARTESIAN_POINT('',(179.798333825781,-91.0902236473279,1.51));
#14971=CARTESIAN_POINT('',(179.798333825781,-91.0902236473279,1.51));
#14972=CARTESIAN_POINT('',(179.798333825781,-91.0902236473279,1.51));
#14973=CARTESIAN_POINT('',(165.799028303282,-91.0902236473279,1.51));
#14974=CARTESIAN_POINT('Origin',(165.799028303282,-105.089529169826,1.51));
#14975=CARTESIAN_POINT('',(165.799028303282,-105.089529169826,1.51));
#14976=CARTESIAN_POINT('',(165.799028303282,-91.0902236473279,1.51));
#14977=CARTESIAN_POINT('',(165.799028303282,-105.089529169826,1.51));
#14978=CARTESIAN_POINT('Origin',(179.798333825781,-105.089529169826,1.51));
#14979=CARTESIAN_POINT('',(179.798333825781,-105.089529169826,1.51));
#14980=CARTESIAN_POINT('',(165.799028303282,-105.089529169826,1.51));
#14981=CARTESIAN_POINT('',(179.798333825781,-105.089529169826,1.51));
#14982=CARTESIAN_POINT('Origin',(179.798333825781,-91.0902236473279,1.51));
#14983=CARTESIAN_POINT('',(179.798333825781,-105.089529169826,1.51));
#14984=CARTESIAN_POINT('Origin',(115.066338446386,-51.0222154608166,1.51));
#14985=CARTESIAN_POINT('',(115.066338446386,-51.0222154608166,1.51));
#14986=CARTESIAN_POINT('',(129.065651597901,-51.0222154608166,1.51));
#14987=CARTESIAN_POINT('',(129.065651597901,-51.0222154608166,1.51));
#14988=CARTESIAN_POINT('',(129.065651597901,-51.0222154608166,1.51));
#14989=CARTESIAN_POINT('',(115.066338446386,-51.0222154608166,1.51));
#14990=CARTESIAN_POINT('Origin',(115.066338446386,-65.0215171688072,1.51));
#14991=CARTESIAN_POINT('',(115.066338446386,-65.0215171688072,1.51));
#14992=CARTESIAN_POINT('',(115.066338446386,-51.0222154608166,1.51));
#14993=CARTESIAN_POINT('',(115.066338446386,-65.0215171688072,1.51));
#14994=CARTESIAN_POINT('Origin',(129.065651597901,-65.0215171688072,1.51));
#14995=CARTESIAN_POINT('',(129.065651597901,-65.0215171688072,1.51));
#14996=CARTESIAN_POINT('',(115.066338446386,-65.0215171688072,1.51));
#14997=CARTESIAN_POINT('',(129.065651597901,-65.0215171688072,1.51));
#14998=CARTESIAN_POINT('Origin',(129.065651597901,-51.0222154608166,1.51));
#14999=CARTESIAN_POINT('',(129.065651597901,-65.0215171688072,1.51));
#15000=CARTESIAN_POINT('Origin',(165.81382859446,-116.538965763851,1.51));
#15001=CARTESIAN_POINT('',(165.81382859446,-116.538965763851,1.51));
#15002=CARTESIAN_POINT('',(179.813134116958,-116.538965763851,1.51));
#15003=CARTESIAN_POINT('',(179.813134116958,-116.538965763851,1.51));
#15004=CARTESIAN_POINT('',(179.813134116958,-116.538965763851,1.51));
#15005=CARTESIAN_POINT('',(165.81382859446,-116.538965763851,1.51));
#15006=CARTESIAN_POINT('Origin',(165.81382859446,-130.538263657334,1.51));
#15007=CARTESIAN_POINT('',(165.81382859446,-130.538263657334,1.51));
#15008=CARTESIAN_POINT('',(165.81382859446,-116.538965763851,1.51));
#15009=CARTESIAN_POINT('',(165.81382859446,-130.538263657334,1.51));
#15010=CARTESIAN_POINT('Origin',(179.813134116958,-130.538263657334,1.51));
#15011=CARTESIAN_POINT('',(179.813134116958,-130.538263657334,1.51));
#15012=CARTESIAN_POINT('',(165.81382859446,-130.538263657334,1.51));
#15013=CARTESIAN_POINT('',(179.813134116958,-130.538263657334,1.51));
#15014=CARTESIAN_POINT('Origin',(179.813134116958,-116.538965763851,1.51));
#15015=CARTESIAN_POINT('',(179.813134116958,-130.538263657334,1.51));
#15016=CARTESIAN_POINT('Origin',(210.800592814063,-167.370243210483,1.51));
#15017=CARTESIAN_POINT('',(207.350763953162,-167.370243210483,1.51));
#15018=CARTESIAN_POINT('',(207.350763953162,-167.370243210483,1.51));
#15019=CARTESIAN_POINT('Origin',(210.800592814063,-167.370243210483,1.51));
#15020=CARTESIAN_POINT('Origin',(140.485083271718,-133.778108428289,1.51));
#15021=CARTESIAN_POINT('',(140.485083271718,-133.778108428289,1.51));
#15022=CARTESIAN_POINT('',(154.484388794217,-133.778108428289,1.51));
#15023=CARTESIAN_POINT('',(154.484388794217,-133.778108428289,1.51));
#15024=CARTESIAN_POINT('',(154.484388794217,-133.778108428289,1.51));
#15025=CARTESIAN_POINT('',(140.485083271718,-133.778108428289,1.51));
#15026=CARTESIAN_POINT('Origin',(140.485083271718,-147.777413950788,1.51));
#15027=CARTESIAN_POINT('',(140.485083271718,-147.777413950788,1.51));
#15028=CARTESIAN_POINT('',(140.485083271718,-133.778108428289,1.51));
#15029=CARTESIAN_POINT('',(140.485083271718,-147.777413950788,1.51));
#15030=CARTESIAN_POINT('Origin',(154.484388794217,-147.777413950788,1.51));
#15031=CARTESIAN_POINT('',(154.484388794217,-147.777413950788,1.51));
#15032=CARTESIAN_POINT('',(140.485083271718,-147.777413950788,1.51));
#15033=CARTESIAN_POINT('',(154.484388794217,-147.777413950788,1.51));
#15034=CARTESIAN_POINT('Origin',(154.484388794217,-133.778108428289,1.51));
#15035=CARTESIAN_POINT('',(154.484388794217,-147.777413950788,1.51));
#15036=CARTESIAN_POINT('Origin',(89.6928031702914,-133.558118120864,1.51));
#15037=CARTESIAN_POINT('',(89.6928031702914,-133.558118120864,1.51));
#15038=CARTESIAN_POINT('',(103.69210869279,-133.558118120864,1.51));
#15039=CARTESIAN_POINT('',(103.69210869279,-133.558118120864,1.51));
#15040=CARTESIAN_POINT('',(103.69210869279,-133.558118120864,1.51));
#15041=CARTESIAN_POINT('',(89.6928031702914,-133.558118120864,1.51));
#15042=CARTESIAN_POINT('Origin',(89.6928031702914,-147.557423643363,1.51));
#15043=CARTESIAN_POINT('',(89.6928031702914,-147.557423643363,1.51));
#15044=CARTESIAN_POINT('',(89.6928031702914,-133.558118120864,1.51));
#15045=CARTESIAN_POINT('',(89.6928031702914,-147.557423643363,1.51));
#15046=CARTESIAN_POINT('Origin',(103.69210869279,-147.557423643363,1.51));
#15047=CARTESIAN_POINT('',(103.69210869279,-147.557423643363,1.51));
#15048=CARTESIAN_POINT('',(89.6928031702914,-147.557423643363,1.51));
#15049=CARTESIAN_POINT('',(103.69210869279,-147.557423643363,1.51));
#15050=CARTESIAN_POINT('Origin',(103.69210869279,-133.558118120864,1.51));
#15051=CARTESIAN_POINT('',(103.69210869279,-147.557423643363,1.51));
#15052=CARTESIAN_POINT('Origin',(165.783831303268,-65.7514843135331,1.51));
#15053=CARTESIAN_POINT('',(165.783831303268,-65.7514843135331,1.51));
#15054=CARTESIAN_POINT('',(179.783136825767,-65.7514843135331,1.51));
#15055=CARTESIAN_POINT('',(179.783136825767,-65.7514843135331,1.51));
#15056=CARTESIAN_POINT('',(179.783136825767,-65.7514843135331,1.51));
#15057=CARTESIAN_POINT('',(165.783831303268,-65.7514843135331,1.51));
#15058=CARTESIAN_POINT('Origin',(165.783831303268,-79.7507898360317,1.51));
#15059=CARTESIAN_POINT('',(165.783831303268,-79.7507898360317,1.51));
#15060=CARTESIAN_POINT('',(165.783831303268,-65.7514843135331,1.51));
#15061=CARTESIAN_POINT('',(165.783831303268,-79.7507898360317,1.51));
#15062=CARTESIAN_POINT('Origin',(179.783136825767,-79.7507898360317,1.51));
#15063=CARTESIAN_POINT('',(179.783136825767,-79.7507898360317,1.51));
#15064=CARTESIAN_POINT('',(165.783831303268,-79.7507898360317,1.51));
#15065=CARTESIAN_POINT('',(179.783136825767,-79.7507898360317,1.51));
#15066=CARTESIAN_POINT('Origin',(179.783136825767,-65.7514843135331,1.51));
#15067=CARTESIAN_POINT('',(179.783136825767,-79.7507898360317,1.51));
#15068=CARTESIAN_POINT('Origin',(179.558141816074,-166.843678655669,1.51));
#15069=CARTESIAN_POINT('',(179.558141816074,-166.843678655669,1.51));
#15070=CARTESIAN_POINT('',(179.558141816074,-166.843678655669,1.51));
#15071=CARTESIAN_POINT('',(179.558141816074,-175.9862197143,1.51));
#15072=CARTESIAN_POINT('',(179.558141816074,-175.9862197143,1.51));
#15073=CARTESIAN_POINT('',(179.558141816074,-175.9862197143,1.51));
#15074=CARTESIAN_POINT('Origin',(90.5329562618569,-166.999652258932,1.51));
#15075=CARTESIAN_POINT('',(90.5329562618569,-166.999652258932,1.51));
#15076=CARTESIAN_POINT('',(90.5329562618569,-166.999652258932,1.51));
#15077=CARTESIAN_POINT('',(179.558141816074,-166.843678655669,1.51));
#15078=CARTESIAN_POINT('Origin',(90.5329562618569,-173.536329041437,1.51));
#15079=CARTESIAN_POINT('',(90.5329562618569,-173.536329041437,1.51));
#15080=CARTESIAN_POINT('',(90.5329562618569,-173.536329041437,1.51));
#15081=CARTESIAN_POINT('',(90.5329562618569,-166.999652258932,1.51));
#15082=CARTESIAN_POINT('Origin',(44.9548224214369,-173.536329041437,1.51));
#15083=CARTESIAN_POINT('',(44.9548224214369,-173.536329041437,1.51));
#15084=CARTESIAN_POINT('',(44.9548224214369,-173.536329041437,1.51));
#15085=CARTESIAN_POINT('',(55.4944989167146,-173.536329041437,1.51));
#15086=CARTESIAN_POINT('Origin',(44.9548224214369,-57.391699983348,1.51));
#15087=CARTESIAN_POINT('',(44.9548224214369,-57.391699983348,1.51));
#15088=CARTESIAN_POINT('',(44.9548224214369,-57.391699983348,1.51));
#15089=CARTESIAN_POINT('',(44.9548224214369,-57.391699983348,1.51));
#15090=CARTESIAN_POINT('Origin',(76.1532754916211,-57.391699983348,1.51));
#15091=CARTESIAN_POINT('',(76.1532754916211,-57.391699983348,1.51));
#15092=CARTESIAN_POINT('',(76.1532754916211,-57.391699983348,1.51));
#15093=CARTESIAN_POINT('',(44.9548224214369,-57.391699983348,1.51));
#15094=CARTESIAN_POINT('Origin',(76.1532754916211,-47.2722030594326,1.51));
#15095=CARTESIAN_POINT('',(76.1532754916211,-47.2722030594326,1.51));
#15096=CARTESIAN_POINT('',(76.1532754916211,-47.2722030594326,1.51));
#15097=CARTESIAN_POINT('',(76.1532754916211,-57.391699983348,1.51));
#15098=CARTESIAN_POINT('Origin',(104.251880050262,-47.2722030594326,1.51));
#15099=CARTESIAN_POINT('',(104.251880050262,-47.2722030594326,1.51));
#15100=CARTESIAN_POINT('',(104.251880050262,-47.2722030594326,1.51));
#15101=CARTESIAN_POINT('',(76.1532754916211,-47.2722030594326,1.51));
#15102=CARTESIAN_POINT('Origin',(104.251880050262,-38.2826473348161,1.51));
#15103=CARTESIAN_POINT('',(104.251880050262,-38.2826473348161,1.51));
#15104=CARTESIAN_POINT('',(104.251880050262,-38.2826473348161,1.51));
#15105=CARTESIAN_POINT('',(104.251880050262,-47.2722030594326,1.51));
#15106=CARTESIAN_POINT('Origin',(140.840458166065,-38.282647334816,1.51));
#15107=CARTESIAN_POINT('',(140.840458166065,-38.282647334816,1.51));
#15108=CARTESIAN_POINT('',(140.840458166065,-38.282647334816,1.51));
#15109=CARTESIAN_POINT('',(104.251880050262,-38.2826473348161,1.51));
#15110=CARTESIAN_POINT('Origin',(140.840458166065,-46.7822256877616,1.51));
#15111=CARTESIAN_POINT('',(140.840458166065,-46.7822256877616,1.51));
#15112=CARTESIAN_POINT('',(140.840458166065,-46.7822256877616,1.51));
#15113=CARTESIAN_POINT('',(140.840458166065,-38.282647334816,1.51));
#15114=CARTESIAN_POINT('Origin',(166.649175405901,-46.7822256877616,1.51));
#15115=CARTESIAN_POINT('',(140.840458166065,-46.7822256877616,1.51));
#15116=CARTESIAN_POINT('Origin',(193.168119312946,-61.0815193802059,1.51));
#15117=CARTESIAN_POINT('',(193.168119312946,-61.0815193802059,1.51));
#15118=CARTESIAN_POINT('',(193.168119312946,-61.0815193802059,1.51));
#15119=CARTESIAN_POINT('',(188.753345034921,-54.2918552863122,1.51));
#15120=CARTESIAN_POINT('Origin',(210.516850837515,-61.0815193802059,1.51));
#15121=CARTESIAN_POINT('',(210.516850837515,-61.0815193802059,1.51));
#15122=CARTESIAN_POINT('',(210.516850837515,-61.0815193802059,1.51));
#15123=CARTESIAN_POINT('',(193.168119312946,-61.0815193802059,1.51));
#15124=CARTESIAN_POINT('Origin',(215.516642482387,-61.0816185582018,1.51));
#15125=CARTESIAN_POINT('',(215.516642482387,-61.0816185582018,1.51));
#15126=CARTESIAN_POINT('',(215.516642482387,-61.0816185582018,1.51));
#15127=CARTESIAN_POINT('',(210.516850837515,-61.0815193802059,1.51));
#15128=CARTESIAN_POINT('Origin',(219.516561386648,-61.0853601788303,1.51));
#15129=CARTESIAN_POINT('',(215.516642482387,-61.0816185582018,1.51));
#15130=CARTESIAN_POINT('Origin',(219.416560243989,-171.98996140915,1.51));
#15131=CARTESIAN_POINT('',(219.416560243989,-171.98996140915,1.51));
#15132=CARTESIAN_POINT('Origin',(179.558141816074,-175.9862197143,1.51));
#15133=CARTESIAN_POINT('',(215.416561994025,-175.9862197143,1.51));
#15134=CARTESIAN_POINT('Origin',(132.235691904043,-107.134433524558,1.51));
#15135=CARTESIAN_POINT('Origin',(202.317213657508,-72.5911450116681,1.51));
#15136=CARTESIAN_POINT('',(201.819802652744,-71.4444422259015,1.51));
#15137=CARTESIAN_POINT('',(202.76981517264,-73.7562616818113,1.51));
#15138=CARTESIAN_POINT('Origin',(202.317213657508,-72.5911450116681,1.51));
#15139=CARTESIAN_POINT('',(201.819802652744,-71.4444422259015,3.11));
#15140=CARTESIAN_POINT('',(201.819802652744,-71.4444422259015,1.51));
#15141=CARTESIAN_POINT('',(202.76981517264,-73.7562616818113,3.11));
#15142=CARTESIAN_POINT('Origin',(202.317213657508,-72.5911450116681,3.11));
#15143=CARTESIAN_POINT('',(202.76981517264,-73.7562616818113,1.51));
#15144=CARTESIAN_POINT('Origin',(202.32,-72.59,1.51));
#15145=CARTESIAN_POINT('Origin',(202.32,-72.59,1.51));
#15146=CARTESIAN_POINT('Origin',(202.32,-72.59,3.11));
#15147=CARTESIAN_POINT('Origin',(202.318575825294,-72.5906035092939,3.11));
#15148=CARTESIAN_POINT('Origin',(202.318575825294,-72.5906035092939,1.51));
#15149=CARTESIAN_POINT('Origin',(202.317213657508,-75.9909763528463,1.51));
#15150=CARTESIAN_POINT('',(201.880568508876,-74.8197863594114,1.51));
#15151=CARTESIAN_POINT('',(202.707095748477,-77.1785524311195,1.51));
#15152=CARTESIAN_POINT('Origin',(202.317213657508,-75.9909763528463,1.51));
#15153=CARTESIAN_POINT('',(201.880568508876,-74.8197863594114,3.11));
#15154=CARTESIAN_POINT('',(201.880568508876,-74.8197863594114,1.51));
#15155=CARTESIAN_POINT('',(202.707095748477,-77.1785524311195,3.11));
#15156=CARTESIAN_POINT('Origin',(202.317213657508,-75.9909763528463,3.11));
#15157=CARTESIAN_POINT('',(202.707095748477,-77.1785524311195,1.51));
#15158=CARTESIAN_POINT('Origin',(202.32,-75.99,1.51));
#15159=CARTESIAN_POINT('Origin',(202.32,-75.99,1.51));
#15160=CARTESIAN_POINT('Origin',(202.32,-75.99,3.11));
#15161=CARTESIAN_POINT('Origin',(202.318575825294,-75.9905191798831,3.11));
#15162=CARTESIAN_POINT('Origin',(202.318575825294,-75.9905191798831,1.51));
#15163=CARTESIAN_POINT('Origin',(53.5707926694609,-66.0076716045948,1.51));
#15164=CARTESIAN_POINT('',(54.0830927643688,-64.491988709424,1.51));
#15165=CARTESIAN_POINT('',(53.103937248707,-67.5379630938441,1.51));
#15166=CARTESIAN_POINT('Origin',(53.5707926694609,-66.0076716045948,1.51));
#15167=CARTESIAN_POINT('',(53.103937248707,-67.5379630938441,3.11));
#15168=CARTESIAN_POINT('',(53.103937248707,-67.5379630938441,1.51));
#15169=CARTESIAN_POINT('',(54.0830927643688,-64.491988709424,3.11));
#15170=CARTESIAN_POINT('Origin',(53.5707926694609,-66.0076716045948,3.11));
#15171=CARTESIAN_POINT('',(54.0830927643688,-64.491988709424,1.51));
#15172=CARTESIAN_POINT('Origin',(53.566193,-66.006193,1.51));
#15173=CARTESIAN_POINT('Origin',(53.566193,-66.006193,1.51));
#15174=CARTESIAN_POINT('Origin',(53.566193,-66.006193,3.11));
#15175=CARTESIAN_POINT('Origin',(53.5707926694609,-66.0076716045948,1.51));
#15176=CARTESIAN_POINT('',(50.1209638085594,-66.0076716045948,3.11));
#15177=CARTESIAN_POINT('Origin',(53.5707926694609,-66.0076716045948,3.11));
#15178=CARTESIAN_POINT('',(50.1209638085594,-66.0076716045948,1.51));
#15179=CARTESIAN_POINT('',(50.1209638085594,-66.0076716045948,1.51));
#15180=CARTESIAN_POINT('Origin',(53.5707926694609,-66.0076716045948,1.51));
#15181=CARTESIAN_POINT('Origin',(53.5707926694609,-66.0076716045948,3.11));
#15182=CARTESIAN_POINT('Origin',(53.5707926694609,-66.0076716045948,1.51));
#15183=CARTESIAN_POINT('Origin',(53.5707926694609,-164.920364744045,1.51));
#15184=CARTESIAN_POINT('',(52.6276932053578,-163.627960230449,1.51));
#15185=CARTESIAN_POINT('',(54.5446963916604,-166.189717951723,1.51));
#15186=CARTESIAN_POINT('Origin',(53.5707926694609,-164.920364744045,1.51));
#15187=CARTESIAN_POINT('',(54.5446963916604,-166.189717951723,3.11));
#15188=CARTESIAN_POINT('',(54.5446963916604,-166.189717951723,1.51));
#15189=CARTESIAN_POINT('',(52.6276932053578,-163.627960230449,3.11));
#15190=CARTESIAN_POINT('Origin',(53.5707926694609,-164.920364744045,3.11));
#15191=CARTESIAN_POINT('',(52.6276932053578,-163.627960230449,1.51));
#15192=CARTESIAN_POINT('Origin',(53.566194,-164.923806,1.51));
#15193=CARTESIAN_POINT('Origin',(53.566194,-164.923806,1.51));
#15194=CARTESIAN_POINT('Origin',(53.566194,-164.923806,3.11));
#15195=CARTESIAN_POINT('Origin',(53.5707926694609,-164.920364744045,1.51));
#15196=CARTESIAN_POINT('',(50.1209638085594,-164.920364744045,3.11));
#15197=CARTESIAN_POINT('Origin',(53.5707926694609,-164.920364744045,3.11));
#15198=CARTESIAN_POINT('',(50.1209638085594,-164.920364744045,1.51));
#15199=CARTESIAN_POINT('',(50.1209638085594,-164.920364744045,1.51));
#15200=CARTESIAN_POINT('Origin',(53.5707926694609,-164.920364744045,1.51));
#15201=CARTESIAN_POINT('Origin',(53.5707926694609,-164.920364744045,3.11));
#15202=CARTESIAN_POINT('Origin',(53.5707926694609,-164.920364744045,1.51));
#15203=CARTESIAN_POINT('Origin',(210.900587853509,-69.6974885601677,1.51));
#15204=CARTESIAN_POINT('',(211.465189093863,-71.1944760234911,1.51));
#15205=CARTESIAN_POINT('',(210.27127742275,-68.2265315901331,1.51));
#15206=CARTESIAN_POINT('Origin',(210.900587853509,-69.6974885601677,1.51));
#15207=CARTESIAN_POINT('',(210.27127742275,-68.2265315901331,3.11));
#15208=CARTESIAN_POINT('',(210.27127742275,-68.2265315901331,1.51));
#15209=CARTESIAN_POINT('',(211.465189093863,-71.1944760234911,3.11));
#15210=CARTESIAN_POINT('Origin',(210.900587853509,-69.6974885601677,3.11));
#15211=CARTESIAN_POINT('',(211.465189093863,-71.1944760234911,1.51));
#15212=CARTESIAN_POINT('Origin',(210.903806,-69.696194,1.51));
#15213=CARTESIAN_POINT('Origin',(210.903806,-69.696194,1.51));
#15214=CARTESIAN_POINT('Origin',(210.903806,-69.696194,3.11));
#15215=CARTESIAN_POINT('Origin',(210.900587853509,-69.6974885601677,1.51));
#15216=CARTESIAN_POINT('',(207.450758992608,-69.6974885601677,3.11));
#15217=CARTESIAN_POINT('Origin',(210.900587853509,-69.6974885601677,3.11));
#15218=CARTESIAN_POINT('',(207.450758992608,-69.6974885601677,1.51));
#15219=CARTESIAN_POINT('',(207.450758992608,-69.6974885601677,1.51));
#15220=CARTESIAN_POINT('Origin',(210.900587853509,-69.6974885601677,1.51));
#15221=CARTESIAN_POINT('Origin',(210.900587853509,-69.6974885601677,3.11));
#15222=CARTESIAN_POINT('Origin',(210.900587853509,-69.6974885601677,1.51));
#15223=CARTESIAN_POINT('Origin',(210.800592814063,-167.370243210483,1.51));
#15224=CARTESIAN_POINT('',(209.596503085633,-168.42376774833,1.51));
#15225=CARTESIAN_POINT('',(211.972442402374,-166.280970715497,1.51));
#15226=CARTESIAN_POINT('Origin',(210.800592814063,-167.370243210483,1.51));
#15227=CARTESIAN_POINT('',(211.972442402374,-166.280970715497,3.11));
#15228=CARTESIAN_POINT('',(211.972442402374,-166.280970715497,1.51));
#15229=CARTESIAN_POINT('',(209.596503085633,-168.42376774833,3.11));
#15230=CARTESIAN_POINT('Origin',(210.800592814063,-167.370243210483,3.11));
#15231=CARTESIAN_POINT('',(209.596503085633,-168.42376774833,1.51));
#15232=CARTESIAN_POINT('Origin',(210.803806,-167.373806,1.51));
#15233=CARTESIAN_POINT('Origin',(210.803806,-167.373806,1.51));
#15234=CARTESIAN_POINT('Origin',(210.803806,-167.373806,3.11));
#15235=CARTESIAN_POINT('Origin',(210.800592814063,-167.370243210483,1.51));
#15236=CARTESIAN_POINT('',(207.350763953162,-167.370243210483,3.11));
#15237=CARTESIAN_POINT('Origin',(210.800592814063,-167.370243210483,3.11));
#15238=CARTESIAN_POINT('',(207.350763953162,-167.370243210483,1.51));
#15239=CARTESIAN_POINT('',(207.350763953162,-167.370243210483,1.51));
#15240=CARTESIAN_POINT('Origin',(210.800592814063,-167.370243210483,1.51));
#15241=CARTESIAN_POINT('Origin',(210.800592814063,-167.370243210483,3.11));
#15242=CARTESIAN_POINT('Origin',(210.800592814063,-167.370243210483,1.51));
#15243=CARTESIAN_POINT('Origin',(183.558141816074,-162.840003255604,1.51));
#15244=CARTESIAN_POINT('',(183.558141816074,-171.9862197143,1.51));
#15245=CARTESIAN_POINT('',(183.558141816074,-162.840003255604,1.51));
#15246=CARTESIAN_POINT('',(183.558141816074,-171.9862197143,1.51));
#15247=CARTESIAN_POINT('',(183.558141816074,-171.9862197143,-6.49));
#15248=CARTESIAN_POINT('',(183.558141816074,-171.9862197143,1.51));
#15249=CARTESIAN_POINT('',(183.558141816074,-162.840003255604,-6.49));
#15250=CARTESIAN_POINT('',(183.558141816074,-171.9862197143,-6.49));
#15251=CARTESIAN_POINT('',(183.558141816074,-162.840003255604,1.51));
#15252=CARTESIAN_POINT('Origin',(86.5329562618569,-163.009994820524,1.51));
#15253=CARTESIAN_POINT('',(86.5329562618569,-163.009994820524,1.51));
#15254=CARTESIAN_POINT('',(86.53,-163.01,1.51));
#15255=CARTESIAN_POINT('',(86.5329562618569,-163.009994820524,-6.49));
#15256=CARTESIAN_POINT('',(86.53,-163.01,-6.49));
#15257=CARTESIAN_POINT('',(86.5329562618569,-163.009994820524,1.51));
#15258=CARTESIAN_POINT('Origin',(86.5329562618569,-169.536329041437,1.51));
#15259=CARTESIAN_POINT('',(86.5329562618569,-169.536329041437,1.51));
#15260=CARTESIAN_POINT('',(86.5329562618569,-163.006654186228,1.51));
#15261=CARTESIAN_POINT('',(86.5329562618569,-169.536329041437,-6.49));
#15262=CARTESIAN_POINT('',(86.5329562618569,-163.006654186228,-6.49));
#15263=CARTESIAN_POINT('',(86.5329562618569,-169.536329041437,1.51));
#15264=CARTESIAN_POINT('Origin',(86.53,-169.536329041437,1.51));
#15265=CARTESIAN_POINT('',(86.53,-169.536329041437,1.51));
#15266=CARTESIAN_POINT('',(86.5329562618569,-169.536329041437,1.51));
#15267=CARTESIAN_POINT('',(86.53,-169.536329041437,-6.49));
#15268=CARTESIAN_POINT('',(86.5329562618569,-169.536329041437,-6.49));
#15269=CARTESIAN_POINT('',(86.53,-169.536329041437,1.51));
#15270=CARTESIAN_POINT('Origin',(86.53,-169.54,1.51));
#15271=CARTESIAN_POINT('',(86.53,-169.54,1.51));
#15272=CARTESIAN_POINT('',(86.53,-169.54,1.51));
#15273=CARTESIAN_POINT('',(86.53,-169.54,-6.49));
#15274=CARTESIAN_POINT('',(86.53,-169.54,-6.49));
#15275=CARTESIAN_POINT('',(86.53,-169.54,1.51));
#15276=CARTESIAN_POINT('Origin',(48.95,-169.54,1.51));
#15277=CARTESIAN_POINT('',(48.95,-169.54,1.51));
#15278=CARTESIAN_POINT('',(48.95,-169.54,1.51));
#15279=CARTESIAN_POINT('',(48.95,-169.54,-6.49));
#15280=CARTESIAN_POINT('',(48.95,-169.54,-6.49));
#15281=CARTESIAN_POINT('',(48.95,-169.54,1.51));
#15282=CARTESIAN_POINT('Origin',(48.95,-61.39,1.51));
#15283=CARTESIAN_POINT('',(48.95,-61.39,1.51));
#15284=CARTESIAN_POINT('',(48.95,-61.39,1.51));
#15285=CARTESIAN_POINT('',(48.95,-61.39,-6.49));
#15286=CARTESIAN_POINT('',(48.95,-61.39,-6.49));
#15287=CARTESIAN_POINT('',(48.95,-61.39,1.51));
#15288=CARTESIAN_POINT('Origin',(80.15,-61.39,1.51));
#15289=CARTESIAN_POINT('',(80.15,-61.39,1.51));
#15290=CARTESIAN_POINT('',(80.15,-61.39,1.51));
#15291=CARTESIAN_POINT('',(80.15,-61.39,-6.49));
#15292=CARTESIAN_POINT('',(80.15,-61.39,-6.49));
#15293=CARTESIAN_POINT('',(80.15,-61.39,1.51));
#15294=CARTESIAN_POINT('Origin',(80.15,-51.27,1.51));
#15295=CARTESIAN_POINT('',(80.15,-51.27,1.51));
#15296=CARTESIAN_POINT('',(80.15,-51.27,1.51));
#15297=CARTESIAN_POINT('',(80.15,-51.27,-6.49));
#15298=CARTESIAN_POINT('',(80.15,-51.27,-6.49));
#15299=CARTESIAN_POINT('',(80.15,-51.27,1.51));
#15300=CARTESIAN_POINT('Origin',(108.25,-51.27,1.51));
#15301=CARTESIAN_POINT('',(108.25,-51.27,1.51));
#15302=CARTESIAN_POINT('',(108.25,-51.27,1.51));
#15303=CARTESIAN_POINT('',(108.25,-51.27,-6.49));
#15304=CARTESIAN_POINT('',(108.25,-51.27,-6.49));
#15305=CARTESIAN_POINT('',(108.25,-51.27,1.51));
#15306=CARTESIAN_POINT('Origin',(108.25,-42.28,1.51));
#15307=CARTESIAN_POINT('',(108.25,-42.28,1.51));
#15308=CARTESIAN_POINT('',(108.25,-42.28,1.51));
#15309=CARTESIAN_POINT('',(108.25,-42.28,-6.49));
#15310=CARTESIAN_POINT('',(108.25,-42.28,-6.49));
#15311=CARTESIAN_POINT('',(108.25,-42.28,1.51));
#15312=CARTESIAN_POINT('Origin',(136.84,-42.28,1.51));
#15313=CARTESIAN_POINT('',(136.84,-42.28,1.51));
#15314=CARTESIAN_POINT('',(136.84,-42.28,1.51));
#15315=CARTESIAN_POINT('',(136.84,-42.28,-6.49));
#15316=CARTESIAN_POINT('',(136.84,-42.28,-6.49));
#15317=CARTESIAN_POINT('',(136.84,-42.28,1.51));
#15318=CARTESIAN_POINT('Origin',(136.84,-42.282647334816,1.51));
#15319=CARTESIAN_POINT('',(136.84,-42.282647334816,1.51));
#15320=CARTESIAN_POINT('',(136.84,-50.78,1.51));
#15321=CARTESIAN_POINT('',(136.84,-42.2826473348161,-6.49));
#15322=CARTESIAN_POINT('',(136.84,-50.78,-6.49));
#15323=CARTESIAN_POINT('',(136.84,-42.282647334816,1.51));
#15324=CARTESIAN_POINT('Origin',(136.840458166065,-42.282647334816,1.51));
#15325=CARTESIAN_POINT('',(136.840458166065,-42.282647334816,1.51));
#15326=CARTESIAN_POINT('',(108.251880050262,-42.2826473348161,1.51));
#15327=CARTESIAN_POINT('',(136.840458166065,-42.2826473348161,-6.49));
#15328=CARTESIAN_POINT('',(108.251880050262,-42.2826473348161,-6.49));
#15329=CARTESIAN_POINT('',(136.840458166065,-42.282647334816,1.51));
#15330=CARTESIAN_POINT('Origin',(136.840458166065,-50.7822256877616,1.51));
#15331=CARTESIAN_POINT('',(136.840458166065,-50.7822256877616,1.51));
#15332=CARTESIAN_POINT('',(136.840458166065,-42.282647334816,1.51));
#15333=CARTESIAN_POINT('',(136.840458166065,-50.7822256877616,-6.49));
#15334=CARTESIAN_POINT('',(136.840458166065,-42.282647334816,-6.49));
#15335=CARTESIAN_POINT('',(136.840458166065,-50.7822256877616,1.51));
#15336=CARTESIAN_POINT('Origin',(162.6491754059,-50.7822256877616,1.51));
#15337=CARTESIAN_POINT('',(162.6491754059,-50.7822256877616,1.51));
#15338=CARTESIAN_POINT('',(136.840458166065,-50.7822256877616,1.51));
#15339=CARTESIAN_POINT('',(162.6491754059,-50.7822256877616,-6.49));
#15340=CARTESIAN_POINT('',(136.840458166065,-50.7822256877616,-6.49));
#15341=CARTESIAN_POINT('',(162.6491754059,-50.7822256877616,1.51));
#15342=CARTESIAN_POINT('Origin',(162.649175405901,-58.2918552863122,1.51));
#15343=CARTESIAN_POINT('',(162.649175405901,-58.2918552863122,1.51));
#15344=CARTESIAN_POINT('',(162.6491754059,-50.7822256877616,1.51));
#15345=CARTESIAN_POINT('',(162.649175405901,-58.2918552863122,-6.49));
#15346=CARTESIAN_POINT('',(162.6491754059,-50.7822256877616,-6.49));
#15347=CARTESIAN_POINT('',(162.649175405901,-58.2918552863122,1.51));
#15348=CARTESIAN_POINT('Origin',(186.583000914148,-58.2918552863122,1.51));
#15349=CARTESIAN_POINT('',(186.583000914148,-58.2918552863122,1.51));
#15350=CARTESIAN_POINT('',(162.649175405901,-58.2918552863122,1.51));
#15351=CARTESIAN_POINT('',(186.583000914148,-58.2918552863122,-6.49));
#15352=CARTESIAN_POINT('',(162.649175405901,-58.2918552863122,-6.49));
#15353=CARTESIAN_POINT('',(186.583000914148,-58.2918552863122,1.51));
#15354=CARTESIAN_POINT('Origin',(190.997775192173,-65.0815193802059,1.51));
#15355=CARTESIAN_POINT('',(190.997775192173,-65.0815193802059,1.51));
#15356=CARTESIAN_POINT('',(186.583000914148,-58.2918552863122,1.51));
#15357=CARTESIAN_POINT('',(190.997775192173,-65.0815193802059,-6.49));
#15358=CARTESIAN_POINT('',(186.583000914148,-58.2918552863122,-6.49));
#15359=CARTESIAN_POINT('',(190.997775192173,-65.0815193802059,1.51));
#15360=CARTESIAN_POINT('Origin',(210.516811164363,-65.0815193802059,1.51));
#15361=CARTESIAN_POINT('',(210.516811164363,-65.0815193802059,1.51));
#15362=CARTESIAN_POINT('',(190.997775192173,-65.0815193802059,1.51));
#15363=CARTESIAN_POINT('',(210.516811164363,-65.0815193802059,-6.49));
#15364=CARTESIAN_POINT('',(190.997775192173,-65.0815193802059,-6.49));
#15365=CARTESIAN_POINT('',(210.516811164363,-65.0815193802059,1.51));
#15366=CARTESIAN_POINT('Origin',(215.516563136684,-65.0816185574149,1.51));
#15367=CARTESIAN_POINT('',(215.516563136684,-65.0816185574148,1.51));
#15368=CARTESIAN_POINT('',(210.516811164363,-65.0815193802059,1.51));
#15369=CARTESIAN_POINT('',(215.516563136684,-65.0816185574148,-6.49));
#15370=CARTESIAN_POINT('',(210.516811164363,-65.0815193802059,-6.49));
#15371=CARTESIAN_POINT('',(215.516563136684,-65.0816185574148,1.51));
#15372=CARTESIAN_POINT('Origin',(215.416561994025,-171.9862197143,1.51));
#15373=CARTESIAN_POINT('',(215.416561994025,-171.9862197143,1.51));
#15374=CARTESIAN_POINT('',(215.416561994025,-171.9862197143,1.51));
#15375=CARTESIAN_POINT('',(215.416561994025,-171.9862197143,-6.49));
#15376=CARTESIAN_POINT('',(215.416561994025,-171.9862197143,-6.49));
#15377=CARTESIAN_POINT('',(215.416561994025,-171.9862197143,1.51));
#15378=CARTESIAN_POINT('Origin',(183.558141816074,-171.9862197143,1.51));
#15379=CARTESIAN_POINT('',(215.416561994025,-171.9862197143,1.51));
#15380=CARTESIAN_POINT('',(215.416561994025,-171.9862197143,-6.49));
#15381=CARTESIAN_POINT('Origin',(219.416560243989,-171.98996140915,1.51));
#15382=CARTESIAN_POINT('',(219.416560243989,-175.9862197143,1.51));
#15383=CARTESIAN_POINT('',(219.416560243989,-171.98996140915,1.51));
#15384=CARTESIAN_POINT('',(219.416560243989,-175.9862197143,1.51));
#15385=CARTESIAN_POINT('',(219.416560243989,-175.9862197143,-6.49));
#15386=CARTESIAN_POINT('',(219.416560243989,-175.9862197143,1.51));
#15387=CARTESIAN_POINT('',(219.416560243989,-171.98996140915,-6.49));
#15388=CARTESIAN_POINT('',(219.416560243989,-175.9862197143,-6.49));
#15389=CARTESIAN_POINT('',(219.416560243989,-171.98996140915,1.51));
#15390=CARTESIAN_POINT('Origin',(219.516561386648,-65.0853602522652,1.51));
#15391=CARTESIAN_POINT('',(219.516561386648,-65.0853602522652,1.51));
#15392=CARTESIAN_POINT('',(219.416560243989,-171.98996140915,1.51));
#15393=CARTESIAN_POINT('',(219.516561386648,-65.0853602522652,-6.49));
#15394=CARTESIAN_POINT('',(219.416560243989,-171.98996140915,-6.49));
#15395=CARTESIAN_POINT('',(219.516561386648,-65.0853602522652,1.51));
#15396=CARTESIAN_POINT('Origin',(219.516561386648,-61.0853601788303,1.51));
#15397=CARTESIAN_POINT('',(219.516561386648,-61.0853601788303,1.51));
#15398=CARTESIAN_POINT('',(219.516561386648,-61.0853601788303,1.51));
#15399=CARTESIAN_POINT('',(219.516561386648,-61.0853601788303,-6.49));
#15400=CARTESIAN_POINT('',(219.516561386648,-61.0853601788303,-6.49));
#15401=CARTESIAN_POINT('',(219.516561386648,-61.0853601788303,1.51));
#15402=CARTESIAN_POINT('Origin',(215.516642482387,-61.0816185582018,1.51));
#15403=CARTESIAN_POINT('',(215.516642482387,-61.0816185582018,1.51));
#15404=CARTESIAN_POINT('',(215.516642482387,-61.0816185582018,1.51));
#15405=CARTESIAN_POINT('',(215.516642482387,-61.0816185582018,-6.49));
#15406=CARTESIAN_POINT('',(215.516642482387,-61.0816185582018,-6.49));
#15407=CARTESIAN_POINT('',(215.516642482387,-61.0816185582018,1.51));
#15408=CARTESIAN_POINT('Origin',(210.516850837515,-61.0815193802059,1.51));
#15409=CARTESIAN_POINT('',(210.516850837515,-61.0815193802059,1.51));
#15410=CARTESIAN_POINT('',(210.516850837515,-61.0815193802059,1.51));
#15411=CARTESIAN_POINT('',(210.516850837515,-61.0815193802059,-6.49));
#15412=CARTESIAN_POINT('',(210.516850837515,-61.0815193802059,-6.49));
#15413=CARTESIAN_POINT('',(210.516850837515,-61.0815193802059,1.51));
#15414=CARTESIAN_POINT('Origin',(193.168119312946,-61.0815193802059,1.51));
#15415=CARTESIAN_POINT('',(193.168119312946,-61.0815193802059,1.51));
#15416=CARTESIAN_POINT('',(193.168119312946,-61.0815193802059,1.51));
#15417=CARTESIAN_POINT('',(193.168119312946,-61.0815193802059,-6.49));
#15418=CARTESIAN_POINT('',(193.168119312946,-61.0815193802059,-6.49));
#15419=CARTESIAN_POINT('',(193.168119312946,-61.0815193802059,1.51));
#15420=CARTESIAN_POINT('Origin',(188.753345034921,-54.2918552863122,1.51));
#15421=CARTESIAN_POINT('',(188.753345034921,-54.2918552863122,1.51));
#15422=CARTESIAN_POINT('',(188.753345034921,-54.2918552863122,1.51));
#15423=CARTESIAN_POINT('',(188.753345034921,-54.2918552863122,-6.49));
#15424=CARTESIAN_POINT('',(188.753345034921,-54.2918552863122,-6.49));
#15425=CARTESIAN_POINT('',(188.753345034921,-54.2918552863122,1.51));
#15426=CARTESIAN_POINT('Origin',(166.649175405901,-54.2918552863122,1.51));
#15427=CARTESIAN_POINT('',(166.649175405901,-54.2918552863122,1.51));
#15428=CARTESIAN_POINT('',(166.649175405901,-54.2918552863122,1.51));
#15429=CARTESIAN_POINT('',(166.649175405901,-54.2918552863122,-6.49));
#15430=CARTESIAN_POINT('',(166.649175405901,-54.2918552863122,-6.49));
#15431=CARTESIAN_POINT('',(166.649175405901,-54.2918552863122,1.51));
#15432=CARTESIAN_POINT('Origin',(166.649175405901,-46.7822256877616,1.51));
#15433=CARTESIAN_POINT('',(166.649175405901,-46.7822256877616,1.51));
#15434=CARTESIAN_POINT('',(166.649175405901,-46.7822256877616,1.51));
#15435=CARTESIAN_POINT('',(166.649175405901,-46.7822256877616,-6.49));
#15436=CARTESIAN_POINT('',(166.649175405901,-46.7822256877616,-6.49));
#15437=CARTESIAN_POINT('',(166.649175405901,-46.7822256877616,1.51));
#15438=CARTESIAN_POINT('Origin',(140.840458166065,-46.7822256877616,1.51));
#15439=CARTESIAN_POINT('',(140.840458166065,-46.7822256877616,1.51));
#15440=CARTESIAN_POINT('',(140.840458166065,-46.7822256877616,1.51));
#15441=CARTESIAN_POINT('',(140.840458166065,-46.7822256877616,-6.49));
#15442=CARTESIAN_POINT('',(140.840458166065,-46.7822256877616,-6.49));
#15443=CARTESIAN_POINT('',(140.840458166065,-46.7822256877616,1.51));
#15444=CARTESIAN_POINT('Origin',(140.840458166065,-38.282647334816,1.51));
#15445=CARTESIAN_POINT('',(140.840458166065,-38.282647334816,1.51));
#15446=CARTESIAN_POINT('',(140.840458166065,-38.282647334816,1.51));
#15447=CARTESIAN_POINT('',(140.840458166065,-38.282647334816,-6.49));
#15448=CARTESIAN_POINT('',(140.840458166065,-38.282647334816,-6.49));
#15449=CARTESIAN_POINT('',(140.840458166065,-38.282647334816,1.51));
#15450=CARTESIAN_POINT('Origin',(104.251880050262,-38.2826473348161,1.51));
#15451=CARTESIAN_POINT('',(104.251880050262,-38.2826473348161,1.51));
#15452=CARTESIAN_POINT('',(104.251880050262,-38.2826473348161,1.51));
#15453=CARTESIAN_POINT('',(104.251880050262,-38.2826473348161,-6.49));
#15454=CARTESIAN_POINT('',(104.251880050262,-38.2826473348161,-6.49));
#15455=CARTESIAN_POINT('',(104.251880050262,-38.2826473348161,1.51));
#15456=CARTESIAN_POINT('Origin',(104.251880050262,-47.2722030594326,1.51));
#15457=CARTESIAN_POINT('',(104.251880050262,-47.2722030594326,1.51));
#15458=CARTESIAN_POINT('',(104.251880050262,-47.2722030594326,1.51));
#15459=CARTESIAN_POINT('',(104.251880050262,-47.2722030594326,-6.49));
#15460=CARTESIAN_POINT('',(104.251880050262,-47.2722030594326,-6.49));
#15461=CARTESIAN_POINT('',(104.251880050262,-47.2722030594326,1.51));
#15462=CARTESIAN_POINT('Origin',(76.1532754916211,-47.2722030594326,1.51));
#15463=CARTESIAN_POINT('',(76.1532754916211,-47.2722030594326,1.51));
#15464=CARTESIAN_POINT('',(76.1532754916211,-47.2722030594326,1.51));
#15465=CARTESIAN_POINT('',(76.1532754916211,-47.2722030594326,-6.49));
#15466=CARTESIAN_POINT('',(76.1532754916211,-47.2722030594326,-6.49));
#15467=CARTESIAN_POINT('',(76.1532754916211,-47.2722030594326,1.51));
#15468=CARTESIAN_POINT('Origin',(76.1532754916211,-57.391699983348,1.51));
#15469=CARTESIAN_POINT('',(76.1532754916211,-57.391699983348,1.51));
#15470=CARTESIAN_POINT('',(76.1532754916211,-57.391699983348,1.51));
#15471=CARTESIAN_POINT('',(76.1532754916211,-57.3916999833479,-6.49));
#15472=CARTESIAN_POINT('',(76.1532754916211,-57.391699983348,-6.49));
#15473=CARTESIAN_POINT('',(76.1532754916211,-57.391699983348,1.51));
#15474=CARTESIAN_POINT('Origin',(44.9548224214369,-57.391699983348,1.51));
#15475=CARTESIAN_POINT('',(44.9548224214369,-57.391699983348,1.51));
#15476=CARTESIAN_POINT('',(44.9548224214369,-57.391699983348,1.51));
#15477=CARTESIAN_POINT('',(44.9548224214369,-57.3916999833479,-6.49));
#15478=CARTESIAN_POINT('',(44.9548224214369,-57.391699983348,-6.49));
#15479=CARTESIAN_POINT('',(44.9548224214369,-57.391699983348,1.51));
#15480=CARTESIAN_POINT('Origin',(44.9548224214369,-173.536329041437,1.51));
#15481=CARTESIAN_POINT('',(44.9548224214369,-173.536329041437,1.51));
#15482=CARTESIAN_POINT('',(44.9548224214369,-57.391699983348,1.51));
#15483=CARTESIAN_POINT('',(44.9548224214369,-173.536329041437,-6.49));
#15484=CARTESIAN_POINT('',(44.9548224214369,-57.391699983348,-6.49));
#15485=CARTESIAN_POINT('',(44.9548224214369,-173.536329041437,1.51));
#15486=CARTESIAN_POINT('Origin',(90.5329562618569,-173.536329041437,1.51));
#15487=CARTESIAN_POINT('',(90.5329562618569,-173.536329041437,1.51));
#15488=CARTESIAN_POINT('',(55.4944989167146,-173.536329041437,1.51));
#15489=CARTESIAN_POINT('',(90.5329562618569,-173.536329041437,-6.49));
#15490=CARTESIAN_POINT('',(55.4944989167146,-173.536329041437,-6.49));
#15491=CARTESIAN_POINT('',(90.5329562618569,-173.536329041437,1.51));
#15492=CARTESIAN_POINT('Origin',(90.5329562618569,-166.999652258932,1.51));
#15493=CARTESIAN_POINT('',(90.5329562618569,-166.999652258932,1.51));
#15494=CARTESIAN_POINT('',(90.5329562618569,-166.999652258932,1.51));
#15495=CARTESIAN_POINT('',(90.5329562618569,-166.999652258932,-6.49));
#15496=CARTESIAN_POINT('',(90.5329562618569,-166.999652258932,-6.49));
#15497=CARTESIAN_POINT('',(90.5329562618569,-166.999652258932,1.51));
#15498=CARTESIAN_POINT('Origin',(179.558141816074,-166.843678655669,1.51));
#15499=CARTESIAN_POINT('',(179.558141816074,-166.843678655669,1.51));
#15500=CARTESIAN_POINT('',(179.558141816074,-166.843678655669,1.51));
#15501=CARTESIAN_POINT('',(179.558141816074,-166.843678655669,-6.49));
#15502=CARTESIAN_POINT('',(179.558141816074,-166.843678655669,-6.49));
#15503=CARTESIAN_POINT('',(179.558141816074,-166.843678655669,1.51));
#15504=CARTESIAN_POINT('Origin',(179.558141816074,-175.9862197143,1.51));
#15505=CARTESIAN_POINT('',(179.558141816074,-175.9862197143,1.51));
#15506=CARTESIAN_POINT('',(179.558141816074,-175.9862197143,1.51));
#15507=CARTESIAN_POINT('',(179.558141816074,-175.9862197143,-6.49));
#15508=CARTESIAN_POINT('',(179.558141816074,-175.9862197143,-6.49));
#15509=CARTESIAN_POINT('',(179.558141816074,-175.9862197143,1.51));
#15510=CARTESIAN_POINT('Origin',(219.416560243989,-175.9862197143,1.51));
#15511=CARTESIAN_POINT('',(215.416561994025,-175.9862197143,1.51));
#15512=CARTESIAN_POINT('',(215.416561994025,-175.9862197143,-6.49));
#15513=CARTESIAN_POINT('Origin',(132.235691904043,-107.134433524558,1.51));
#15514=CARTESIAN_POINT('Origin',(132.235691904043,-107.134433524558,-6.49));
#15515=CARTESIAN_POINT('Origin',(21.5079795925623,-68.0534555023469,1.51));
#15516=CARTESIAN_POINT('',(19.9080589614197,-68.0534555023469,3.51));
#15517=CARTESIAN_POINT('Origin',(21.5079795925623,-68.0534555023469,3.51));
#15518=CARTESIAN_POINT('',(19.9080589614196,-68.0534555023469,1.51));
#15519=CARTESIAN_POINT('',(19.9080589614196,-68.0534555023469,1.51));
#15520=CARTESIAN_POINT('Origin',(21.5079795925623,-68.0534555023469,1.51));
#15521=CARTESIAN_POINT('Origin',(21.407984553116,-165.726210152662,1.51));
#15522=CARTESIAN_POINT('',(19.8080639219733,-165.726210152662,3.51));
#15523=CARTESIAN_POINT('Origin',(21.407984553116,-165.726210152662,3.51));
#15524=CARTESIAN_POINT('',(19.8080639219733,-165.726210152662,1.51));
#15525=CARTESIAN_POINT('',(19.8080639219733,-165.726210152662,1.51));
#15526=CARTESIAN_POINT('Origin',(21.407984553116,-165.726210152662,1.51));
#15527=CARTESIAN_POINT('Origin',(-135.821815591486,-163.276331686225,1.51));
#15528=CARTESIAN_POINT('',(-137.421736222629,-163.276331686225,3.51));
#15529=CARTESIAN_POINT('Origin',(-135.821815591486,-163.276331686225,3.51));
#15530=CARTESIAN_POINT('',(-137.421736222629,-163.276331686225,1.51));
#15531=CARTESIAN_POINT('',(-137.421736222629,-163.276331686225,1.51));
#15532=CARTESIAN_POINT('Origin',(-135.821815591486,-163.276331686225,1.51));
#15533=CARTESIAN_POINT('Origin',(-135.821815591486,-64.3636385467741,1.51));
#15534=CARTESIAN_POINT('',(-137.421736222629,-64.3636385467741,3.51));
#15535=CARTESIAN_POINT('Origin',(-135.821815591486,-64.3636385467741,3.51));
#15536=CARTESIAN_POINT('',(-137.421736222629,-64.3636385467741,1.51));
#15537=CARTESIAN_POINT('',(-137.421736222629,-64.3636385467741,1.51));
#15538=CARTESIAN_POINT('Origin',(-135.821815591486,-64.3636385467741,1.51));
#15539=CARTESIAN_POINT('Origin',(-113.239332769326,-55.7476669255272,1.51));
#15540=CARTESIAN_POINT('',(-144.43778583951,-55.7476669255272,1.51));
#15541=CARTESIAN_POINT('',(-113.239332769326,-55.7476669255272,1.51));
#15542=CARTESIAN_POINT('',(-144.43778583951,-55.7476669255272,1.51));
#15543=CARTESIAN_POINT('',(-144.43778583951,-55.7476669255272,3.51));
#15544=CARTESIAN_POINT('',(-144.43778583951,-55.7476669255272,1.51));
#15545=CARTESIAN_POINT('',(-113.239332769326,-55.7476669255272,3.51));
#15546=CARTESIAN_POINT('',(-144.43778583951,-55.7476669255272,3.51));
#15547=CARTESIAN_POINT('',(-113.239332769326,-55.7476669255272,1.51));
#15548=CARTESIAN_POINT('Origin',(-113.239332769326,-45.6281700016119,1.51));
#15549=CARTESIAN_POINT('',(-113.239332769326,-45.6281700016119,1.51));
#15550=CARTESIAN_POINT('',(-113.239332769326,-55.7476669255272,1.51));
#15551=CARTESIAN_POINT('',(-113.239332769326,-45.6281700016119,3.51));
#15552=CARTESIAN_POINT('',(-113.239332769326,-55.7476669255272,3.51));
#15553=CARTESIAN_POINT('',(-113.239332769326,-45.6281700016119,1.51));
#15554=CARTESIAN_POINT('Origin',(-85.1407282106854,-45.6281700016119,1.51));
#15555=CARTESIAN_POINT('',(-85.1407282106854,-45.6281700016119,1.51));
#15556=CARTESIAN_POINT('',(-113.239332769326,-45.6281700016119,1.51));
#15557=CARTESIAN_POINT('',(-85.1407282106854,-45.6281700016119,3.51));
#15558=CARTESIAN_POINT('',(-113.239332769326,-45.6281700016119,3.51));
#15559=CARTESIAN_POINT('',(-85.1407282106854,-45.6281700016119,1.51));
#15560=CARTESIAN_POINT('Origin',(-85.1407282106854,-36.6386142769953,1.51));
#15561=CARTESIAN_POINT('',(-85.1407282106854,-36.6386142769953,1.51));
#15562=CARTESIAN_POINT('',(-85.1407282106854,-45.6281700016119,1.51));
#15563=CARTESIAN_POINT('',(-85.1407282106854,-36.6386142769953,3.51));
#15564=CARTESIAN_POINT('',(-85.1407282106854,-45.6281700016119,3.51));
#15565=CARTESIAN_POINT('',(-85.1407282106854,-36.6386142769953,1.51));
#15566=CARTESIAN_POINT('Origin',(-48.552150094882,-36.6386142769953,1.51));
#15567=CARTESIAN_POINT('',(-48.552150094882,-36.6386142769953,1.51));
#15568=CARTESIAN_POINT('',(-85.1407282106854,-36.6386142769953,1.51));
#15569=CARTESIAN_POINT('',(-48.552150094882,-36.6386142769953,3.51));
#15570=CARTESIAN_POINT('',(-85.1407282106854,-36.6386142769953,3.51));
#15571=CARTESIAN_POINT('',(-48.552150094882,-36.6386142769953,1.51));
#15572=CARTESIAN_POINT('Origin',(-48.552150094882,-45.1381926299409,1.51));
#15573=CARTESIAN_POINT('',(-48.552150094882,-45.1381926299409,1.51));
#15574=CARTESIAN_POINT('',(-48.552150094882,-36.6386142769953,1.51));
#15575=CARTESIAN_POINT('',(-48.552150094882,-45.1381926299409,3.51));
#15576=CARTESIAN_POINT('',(-48.552150094882,-36.6386142769953,3.51));
#15577=CARTESIAN_POINT('',(-48.552150094882,-45.1381926299409,1.51));
#15578=CARTESIAN_POINT('Origin',(-22.7434328550465,-45.1381926299409,1.51));
#15579=CARTESIAN_POINT('',(-22.7434328550465,-45.1381926299409,1.51));
#15580=CARTESIAN_POINT('',(-48.552150094882,-45.1381926299409,1.51));
#15581=CARTESIAN_POINT('',(-22.7434328550465,-45.1381926299409,3.51));
#15582=CARTESIAN_POINT('',(-48.552150094882,-45.1381926299409,3.51));
#15583=CARTESIAN_POINT('',(-22.7434328550465,-45.1381926299409,1.51));
#15584=CARTESIAN_POINT('Origin',(-22.7434328550465,-52.6478222284914,1.51));
#15585=CARTESIAN_POINT('',(-22.7434328550465,-52.6478222284914,1.51));
#15586=CARTESIAN_POINT('',(-22.7434328550465,-45.1381926299409,1.51));
#15587=CARTESIAN_POINT('',(-22.7434328550465,-52.6478222284914,3.51));
#15588=CARTESIAN_POINT('',(-22.7434328550465,-45.1381926299409,3.51));
#15589=CARTESIAN_POINT('',(-22.7434328550465,-52.6478222284914,1.51));
#15590=CARTESIAN_POINT('Origin',(-0.639263226026436,-52.6478222284914,1.51));
#15591=CARTESIAN_POINT('',(-0.639263226026436,-52.6478222284914,1.51));
#15592=CARTESIAN_POINT('',(-22.7434328550465,-52.6478222284914,1.51));
#15593=CARTESIAN_POINT('',(-0.639263226026436,-52.6478222284914,3.51));
#15594=CARTESIAN_POINT('',(-22.7434328550465,-52.6478222284914,3.51));
#15595=CARTESIAN_POINT('',(-0.639263226026436,-52.6478222284914,1.51));
#15596=CARTESIAN_POINT('Origin',(3.77551105199878,-59.4374863223852,1.51));
#15597=CARTESIAN_POINT('',(3.77551105199878,-59.4374863223852,1.51));
#15598=CARTESIAN_POINT('',(-0.639263226026436,-52.6478222284914,1.51));
#15599=CARTESIAN_POINT('',(3.77551105199878,-59.4374863223852,3.51));
#15600=CARTESIAN_POINT('',(-0.639263226026436,-52.6478222284914,3.51));
#15601=CARTESIAN_POINT('',(3.77551105199878,-59.4374863223852,1.51));
#15602=CARTESIAN_POINT('Origin',(21.1242425765684,-59.4374863223852,1.51));
#15603=CARTESIAN_POINT('',(21.1242425765684,-59.4374863223852,1.51));
#15604=CARTESIAN_POINT('',(3.77551105199878,-59.4374863223852,1.51));
#15605=CARTESIAN_POINT('',(21.1242425765684,-59.4374863223852,3.51));
#15606=CARTESIAN_POINT('',(3.77551105199878,-59.4374863223852,3.51));
#15607=CARTESIAN_POINT('',(21.1242425765684,-59.4374863223852,1.51));
#15608=CARTESIAN_POINT('Origin',(26.12403422144,-59.4375855003811,1.51));
#15609=CARTESIAN_POINT('',(26.12403422144,-59.4375855003811,1.51));
#15610=CARTESIAN_POINT('',(21.1242425765684,-59.4374863223852,1.51));
#15611=CARTESIAN_POINT('',(26.12403422144,-59.4375855003811,3.51));
#15612=CARTESIAN_POINT('',(21.1242425765684,-59.4374863223852,3.51));
#15613=CARTESIAN_POINT('',(26.12403422144,-59.4375855003811,1.51));
#15614=CARTESIAN_POINT('Origin',(30.1239531257015,-59.4413271210096,1.51));
#15615=CARTESIAN_POINT('',(30.1239531257015,-59.4413271210096,1.51));
#15616=CARTESIAN_POINT('',(26.12403422144,-59.4375855003811,1.51));
#15617=CARTESIAN_POINT('',(30.1239531257015,-59.4413271210096,3.51));
#15618=CARTESIAN_POINT('',(26.12403422144,-59.4375855003811,3.51));
#15619=CARTESIAN_POINT('',(30.1239531257015,-59.4413271210096,1.51));
#15620=CARTESIAN_POINT('Origin',(30.1239531257015,-63.4413271944445,1.51));
#15621=CARTESIAN_POINT('',(30.1239531257015,-63.4413271944445,1.51));
#15622=CARTESIAN_POINT('',(30.1239531257015,-59.4413271210096,1.51));
#15623=CARTESIAN_POINT('',(30.1239531257015,-63.4413271944445,3.51));
#15624=CARTESIAN_POINT('',(30.1239531257015,-59.4413271210096,3.51));
#15625=CARTESIAN_POINT('',(30.1239531257015,-63.4413271944445,1.51));
#15626=CARTESIAN_POINT('Origin',(30.0239519830422,-170.34592835133,1.51));
#15627=CARTESIAN_POINT('',(30.0239519830422,-170.34592835133,1.51));
#15628=CARTESIAN_POINT('',(30.0239519830422,-170.34592835133,1.51));
#15629=CARTESIAN_POINT('',(30.0239519830422,-170.34592835133,3.51));
#15630=CARTESIAN_POINT('',(30.0239519830422,-170.34592835133,3.51));
#15631=CARTESIAN_POINT('',(30.0239519830422,-170.34592835133,1.51));
#15632=CARTESIAN_POINT('Origin',(30.0239519830422,-174.342186656479,1.51));
#15633=CARTESIAN_POINT('',(30.0239519830422,-174.342186656479,1.51));
#15634=CARTESIAN_POINT('',(30.0239519830422,-174.342186656479,1.51));
#15635=CARTESIAN_POINT('',(30.0239519830422,-174.342186656479,3.51));
#15636=CARTESIAN_POINT('',(30.0239519830422,-174.342186656479,3.51));
#15637=CARTESIAN_POINT('',(30.0239519830422,-174.342186656479,1.51));
#15638=CARTESIAN_POINT('Origin',(-9.83446644487262,-174.342186656479,1.51));
#15639=CARTESIAN_POINT('',(-9.83446644487262,-174.342186656479,1.51));
#15640=CARTESIAN_POINT('',(26.0239537330777,-174.342186656479,1.51));
#15641=CARTESIAN_POINT('',(-9.83446644487262,-174.342186656479,3.51));
#15642=CARTESIAN_POINT('',(26.0239537330777,-174.342186656479,3.51));
#15643=CARTESIAN_POINT('',(-9.83446644487262,-174.342186656479,1.51));
#15644=CARTESIAN_POINT('Origin',(-9.83446644487262,-165.199645597848,1.51));
#15645=CARTESIAN_POINT('',(-9.83446644487262,-165.199645597848,1.51));
#15646=CARTESIAN_POINT('',(-9.83446644487262,-174.342186656479,1.51));
#15647=CARTESIAN_POINT('',(-9.83446644487262,-165.199645597848,3.51));
#15648=CARTESIAN_POINT('',(-9.83446644487262,-174.342186656479,3.51));
#15649=CARTESIAN_POINT('',(-9.83446644487262,-165.199645597848,1.51));
#15650=CARTESIAN_POINT('Origin',(-98.8596519990901,-165.355619201111,1.51));
#15651=CARTESIAN_POINT('',(-98.8596519990901,-165.355619201111,1.51));
#15652=CARTESIAN_POINT('',(-9.83446644487262,-165.199645597848,1.51));
#15653=CARTESIAN_POINT('',(-98.8596519990901,-165.355619201111,3.51));
#15654=CARTESIAN_POINT('',(-9.83446644487262,-165.199645597848,3.51));
#15655=CARTESIAN_POINT('',(-98.8596519990901,-165.355619201111,1.51));
#15656=CARTESIAN_POINT('Origin',(-98.8596519990901,-171.892295983616,1.51));
#15657=CARTESIAN_POINT('',(-98.8596519990901,-171.892295983616,1.51));
#15658=CARTESIAN_POINT('',(-98.8596519990901,-165.355619201111,1.51));
#15659=CARTESIAN_POINT('',(-98.8596519990901,-171.892295983616,3.51));
#15660=CARTESIAN_POINT('',(-98.8596519990901,-165.355619201111,3.51));
#15661=CARTESIAN_POINT('',(-98.8596519990901,-171.892295983616,1.51));
#15662=CARTESIAN_POINT('Origin',(-144.43778583951,-171.892295983616,1.51));
#15663=CARTESIAN_POINT('',(-144.43778583951,-171.892295983616,1.51));
#15664=CARTESIAN_POINT('',(-133.898109344232,-171.892295983616,1.51));
#15665=CARTESIAN_POINT('',(-144.43778583951,-171.892295983616,3.51));
#15666=CARTESIAN_POINT('',(-133.898109344232,-171.892295983616,3.51));
#15667=CARTESIAN_POINT('',(-144.43778583951,-171.892295983616,1.51));
#15668=CARTESIAN_POINT('Origin',(-144.43778583951,-55.7476669255272,1.51));
#15669=CARTESIAN_POINT('',(-144.43778583951,-55.7476669255272,1.51));
#15670=CARTESIAN_POINT('',(-144.43778583951,-55.7476669255272,3.51));
#15671=CARTESIAN_POINT('Origin',(-57.1569163569043,-105.490400466737,3.51));
#15672=CARTESIAN_POINT('Origin',(-57.1569163569043,-105.490400466737,1.51));
#15673=CARTESIAN_POINT('Origin',(49.2353248979832,17.2395303130288,2.36));
#15674=CARTESIAN_POINT('',(48.4853248979832,-13.1901044766925,1.61));
#15675=CARTESIAN_POINT('',(49.9853248979832,-13.189402908908,3.11));
#15676=CARTESIAN_POINT('',(48.4853248979832,-13.1901044766925,1.61));
#15677=CARTESIAN_POINT('',(48.4853248979832,-17.1863627818421,1.61));
#15678=CARTESIAN_POINT('',(48.4853248979832,17.2395303130288,1.61));
#15679=CARTESIAN_POINT('',(49.9853248979832,-15.6863627818421,3.11));
#15680=CARTESIAN_POINT('',(65.3095809777834,-0.362106702041967,18.4342560798003));
#15681=CARTESIAN_POINT('',(49.9853248979832,17.2395303130288,3.11));
#15682=CARTESIAN_POINT('Origin',(49.2050290261784,19.1975571506011,2.36));
#15683=CARTESIAN_POINT('',(48.385323755324,93.7144966801925,1.61));
#15684=CARTESIAN_POINT('',(49.8853237553238,93.7151982482839,3.11));
#15685=CARTESIAN_POINT('',(48.385323755324,93.7144966801925,1.61));
#15686=CARTESIAN_POINT('',(48.4550293543101,19.1968555828167,1.61));
#15687=CARTESIAN_POINT('',(49.9550286980468,19.1982587183856,3.11));
#15688=CARTESIAN_POINT('Origin',(49.135323755324,72.6899600440461,2.36));
#15689=CARTESIAN_POINT('',(49.885323755324,96.2158992335466,3.11));
#15690=CARTESIAN_POINT('',(49.885323755324,72.6899600440461,3.11));
#15691=CARTESIAN_POINT('',(48.385323755324,97.7144967536274,1.61));
#15692=CARTESIAN_POINT('',(60.3226334243589,85.7883483093259,13.547309669035));
#15693=CARTESIAN_POINT('',(48.385323755324,72.6899600440461,1.61));
#15694=CARTESIAN_POINT('Origin',(135.66619323793,51.6654234078998,3.11));
#15695=CARTESIAN_POINT('',(86.8437433258981,-15.6863627818421,3.11));
#15696=CARTESIAN_POINT('',(112.004968281914,-15.6863627818421,3.11));
#15697=CARTESIAN_POINT('',(86.8437433258981,-6.54119139613524,3.11));
#15698=CARTESIAN_POINT('',(86.8437433258981,21.8108008423443,3.11));
#15699=CARTESIAN_POINT('',(178.868928880116,-6.70242104921044,3.11));
#15700=CARTESIAN_POINT('',(156.467810816632,-6.66317391841552,3.11));
#15701=CARTESIAN_POINT('',(178.868928880116,-13.2364721089793,3.11));
#15702=CARTESIAN_POINT('',(178.868928880115,18.4644756494605,3.11));
#15703=CARTESIAN_POINT('',(221.447062720536,-13.2364721089792,3.11));
#15704=CARTESIAN_POINT('',(179.306627979233,-13.2364721089793,3.11));
#15705=CARTESIAN_POINT('',(221.447062720536,99.9081569491098,3.11));
#15706=CARTESIAN_POINT('',(221.447062720536,76.5367901785048,3.11));
#15707=CARTESIAN_POINT('',(190.248609650351,99.9081569491098,3.11));
#15708=CARTESIAN_POINT('',(163.707401444141,99.9081569491098,3.11));
#15709=CARTESIAN_POINT('',(190.248609650351,110.027653873025,3.11));
#15710=CARTESIAN_POINT('',(190.248609650351,81.5965386404625,3.11));
#15711=CARTESIAN_POINT('',(162.150005091711,110.027653873025,3.11));
#15712=CARTESIAN_POINT('',(149.65809916482,110.027653873025,3.11));
#15713=CARTESIAN_POINT('',(162.150005091711,119.017209597642,3.11));
#15714=CARTESIAN_POINT('',(162.150005091711,86.0913165027707,3.11));
#15715=CARTESIAN_POINT('',(128.561426975907,119.017209597642,3.11));
#15716=CARTESIAN_POINT('',(131.363810106919,119.017209597642,3.11));
#15717=CARTESIAN_POINT('',(128.561426975907,110.517631244696,3.11));
#15718=CARTESIAN_POINT('',(128.561426975907,81.8415273262979,3.11));
#15719=CARTESIAN_POINT('',(102.752709736072,110.517631244696,3.11));
#15720=CARTESIAN_POINT('',(118.459451487001,110.517631244696,3.11));
#15721=CARTESIAN_POINT('',(102.752709736072,103.008001646146,3.11));
#15722=CARTESIAN_POINT('',(102.752709736072,78.0867125270227,3.11));
#15723=CARTESIAN_POINT('',(79.9624191523417,103.008001646146,3.11));
#15724=CARTESIAN_POINT('',(107.407366672491,103.008001646146,3.11));
#15725=CARTESIAN_POINT('',(75.5476448743165,96.2183375522518,3.11));
#15726=CARTESIAN_POINT('',(74.5212484435879,94.6397999979069,3.11));
#15727=CARTESIAN_POINT('',(57.3850491817764,96.2183375522518,3.11));
#15728=CARTESIAN_POINT('',(96.5256137711934,96.2183375522519,3.11));
#15729=CARTESIAN_POINT('',(52.3859591049833,96.2182383881727,3.11));
#15730=CARTESIAN_POINT('',(94.0252909253886,96.2190643636878,3.11));
#15731=CARTESIAN_POINT('',(92.0055857578983,96.2552995426427,3.11));
#15732=CARTESIAN_POINT('',(88.1035513161919,16.6721566071798,3.11));
#15733=CARTESIAN_POINT('',(88.1035513161918,2.67285108468116,3.11));
#15734=CARTESIAN_POINT('',(88.1035513161918,2.67285108468117,3.11));
#15735=CARTESIAN_POINT('',(102.10285683869,16.6721566071798,3.11));
#15736=CARTESIAN_POINT('',(88.1035513161919,16.6721566071798,3.11));
#15737=CARTESIAN_POINT('',(102.10285683869,2.67285108468116,3.11));
#15738=CARTESIAN_POINT('',(102.10285683869,16.6721566071798,3.11));
#15739=CARTESIAN_POINT('',(102.10285683869,2.67285108468117,3.11));
#15740=CARTESIAN_POINT('',(113.432296638934,75.7992283144175,3.11));
#15741=CARTESIAN_POINT('',(113.432296638934,61.7999227919188,3.11));
#15742=CARTESIAN_POINT('',(113.432296638934,61.7999227919188,3.11));
#15743=CARTESIAN_POINT('',(127.431602161432,75.7992283144175,3.11));
#15744=CARTESIAN_POINT('',(113.432296638934,75.7992283144175,3.11));
#15745=CARTESIAN_POINT('',(127.431602161432,61.7999227919188,3.11));
#15746=CARTESIAN_POINT('',(127.431602161432,75.7992283144175,3.11));
#15747=CARTESIAN_POINT('',(127.431602161432,61.7999227919188,3.11));
#15748=CARTESIAN_POINT('',(189.468525549472,13.6423081325959,3.11));
#15749=CARTESIAN_POINT('',(189.468525549472,-0.35699738990278,3.11));
#15750=CARTESIAN_POINT('',(189.468525549472,-0.356997389902762,3.11));
#15751=CARTESIAN_POINT('',(203.467831071971,13.6423081325959,3.11));
#15752=CARTESIAN_POINT('',(189.468525549472,13.6423081325959,3.11));
#15753=CARTESIAN_POINT('',(203.467831071971,-0.35699738990278,3.11));
#15754=CARTESIAN_POINT('',(203.467831071971,13.6423081325959,3.11));
#15755=CARTESIAN_POINT('',(203.467831071971,-0.356997389902762,3.11));
#15756=CARTESIAN_POINT('',(66.0213166330963,83.9800705730463,3.11));
#15757=CARTESIAN_POINT('',(65.1947893934953,81.6213045013383,3.11));
#15758=CARTESIAN_POINT('Origin',(65.5818851419725,82.8098569324577,3.11));
#15759=CARTESIAN_POINT('Origin',(65.5846714844648,82.8088805796114,3.11));
#15760=CARTESIAN_POINT('',(62.4748330815366,7.46262201866262,3.11));
#15761=CARTESIAN_POINT('',(62.4748330815366,-6.53668350383597,3.11));
#15762=CARTESIAN_POINT('',(62.4748330815366,-6.53668350383597,3.11));
#15763=CARTESIAN_POINT('',(76.4741386040352,7.46262201866262,3.11));
#15764=CARTESIAN_POINT('',(62.4748330815366,7.46262201866262,3.11));
#15765=CARTESIAN_POINT('',(76.4741386040352,-6.53668350383601,3.11));
#15766=CARTESIAN_POINT('',(76.4741386040352,7.46262201866262,3.11));
#15767=CARTESIAN_POINT('',(76.4741386040352,-6.53668350383601,3.11));
#15768=CARTESIAN_POINT('',(66.0820824892289,87.3554147065563,3.11));
#15769=CARTESIAN_POINT('',(65.1320699693326,85.0435952506465,3.11));
#15770=CARTESIAN_POINT('Origin',(65.5818851419725,86.2098569324577,3.11));
#15771=CARTESIAN_POINT('Origin',(65.5846714844648,86.2087119207896,3.11));
#15772=CARTESIAN_POINT('',(164.269778660581,101.367959595706,3.11));
#15773=CARTESIAN_POINT('',(164.269778660581,87.3686540732074,3.11));
#15774=CARTESIAN_POINT('',(164.269778660581,87.3686540732074,3.11));
#15775=CARTESIAN_POINT('',(178.26908418308,101.367959595706,3.11));
#15776=CARTESIAN_POINT('',(164.269778660581,101.367959595706,3.11));
#15777=CARTESIAN_POINT('',(178.26908418308,87.3686540732074,3.11));
#15778=CARTESIAN_POINT('',(178.26908418308,101.367959595706,3.11));
#15779=CARTESIAN_POINT('',(178.26908418308,87.3686540732074,3.11));
#15780=CARTESIAN_POINT('',(189.428526618212,38.6810669254611,3.11));
#15781=CARTESIAN_POINT('',(189.428526618212,24.6817690319785,3.11));
#15782=CARTESIAN_POINT('',(189.428526618212,24.6817690319785,3.11));
#15783=CARTESIAN_POINT('',(203.42783214071,38.6810669254611,3.11));
#15784=CARTESIAN_POINT('',(189.428526618212,38.6810669254611,3.11));
#15785=CARTESIAN_POINT('',(203.42783214071,24.6817690319785,3.11));
#15786=CARTESIAN_POINT('',(203.42783214071,38.6810669254611,3.11));
#15787=CARTESIAN_POINT('',(203.42783214071,24.6817690319785,3.11));
#15788=CARTESIAN_POINT('',(164.229779729321,75.7492277430878,3.11));
#15789=CARTESIAN_POINT('',(164.229779729321,61.7499222205892,3.11));
#15790=CARTESIAN_POINT('',(164.229779729321,61.7499222205892,3.11));
#15791=CARTESIAN_POINT('',(178.229085251819,75.7492277430878,3.11));
#15792=CARTESIAN_POINT('',(164.229779729321,75.7492277430878,3.11));
#15793=CARTESIAN_POINT('',(178.229085251819,61.7499222205892,3.11));
#15794=CARTESIAN_POINT('',(178.229085251819,75.7492277430878,3.11));
#15795=CARTESIAN_POINT('',(178.229085251819,61.7499222205892,3.11));
#15796=CARTESIAN_POINT('',(138.791039252867,31.3114374008303,3.11));
#15797=CARTESIAN_POINT('',(138.791039252867,17.3121242493156,3.11));
#15798=CARTESIAN_POINT('',(138.791039252867,17.3121242493156,3.11));
#15799=CARTESIAN_POINT('',(152.790344775365,31.3114374008303,3.11));
#15800=CARTESIAN_POINT('',(138.791039252867,31.3114374008303,3.11));
#15801=CARTESIAN_POINT('',(152.790344775365,17.3121242493156,3.11));
#15802=CARTESIAN_POINT('',(152.790344775365,31.3114374008303,3.11));
#15803=CARTESIAN_POINT('',(152.790344775365,17.3121242493156,3.11));
#15804=CARTESIAN_POINT('',(113.422302627881,101.057973600199,3.11));
#15805=CARTESIAN_POINT('',(113.422302627881,87.0586718922087,3.11));
#15806=CARTESIAN_POINT('',(113.422302627881,87.0586718922087,3.11));
#15807=CARTESIAN_POINT('',(127.421608150379,101.057973600199,3.11));
#15808=CARTESIAN_POINT('',(113.422302627881,101.057973600199,3.11));
#15809=CARTESIAN_POINT('',(127.421608150379,87.0586718922087,3.11));
#15810=CARTESIAN_POINT('',(127.421608150379,101.057973600199,3.11));
#15811=CARTESIAN_POINT('',(127.421608150379,87.0586718922087,3.11));
#15812=CARTESIAN_POINT('',(138.811042533005,82.5988940483803,3.11));
#15813=CARTESIAN_POINT('',(138.811042533005,68.5995885258817,3.11));
#15814=CARTESIAN_POINT('',(138.811042533005,68.5995885258817,3.11));
#15815=CARTESIAN_POINT('',(152.810348055504,82.5988940483803,3.11));
#15816=CARTESIAN_POINT('',(138.811042533005,82.5988940483803,3.11));
#15817=CARTESIAN_POINT('',(152.810348055504,68.5995885258817,3.11));
#15818=CARTESIAN_POINT('',(152.810348055504,82.5988940483803,3.11));
#15819=CARTESIAN_POINT('',(152.810348055504,68.5995885258817,3.11));
#15820=CARTESIAN_POINT('',(217.780921333413,92.7921853278629,3.11));
#15821=CARTESIAN_POINT('Origin',(214.331092472512,92.7921853278629,3.11));
#15822=CARTESIAN_POINT('',(189.458523909403,89.1885634859716,3.11));
#15823=CARTESIAN_POINT('',(189.458523909403,75.189257963473,3.11));
#15824=CARTESIAN_POINT('',(189.458523909403,75.189257963473,3.11));
#15825=CARTESIAN_POINT('',(203.457829431902,89.1885634859716,3.11));
#15826=CARTESIAN_POINT('',(189.458523909403,89.1885634859716,3.11));
#15827=CARTESIAN_POINT('',(203.457829431902,75.189257963473,3.11));
#15828=CARTESIAN_POINT('',(203.457829431902,89.1885634859716,3.11));
#15829=CARTESIAN_POINT('',(203.457829431902,75.189257963473,3.11));
#15830=CARTESIAN_POINT('',(189.468525549472,64.0198138882719,3.11));
#15831=CARTESIAN_POINT('',(189.468525549472,50.0205083657733,3.11));
#15832=CARTESIAN_POINT('',(189.468525549472,50.0205083657733,3.11));
#15833=CARTESIAN_POINT('',(203.467831071971,64.0198138882719,3.11));
#15834=CARTESIAN_POINT('',(189.468525549472,64.0198138882719,3.11));
#15835=CARTESIAN_POINT('',(203.467831071971,50.0205083657733,3.11));
#15836=CARTESIAN_POINT('',(203.467831071971,64.0198138882719,3.11));
#15837=CARTESIAN_POINT('',(203.467831071971,50.0205083657733,3.11));
#15838=CARTESIAN_POINT('',(217.780921333413,-6.12050781158771,3.11));
#15839=CARTESIAN_POINT('Origin',(214.331092472512,-6.12050781158771,3.11));
#15840=CARTESIAN_POINT('',(138.80103326392,57.2401514344473,3.11));
#15841=CARTESIAN_POINT('',(138.80103326392,43.2408459119487,3.11));
#15842=CARTESIAN_POINT('',(138.80103326392,43.2408459119487,3.11));
#15843=CARTESIAN_POINT('',(152.800346415434,57.2401514344473,3.11));
#15844=CARTESIAN_POINT('',(138.80103326392,57.2401514344473,3.11));
#15845=CARTESIAN_POINT('',(152.800346415434,43.2408459119487,3.11));
#15846=CARTESIAN_POINT('',(152.800346415434,57.2401514344473,3.11));
#15847=CARTESIAN_POINT('',(152.800346415434,43.2408459119487,3.11));
#15848=CARTESIAN_POINT('',(164.239773740374,50.3804911181017,3.11));
#15849=CARTESIAN_POINT('',(164.239773740374,36.3811855956031,3.11));
#15850=CARTESIAN_POINT('',(164.239773740374,36.3811855956031,3.11));
#15851=CARTESIAN_POINT('',(178.239079262872,50.3804911181017,3.11));
#15852=CARTESIAN_POINT('',(164.239773740374,50.3804911181017,3.11));
#15853=CARTESIAN_POINT('',(178.239079262872,36.3811855956031,3.11));
#15854=CARTESIAN_POINT('',(178.239079262872,50.3804911181017,3.11));
#15855=CARTESIAN_POINT('',(178.239079262872,36.3811855956031,3.11));
#15856=CARTESIAN_POINT('',(113.407502336703,50.8704646752646,3.11));
#15857=CARTESIAN_POINT('',(113.407502336703,36.871159152766,3.11));
#15858=CARTESIAN_POINT('',(113.407502336703,36.871159152766,3.11));
#15859=CARTESIAN_POINT('',(127.406807859201,50.8704646752646,3.11));
#15860=CARTESIAN_POINT('',(113.407502336703,50.8704646752646,3.11));
#15861=CARTESIAN_POINT('',(127.406807859201,36.871159152766,3.11));
#15862=CARTESIAN_POINT('',(127.406807859201,50.8704646752646,3.11));
#15863=CARTESIAN_POINT('',(127.406807859201,36.871159152766,3.11));
#15864=CARTESIAN_POINT('',(187.748609650351,97.4081569491098,3.11));
#15865=CARTESIAN_POINT('',(218.947062720536,97.4081569491098,3.11));
#15866=CARTESIAN_POINT('',(218.947062720536,97.4081569491098,3.11));
#15867=CARTESIAN_POINT('',(187.748609650351,107.527653873025,3.11));
#15868=CARTESIAN_POINT('',(187.748609650351,97.4081569491098,3.11));
#15869=CARTESIAN_POINT('',(159.650005091711,107.527653873025,3.11));
#15870=CARTESIAN_POINT('',(187.748609650351,107.527653873025,3.11));
#15871=CARTESIAN_POINT('',(159.650005091711,116.517209597642,3.11));
#15872=CARTESIAN_POINT('',(159.650005091711,107.527653873025,3.11));
#15873=CARTESIAN_POINT('',(131.061885141972,116.517209597642,3.11));
#15874=CARTESIAN_POINT('',(159.650005091711,116.517209597642,3.11));
#15875=CARTESIAN_POINT('',(131.061885141972,108.019856932458,3.11));
#15876=CARTESIAN_POINT('',(131.061885141972,108.019856932458,3.11));
#15877=CARTESIAN_POINT('',(131.061426975907,108.019856932458,3.11));
#15878=CARTESIAN_POINT('',(105.251885141972,108.019856932458,3.11));
#15879=CARTESIAN_POINT('',(131.061426975907,116.517209597642,3.11));
#15880=CARTESIAN_POINT('',(131.061426975907,116.517209597642,3.11));
#15881=CARTESIAN_POINT('',(159.650005091711,116.517209597642,3.11));
#15882=CARTESIAN_POINT('',(131.061885141972,116.519856932458,3.11));
#15883=CARTESIAN_POINT('',(131.061885141972,108.019856932458,3.11));
#15884=CARTESIAN_POINT('',(159.651885141972,116.519856932458,3.11));
#15885=CARTESIAN_POINT('',(131.061885141972,116.519856932458,3.11));
#15886=CARTESIAN_POINT('',(159.651885141972,107.529856932458,3.11));
#15887=CARTESIAN_POINT('',(159.651885141972,116.519856932458,3.11));
#15888=CARTESIAN_POINT('',(187.751885141972,107.529856932458,3.11));
#15889=CARTESIAN_POINT('',(159.651885141972,107.529856932458,3.11));
#15890=CARTESIAN_POINT('',(187.751885141972,97.4098569324578,3.11));
#15891=CARTESIAN_POINT('',(187.751885141972,107.529856932458,3.11));
#15892=CARTESIAN_POINT('',(218.951885141973,97.4098569324578,3.11));
#15893=CARTESIAN_POINT('',(187.751885141972,97.4098569324578,3.11));
#15894=CARTESIAN_POINT('',(218.951885141973,-10.7401430675423,3.11));
#15895=CARTESIAN_POINT('',(218.951885141972,97.4098569324578,3.11));
#15896=CARTESIAN_POINT('',(181.371885141972,-10.7401430675423,3.11));
#15897=CARTESIAN_POINT('',(212.411885141972,-10.7401430675423,3.11));
#15898=CARTESIAN_POINT('',(181.371885141972,-10.7364721089792,3.11));
#15899=CARTESIAN_POINT('',(181.371885141972,-10.7401430675423,3.11));
#15900=CARTESIAN_POINT('',(181.368928880116,-10.7364721089792,3.11));
#15901=CARTESIAN_POINT('',(181.368928880116,-10.7364721089792,3.11));
#15902=CARTESIAN_POINT('',(181.368928880116,-4.21013788806665,3.11));
#15903=CARTESIAN_POINT('',(181.368928880116,-4.20679725377056,3.11));
#15904=CARTESIAN_POINT('',(84.3437433258981,-4.04014632314638,3.11));
#15905=CARTESIAN_POINT('',(181.371885141972,-4.21014306754223,3.11));
#15906=CARTESIAN_POINT('',(84.3437433258981,-13.1863627818421,3.11));
#15907=CARTESIAN_POINT('',(84.3437433258981,-13.1863627818421,3.11));
#15908=CARTESIAN_POINT('',(84.3418851419725,-13.1863627818421,3.11));
#15909=CARTESIAN_POINT('',(52.4853231479478,-13.1863627818421,3.11));
#15910=CARTESIAN_POINT('',(84.3418851419725,-4.04014306754227,3.11));
#15911=CARTESIAN_POINT('',(84.3418851419725,-4.04014306754227,3.11));
#15912=CARTESIAN_POINT('',(181.371885141972,-4.21014306754223,3.11));
#15913=CARTESIAN_POINT('',(84.3437433258981,-4.03680751767549,3.11));
#15914=CARTESIAN_POINT('',(84.3437433258981,-13.1863627818421,3.11));
#15915=CARTESIAN_POINT('',(181.368928880116,-4.20679725377056,3.11));
#15916=CARTESIAN_POINT('',(84.3437433258981,-4.03680751767549,3.11));
#15917=CARTESIAN_POINT('',(181.368928880116,-4.20679725377056,3.11));
#15918=CARTESIAN_POINT('',(181.371885141972,-4.21014306754223,3.11));
#15919=CARTESIAN_POINT('',(181.371885141972,-4.21014306754223,3.11));
#15920=CARTESIAN_POINT('',(181.371885141972,-10.7401430675423,3.11));
#15921=CARTESIAN_POINT('',(218.947062720536,-10.7364721089791,3.11));
#15922=CARTESIAN_POINT('',(181.368928880116,-10.7364721089792,3.11));
#15923=CARTESIAN_POINT('',(218.947062720536,97.4081569491098,3.11));
#15924=CARTESIAN_POINT('',(60.4511261493646,89.1023683722901,3.11));
#15925=CARTESIAN_POINT('Origin',(57.0012972884631,89.1023683722901,3.11));
#15926=CARTESIAN_POINT('',(88.1035513161919,67.7096332851299,3.11));
#15927=CARTESIAN_POINT('',(88.1035513161919,53.7103277626313,3.11));
#15928=CARTESIAN_POINT('',(88.1035513161919,53.7103277626313,3.11));
#15929=CARTESIAN_POINT('',(102.10285683869,67.7096332851299,3.11));
#15930=CARTESIAN_POINT('',(88.1035513161919,67.7096332851299,3.11));
#15931=CARTESIAN_POINT('',(102.10285683869,53.7103277626313,3.11));
#15932=CARTESIAN_POINT('',(102.10285683869,67.7096332851299,3.11));
#15933=CARTESIAN_POINT('',(102.10285683869,53.7103277626313,3.11));
#15934=CARTESIAN_POINT('',(138.836233544072,107.777641471641,3.11));
#15935=CARTESIAN_POINT('',(138.836233544072,93.7783397636506,3.11));
#15936=CARTESIAN_POINT('',(138.836233544072,93.7783397636506,3.11));
#15937=CARTESIAN_POINT('',(152.835546695586,107.777641471641,3.11));
#15938=CARTESIAN_POINT('',(138.836233544072,107.777641471641,3.11));
#15939=CARTESIAN_POINT('',(152.835546695586,93.7783397636506,3.11));
#15940=CARTESIAN_POINT('',(152.835546695586,107.777641471641,3.11));
#15941=CARTESIAN_POINT('',(152.835546695586,93.7783397636506,3.11));
#15942=CARTESIAN_POINT('',(88.088751025014,42.2608911686067,3.11));
#15943=CARTESIAN_POINT('',(88.088751025014,28.2615932751241,3.11));
#15944=CARTESIAN_POINT('',(88.088751025014,28.2615932751241,3.11));
#15945=CARTESIAN_POINT('',(102.088056547513,42.2608911686067,3.11));
#15946=CARTESIAN_POINT('',(88.088751025014,42.2608911686067,3.11));
#15947=CARTESIAN_POINT('',(102.088056547513,28.2615932751241,3.11));
#15948=CARTESIAN_POINT('',(102.088056547513,42.2608911686067,3.11));
#15949=CARTESIAN_POINT('',(102.088056547513,28.2615932751241,3.11));
#15950=CARTESIAN_POINT('',(60.5511211888109,-8.57038627802492,3.11));
#15951=CARTESIAN_POINT('Origin',(57.1012923279095,-8.57038627802492,3.11));
#15952=CARTESIAN_POINT('',(113.417496347756,25.0217485041686,3.11));
#15953=CARTESIAN_POINT('',(113.417496347756,11.02244298167,3.11));
#15954=CARTESIAN_POINT('',(113.417496347756,11.02244298167,3.11));
#15955=CARTESIAN_POINT('',(127.416801870254,25.0217485041686,3.11));
#15956=CARTESIAN_POINT('',(113.417496347756,25.0217485041686,3.11));
#15957=CARTESIAN_POINT('',(127.416801870254,11.02244298167,3.11));
#15958=CARTESIAN_POINT('',(127.416801870254,25.0217485041686,3.11));
#15959=CARTESIAN_POINT('',(127.416801870254,11.02244298167,3.11));
#15960=CARTESIAN_POINT('',(164.209776449182,25.2417388115933,3.11));
#15961=CARTESIAN_POINT('',(164.209776449182,11.2424332890947,3.11));
#15962=CARTESIAN_POINT('',(164.209776449182,11.2424332890947,3.11));
#15963=CARTESIAN_POINT('',(178.209081971681,25.2417388115933,3.11));
#15964=CARTESIAN_POINT('',(164.209776449182,25.2417388115933,3.11));
#15965=CARTESIAN_POINT('',(178.209081971681,11.2424332890947,3.11));
#15966=CARTESIAN_POINT('',(178.209081971681,25.2417388115933,3.11));
#15967=CARTESIAN_POINT('',(178.209081971681,11.2424332890947,3.11));
#15968=CARTESIAN_POINT('',(88.1187483162054,93.0483726189247,3.11));
#15969=CARTESIAN_POINT('',(88.1187483162054,79.0490670964261,3.11));
#15970=CARTESIAN_POINT('',(88.1187483162054,79.0490670964261,3.11));
#15971=CARTESIAN_POINT('',(102.118053838704,93.0483726189247,3.11));
#15972=CARTESIAN_POINT('',(88.1187483162054,93.0483726189247,3.11));
#15973=CARTESIAN_POINT('',(102.118053838704,79.049067096426,3.11));
#15974=CARTESIAN_POINT('',(102.118053838704,93.0483726189247,3.11));
#15975=CARTESIAN_POINT('',(102.118053838704,79.049067096426,3.11));
#15976=CARTESIAN_POINT('Origin',(92.0048841901138,97.0052992145111,2.36));
#15977=CARTESIAN_POINT('',(52.3852426595855,97.7182383742559,1.61));
#15978=CARTESIAN_POINT('',(52.3859591048361,96.2182383881725,3.11));
#15979=CARTESIAN_POINT('',(92.0041826223294,97.7552988863794,1.61));
#15980=CARTESIAN_POINT('Origin',(102.002709736072,78.0867125270227,2.36));
#15981=CARTESIAN_POINT('',(101.252709736072,104.508001646146,1.61));
#15982=CARTESIAN_POINT('',(101.252709736072,112.017631244696,1.61));
#15983=CARTESIAN_POINT('',(101.252709736072,78.0867125270227,1.61));
#15984=CARTESIAN_POINT('',(102.752709736072,103.008001646146,3.11));
#15985=CARTESIAN_POINT('',(110.275653147506,102.994687833262,10.6329434114337));
#15986=CARTESIAN_POINT('Origin',(107.407366672491,103.758001646146,2.36));
#15987=CARTESIAN_POINT('',(79.1485401070519,104.508001646146,1.61));
#15988=CARTESIAN_POINT('',(107.407366672491,104.508001646146,1.61));
#15989=CARTESIAN_POINT('',(82.0088399929482,99.2363954367526,6.88160620939299));
#15990=CARTESIAN_POINT('Origin',(101.252709736072,104.508001646146,1.51));
#15991=CARTESIAN_POINT('',(101.252709736072,112.017631244696,1.51));
#15992=CARTESIAN_POINT('',(101.252709736072,112.017631244696,1.51));
#15993=CARTESIAN_POINT('',(101.252709736072,104.508001646146,1.51));
#15994=CARTESIAN_POINT('',(101.252709736072,112.017631244696,1.51));
#15995=CARTESIAN_POINT('',(101.252709736072,104.508001646146,1.51));
#15996=CARTESIAN_POINT('Origin',(79.1485401070519,104.508001646146,1.51));
#15997=CARTESIAN_POINT('',(79.1485401070519,104.508001646146,1.51));
#15998=CARTESIAN_POINT('',(101.252709736072,104.508001646146,1.51));
#15999=CARTESIAN_POINT('',(79.1485401070519,104.508001646146,1.51));
#16000=CARTESIAN_POINT('Origin',(73.8924789004046,95.0486384275647,2.36));
#16001=CARTESIAN_POINT('',(74.7337658290267,97.7183375522519,1.61));
#16002=CARTESIAN_POINT('',(73.2637093572212,95.4574768572225,1.61));
#16003=CARTESIAN_POINT('',(75.5476448743165,96.2183375522518,3.11));
#16004=CARTESIAN_POINT('Origin',(96.5256137711934,96.9683375522519,2.36));
#16005=CARTESIAN_POINT('',(57.3850343044571,97.7183375522518,1.61));
#16006=CARTESIAN_POINT('',(96.5256137711934,97.7183375522519,1.61));
#16007=CARTESIAN_POINT('',(57.3850491818918,96.2183375522518,3.11));
#16008=CARTESIAN_POINT('Origin',(94.0252760480693,96.9690643635402,2.36));
#16009=CARTESIAN_POINT('',(94.0252611707499,97.7190643633927,1.61));
#16010=CARTESIAN_POINT('Origin',(48.385323755324,93.7144966801925,1.51));
#16011=CARTESIAN_POINT('',(48.385323755324,97.7144967536274,1.51));
#16012=CARTESIAN_POINT('',(48.385323755324,97.7144967536274,1.51));
#16013=CARTESIAN_POINT('',(48.385323755324,93.7144966801925,1.51));
#16014=CARTESIAN_POINT('',(48.385323755324,97.7144967536274,1.51));
#16015=CARTESIAN_POINT('',(48.385323755324,93.7144966801925,1.51));
#16016=CARTESIAN_POINT('Origin',(112.004968281914,-16.4363627818421,2.36));
#16017=CARTESIAN_POINT('',(88.3437433258981,-17.1863627818421,1.61));
#16018=CARTESIAN_POINT('',(112.004968281914,-17.1863627818421,1.61));
#16019=CARTESIAN_POINT('',(86.8437433258981,-15.6863627818421,3.11));
#16020=CARTESIAN_POINT('Origin',(87.5937433258981,21.8108008423443,2.36));
#16021=CARTESIAN_POINT('',(88.3437433258981,-8.04382172321109,1.61));
#16022=CARTESIAN_POINT('',(88.3437433258981,21.8108008423443,1.61));
#16023=CARTESIAN_POINT('',(86.8437433258981,-6.54119139613524,3.11));
#16024=CARTESIAN_POINT('Origin',(156.466496806196,-7.41317276733238,2.36));
#16025=CARTESIAN_POINT('',(177.368928880116,-8.19979532647434,1.61));
#16026=CARTESIAN_POINT('',(156.465182795759,-8.16317161624919,1.61));
#16027=CARTESIAN_POINT('',(178.868928880116,-6.70242104921044,3.11));
#16028=CARTESIAN_POINT('Origin',(178.118928880115,18.4644756494605,2.36));
#16029=CARTESIAN_POINT('',(177.368928880116,-14.7364721089792,1.61));
#16030=CARTESIAN_POINT('',(177.368928880115,18.4644756494605,1.61));
#16031=CARTESIAN_POINT('',(178.868928880116,-13.2364721089793,3.11));
#16032=CARTESIAN_POINT('Origin',(179.306627979233,-13.9864721089793,2.36));
#16033=CARTESIAN_POINT('',(222.947062720536,-14.7364721089792,1.61));
#16034=CARTESIAN_POINT('',(179.306627979233,-14.7364721089793,1.61));
#16035=CARTESIAN_POINT('',(221.447062720536,-13.2364721089792,3.11));
#16036=CARTESIAN_POINT('Origin',(222.197062720536,76.5367901785048,2.36));
#16037=CARTESIAN_POINT('',(222.947062720536,101.40815694911,1.61));
#16038=CARTESIAN_POINT('',(222.947062720536,76.5367901785048,1.61));
#16039=CARTESIAN_POINT('',(221.447062720536,99.9081569491098,3.11));
#16040=CARTESIAN_POINT('Origin',(163.707401444141,100.65815694911,2.36));
#16041=CARTESIAN_POINT('',(191.748609650351,101.40815694911,1.61));
#16042=CARTESIAN_POINT('',(163.707401444141,101.40815694911,1.61));
#16043=CARTESIAN_POINT('',(190.248609650351,99.9081569491098,3.11));
#16044=CARTESIAN_POINT('Origin',(190.998609650351,81.5965386404625,2.36));
#16045=CARTESIAN_POINT('',(191.748609650351,111.527653873025,1.61));
#16046=CARTESIAN_POINT('',(191.748609650351,81.5965386404625,1.61));
#16047=CARTESIAN_POINT('',(190.248609650351,110.027653873025,3.11));
#16048=CARTESIAN_POINT('Origin',(149.65809916482,110.777653873025,2.36));
#16049=CARTESIAN_POINT('',(163.650005091711,111.527653873025,1.61));
#16050=CARTESIAN_POINT('',(149.65809916482,111.527653873025,1.61));
#16051=CARTESIAN_POINT('',(162.150005091711,110.027653873025,3.11));
#16052=CARTESIAN_POINT('Origin',(162.900005091711,86.0913165027707,2.36));
#16053=CARTESIAN_POINT('',(163.650005091711,120.517209597642,1.61));
#16054=CARTESIAN_POINT('',(163.650005091711,86.0913165027707,1.61));
#16055=CARTESIAN_POINT('',(162.150005091711,119.017209597642,3.11));
#16056=CARTESIAN_POINT('Origin',(131.363810106919,119.767209597642,2.36));
#16057=CARTESIAN_POINT('',(127.061426975907,120.517209597642,1.61));
#16058=CARTESIAN_POINT('',(131.363810106919,120.517209597642,1.61));
#16059=CARTESIAN_POINT('',(128.561426975907,119.017209597642,3.11));
#16060=CARTESIAN_POINT('Origin',(127.811426975907,81.8415273262979,2.36));
#16061=CARTESIAN_POINT('',(127.061426975907,112.017631244696,1.61));
#16062=CARTESIAN_POINT('',(127.061426975907,81.8415273262979,1.61));
#16063=CARTESIAN_POINT('',(128.561426975907,110.517631244696,3.11));
#16064=CARTESIAN_POINT('Origin',(118.459451487001,111.267631244696,2.36));
#16065=CARTESIAN_POINT('',(118.459451487001,112.017631244696,1.61));
#16066=CARTESIAN_POINT('Origin',(48.4853248979832,-17.1863627818421,1.51));
#16067=CARTESIAN_POINT('',(48.4853248979832,-13.1901044766925,1.51));
#16068=CARTESIAN_POINT('',(48.4853248979832,-13.1901044766925,1.51));
#16069=CARTESIAN_POINT('',(48.4853248979832,-17.1863627818421,1.51));
#16070=CARTESIAN_POINT('',(48.4853248979832,-17.1863627818421,1.51));
#16071=CARTESIAN_POINT('',(48.4853248979832,-17.1863627818421,1.51));
#16072=CARTESIAN_POINT('Origin',(102.10285683869,16.6721566071798,1.51));
#16073=CARTESIAN_POINT('',(102.10285683869,16.6721566071798,1.51));
#16074=CARTESIAN_POINT('',(88.1035513161919,16.6721566071798,1.51));
#16075=CARTESIAN_POINT('',(88.1035513161919,16.6721566071798,1.51));
#16076=CARTESIAN_POINT('',(102.10285683869,16.6721566071798,1.51));
#16077=CARTESIAN_POINT('',(88.1035513161919,16.6721566071798,1.51));
#16078=CARTESIAN_POINT('Origin',(102.10285683869,2.67285108468117,1.51));
#16079=CARTESIAN_POINT('',(102.10285683869,2.67285108468117,1.51));
#16080=CARTESIAN_POINT('',(102.10285683869,16.6721566071798,1.51));
#16081=CARTESIAN_POINT('',(102.10285683869,2.67285108468117,1.51));
#16082=CARTESIAN_POINT('Origin',(88.1035513161918,2.67285108468117,1.51));
#16083=CARTESIAN_POINT('',(88.1035513161918,2.67285108468117,1.51));
#16084=CARTESIAN_POINT('',(102.10285683869,2.67285108468117,1.51));
#16085=CARTESIAN_POINT('',(88.1035513161918,2.67285108468117,1.51));
#16086=CARTESIAN_POINT('Origin',(88.1035513161919,16.6721566071798,1.51));
#16087=CARTESIAN_POINT('',(88.1035513161918,2.67285108468117,1.51));
#16088=CARTESIAN_POINT('Origin',(127.431602161432,75.7992283144175,1.51));
#16089=CARTESIAN_POINT('',(127.431602161432,75.7992283144175,1.51));
#16090=CARTESIAN_POINT('',(113.432296638934,75.7992283144175,1.51));
#16091=CARTESIAN_POINT('',(113.432296638934,75.7992283144175,1.51));
#16092=CARTESIAN_POINT('',(127.431602161432,75.7992283144175,1.51));
#16093=CARTESIAN_POINT('',(113.432296638934,75.7992283144175,1.51));
#16094=CARTESIAN_POINT('Origin',(127.431602161432,61.7999227919188,1.51));
#16095=CARTESIAN_POINT('',(127.431602161432,61.7999227919188,1.51));
#16096=CARTESIAN_POINT('',(127.431602161432,75.7992283144175,1.51));
#16097=CARTESIAN_POINT('',(127.431602161432,61.7999227919188,1.51));
#16098=CARTESIAN_POINT('Origin',(113.432296638934,61.7999227919188,1.51));
#16099=CARTESIAN_POINT('',(113.432296638934,61.7999227919188,1.51));
#16100=CARTESIAN_POINT('',(127.431602161432,61.7999227919188,1.51));
#16101=CARTESIAN_POINT('',(113.432296638934,61.7999227919188,1.51));
#16102=CARTESIAN_POINT('Origin',(113.432296638934,75.7992283144175,1.51));
#16103=CARTESIAN_POINT('',(113.432296638934,61.7999227919188,1.51));
#16104=CARTESIAN_POINT('Origin',(203.467831071971,13.6423081325959,1.51));
#16105=CARTESIAN_POINT('',(203.467831071971,13.6423081325959,1.51));
#16106=CARTESIAN_POINT('',(189.468525549472,13.6423081325959,1.51));
#16107=CARTESIAN_POINT('',(189.468525549472,13.6423081325959,1.51));
#16108=CARTESIAN_POINT('',(203.467831071971,13.6423081325959,1.51));
#16109=CARTESIAN_POINT('',(189.468525549472,13.6423081325959,1.51));
#16110=CARTESIAN_POINT('Origin',(203.467831071971,-0.356997389902762,1.51));
#16111=CARTESIAN_POINT('',(203.467831071971,-0.356997389902762,1.51));
#16112=CARTESIAN_POINT('',(203.467831071971,13.6423081325959,1.51));
#16113=CARTESIAN_POINT('',(203.467831071971,-0.356997389902762,1.51));
#16114=CARTESIAN_POINT('Origin',(189.468525549472,-0.356997389902762,1.51));
#16115=CARTESIAN_POINT('',(189.468525549472,-0.356997389902762,1.51));
#16116=CARTESIAN_POINT('',(203.467831071971,-0.356997389902762,1.51));
#16117=CARTESIAN_POINT('',(189.468525549472,-0.356997389902762,1.51));
#16118=CARTESIAN_POINT('Origin',(189.468525549472,13.6423081325959,1.51));
#16119=CARTESIAN_POINT('',(189.468525549472,-0.356997389902762,1.51));
#16120=CARTESIAN_POINT('Origin',(65.5846714844648,82.8088805796114,1.51));
#16121=CARTESIAN_POINT('',(65.1947893934953,81.6213045013383,1.51));
#16122=CARTESIAN_POINT('',(66.0213166330963,83.9800705730463,1.51));
#16123=CARTESIAN_POINT('Origin',(65.5846714844648,82.8088805796114,1.51));
#16124=CARTESIAN_POINT('',(65.1947893934953,81.6213045013383,1.51));
#16125=CARTESIAN_POINT('',(66.0213166330963,83.9800705730463,1.51));
#16126=CARTESIAN_POINT('Origin',(65.5818851419725,82.8098569324577,1.51));
#16127=CARTESIAN_POINT('Origin',(65.5818851419725,82.8098569324577,1.51));
#16128=CARTESIAN_POINT('Origin',(76.4741386040352,7.46262201866262,1.51));
#16129=CARTESIAN_POINT('',(76.4741386040352,7.46262201866262,1.51));
#16130=CARTESIAN_POINT('',(62.4748330815366,7.46262201866262,1.51));
#16131=CARTESIAN_POINT('',(62.4748330815366,7.46262201866262,1.51));
#16132=CARTESIAN_POINT('',(76.4741386040352,7.46262201866262,1.51));
#16133=CARTESIAN_POINT('',(62.4748330815366,7.46262201866262,1.51));
#16134=CARTESIAN_POINT('Origin',(76.4741386040352,-6.53668350383601,1.51));
#16135=CARTESIAN_POINT('',(76.4741386040352,-6.53668350383601,1.51));
#16136=CARTESIAN_POINT('',(76.4741386040352,7.46262201866262,1.51));
#16137=CARTESIAN_POINT('',(76.4741386040352,-6.53668350383601,1.51));
#16138=CARTESIAN_POINT('Origin',(62.4748330815366,-6.53668350383597,1.51));
#16139=CARTESIAN_POINT('',(62.4748330815366,-6.53668350383597,1.51));
#16140=CARTESIAN_POINT('',(76.4741386040352,-6.53668350383601,1.51));
#16141=CARTESIAN_POINT('',(62.4748330815366,-6.53668350383597,1.51));
#16142=CARTESIAN_POINT('Origin',(62.4748330815366,7.46262201866262,1.51));
#16143=CARTESIAN_POINT('',(62.4748330815366,-6.53668350383597,1.51));
#16144=CARTESIAN_POINT('Origin',(65.5846714844648,86.2087119207896,1.51));
#16145=CARTESIAN_POINT('',(65.1320699693326,85.0435952506465,1.51));
#16146=CARTESIAN_POINT('',(66.0820824892289,87.3554147065563,1.51));
#16147=CARTESIAN_POINT('Origin',(65.5846714844648,86.2087119207896,1.51));
#16148=CARTESIAN_POINT('',(65.1320699693326,85.0435952506465,1.51));
#16149=CARTESIAN_POINT('',(66.0820824892289,87.3554147065563,1.51));
#16150=CARTESIAN_POINT('Origin',(65.5818851419725,86.2098569324577,1.51));
#16151=CARTESIAN_POINT('Origin',(65.5818851419725,86.2098569324577,1.51));
#16152=CARTESIAN_POINT('Origin',(178.26908418308,101.367959595706,1.51));
#16153=CARTESIAN_POINT('',(178.26908418308,101.367959595706,1.51));
#16154=CARTESIAN_POINT('',(164.269778660581,101.367959595706,1.51));
#16155=CARTESIAN_POINT('',(164.269778660581,101.367959595706,1.51));
#16156=CARTESIAN_POINT('',(178.26908418308,101.367959595706,1.51));
#16157=CARTESIAN_POINT('',(164.269778660581,101.367959595706,1.51));
#16158=CARTESIAN_POINT('Origin',(178.26908418308,87.3686540732074,1.51));
#16159=CARTESIAN_POINT('',(178.26908418308,87.3686540732074,1.51));
#16160=CARTESIAN_POINT('',(178.26908418308,101.367959595706,1.51));
#16161=CARTESIAN_POINT('',(178.26908418308,87.3686540732074,1.51));
#16162=CARTESIAN_POINT('Origin',(164.269778660581,87.3686540732074,1.51));
#16163=CARTESIAN_POINT('',(164.269778660581,87.3686540732074,1.51));
#16164=CARTESIAN_POINT('',(178.26908418308,87.3686540732074,1.51));
#16165=CARTESIAN_POINT('',(164.269778660581,87.3686540732074,1.51));
#16166=CARTESIAN_POINT('Origin',(164.269778660581,101.367959595706,1.51));
#16167=CARTESIAN_POINT('',(164.269778660581,87.3686540732074,1.51));
#16168=CARTESIAN_POINT('Origin',(203.42783214071,38.6810669254611,1.51));
#16169=CARTESIAN_POINT('',(203.42783214071,38.6810669254611,1.51));
#16170=CARTESIAN_POINT('',(189.428526618212,38.6810669254611,1.51));
#16171=CARTESIAN_POINT('',(189.428526618212,38.6810669254611,1.51));
#16172=CARTESIAN_POINT('',(203.42783214071,38.6810669254611,1.51));
#16173=CARTESIAN_POINT('',(189.428526618212,38.6810669254611,1.51));
#16174=CARTESIAN_POINT('Origin',(203.42783214071,24.6817690319785,1.51));
#16175=CARTESIAN_POINT('',(203.42783214071,24.6817690319785,1.51));
#16176=CARTESIAN_POINT('',(203.42783214071,38.6810669254611,1.51));
#16177=CARTESIAN_POINT('',(203.42783214071,24.6817690319785,1.51));
#16178=CARTESIAN_POINT('Origin',(189.428526618212,24.6817690319785,1.51));
#16179=CARTESIAN_POINT('',(189.428526618212,24.6817690319785,1.51));
#16180=CARTESIAN_POINT('',(203.42783214071,24.6817690319785,1.51));
#16181=CARTESIAN_POINT('',(189.428526618212,24.6817690319785,1.51));
#16182=CARTESIAN_POINT('Origin',(189.428526618212,38.6810669254611,1.51));
#16183=CARTESIAN_POINT('',(189.428526618212,24.6817690319785,1.51));
#16184=CARTESIAN_POINT('Origin',(178.229085251819,75.7492277430878,1.51));
#16185=CARTESIAN_POINT('',(178.229085251819,75.7492277430878,1.51));
#16186=CARTESIAN_POINT('',(164.229779729321,75.7492277430878,1.51));
#16187=CARTESIAN_POINT('',(164.229779729321,75.7492277430878,1.51));
#16188=CARTESIAN_POINT('',(178.229085251819,75.7492277430878,1.51));
#16189=CARTESIAN_POINT('',(164.229779729321,75.7492277430878,1.51));
#16190=CARTESIAN_POINT('Origin',(178.229085251819,61.7499222205892,1.51));
#16191=CARTESIAN_POINT('',(178.229085251819,61.7499222205892,1.51));
#16192=CARTESIAN_POINT('',(178.229085251819,75.7492277430878,1.51));
#16193=CARTESIAN_POINT('',(178.229085251819,61.7499222205892,1.51));
#16194=CARTESIAN_POINT('Origin',(164.229779729321,61.7499222205892,1.51));
#16195=CARTESIAN_POINT('',(164.229779729321,61.7499222205892,1.51));
#16196=CARTESIAN_POINT('',(178.229085251819,61.7499222205892,1.51));
#16197=CARTESIAN_POINT('',(164.229779729321,61.7499222205892,1.51));
#16198=CARTESIAN_POINT('Origin',(164.229779729321,75.7492277430878,1.51));
#16199=CARTESIAN_POINT('',(164.229779729321,61.7499222205892,1.51));
#16200=CARTESIAN_POINT('Origin',(152.790344775365,31.3114374008303,1.51));
#16201=CARTESIAN_POINT('',(152.790344775365,31.3114374008303,1.51));
#16202=CARTESIAN_POINT('',(138.791039252867,31.3114374008303,1.51));
#16203=CARTESIAN_POINT('',(138.791039252867,31.3114374008303,1.51));
#16204=CARTESIAN_POINT('',(152.790344775365,31.3114374008303,1.51));
#16205=CARTESIAN_POINT('',(138.791039252867,31.3114374008303,1.51));
#16206=CARTESIAN_POINT('Origin',(152.790344775365,17.3121242493156,1.51));
#16207=CARTESIAN_POINT('',(152.790344775365,17.3121242493156,1.51));
#16208=CARTESIAN_POINT('',(152.790344775365,31.3114374008303,1.51));
#16209=CARTESIAN_POINT('',(152.790344775365,17.3121242493156,1.51));
#16210=CARTESIAN_POINT('Origin',(138.791039252867,17.3121242493156,1.51));
#16211=CARTESIAN_POINT('',(138.791039252867,17.3121242493156,1.51));
#16212=CARTESIAN_POINT('',(152.790344775365,17.3121242493156,1.51));
#16213=CARTESIAN_POINT('',(138.791039252867,17.3121242493156,1.51));
#16214=CARTESIAN_POINT('Origin',(138.791039252867,31.3114374008303,1.51));
#16215=CARTESIAN_POINT('',(138.791039252867,17.3121242493156,1.51));
#16216=CARTESIAN_POINT('Origin',(127.421608150379,101.057973600199,1.51));
#16217=CARTESIAN_POINT('',(127.421608150379,101.057973600199,1.51));
#16218=CARTESIAN_POINT('',(113.422302627881,101.057973600199,1.51));
#16219=CARTESIAN_POINT('',(113.422302627881,101.057973600199,1.51));
#16220=CARTESIAN_POINT('',(127.421608150379,101.057973600199,1.51));
#16221=CARTESIAN_POINT('',(113.422302627881,101.057973600199,1.51));
#16222=CARTESIAN_POINT('Origin',(127.421608150379,87.0586718922087,1.51));
#16223=CARTESIAN_POINT('',(127.421608150379,87.0586718922087,1.51));
#16224=CARTESIAN_POINT('',(127.421608150379,101.057973600199,1.51));
#16225=CARTESIAN_POINT('',(127.421608150379,87.0586718922087,1.51));
#16226=CARTESIAN_POINT('Origin',(113.422302627881,87.0586718922087,1.51));
#16227=CARTESIAN_POINT('',(113.422302627881,87.0586718922087,1.51));
#16228=CARTESIAN_POINT('',(127.421608150379,87.0586718922087,1.51));
#16229=CARTESIAN_POINT('',(113.422302627881,87.0586718922087,1.51));
#16230=CARTESIAN_POINT('Origin',(113.422302627881,101.057973600199,1.51));
#16231=CARTESIAN_POINT('',(113.422302627881,87.0586718922087,1.51));
#16232=CARTESIAN_POINT('Origin',(152.810348055504,82.5988940483803,1.51));
#16233=CARTESIAN_POINT('',(152.810348055504,82.5988940483803,1.51));
#16234=CARTESIAN_POINT('',(138.811042533005,82.5988940483803,1.51));
#16235=CARTESIAN_POINT('',(138.811042533005,82.5988940483803,1.51));
#16236=CARTESIAN_POINT('',(152.810348055504,82.5988940483803,1.51));
#16237=CARTESIAN_POINT('',(138.811042533005,82.5988940483803,1.51));
#16238=CARTESIAN_POINT('Origin',(152.810348055504,68.5995885258817,1.51));
#16239=CARTESIAN_POINT('',(152.810348055504,68.5995885258817,1.51));
#16240=CARTESIAN_POINT('',(152.810348055504,82.5988940483803,1.51));
#16241=CARTESIAN_POINT('',(152.810348055504,68.5995885258817,1.51));
#16242=CARTESIAN_POINT('Origin',(138.811042533005,68.5995885258817,1.51));
#16243=CARTESIAN_POINT('',(138.811042533005,68.5995885258817,1.51));
#16244=CARTESIAN_POINT('',(152.810348055504,68.5995885258817,1.51));
#16245=CARTESIAN_POINT('',(138.811042533005,68.5995885258817,1.51));
#16246=CARTESIAN_POINT('Origin',(138.811042533005,82.5988940483803,1.51));
#16247=CARTESIAN_POINT('',(138.811042533005,68.5995885258817,1.51));
#16248=CARTESIAN_POINT('Origin',(214.331092472512,92.7921853278629,1.51));
#16249=CARTESIAN_POINT('',(217.780921333413,92.7921853278629,1.51));
#16250=CARTESIAN_POINT('',(217.780921333413,92.7921853278629,1.51));
#16251=CARTESIAN_POINT('Origin',(214.331092472512,92.7921853278629,1.51));
#16252=CARTESIAN_POINT('Origin',(203.457829431902,89.1885634859716,1.51));
#16253=CARTESIAN_POINT('',(203.457829431902,89.1885634859716,1.51));
#16254=CARTESIAN_POINT('',(189.458523909403,89.1885634859716,1.51));
#16255=CARTESIAN_POINT('',(189.458523909403,89.1885634859716,1.51));
#16256=CARTESIAN_POINT('',(203.457829431902,89.1885634859716,1.51));
#16257=CARTESIAN_POINT('',(189.458523909403,89.1885634859716,1.51));
#16258=CARTESIAN_POINT('Origin',(203.457829431902,75.189257963473,1.51));
#16259=CARTESIAN_POINT('',(203.457829431902,75.189257963473,1.51));
#16260=CARTESIAN_POINT('',(203.457829431902,89.1885634859716,1.51));
#16261=CARTESIAN_POINT('',(203.457829431902,75.189257963473,1.51));
#16262=CARTESIAN_POINT('Origin',(189.458523909403,75.189257963473,1.51));
#16263=CARTESIAN_POINT('',(189.458523909403,75.189257963473,1.51));
#16264=CARTESIAN_POINT('',(203.457829431902,75.189257963473,1.51));
#16265=CARTESIAN_POINT('',(189.458523909403,75.189257963473,1.51));
#16266=CARTESIAN_POINT('Origin',(189.458523909403,89.1885634859716,1.51));
#16267=CARTESIAN_POINT('',(189.458523909403,75.189257963473,1.51));
#16268=CARTESIAN_POINT('Origin',(203.467831071971,64.0198138882719,1.51));
#16269=CARTESIAN_POINT('',(203.467831071971,64.0198138882719,1.51));
#16270=CARTESIAN_POINT('',(189.468525549472,64.0198138882719,1.51));
#16271=CARTESIAN_POINT('',(189.468525549472,64.0198138882719,1.51));
#16272=CARTESIAN_POINT('',(203.467831071971,64.0198138882719,1.51));
#16273=CARTESIAN_POINT('',(189.468525549472,64.0198138882719,1.51));
#16274=CARTESIAN_POINT('Origin',(203.467831071971,50.0205083657733,1.51));
#16275=CARTESIAN_POINT('',(203.467831071971,50.0205083657733,1.51));
#16276=CARTESIAN_POINT('',(203.467831071971,64.0198138882719,1.51));
#16277=CARTESIAN_POINT('',(203.467831071971,50.0205083657733,1.51));
#16278=CARTESIAN_POINT('Origin',(189.468525549472,50.0205083657733,1.51));
#16279=CARTESIAN_POINT('',(189.468525549472,50.0205083657733,1.51));
#16280=CARTESIAN_POINT('',(203.467831071971,50.0205083657733,1.51));
#16281=CARTESIAN_POINT('',(189.468525549472,50.0205083657733,1.51));
#16282=CARTESIAN_POINT('Origin',(189.468525549472,64.0198138882719,1.51));
#16283=CARTESIAN_POINT('',(189.468525549472,50.0205083657733,1.51));
#16284=CARTESIAN_POINT('Origin',(214.331092472512,-6.12050781158771,1.51));
#16285=CARTESIAN_POINT('',(217.780921333413,-6.12050781158771,1.51));
#16286=CARTESIAN_POINT('',(217.780921333413,-6.12050781158771,1.51));
#16287=CARTESIAN_POINT('Origin',(214.331092472512,-6.12050781158771,1.51));
#16288=CARTESIAN_POINT('Origin',(152.800346415434,57.2401514344473,1.51));
#16289=CARTESIAN_POINT('',(152.800346415434,57.2401514344473,1.51));
#16290=CARTESIAN_POINT('',(138.80103326392,57.2401514344473,1.51));
#16291=CARTESIAN_POINT('',(138.80103326392,57.2401514344473,1.51));
#16292=CARTESIAN_POINT('',(152.800346415434,57.2401514344473,1.51));
#16293=CARTESIAN_POINT('',(138.80103326392,57.2401514344473,1.51));
#16294=CARTESIAN_POINT('Origin',(152.800346415434,43.2408459119487,1.51));
#16295=CARTESIAN_POINT('',(152.800346415434,43.2408459119487,1.51));
#16296=CARTESIAN_POINT('',(152.800346415434,57.2401514344473,1.51));
#16297=CARTESIAN_POINT('',(152.800346415434,43.2408459119487,1.51));
#16298=CARTESIAN_POINT('Origin',(138.80103326392,43.2408459119487,1.51));
#16299=CARTESIAN_POINT('',(138.80103326392,43.2408459119487,1.51));
#16300=CARTESIAN_POINT('',(152.800346415434,43.2408459119487,1.51));
#16301=CARTESIAN_POINT('',(138.80103326392,43.2408459119487,1.51));
#16302=CARTESIAN_POINT('Origin',(138.80103326392,57.2401514344473,1.51));
#16303=CARTESIAN_POINT('',(138.80103326392,43.2408459119487,1.51));
#16304=CARTESIAN_POINT('Origin',(178.239079262872,50.3804911181017,1.51));
#16305=CARTESIAN_POINT('',(178.239079262872,50.3804911181017,1.51));
#16306=CARTESIAN_POINT('',(164.239773740374,50.3804911181017,1.51));
#16307=CARTESIAN_POINT('',(164.239773740374,50.3804911181017,1.51));
#16308=CARTESIAN_POINT('',(178.239079262872,50.3804911181017,1.51));
#16309=CARTESIAN_POINT('',(164.239773740374,50.3804911181017,1.51));
#16310=CARTESIAN_POINT('Origin',(178.239079262872,36.3811855956031,1.51));
#16311=CARTESIAN_POINT('',(178.239079262872,36.3811855956031,1.51));
#16312=CARTESIAN_POINT('',(178.239079262872,50.3804911181017,1.51));
#16313=CARTESIAN_POINT('',(178.239079262872,36.3811855956031,1.51));
#16314=CARTESIAN_POINT('Origin',(164.239773740374,36.3811855956031,1.51));
#16315=CARTESIAN_POINT('',(164.239773740374,36.3811855956031,1.51));
#16316=CARTESIAN_POINT('',(178.239079262872,36.3811855956031,1.51));
#16317=CARTESIAN_POINT('',(164.239773740374,36.3811855956031,1.51));
#16318=CARTESIAN_POINT('Origin',(164.239773740374,50.3804911181017,1.51));
#16319=CARTESIAN_POINT('',(164.239773740374,36.3811855956031,1.51));
#16320=CARTESIAN_POINT('Origin',(127.406807859201,50.8704646752646,1.51));
#16321=CARTESIAN_POINT('',(127.406807859201,50.8704646752646,1.51));
#16322=CARTESIAN_POINT('',(113.407502336703,50.8704646752646,1.51));
#16323=CARTESIAN_POINT('',(113.407502336703,50.8704646752646,1.51));
#16324=CARTESIAN_POINT('',(127.406807859201,50.8704646752646,1.51));
#16325=CARTESIAN_POINT('',(113.407502336703,50.8704646752646,1.51));
#16326=CARTESIAN_POINT('Origin',(127.406807859201,36.871159152766,1.51));
#16327=CARTESIAN_POINT('',(127.406807859201,36.871159152766,1.51));
#16328=CARTESIAN_POINT('',(127.406807859201,50.8704646752646,1.51));
#16329=CARTESIAN_POINT('',(127.406807859201,36.871159152766,1.51));
#16330=CARTESIAN_POINT('Origin',(113.407502336703,36.871159152766,1.51));
#16331=CARTESIAN_POINT('',(113.407502336703,36.871159152766,1.51));
#16332=CARTESIAN_POINT('',(127.406807859201,36.871159152766,1.51));
#16333=CARTESIAN_POINT('',(113.407502336703,36.871159152766,1.51));
#16334=CARTESIAN_POINT('Origin',(113.407502336703,50.8704646752646,1.51));
#16335=CARTESIAN_POINT('',(113.407502336703,36.871159152766,1.51));
#16336=CARTESIAN_POINT('Origin',(187.748609650351,107.527653873025,1.51));
#16337=CARTESIAN_POINT('',(187.748609650351,107.527653873025,1.51));
#16338=CARTESIAN_POINT('',(187.748609650351,97.4081569491098,1.51));
#16339=CARTESIAN_POINT('',(187.748609650351,97.4081569491098,1.51));
#16340=CARTESIAN_POINT('',(187.748609650351,107.527653873025,1.51));
#16341=CARTESIAN_POINT('',(187.748609650351,97.4081569491098,1.51));
#16342=CARTESIAN_POINT('Origin',(159.650005091711,107.527653873025,1.51));
#16343=CARTESIAN_POINT('',(159.650005091711,107.527653873025,1.51));
#16344=CARTESIAN_POINT('',(187.748609650351,107.527653873025,1.51));
#16345=CARTESIAN_POINT('',(159.650005091711,107.527653873025,1.51));
#16346=CARTESIAN_POINT('Origin',(159.650005091711,116.517209597642,1.51));
#16347=CARTESIAN_POINT('',(159.650005091711,116.517209597642,1.51));
#16348=CARTESIAN_POINT('',(159.650005091711,107.527653873025,1.51));
#16349=CARTESIAN_POINT('',(159.650005091711,116.517209597642,1.51));
#16350=CARTESIAN_POINT('Origin',(131.061885141972,116.517209597642,1.51));
#16351=CARTESIAN_POINT('',(131.061885141972,116.517209597642,1.51));
#16352=CARTESIAN_POINT('',(159.650005091711,116.517209597642,1.51));
#16353=CARTESIAN_POINT('',(131.061885141972,116.517209597642,1.51));
#16354=CARTESIAN_POINT('Origin',(131.061885141972,108.019856932458,1.51));
#16355=CARTESIAN_POINT('',(131.061885141972,108.019856932458,1.51));
#16356=CARTESIAN_POINT('',(131.061885141972,108.019856932458,1.51));
#16357=CARTESIAN_POINT('',(131.061885141972,108.019856932458,1.51));
#16358=CARTESIAN_POINT('Origin',(131.061426975907,108.019856932458,1.51));
#16359=CARTESIAN_POINT('',(131.061426975907,108.019856932458,1.51));
#16360=CARTESIAN_POINT('',(105.251885141972,108.019856932458,1.51));
#16361=CARTESIAN_POINT('',(131.061426975907,108.019856932458,1.51));
#16362=CARTESIAN_POINT('Origin',(131.061426975907,116.517209597642,1.51));
#16363=CARTESIAN_POINT('',(131.061426975907,116.517209597642,1.51));
#16364=CARTESIAN_POINT('',(131.061426975907,116.517209597642,1.51));
#16365=CARTESIAN_POINT('',(131.061426975907,116.517209597642,1.51));
#16366=CARTESIAN_POINT('Origin',(131.061885141972,116.517209597642,1.51));
#16367=CARTESIAN_POINT('',(159.650005091711,116.517209597642,1.51));
#16368=CARTESIAN_POINT('',(131.061885141972,116.517209597642,1.51));
#16369=CARTESIAN_POINT('Origin',(131.061885141972,116.519856932458,1.51));
#16370=CARTESIAN_POINT('',(131.061885141972,116.519856932458,1.51));
#16371=CARTESIAN_POINT('',(131.061885141972,108.019856932458,1.51));
#16372=CARTESIAN_POINT('',(131.061885141972,116.519856932458,1.51));
#16373=CARTESIAN_POINT('Origin',(159.651885141972,116.519856932458,1.51));
#16374=CARTESIAN_POINT('',(159.651885141972,116.519856932458,1.51));
#16375=CARTESIAN_POINT('',(131.061885141972,116.519856932458,1.51));
#16376=CARTESIAN_POINT('',(159.651885141972,116.519856932458,1.51));
#16377=CARTESIAN_POINT('Origin',(159.651885141972,107.529856932458,1.51));
#16378=CARTESIAN_POINT('',(159.651885141972,107.529856932458,1.51));
#16379=CARTESIAN_POINT('',(159.651885141972,116.519856932458,1.51));
#16380=CARTESIAN_POINT('',(159.651885141972,107.529856932458,1.51));
#16381=CARTESIAN_POINT('Origin',(187.751885141972,107.529856932458,1.51));
#16382=CARTESIAN_POINT('',(187.751885141972,107.529856932458,1.51));
#16383=CARTESIAN_POINT('',(159.651885141972,107.529856932458,1.51));
#16384=CARTESIAN_POINT('',(187.751885141972,107.529856932458,1.51));
#16385=CARTESIAN_POINT('Origin',(187.751885141972,97.4098569324578,1.51));
#16386=CARTESIAN_POINT('',(187.751885141972,97.4098569324578,1.51));
#16387=CARTESIAN_POINT('',(187.751885141972,107.529856932458,1.51));
#16388=CARTESIAN_POINT('',(187.751885141972,97.4098569324578,1.51));
#16389=CARTESIAN_POINT('Origin',(218.951885141972,97.4098569324578,1.51));
#16390=CARTESIAN_POINT('',(218.951885141972,97.4098569324578,1.51));
#16391=CARTESIAN_POINT('',(187.751885141972,97.4098569324578,1.51));
#16392=CARTESIAN_POINT('',(218.951885141972,97.4098569324578,1.51));
#16393=CARTESIAN_POINT('Origin',(218.951885141972,-10.7401430675423,1.51));
#16394=CARTESIAN_POINT('',(218.951885141972,-10.7401430675423,1.51));
#16395=CARTESIAN_POINT('',(218.951885141972,97.4098569324578,1.51));
#16396=CARTESIAN_POINT('',(218.951885141972,-10.7401430675423,1.51));
#16397=CARTESIAN_POINT('Origin',(181.371885141972,-10.7401430675423,1.51));
#16398=CARTESIAN_POINT('',(181.371885141972,-10.7401430675423,1.51));
#16399=CARTESIAN_POINT('',(212.411885141972,-10.7401430675423,1.51));
#16400=CARTESIAN_POINT('',(181.371885141972,-10.7401430675423,1.51));
#16401=CARTESIAN_POINT('Origin',(181.371885141972,-10.7364721089792,1.51));
#16402=CARTESIAN_POINT('',(181.371885141972,-10.7364721089792,1.51));
#16403=CARTESIAN_POINT('',(181.371885141972,-10.7401430675423,1.51));
#16404=CARTESIAN_POINT('',(181.371885141972,-10.7364721089792,1.51));
#16405=CARTESIAN_POINT('Origin',(181.368928880116,-10.7364721089792,1.51));
#16406=CARTESIAN_POINT('',(181.368928880116,-10.7364721089792,1.51));
#16407=CARTESIAN_POINT('',(181.368928880116,-10.7364721089792,1.51));
#16408=CARTESIAN_POINT('',(181.368928880116,-10.7364721089792,1.51));
#16409=CARTESIAN_POINT('Origin',(181.368928880116,-4.21013788806665,1.51));
#16410=CARTESIAN_POINT('',(181.368928880116,-4.21013788806665,1.51));
#16411=CARTESIAN_POINT('',(181.368928880116,-4.20679725377056,1.51));
#16412=CARTESIAN_POINT('',(181.368928880116,-4.21013788806665,1.51));
#16413=CARTESIAN_POINT('Origin',(84.343743325898,-4.04014632314638,1.51));
#16414=CARTESIAN_POINT('',(84.3437433258981,-4.04014632314638,1.51));
#16415=CARTESIAN_POINT('',(181.371885141972,-4.21014306754223,1.51));
#16416=CARTESIAN_POINT('',(84.3437433258981,-4.04014632314638,1.51));
#16417=CARTESIAN_POINT('Origin',(84.3437433258981,-13.1863627818421,1.51));
#16418=CARTESIAN_POINT('',(84.3437433258981,-13.1863627818421,1.51));
#16419=CARTESIAN_POINT('',(84.3437433258981,-13.1863627818421,1.51));
#16420=CARTESIAN_POINT('',(84.3437433258981,-13.1863627818421,1.51));
#16421=CARTESIAN_POINT('Origin',(84.3418851419725,-13.1863627818421,1.51));
#16422=CARTESIAN_POINT('',(84.3418851419725,-13.1863627818421,1.51));
#16423=CARTESIAN_POINT('',(52.4853231479478,-13.1863627818421,1.51));
#16424=CARTESIAN_POINT('',(84.3418851419725,-13.1863627818421,1.51));
#16425=CARTESIAN_POINT('Origin',(84.3418851419725,-4.04014306754227,1.51));
#16426=CARTESIAN_POINT('',(84.3418851419725,-4.04014306754227,1.51));
#16427=CARTESIAN_POINT('',(84.3418851419725,-4.04014306754227,1.51));
#16428=CARTESIAN_POINT('',(84.3418851419725,-4.04014306754227,1.51));
#16429=CARTESIAN_POINT('Origin',(84.343743325898,-4.04014632314638,1.51));
#16430=CARTESIAN_POINT('',(181.371885141972,-4.21014306754223,1.51));
#16431=CARTESIAN_POINT('',(84.3437433258981,-4.04014632314638,1.51));
#16432=CARTESIAN_POINT('Origin',(84.3437433258981,-4.03680751767549,1.51));
#16433=CARTESIAN_POINT('',(84.3437433258981,-4.03680751767549,1.51));
#16434=CARTESIAN_POINT('',(84.3437433258981,-13.1863627818421,1.51));
#16435=CARTESIAN_POINT('',(84.3437433258981,-4.03680751767549,1.51));
#16436=CARTESIAN_POINT('Origin',(181.368928880116,-4.20679725377056,1.51));
#16437=CARTESIAN_POINT('',(181.368928880116,-4.20679725377056,1.51));
#16438=CARTESIAN_POINT('',(84.3437433258981,-4.03680751767549,1.51));
#16439=CARTESIAN_POINT('',(181.368928880116,-4.20679725377056,1.51));
#16440=CARTESIAN_POINT('Origin',(181.368928880116,-4.21013788806665,1.51));
#16441=CARTESIAN_POINT('',(181.368928880116,-4.20679725377056,1.51));
#16442=CARTESIAN_POINT('',(181.368928880116,-4.21013788806665,1.51));
#16443=CARTESIAN_POINT('Origin',(181.371885141972,-4.21014306754223,1.51));
#16444=CARTESIAN_POINT('',(181.371885141972,-4.21014306754223,1.51));
#16445=CARTESIAN_POINT('',(181.371885141972,-4.21014306754223,1.51));
#16446=CARTESIAN_POINT('',(181.371885141972,-4.21014306754223,1.51));
#16447=CARTESIAN_POINT('Origin',(181.371885141972,-10.7364721089792,1.51));
#16448=CARTESIAN_POINT('',(181.371885141972,-10.7401430675423,1.51));
#16449=CARTESIAN_POINT('',(181.371885141972,-10.7364721089792,1.51));
#16450=CARTESIAN_POINT('Origin',(218.947062720536,-10.7364721089792,1.51));
#16451=CARTESIAN_POINT('',(218.947062720536,-10.7364721089791,1.51));
#16452=CARTESIAN_POINT('',(181.368928880116,-10.7364721089792,1.51));
#16453=CARTESIAN_POINT('',(218.947062720536,-10.7364721089791,1.51));
#16454=CARTESIAN_POINT('Origin',(218.947062720536,97.4081569491098,1.51));
#16455=CARTESIAN_POINT('',(218.947062720536,97.4081569491098,1.51));
#16456=CARTESIAN_POINT('',(218.947062720536,97.4081569491098,1.51));
#16457=CARTESIAN_POINT('',(218.947062720536,97.4081569491098,1.51));
#16458=CARTESIAN_POINT('Origin',(187.748609650351,97.4081569491098,1.51));
#16459=CARTESIAN_POINT('',(218.947062720536,97.4081569491098,1.51));
#16460=CARTESIAN_POINT('Origin',(57.0012972884631,89.1023683722901,1.51));
#16461=CARTESIAN_POINT('',(60.4511261493646,89.1023683722901,1.51));
#16462=CARTESIAN_POINT('',(60.4511261493646,89.1023683722901,1.51));
#16463=CARTESIAN_POINT('Origin',(57.0012972884631,89.1023683722901,1.51));
#16464=CARTESIAN_POINT('Origin',(102.10285683869,67.7096332851299,1.51));
#16465=CARTESIAN_POINT('',(102.10285683869,67.7096332851299,1.51));
#16466=CARTESIAN_POINT('',(88.1035513161919,67.7096332851299,1.51));
#16467=CARTESIAN_POINT('',(88.1035513161919,67.7096332851299,1.51));
#16468=CARTESIAN_POINT('',(102.10285683869,67.7096332851299,1.51));
#16469=CARTESIAN_POINT('',(88.1035513161919,67.7096332851299,1.51));
#16470=CARTESIAN_POINT('Origin',(102.10285683869,53.7103277626313,1.51));
#16471=CARTESIAN_POINT('',(102.10285683869,53.7103277626313,1.51));
#16472=CARTESIAN_POINT('',(102.10285683869,67.7096332851299,1.51));
#16473=CARTESIAN_POINT('',(102.10285683869,53.7103277626313,1.51));
#16474=CARTESIAN_POINT('Origin',(88.1035513161919,53.7103277626313,1.51));
#16475=CARTESIAN_POINT('',(88.1035513161919,53.7103277626313,1.51));
#16476=CARTESIAN_POINT('',(102.10285683869,53.7103277626313,1.51));
#16477=CARTESIAN_POINT('',(88.1035513161919,53.7103277626313,1.51));
#16478=CARTESIAN_POINT('Origin',(88.1035513161919,67.7096332851299,1.51));
#16479=CARTESIAN_POINT('',(88.1035513161919,53.7103277626313,1.51));
#16480=CARTESIAN_POINT('Origin',(152.835546695586,107.777641471641,1.51));
#16481=CARTESIAN_POINT('',(152.835546695586,107.777641471641,1.51));
#16482=CARTESIAN_POINT('',(138.836233544072,107.777641471641,1.51));
#16483=CARTESIAN_POINT('',(138.836233544072,107.777641471641,1.51));
#16484=CARTESIAN_POINT('',(152.835546695586,107.777641471641,1.51));
#16485=CARTESIAN_POINT('',(138.836233544072,107.777641471641,1.51));
#16486=CARTESIAN_POINT('Origin',(152.835546695586,93.7783397636506,1.51));
#16487=CARTESIAN_POINT('',(152.835546695586,93.7783397636506,1.51));
#16488=CARTESIAN_POINT('',(152.835546695586,107.777641471641,1.51));
#16489=CARTESIAN_POINT('',(152.835546695586,93.7783397636506,1.51));
#16490=CARTESIAN_POINT('Origin',(138.836233544072,93.7783397636506,1.51));
#16491=CARTESIAN_POINT('',(138.836233544072,93.7783397636506,1.51));
#16492=CARTESIAN_POINT('',(152.835546695586,93.7783397636506,1.51));
#16493=CARTESIAN_POINT('',(138.836233544072,93.7783397636506,1.51));
#16494=CARTESIAN_POINT('Origin',(138.836233544072,107.777641471641,1.51));
#16495=CARTESIAN_POINT('',(138.836233544072,93.7783397636506,1.51));
#16496=CARTESIAN_POINT('Origin',(102.088056547513,42.2608911686067,1.51));
#16497=CARTESIAN_POINT('',(102.088056547513,42.2608911686067,1.51));
#16498=CARTESIAN_POINT('',(88.088751025014,42.2608911686067,1.51));
#16499=CARTESIAN_POINT('',(88.088751025014,42.2608911686067,1.51));
#16500=CARTESIAN_POINT('',(102.088056547513,42.2608911686067,1.51));
#16501=CARTESIAN_POINT('',(88.088751025014,42.2608911686067,1.51));
#16502=CARTESIAN_POINT('Origin',(102.088056547513,28.2615932751241,1.51));
#16503=CARTESIAN_POINT('',(102.088056547513,28.2615932751241,1.51));
#16504=CARTESIAN_POINT('',(102.088056547513,42.2608911686067,1.51));
#16505=CARTESIAN_POINT('',(102.088056547513,28.2615932751241,1.51));
#16506=CARTESIAN_POINT('Origin',(88.088751025014,28.2615932751241,1.51));
#16507=CARTESIAN_POINT('',(88.088751025014,28.2615932751241,1.51));
#16508=CARTESIAN_POINT('',(102.088056547513,28.2615932751241,1.51));
#16509=CARTESIAN_POINT('',(88.088751025014,28.2615932751241,1.51));
#16510=CARTESIAN_POINT('Origin',(88.088751025014,42.2608911686067,1.51));
#16511=CARTESIAN_POINT('',(88.088751025014,28.2615932751241,1.51));
#16512=CARTESIAN_POINT('Origin',(57.1012923279095,-8.57038627802492,1.51));
#16513=CARTESIAN_POINT('',(60.5511211888109,-8.57038627802492,1.51));
#16514=CARTESIAN_POINT('',(60.5511211888109,-8.57038627802492,1.51));
#16515=CARTESIAN_POINT('Origin',(57.1012923279095,-8.57038627802492,1.51));
#16516=CARTESIAN_POINT('Origin',(127.416801870254,25.0217485041686,1.51));
#16517=CARTESIAN_POINT('',(127.416801870254,25.0217485041686,1.51));
#16518=CARTESIAN_POINT('',(113.417496347756,25.0217485041686,1.51));
#16519=CARTESIAN_POINT('',(113.417496347756,25.0217485041686,1.51));
#16520=CARTESIAN_POINT('',(127.416801870254,25.0217485041686,1.51));
#16521=CARTESIAN_POINT('',(113.417496347756,25.0217485041686,1.51));
#16522=CARTESIAN_POINT('Origin',(127.416801870254,11.02244298167,1.51));
#16523=CARTESIAN_POINT('',(127.416801870254,11.02244298167,1.51));
#16524=CARTESIAN_POINT('',(127.416801870254,25.0217485041686,1.51));
#16525=CARTESIAN_POINT('',(127.416801870254,11.02244298167,1.51));
#16526=CARTESIAN_POINT('Origin',(113.417496347756,11.02244298167,1.51));
#16527=CARTESIAN_POINT('',(113.417496347756,11.02244298167,1.51));
#16528=CARTESIAN_POINT('',(127.416801870254,11.02244298167,1.51));
#16529=CARTESIAN_POINT('',(113.417496347756,11.02244298167,1.51));
#16530=CARTESIAN_POINT('Origin',(113.417496347756,25.0217485041686,1.51));
#16531=CARTESIAN_POINT('',(113.417496347756,11.02244298167,1.51));
#16532=CARTESIAN_POINT('Origin',(178.209081971681,25.2417388115933,1.51));
#16533=CARTESIAN_POINT('',(178.209081971681,25.2417388115933,1.51));
#16534=CARTESIAN_POINT('',(164.209776449182,25.2417388115933,1.51));
#16535=CARTESIAN_POINT('',(164.209776449182,25.2417388115933,1.51));
#16536=CARTESIAN_POINT('',(178.209081971681,25.2417388115933,1.51));
#16537=CARTESIAN_POINT('',(164.209776449182,25.2417388115933,1.51));
#16538=CARTESIAN_POINT('Origin',(178.209081971681,11.2424332890947,1.51));
#16539=CARTESIAN_POINT('',(178.209081971681,11.2424332890947,1.51));
#16540=CARTESIAN_POINT('',(178.209081971681,25.2417388115933,1.51));
#16541=CARTESIAN_POINT('',(178.209081971681,11.2424332890947,1.51));
#16542=CARTESIAN_POINT('Origin',(164.209776449182,11.2424332890947,1.51));
#16543=CARTESIAN_POINT('',(164.209776449182,11.2424332890947,1.51));
#16544=CARTESIAN_POINT('',(178.209081971681,11.2424332890947,1.51));
#16545=CARTESIAN_POINT('',(164.209776449182,11.2424332890947,1.51));
#16546=CARTESIAN_POINT('Origin',(164.209776449182,25.2417388115933,1.51));
#16547=CARTESIAN_POINT('',(164.209776449182,11.2424332890947,1.51));
#16548=CARTESIAN_POINT('Origin',(102.118053838704,93.0483726189247,1.51));
#16549=CARTESIAN_POINT('',(102.118053838704,93.0483726189247,1.51));
#16550=CARTESIAN_POINT('',(88.1187483162054,93.0483726189247,1.51));
#16551=CARTESIAN_POINT('',(88.1187483162054,93.0483726189247,1.51));
#16552=CARTESIAN_POINT('',(102.118053838704,93.0483726189247,1.51));
#16553=CARTESIAN_POINT('',(88.1187483162054,93.0483726189247,1.51));
#16554=CARTESIAN_POINT('Origin',(102.118053838704,79.049067096426,1.51));
#16555=CARTESIAN_POINT('',(102.118053838704,79.049067096426,1.51));
#16556=CARTESIAN_POINT('',(102.118053838704,93.0483726189247,1.51));
#16557=CARTESIAN_POINT('',(102.118053838704,79.049067096426,1.51));
#16558=CARTESIAN_POINT('Origin',(88.1187483162054,79.0490670964261,1.51));
#16559=CARTESIAN_POINT('',(88.1187483162054,79.0490670964261,1.51));
#16560=CARTESIAN_POINT('',(102.118053838704,79.049067096426,1.51));
#16561=CARTESIAN_POINT('',(88.1187483162054,79.0490670964261,1.51));
#16562=CARTESIAN_POINT('Origin',(88.1187483162054,93.0483726189247,1.51));
#16563=CARTESIAN_POINT('',(88.1187483162054,79.0490670964261,1.51));
#16564=CARTESIAN_POINT('Origin',(88.3437433258981,-8.04382172321109,1.51));
#16565=CARTESIAN_POINT('',(88.3437433258981,-17.1863627818421,1.51));
#16566=CARTESIAN_POINT('',(88.3437433258981,-17.1863627818421,1.51));
#16567=CARTESIAN_POINT('',(88.3437433258981,-8.04382172321109,1.51));
#16568=CARTESIAN_POINT('',(88.3437433258981,-17.1863627818421,1.51));
#16569=CARTESIAN_POINT('',(88.3437433258981,-8.04382172321109,1.51));
#16570=CARTESIAN_POINT('Origin',(177.368928880116,-8.19979532647434,1.51));
#16571=CARTESIAN_POINT('',(177.368928880116,-8.19979532647434,1.51));
#16572=CARTESIAN_POINT('',(88.3437433258981,-8.04382172321109,1.51));
#16573=CARTESIAN_POINT('',(177.368928880116,-8.19979532647434,1.51));
#16574=CARTESIAN_POINT('Origin',(177.368928880116,-14.7364721089792,1.51));
#16575=CARTESIAN_POINT('',(177.368928880116,-14.7364721089792,1.51));
#16576=CARTESIAN_POINT('',(177.368928880116,-8.19979532647434,1.51));
#16577=CARTESIAN_POINT('',(177.368928880116,-14.7364721089792,1.51));
#16578=CARTESIAN_POINT('Origin',(222.947062720536,-14.7364721089792,1.51));
#16579=CARTESIAN_POINT('',(222.947062720536,-14.7364721089792,1.51));
#16580=CARTESIAN_POINT('',(212.407386225258,-14.7364721089792,1.51));
#16581=CARTESIAN_POINT('',(222.947062720536,-14.7364721089792,1.51));
#16582=CARTESIAN_POINT('Origin',(222.947062720536,101.40815694911,1.51));
#16583=CARTESIAN_POINT('',(222.947062720536,101.40815694911,1.51));
#16584=CARTESIAN_POINT('',(222.947062720536,101.40815694911,1.51));
#16585=CARTESIAN_POINT('',(222.947062720536,101.40815694911,1.51));
#16586=CARTESIAN_POINT('Origin',(191.748609650351,101.40815694911,1.51));
#16587=CARTESIAN_POINT('',(191.748609650351,101.40815694911,1.51));
#16588=CARTESIAN_POINT('',(222.947062720536,101.40815694911,1.51));
#16589=CARTESIAN_POINT('',(191.748609650351,101.40815694911,1.51));
#16590=CARTESIAN_POINT('Origin',(191.748609650351,111.527653873025,1.51));
#16591=CARTESIAN_POINT('',(191.748609650351,111.527653873025,1.51));
#16592=CARTESIAN_POINT('',(191.748609650351,101.40815694911,1.51));
#16593=CARTESIAN_POINT('',(191.748609650351,111.527653873025,1.51));
#16594=CARTESIAN_POINT('Origin',(163.650005091711,111.527653873025,1.51));
#16595=CARTESIAN_POINT('',(163.650005091711,111.527653873025,1.51));
#16596=CARTESIAN_POINT('',(191.748609650351,111.527653873025,1.51));
#16597=CARTESIAN_POINT('',(163.650005091711,111.527653873025,1.51));
#16598=CARTESIAN_POINT('Origin',(163.650005091711,120.517209597642,1.51));
#16599=CARTESIAN_POINT('',(163.650005091711,120.517209597642,1.51));
#16600=CARTESIAN_POINT('',(163.650005091711,111.527653873025,1.51));
#16601=CARTESIAN_POINT('',(163.650005091711,120.517209597642,1.51));
#16602=CARTESIAN_POINT('Origin',(127.061426975907,120.517209597642,1.51));
#16603=CARTESIAN_POINT('',(127.061426975907,120.517209597642,1.51));
#16604=CARTESIAN_POINT('',(163.650005091711,120.517209597642,1.51));
#16605=CARTESIAN_POINT('',(127.061426975907,120.517209597642,1.51));
#16606=CARTESIAN_POINT('Origin',(127.061426975907,112.017631244696,1.51));
#16607=CARTESIAN_POINT('',(127.061426975907,112.017631244696,1.51));
#16608=CARTESIAN_POINT('',(127.061426975907,120.517209597642,1.51));
#16609=CARTESIAN_POINT('',(127.061426975907,112.017631244696,1.51));
#16610=CARTESIAN_POINT('Origin',(101.252709736072,112.017631244696,1.51));
#16611=CARTESIAN_POINT('',(127.061426975907,112.017631244696,1.51));
#16612=CARTESIAN_POINT('Origin',(74.7337658290267,97.7183375522519,1.51));
#16613=CARTESIAN_POINT('',(74.7337658290267,97.7183375522519,1.51));
#16614=CARTESIAN_POINT('',(79.1485401070519,104.508001646146,1.51));
#16615=CARTESIAN_POINT('',(74.7337658290267,97.7183375522519,1.51));
#16616=CARTESIAN_POINT('Origin',(57.3850343044571,97.7183375522518,1.51));
#16617=CARTESIAN_POINT('',(57.3850343044571,97.7183375522518,1.51));
#16618=CARTESIAN_POINT('',(74.7337658290267,97.7183375522519,1.51));
#16619=CARTESIAN_POINT('',(57.3850343044571,97.7183375522518,1.51));
#16620=CARTESIAN_POINT('Origin',(52.3852426595855,97.7182383742559,1.51));
#16621=CARTESIAN_POINT('',(52.3852426595855,97.7182383742559,1.51));
#16622=CARTESIAN_POINT('',(57.3850343044571,97.7183375522518,1.51));
#16623=CARTESIAN_POINT('',(52.3852426595855,97.7182383742559,1.51));
#16624=CARTESIAN_POINT('Origin',(48.385323755324,97.7144967536274,1.51));
#16625=CARTESIAN_POINT('',(52.3852426595855,97.7182383742559,1.51));
#16626=CARTESIAN_POINT('Origin',(48.4853248979832,-13.1901044766925,1.51));
#16627=CARTESIAN_POINT('',(48.4853248979832,-13.1901044766925,1.51));
#16628=CARTESIAN_POINT('Origin',(88.3437433258981,-17.1863627818421,1.51));
#16629=CARTESIAN_POINT('',(52.4853231479478,-17.1863627818421,1.51));
#16630=CARTESIAN_POINT('Origin',(135.66619323793,51.6654234078998,1.51));
#16631=CARTESIAN_POINT('Origin',(65.5846714844648,86.2087119207896,1.51));
#16632=CARTESIAN_POINT('',(66.0820824892289,87.3554147065563,1.51));
#16633=CARTESIAN_POINT('',(65.1320699693326,85.0435952506465,1.51));
#16634=CARTESIAN_POINT('Origin',(65.5846714844648,86.2087119207896,1.51));
#16635=CARTESIAN_POINT('',(65.1320699693326,85.0435952506465,3.11));
#16636=CARTESIAN_POINT('',(65.1320699693326,85.0435952506465,1.51));
#16637=CARTESIAN_POINT('',(66.0820824892289,87.3554147065563,3.11));
#16638=CARTESIAN_POINT('Origin',(65.5846714844648,86.2087119207896,3.11));
#16639=CARTESIAN_POINT('',(66.0820824892289,87.3554147065563,1.51));
#16640=CARTESIAN_POINT('Origin',(65.5818851419725,86.2098569324577,1.51));
#16641=CARTESIAN_POINT('Origin',(65.5818851419725,86.2098569324577,1.51));
#16642=CARTESIAN_POINT('Origin',(65.5818851419725,86.2098569324577,3.11));
#16643=CARTESIAN_POINT('Origin',(65.5833093166785,86.2092534231638,3.11));
#16644=CARTESIAN_POINT('Origin',(65.5833093166785,86.2092534231638,1.51));
#16645=CARTESIAN_POINT('Origin',(65.5846714844648,82.8088805796114,1.51));
#16646=CARTESIAN_POINT('',(66.0213166330963,83.9800705730463,1.51));
#16647=CARTESIAN_POINT('',(65.1947893934953,81.6213045013383,1.51));
#16648=CARTESIAN_POINT('Origin',(65.5846714844648,82.8088805796114,1.51));
#16649=CARTESIAN_POINT('',(65.1947893934953,81.6213045013383,3.11));
#16650=CARTESIAN_POINT('',(65.1947893934953,81.6213045013383,1.51));
#16651=CARTESIAN_POINT('',(66.0213166330963,83.9800705730463,3.11));
#16652=CARTESIAN_POINT('Origin',(65.5846714844648,82.8088805796114,3.11));
#16653=CARTESIAN_POINT('',(66.0213166330963,83.9800705730463,1.51));
#16654=CARTESIAN_POINT('Origin',(65.5818851419725,82.8098569324577,1.51));
#16655=CARTESIAN_POINT('Origin',(65.5818851419725,82.8098569324577,1.51));
#16656=CARTESIAN_POINT('Origin',(65.5818851419725,82.8098569324577,3.11));
#16657=CARTESIAN_POINT('Origin',(65.5833093166785,82.8093377525747,3.11));
#16658=CARTESIAN_POINT('Origin',(65.5833093166785,82.8093377525747,1.51));
#16659=CARTESIAN_POINT('Origin',(214.331092472512,92.7921853278629,1.51));
#16660=CARTESIAN_POINT('',(213.818792377604,94.3078682230338,1.51));
#16661=CARTESIAN_POINT('',(214.797947893266,91.2618938386137,1.51));
#16662=CARTESIAN_POINT('Origin',(214.331092472512,92.7921853278629,1.51));
#16663=CARTESIAN_POINT('',(213.818792377604,94.3078682230338,3.11));
#16664=CARTESIAN_POINT('',(213.818792377604,94.3078682230338,1.51));
#16665=CARTESIAN_POINT('',(214.797947893266,91.2618938386137,3.11));
#16666=CARTESIAN_POINT('Origin',(214.331092472512,92.7921853278629,3.11));
#16667=CARTESIAN_POINT('',(214.797947893266,91.2618938386137,1.51));
#16668=CARTESIAN_POINT('Origin',(214.335692141972,92.7936639324577,1.51));
#16669=CARTESIAN_POINT('Origin',(214.335692141972,92.7936639324577,1.51));
#16670=CARTESIAN_POINT('Origin',(214.335692141972,92.7936639324577,3.11));
#16671=CARTESIAN_POINT('Origin',(214.331092472512,92.7921853278629,1.51));
#16672=CARTESIAN_POINT('',(217.780921333413,92.7921853278629,3.11));
#16673=CARTESIAN_POINT('Origin',(214.331092472512,92.7921853278629,3.11));
#16674=CARTESIAN_POINT('',(217.780921333413,92.7921853278629,1.51));
#16675=CARTESIAN_POINT('',(217.780921333413,92.7921853278629,1.51));
#16676=CARTESIAN_POINT('Origin',(214.331092472512,92.7921853278629,1.51));
#16677=CARTESIAN_POINT('Origin',(214.331092472512,92.7921853278629,3.11));
#16678=CARTESIAN_POINT('Origin',(214.331092472512,92.7921853278629,1.51));
#16679=CARTESIAN_POINT('Origin',(214.331092472512,-6.12050781158771,1.51));
#16680=CARTESIAN_POINT('',(215.274191936615,-4.82810329799126,1.51));
#16681=CARTESIAN_POINT('',(213.357188750312,-7.38986101926557,1.51));
#16682=CARTESIAN_POINT('Origin',(214.331092472512,-6.12050781158771,1.51));
#16683=CARTESIAN_POINT('',(215.274191936615,-4.82810329799126,3.11));
#16684=CARTESIAN_POINT('',(215.274191936615,-4.82810329799126,1.51));
#16685=CARTESIAN_POINT('',(213.357188750312,-7.38986101926557,3.11));
#16686=CARTESIAN_POINT('Origin',(214.331092472512,-6.12050781158771,3.11));
#16687=CARTESIAN_POINT('',(213.357188750312,-7.38986101926557,1.51));
#16688=CARTESIAN_POINT('Origin',(214.335691141972,-6.12394906754226,1.51));
#16689=CARTESIAN_POINT('Origin',(214.335691141972,-6.12394906754226,1.51));
#16690=CARTESIAN_POINT('Origin',(214.335691141972,-6.12394906754226,3.11));
#16691=CARTESIAN_POINT('Origin',(214.331092472512,-6.12050781158771,1.51));
#16692=CARTESIAN_POINT('',(217.780921333413,-6.12050781158771,3.11));
#16693=CARTESIAN_POINT('Origin',(214.331092472512,-6.12050781158771,3.11));
#16694=CARTESIAN_POINT('',(217.780921333413,-6.12050781158771,1.51));
#16695=CARTESIAN_POINT('',(217.780921333413,-6.12050781158771,1.51));
#16696=CARTESIAN_POINT('Origin',(214.331092472512,-6.12050781158771,1.51));
#16697=CARTESIAN_POINT('Origin',(214.331092472512,-6.12050781158771,3.11));
#16698=CARTESIAN_POINT('Origin',(214.331092472512,-6.12050781158771,1.51));
#16699=CARTESIAN_POINT('Origin',(57.0012972884631,89.1023683722901,1.51));
#16700=CARTESIAN_POINT('',(56.43669604811,87.6053809089666,1.51));
#16701=CARTESIAN_POINT('',(57.6306077192227,90.5733253423247,1.51));
#16702=CARTESIAN_POINT('Origin',(57.0012972884631,89.1023683722901,1.51));
#16703=CARTESIAN_POINT('',(56.43669604811,87.6053809089666,3.11));
#16704=CARTESIAN_POINT('',(56.43669604811,87.6053809089666,1.51));
#16705=CARTESIAN_POINT('',(57.6306077192227,90.5733253423247,3.11));
#16706=CARTESIAN_POINT('Origin',(57.0012972884631,89.1023683722901,3.11));
#16707=CARTESIAN_POINT('',(57.6306077192227,90.5733253423247,1.51));
#16708=CARTESIAN_POINT('Origin',(56.9980791419724,89.1036629324577,1.51));
#16709=CARTESIAN_POINT('Origin',(56.9980791419724,89.1036629324577,1.51));
#16710=CARTESIAN_POINT('Origin',(56.9980791419724,89.1036629324577,3.11));
#16711=CARTESIAN_POINT('Origin',(57.0012972884631,89.1023683722901,1.51));
#16712=CARTESIAN_POINT('',(60.4511261493646,89.1023683722901,3.11));
#16713=CARTESIAN_POINT('Origin',(57.0012972884631,89.1023683722901,3.11));
#16714=CARTESIAN_POINT('',(60.4511261493646,89.1023683722901,1.51));
#16715=CARTESIAN_POINT('',(60.4511261493646,89.1023683722901,1.51));
#16716=CARTESIAN_POINT('Origin',(57.0012972884631,89.1023683722901,1.51));
#16717=CARTESIAN_POINT('Origin',(57.0012972884631,89.1023683722901,3.11));
#16718=CARTESIAN_POINT('Origin',(57.0012972884631,89.1023683722901,1.51));
#16719=CARTESIAN_POINT('Origin',(57.1012923279095,-8.57038627802492,1.51));
#16720=CARTESIAN_POINT('',(58.3053820563393,-9.62391081587207,1.51));
#16721=CARTESIAN_POINT('',(55.9294427395985,-7.48111378303964,1.51));
#16722=CARTESIAN_POINT('Origin',(57.1012923279095,-8.57038627802492,1.51));
#16723=CARTESIAN_POINT('',(58.3053820563393,-9.62391081587207,3.11));
#16724=CARTESIAN_POINT('',(58.3053820563393,-9.62391081587207,1.51));
#16725=CARTESIAN_POINT('',(55.9294427395985,-7.48111378303964,3.11));
#16726=CARTESIAN_POINT('Origin',(57.1012923279095,-8.57038627802492,3.11));
#16727=CARTESIAN_POINT('',(55.9294427395985,-7.48111378303964,1.51));
#16728=CARTESIAN_POINT('Origin',(57.0980791419725,-8.57394906754227,1.51));
#16729=CARTESIAN_POINT('Origin',(57.0980791419725,-8.57394906754227,1.51));
#16730=CARTESIAN_POINT('Origin',(57.0980791419725,-8.57394906754227,3.11));
#16731=CARTESIAN_POINT('Origin',(57.1012923279095,-8.57038627802492,1.51));
#16732=CARTESIAN_POINT('',(60.5511211888109,-8.57038627802492,3.11));
#16733=CARTESIAN_POINT('Origin',(57.1012923279095,-8.57038627802492,3.11));
#16734=CARTESIAN_POINT('',(60.5511211888109,-8.57038627802492,1.51));
#16735=CARTESIAN_POINT('',(60.5511211888109,-8.57038627802492,1.51));
#16736=CARTESIAN_POINT('Origin',(57.1012923279095,-8.57038627802492,1.51));
#16737=CARTESIAN_POINT('Origin',(57.1012923279095,-8.57038627802492,3.11));
#16738=CARTESIAN_POINT('Origin',(57.1012923279095,-8.57038627802492,1.51));
#16739=CARTESIAN_POINT('Origin',(84.3437433258981,-4.04014632314638,1.51));
#16740=CARTESIAN_POINT('',(84.3437433258981,-13.1863627818421,1.51));
#16741=CARTESIAN_POINT('',(84.3437433258981,-4.04014632314638,1.51));
#16742=CARTESIAN_POINT('',(84.3437433258981,-13.1863627818421,1.51));
#16743=CARTESIAN_POINT('',(84.3437433258981,-4.04014632314638,-6.49));
#16744=CARTESIAN_POINT('',(84.3437433258981,-4.04014632314638,1.51));
#16745=CARTESIAN_POINT('',(84.3437433258981,-13.1863627818421,-6.49));
#16746=CARTESIAN_POINT('',(84.3437433258981,-13.1863627818421,-6.49));
#16747=CARTESIAN_POINT('',(84.3437433258981,-13.1863627818421,1.51));
#16748=CARTESIAN_POINT('Origin',(181.368928880116,-4.21013788806665,1.51));
#16749=CARTESIAN_POINT('',(181.368928880116,-4.21013788806665,1.51));
#16750=CARTESIAN_POINT('',(181.371885141972,-4.21014306754223,1.51));
#16751=CARTESIAN_POINT('',(181.368928880116,-4.21013788806665,-6.49));
#16752=CARTESIAN_POINT('',(181.368928880116,-4.21013788806665,1.51));
#16753=CARTESIAN_POINT('',(181.371885141972,-4.21014306754223,-6.49));
#16754=CARTESIAN_POINT('Origin',(181.368928880116,-10.7364721089792,1.51));
#16755=CARTESIAN_POINT('',(181.368928880116,-10.7364721089792,1.51));
#16756=CARTESIAN_POINT('',(181.368928880116,-4.20679725377056,1.51));
#16757=CARTESIAN_POINT('',(181.368928880116,-10.7364721089792,-6.49));
#16758=CARTESIAN_POINT('',(181.368928880116,-10.7364721089792,1.51));
#16759=CARTESIAN_POINT('',(181.368928880116,-4.20679725377056,-6.49));
#16760=CARTESIAN_POINT('Origin',(181.371885141972,-10.7364721089792,1.51));
#16761=CARTESIAN_POINT('',(181.371885141972,-10.7364721089792,1.51));
#16762=CARTESIAN_POINT('',(181.368928880116,-10.7364721089792,1.51));
#16763=CARTESIAN_POINT('',(181.371885141972,-10.7364721089792,-6.49));
#16764=CARTESIAN_POINT('',(181.371885141972,-10.7364721089792,1.51));
#16765=CARTESIAN_POINT('',(181.368928880116,-10.7364721089792,-6.49));
#16766=CARTESIAN_POINT('Origin',(181.371885141972,-10.7401430675423,1.51));
#16767=CARTESIAN_POINT('',(181.371885141972,-10.7401430675423,1.51));
#16768=CARTESIAN_POINT('',(181.371885141972,-10.7401430675423,1.51));
#16769=CARTESIAN_POINT('',(181.371885141972,-10.7401430675423,-6.49));
#16770=CARTESIAN_POINT('',(181.371885141972,-10.7401430675423,1.51));
#16771=CARTESIAN_POINT('',(181.371885141972,-10.7401430675423,-6.49));
#16772=CARTESIAN_POINT('Origin',(218.951885141972,-10.7401430675423,1.51));
#16773=CARTESIAN_POINT('',(218.951885141972,-10.7401430675423,1.51));
#16774=CARTESIAN_POINT('',(218.951885141972,-10.7401430675423,1.51));
#16775=CARTESIAN_POINT('',(218.951885141973,-10.7401430675423,-6.49));
#16776=CARTESIAN_POINT('',(218.951885141972,-10.7401430675423,1.51));
#16777=CARTESIAN_POINT('',(218.951885141972,-10.7401430675423,-6.49));
#16778=CARTESIAN_POINT('Origin',(218.951885141972,97.4098569324578,1.51));
#16779=CARTESIAN_POINT('',(218.951885141972,97.4098569324578,1.51));
#16780=CARTESIAN_POINT('',(218.951885141972,97.4098569324578,1.51));
#16781=CARTESIAN_POINT('',(218.951885141973,97.4098569324578,-6.49));
#16782=CARTESIAN_POINT('',(218.951885141972,97.4098569324578,1.51));
#16783=CARTESIAN_POINT('',(218.951885141972,97.4098569324578,-6.49));
#16784=CARTESIAN_POINT('Origin',(187.751885141972,97.4098569324578,1.51));
#16785=CARTESIAN_POINT('',(187.751885141972,97.4098569324578,1.51));
#16786=CARTESIAN_POINT('',(187.751885141972,97.4098569324578,1.51));
#16787=CARTESIAN_POINT('',(187.751885141972,97.4098569324578,-6.49));
#16788=CARTESIAN_POINT('',(187.751885141972,97.4098569324578,1.51));
#16789=CARTESIAN_POINT('',(187.751885141972,97.4098569324578,-6.49));
#16790=CARTESIAN_POINT('Origin',(187.751885141972,107.529856932458,1.51));
#16791=CARTESIAN_POINT('',(187.751885141972,107.529856932458,1.51));
#16792=CARTESIAN_POINT('',(187.751885141972,107.529856932458,1.51));
#16793=CARTESIAN_POINT('',(187.751885141972,107.529856932458,-6.49));
#16794=CARTESIAN_POINT('',(187.751885141972,107.529856932458,1.51));
#16795=CARTESIAN_POINT('',(187.751885141972,107.529856932458,-6.49));
#16796=CARTESIAN_POINT('Origin',(159.651885141972,107.529856932458,1.51));
#16797=CARTESIAN_POINT('',(159.651885141972,107.529856932458,1.51));
#16798=CARTESIAN_POINT('',(159.651885141972,107.529856932458,1.51));
#16799=CARTESIAN_POINT('',(159.651885141972,107.529856932458,-6.49));
#16800=CARTESIAN_POINT('',(159.651885141972,107.529856932458,1.51));
#16801=CARTESIAN_POINT('',(159.651885141972,107.529856932458,-6.49));
#16802=CARTESIAN_POINT('Origin',(159.651885141972,116.519856932458,1.51));
#16803=CARTESIAN_POINT('',(159.651885141972,116.519856932458,1.51));
#16804=CARTESIAN_POINT('',(159.651885141972,116.519856932458,1.51));
#16805=CARTESIAN_POINT('',(159.651885141972,116.519856932458,-6.49));
#16806=CARTESIAN_POINT('',(159.651885141972,116.519856932458,1.51));
#16807=CARTESIAN_POINT('',(159.651885141972,116.519856932458,-6.49));
#16808=CARTESIAN_POINT('Origin',(131.061885141972,116.519856932458,1.51));
#16809=CARTESIAN_POINT('',(131.061885141972,116.519856932458,1.51));
#16810=CARTESIAN_POINT('',(131.061885141972,116.519856932458,1.51));
#16811=CARTESIAN_POINT('',(131.061885141972,116.519856932458,-6.49));
#16812=CARTESIAN_POINT('',(131.061885141972,116.519856932458,1.51));
#16813=CARTESIAN_POINT('',(131.061885141972,116.519856932458,-6.49));
#16814=CARTESIAN_POINT('Origin',(131.061885141972,116.517209597642,1.51));
#16815=CARTESIAN_POINT('',(131.061885141972,116.517209597642,1.51));
#16816=CARTESIAN_POINT('',(131.061885141972,108.019856932458,1.51));
#16817=CARTESIAN_POINT('',(131.061885141972,116.517209597642,-6.49));
#16818=CARTESIAN_POINT('',(131.061885141972,116.517209597642,1.51));
#16819=CARTESIAN_POINT('',(131.061885141972,108.019856932458,-6.49));
#16820=CARTESIAN_POINT('Origin',(131.061426975907,116.517209597642,1.51));
#16821=CARTESIAN_POINT('',(131.061426975907,116.517209597642,1.51));
#16822=CARTESIAN_POINT('',(159.650005091711,116.517209597642,1.51));
#16823=CARTESIAN_POINT('',(131.061426975907,116.517209597642,-6.49));
#16824=CARTESIAN_POINT('',(131.061426975907,116.517209597642,1.51));
#16825=CARTESIAN_POINT('',(159.650005091711,116.517209597642,-6.49));
#16826=CARTESIAN_POINT('Origin',(131.061426975907,108.017631244696,1.51));
#16827=CARTESIAN_POINT('',(131.061426975907,108.017631244696,1.51));
#16828=CARTESIAN_POINT('',(131.061426975907,116.517209597642,1.51));
#16829=CARTESIAN_POINT('',(131.061426975907,108.017631244696,-6.49));
#16830=CARTESIAN_POINT('',(131.061426975907,108.017631244696,1.51));
#16831=CARTESIAN_POINT('',(131.061426975907,116.517209597642,-6.49));
#16832=CARTESIAN_POINT('Origin',(105.252709736072,108.017631244696,1.51));
#16833=CARTESIAN_POINT('',(105.252709736072,108.017631244696,1.51));
#16834=CARTESIAN_POINT('',(131.061426975907,108.017631244696,1.51));
#16835=CARTESIAN_POINT('',(105.252709736072,108.017631244696,-6.49));
#16836=CARTESIAN_POINT('',(105.252709736072,108.017631244696,1.51));
#16837=CARTESIAN_POINT('',(131.061426975907,108.017631244696,-6.49));
#16838=CARTESIAN_POINT('Origin',(105.252709736072,100.508001646146,1.51));
#16839=CARTESIAN_POINT('',(105.252709736072,100.508001646146,1.51));
#16840=CARTESIAN_POINT('',(105.252709736072,108.017631244696,1.51));
#16841=CARTESIAN_POINT('',(105.252709736072,100.508001646146,-6.49));
#16842=CARTESIAN_POINT('',(105.252709736072,100.508001646146,1.51));
#16843=CARTESIAN_POINT('',(105.252709736072,108.017631244696,-6.49));
#16844=CARTESIAN_POINT('Origin',(81.3188842278246,100.508001646146,1.51));
#16845=CARTESIAN_POINT('',(81.3188842278246,100.508001646146,1.51));
#16846=CARTESIAN_POINT('',(105.252709736072,100.508001646146,1.51));
#16847=CARTESIAN_POINT('',(81.3188842278246,100.508001646146,-6.49));
#16848=CARTESIAN_POINT('',(81.3188842278246,100.508001646146,1.51));
#16849=CARTESIAN_POINT('',(105.252709736072,100.508001646146,-6.49));
#16850=CARTESIAN_POINT('Origin',(76.9041099497994,93.7183375522518,1.51));
#16851=CARTESIAN_POINT('',(76.9041099497994,93.7183375522518,1.51));
#16852=CARTESIAN_POINT('',(81.3188842278246,100.508001646146,1.51));
#16853=CARTESIAN_POINT('',(76.9041099497994,93.7183375522518,-6.49));
#16854=CARTESIAN_POINT('',(76.9041099497994,93.7183375522518,1.51));
#16855=CARTESIAN_POINT('',(81.3188842278246,100.508001646146,-6.49));
#16856=CARTESIAN_POINT('Origin',(57.3850739776095,93.7183375522518,1.51));
#16857=CARTESIAN_POINT('',(57.3850739776095,93.7183375522518,1.51));
#16858=CARTESIAN_POINT('',(76.9041099497994,93.7183375522518,1.51));
#16859=CARTESIAN_POINT('',(57.3850739776095,93.7183375522518,-6.49));
#16860=CARTESIAN_POINT('',(57.3850739776095,93.7183375522518,1.51));
#16861=CARTESIAN_POINT('',(76.9041099497994,93.7183375522518,-6.49));
#16862=CARTESIAN_POINT('Origin',(52.3853220052886,93.7182383750429,1.51));
#16863=CARTESIAN_POINT('',(52.3853220052886,93.7182383750429,1.51));
#16864=CARTESIAN_POINT('',(57.3850739776095,93.7183375522518,1.51));
#16865=CARTESIAN_POINT('',(52.3853220052886,93.7182383750429,-6.49));
#16866=CARTESIAN_POINT('',(52.3853220052886,93.7182383750429,1.51));
#16867=CARTESIAN_POINT('',(57.3850739776095,93.7183375522518,-6.49));
#16868=CARTESIAN_POINT('Origin',(52.4853231479478,-13.1863627818421,1.51));
#16869=CARTESIAN_POINT('',(52.4853231479478,-13.1863627818421,1.51));
#16870=CARTESIAN_POINT('',(52.4853231479478,-13.1863627818421,1.51));
#16871=CARTESIAN_POINT('',(52.4853231479478,-13.1863627818421,-6.49));
#16872=CARTESIAN_POINT('',(52.4853231479478,-13.1863627818421,1.51));
#16873=CARTESIAN_POINT('',(52.4853231479478,-13.1863627818421,-6.49));
#16874=CARTESIAN_POINT('Origin',(84.3437433258981,-13.1863627818421,1.51));
#16875=CARTESIAN_POINT('',(52.4853231479478,-13.1863627818421,1.51));
#16876=CARTESIAN_POINT('',(52.4853231479478,-13.1863627818421,-6.49));
#16877=CARTESIAN_POINT('Origin',(48.4853248979832,-13.1901044766925,1.51));
#16878=CARTESIAN_POINT('',(48.4853248979832,-17.1863627818421,1.51));
#16879=CARTESIAN_POINT('',(48.4853248979832,-13.1901044766925,1.51));
#16880=CARTESIAN_POINT('',(48.4853248979832,-17.1863627818421,1.51));
#16881=CARTESIAN_POINT('',(48.4853248979832,-13.1901044766925,-6.49));
#16882=CARTESIAN_POINT('',(48.4853248979832,-13.1901044766925,1.51));
#16883=CARTESIAN_POINT('',(48.4853248979832,-17.1863627818421,-6.49));
#16884=CARTESIAN_POINT('',(48.4853248979832,-17.1863627818421,-6.49));
#16885=CARTESIAN_POINT('',(48.4853248979832,-17.1863627818421,1.51));
#16886=CARTESIAN_POINT('Origin',(48.385323755324,93.7144966801925,1.51));
#16887=CARTESIAN_POINT('',(48.385323755324,93.7144966801925,1.51));
#16888=CARTESIAN_POINT('',(48.4853248979832,-13.1901044766925,1.51));
#16889=CARTESIAN_POINT('',(48.385323755324,93.7144966801925,-6.49));
#16890=CARTESIAN_POINT('',(48.385323755324,93.7144966801925,1.51));
#16891=CARTESIAN_POINT('',(48.4853248979832,-13.1901044766925,-6.49));
#16892=CARTESIAN_POINT('Origin',(48.385323755324,97.7144967536274,1.51));
#16893=CARTESIAN_POINT('',(48.385323755324,97.7144967536274,1.51));
#16894=CARTESIAN_POINT('',(48.385323755324,97.7144967536274,1.51));
#16895=CARTESIAN_POINT('',(48.385323755324,97.7144967536274,-6.49));
#16896=CARTESIAN_POINT('',(48.385323755324,97.7144967536274,1.51));
#16897=CARTESIAN_POINT('',(48.385323755324,97.7144967536274,-6.49));
#16898=CARTESIAN_POINT('Origin',(52.3852426595855,97.7182383742559,1.51));
#16899=CARTESIAN_POINT('',(52.3852426595855,97.7182383742559,1.51));
#16900=CARTESIAN_POINT('',(52.3852426595855,97.7182383742559,1.51));
#16901=CARTESIAN_POINT('',(52.3852426595855,97.7182383742559,-6.49));
#16902=CARTESIAN_POINT('',(52.3852426595855,97.7182383742559,1.51));
#16903=CARTESIAN_POINT('',(52.3852426595855,97.7182383742559,-6.49));
#16904=CARTESIAN_POINT('Origin',(57.3850343044571,97.7183375522518,1.51));
#16905=CARTESIAN_POINT('',(57.3850343044571,97.7183375522518,1.51));
#16906=CARTESIAN_POINT('',(57.3850343044571,97.7183375522518,1.51));
#16907=CARTESIAN_POINT('',(57.3850343044571,97.7183375522518,-6.49));
#16908=CARTESIAN_POINT('',(57.3850343044571,97.7183375522518,1.51));
#16909=CARTESIAN_POINT('',(57.3850343044571,97.7183375522518,-6.49));
#16910=CARTESIAN_POINT('Origin',(74.7337658290267,97.7183375522519,1.51));
#16911=CARTESIAN_POINT('',(74.7337658290267,97.7183375522519,1.51));
#16912=CARTESIAN_POINT('',(74.7337658290267,97.7183375522519,1.51));
#16913=CARTESIAN_POINT('',(74.7337658290267,97.7183375522519,-6.49));
#16914=CARTESIAN_POINT('',(74.7337658290267,97.7183375522519,1.51));
#16915=CARTESIAN_POINT('',(74.7337658290267,97.7183375522519,-6.49));
#16916=CARTESIAN_POINT('Origin',(79.1485401070519,104.508001646146,1.51));
#16917=CARTESIAN_POINT('',(79.1485401070519,104.508001646146,1.51));
#16918=CARTESIAN_POINT('',(79.1485401070519,104.508001646146,1.51));
#16919=CARTESIAN_POINT('',(79.1485401070519,104.508001646146,-6.49));
#16920=CARTESIAN_POINT('',(79.1485401070519,104.508001646146,1.51));
#16921=CARTESIAN_POINT('',(79.1485401070519,104.508001646146,-6.49));
#16922=CARTESIAN_POINT('Origin',(101.252709736072,104.508001646146,1.51));
#16923=CARTESIAN_POINT('',(101.252709736072,104.508001646146,1.51));
#16924=CARTESIAN_POINT('',(101.252709736072,104.508001646146,1.51));
#16925=CARTESIAN_POINT('',(101.252709736072,104.508001646146,-6.49));
#16926=CARTESIAN_POINT('',(101.252709736072,104.508001646146,1.51));
#16927=CARTESIAN_POINT('',(101.252709736072,104.508001646146,-6.49));
#16928=CARTESIAN_POINT('Origin',(101.252709736072,112.017631244696,1.51));
#16929=CARTESIAN_POINT('',(101.252709736072,112.017631244696,1.51));
#16930=CARTESIAN_POINT('',(101.252709736072,112.017631244696,1.51));
#16931=CARTESIAN_POINT('',(101.252709736072,112.017631244696,-6.49));
#16932=CARTESIAN_POINT('',(101.252709736072,112.017631244696,1.51));
#16933=CARTESIAN_POINT('',(101.252709736072,112.017631244696,-6.49));
#16934=CARTESIAN_POINT('Origin',(127.061426975907,112.017631244696,1.51));
#16935=CARTESIAN_POINT('',(127.061426975907,112.017631244696,1.51));
#16936=CARTESIAN_POINT('',(127.061426975907,112.017631244696,1.51));
#16937=CARTESIAN_POINT('',(127.061426975907,112.017631244696,-6.49));
#16938=CARTESIAN_POINT('',(127.061426975907,112.017631244696,1.51));
#16939=CARTESIAN_POINT('',(127.061426975907,112.017631244696,-6.49));
#16940=CARTESIAN_POINT('Origin',(127.061426975907,120.517209597642,1.51));
#16941=CARTESIAN_POINT('',(127.061426975907,120.517209597642,1.51));
#16942=CARTESIAN_POINT('',(127.061426975907,120.517209597642,1.51));
#16943=CARTESIAN_POINT('',(127.061426975907,120.517209597642,-6.49));
#16944=CARTESIAN_POINT('',(127.061426975907,120.517209597642,1.51));
#16945=CARTESIAN_POINT('',(127.061426975907,120.517209597642,-6.49));
#16946=CARTESIAN_POINT('Origin',(163.650005091711,120.517209597642,1.51));
#16947=CARTESIAN_POINT('',(163.650005091711,120.517209597642,1.51));
#16948=CARTESIAN_POINT('',(163.650005091711,120.517209597642,1.51));
#16949=CARTESIAN_POINT('',(163.650005091711,120.517209597642,-6.49));
#16950=CARTESIAN_POINT('',(163.650005091711,120.517209597642,1.51));
#16951=CARTESIAN_POINT('',(163.650005091711,120.517209597642,-6.49));
#16952=CARTESIAN_POINT('Origin',(163.650005091711,111.527653873025,1.51));
#16953=CARTESIAN_POINT('',(163.650005091711,111.527653873025,1.51));
#16954=CARTESIAN_POINT('',(163.650005091711,111.527653873025,1.51));
#16955=CARTESIAN_POINT('',(163.650005091711,111.527653873025,-6.49));
#16956=CARTESIAN_POINT('',(163.650005091711,111.527653873025,1.51));
#16957=CARTESIAN_POINT('',(163.650005091711,111.527653873025,-6.49));
#16958=CARTESIAN_POINT('Origin',(191.748609650351,111.527653873025,1.51));
#16959=CARTESIAN_POINT('',(191.748609650351,111.527653873025,1.51));
#16960=CARTESIAN_POINT('',(191.748609650351,111.527653873025,1.51));
#16961=CARTESIAN_POINT('',(191.748609650351,111.527653873025,-6.49));
#16962=CARTESIAN_POINT('',(191.748609650351,111.527653873025,1.51));
#16963=CARTESIAN_POINT('',(191.748609650351,111.527653873025,-6.49));
#16964=CARTESIAN_POINT('Origin',(191.748609650351,101.40815694911,1.51));
#16965=CARTESIAN_POINT('',(191.748609650351,101.40815694911,1.51));
#16966=CARTESIAN_POINT('',(191.748609650351,101.40815694911,1.51));
#16967=CARTESIAN_POINT('',(191.748609650351,101.40815694911,-6.49));
#16968=CARTESIAN_POINT('',(191.748609650351,101.40815694911,1.51));
#16969=CARTESIAN_POINT('',(191.748609650351,101.40815694911,-6.49));
#16970=CARTESIAN_POINT('Origin',(222.947062720536,101.40815694911,1.51));
#16971=CARTESIAN_POINT('',(222.947062720536,101.40815694911,1.51));
#16972=CARTESIAN_POINT('',(222.947062720536,101.40815694911,1.51));
#16973=CARTESIAN_POINT('',(222.947062720536,101.40815694911,-6.49));
#16974=CARTESIAN_POINT('',(222.947062720536,101.40815694911,1.51));
#16975=CARTESIAN_POINT('',(222.947062720536,101.40815694911,-6.49));
#16976=CARTESIAN_POINT('Origin',(222.947062720536,-14.7364721089792,1.51));
#16977=CARTESIAN_POINT('',(222.947062720536,-14.7364721089792,1.51));
#16978=CARTESIAN_POINT('',(222.947062720536,101.40815694911,1.51));
#16979=CARTESIAN_POINT('',(222.947062720536,-14.7364721089792,-6.49));
#16980=CARTESIAN_POINT('',(222.947062720536,-14.7364721089792,1.51));
#16981=CARTESIAN_POINT('',(222.947062720536,101.40815694911,-6.49));
#16982=CARTESIAN_POINT('Origin',(177.368928880116,-14.7364721089793,1.51));
#16983=CARTESIAN_POINT('',(177.368928880116,-14.7364721089792,1.51));
#16984=CARTESIAN_POINT('',(212.407386225258,-14.7364721089792,1.51));
#16985=CARTESIAN_POINT('',(177.368928880116,-14.7364721089792,-6.49));
#16986=CARTESIAN_POINT('',(177.368928880116,-14.7364721089792,1.51));
#16987=CARTESIAN_POINT('',(212.407386225258,-14.7364721089792,-6.49));
#16988=CARTESIAN_POINT('Origin',(177.368928880116,-8.19979532647434,1.51));
#16989=CARTESIAN_POINT('',(177.368928880116,-8.19979532647434,1.51));
#16990=CARTESIAN_POINT('',(177.368928880116,-8.19979532647434,1.51));
#16991=CARTESIAN_POINT('',(177.368928880116,-8.19979532647434,-6.49));
#16992=CARTESIAN_POINT('',(177.368928880116,-8.19979532647434,1.51));
#16993=CARTESIAN_POINT('',(177.368928880116,-8.19979532647434,-6.49));
#16994=CARTESIAN_POINT('Origin',(88.3437433258981,-8.04382172321109,1.51));
#16995=CARTESIAN_POINT('',(88.3437433258981,-8.04382172321109,1.51));
#16996=CARTESIAN_POINT('',(88.3437433258981,-8.04382172321109,1.51));
#16997=CARTESIAN_POINT('',(88.3437433258981,-8.04382172321109,-6.49));
#16998=CARTESIAN_POINT('',(88.3437433258981,-8.04382172321109,1.51));
#16999=CARTESIAN_POINT('',(88.3437433258981,-8.04382172321109,-6.49));
#17000=CARTESIAN_POINT('Origin',(88.3437433258981,-17.1863627818421,1.51));
#17001=CARTESIAN_POINT('',(88.3437433258981,-17.1863627818421,1.51));
#17002=CARTESIAN_POINT('',(88.3437433258981,-17.1863627818421,1.51));
#17003=CARTESIAN_POINT('',(88.3437433258981,-17.1863627818421,-6.49));
#17004=CARTESIAN_POINT('',(88.3437433258981,-17.1863627818421,1.51));
#17005=CARTESIAN_POINT('',(88.3437433258981,-17.1863627818421,-6.49));
#17006=CARTESIAN_POINT('Origin',(48.4853248979832,-17.1863627818421,1.51));
#17007=CARTESIAN_POINT('',(52.4853231479478,-17.1863627818421,1.51));
#17008=CARTESIAN_POINT('',(52.4853231479478,-17.1863627818421,-6.49));
#17009=CARTESIAN_POINT('Origin',(135.66619323793,51.6654234078998,1.51));
#17010=CARTESIAN_POINT('Origin',(135.66619323793,51.6654234078998,-6.49));
#17011=CARTESIAN_POINT('Origin',(-136.205848431643,91.0570175130407,1.51));
#17012=CARTESIAN_POINT('',(-134.6059278005,91.0570175130407,3.51));
#17013=CARTESIAN_POINT('Origin',(-136.205848431643,91.0570175130407,3.51));
#17014=CARTESIAN_POINT('',(-134.6059278005,91.0570175130407,1.51));
#17015=CARTESIAN_POINT('',(-134.6059278005,91.0570175130407,1.51));
#17016=CARTESIAN_POINT('Origin',(-136.205848431643,91.0570175130407,1.51));
#17017=CARTESIAN_POINT('Origin',(-136.105853392196,-6.61573713727435,1.51));
#17018=CARTESIAN_POINT('',(-134.505932761054,-6.61573713727435,3.51));
#17019=CARTESIAN_POINT('Origin',(-136.105853392196,-6.61573713727435,3.51));
#17020=CARTESIAN_POINT('',(-134.505932761054,-6.61573713727435,1.51));
#17021=CARTESIAN_POINT('',(-134.505932761054,-6.61573713727435,1.51));
#17022=CARTESIAN_POINT('Origin',(-136.105853392196,-6.61573713727435,1.51));
#17023=CARTESIAN_POINT('Origin',(21.1239467524057,-4.16585867083715,1.51));
#17024=CARTESIAN_POINT('',(22.7238673835484,-4.16585867083715,3.51));
#17025=CARTESIAN_POINT('Origin',(21.1239467524057,-4.16585867083715,3.51));
#17026=CARTESIAN_POINT('',(22.7238673835484,-4.16585867083715,1.51));
#17027=CARTESIAN_POINT('',(22.7238673835484,-4.16585867083715,1.51));
#17028=CARTESIAN_POINT('Origin',(21.1239467524057,-4.16585867083715,1.51));
#17029=CARTESIAN_POINT('Origin',(21.1239467524057,94.7468344686135,1.51));
#17030=CARTESIAN_POINT('',(22.7238673835484,94.7468344686135,3.51));
#17031=CARTESIAN_POINT('Origin',(21.1239467524057,94.7468344686135,3.51));
#17032=CARTESIAN_POINT('',(22.7238673835484,94.7468344686135,1.51));
#17033=CARTESIAN_POINT('',(22.7238673835484,94.7468344686135,1.51));
#17034=CARTESIAN_POINT('Origin',(21.1239467524057,94.7468344686135,1.51));
#17035=CARTESIAN_POINT('Origin',(-1.45853606975457,103.36280608986,1.51));
#17036=CARTESIAN_POINT('',(29.7399170004296,103.36280608986,1.51));
#17037=CARTESIAN_POINT('',(-1.45853606975457,103.36280608986,1.51));
#17038=CARTESIAN_POINT('',(29.7399170004296,103.36280608986,1.51));
#17039=CARTESIAN_POINT('',(-1.45853606975457,103.36280608986,3.51));
#17040=CARTESIAN_POINT('',(-1.45853606975457,103.36280608986,1.51));
#17041=CARTESIAN_POINT('',(29.7399170004296,103.36280608986,3.51));
#17042=CARTESIAN_POINT('',(29.7399170004296,103.36280608986,3.51));
#17043=CARTESIAN_POINT('',(29.7399170004296,103.36280608986,1.51));
#17044=CARTESIAN_POINT('Origin',(-1.45853606975457,113.482303013776,1.51));
#17045=CARTESIAN_POINT('',(-1.45853606975457,113.482303013776,1.51));
#17046=CARTESIAN_POINT('',(-1.45853606975457,103.36280608986,1.51));
#17047=CARTESIAN_POINT('',(-1.45853606975457,113.482303013776,3.51));
#17048=CARTESIAN_POINT('',(-1.45853606975457,113.482303013776,1.51));
#17049=CARTESIAN_POINT('',(-1.45853606975457,103.36280608986,3.51));
#17050=CARTESIAN_POINT('Origin',(-29.557140628395,113.482303013776,1.51));
#17051=CARTESIAN_POINT('',(-29.557140628395,113.482303013776,1.51));
#17052=CARTESIAN_POINT('',(-1.45853606975457,113.482303013776,1.51));
#17053=CARTESIAN_POINT('',(-29.557140628395,113.482303013776,3.51));
#17054=CARTESIAN_POINT('',(-29.557140628395,113.482303013776,1.51));
#17055=CARTESIAN_POINT('',(-1.45853606975457,113.482303013776,3.51));
#17056=CARTESIAN_POINT('Origin',(-29.557140628395,122.471858738392,1.51));
#17057=CARTESIAN_POINT('',(-29.557140628395,122.471858738392,1.51));
#17058=CARTESIAN_POINT('',(-29.557140628395,113.482303013776,1.51));
#17059=CARTESIAN_POINT('',(-29.557140628395,122.471858738392,3.51));
#17060=CARTESIAN_POINT('',(-29.557140628395,122.471858738392,1.51));
#17061=CARTESIAN_POINT('',(-29.557140628395,113.482303013776,3.51));
#17062=CARTESIAN_POINT('Origin',(-66.1457187441984,122.471858738392,1.51));
#17063=CARTESIAN_POINT('',(-66.1457187441984,122.471858738392,1.51));
#17064=CARTESIAN_POINT('',(-29.557140628395,122.471858738392,1.51));
#17065=CARTESIAN_POINT('',(-66.1457187441984,122.471858738392,3.51));
#17066=CARTESIAN_POINT('',(-66.1457187441984,122.471858738392,1.51));
#17067=CARTESIAN_POINT('',(-29.557140628395,122.471858738392,3.51));
#17068=CARTESIAN_POINT('Origin',(-66.1457187441984,113.972280385447,1.51));
#17069=CARTESIAN_POINT('',(-66.1457187441984,113.972280385447,1.51));
#17070=CARTESIAN_POINT('',(-66.1457187441984,122.471858738392,1.51));
#17071=CARTESIAN_POINT('',(-66.1457187441984,113.972280385447,3.51));
#17072=CARTESIAN_POINT('',(-66.1457187441984,113.972280385447,1.51));
#17073=CARTESIAN_POINT('',(-66.1457187441984,122.471858738392,3.51));
#17074=CARTESIAN_POINT('Origin',(-91.9544359840339,113.972280385447,1.51));
#17075=CARTESIAN_POINT('',(-91.9544359840339,113.972280385447,1.51));
#17076=CARTESIAN_POINT('',(-66.1457187441984,113.972280385447,1.51));
#17077=CARTESIAN_POINT('',(-91.9544359840339,113.972280385447,3.51));
#17078=CARTESIAN_POINT('',(-91.9544359840339,113.972280385447,1.51));
#17079=CARTESIAN_POINT('',(-66.1457187441984,113.972280385447,3.51));
#17080=CARTESIAN_POINT('Origin',(-91.954435984034,106.462650786896,1.51));
#17081=CARTESIAN_POINT('',(-91.954435984034,106.462650786896,1.51));
#17082=CARTESIAN_POINT('',(-91.9544359840339,113.972280385447,1.51));
#17083=CARTESIAN_POINT('',(-91.954435984034,106.462650786896,3.51));
#17084=CARTESIAN_POINT('',(-91.954435984034,106.462650786896,1.51));
#17085=CARTESIAN_POINT('',(-91.9544359840339,113.972280385447,3.51));
#17086=CARTESIAN_POINT('Origin',(-114.058605613054,106.462650786896,1.51));
#17087=CARTESIAN_POINT('',(-114.058605613054,106.462650786896,1.51));
#17088=CARTESIAN_POINT('',(-91.954435984034,106.462650786896,1.51));
#17089=CARTESIAN_POINT('',(-114.058605613054,106.462650786896,3.51));
#17090=CARTESIAN_POINT('',(-114.058605613054,106.462650786896,1.51));
#17091=CARTESIAN_POINT('',(-91.954435984034,106.462650786896,3.51));
#17092=CARTESIAN_POINT('Origin',(-118.473379891079,99.6729866930024,1.51));
#17093=CARTESIAN_POINT('',(-118.473379891079,99.6729866930024,1.51));
#17094=CARTESIAN_POINT('',(-114.058605613054,106.462650786896,1.51));
#17095=CARTESIAN_POINT('',(-118.473379891079,99.6729866930024,3.51));
#17096=CARTESIAN_POINT('',(-118.473379891079,99.6729866930024,1.51));
#17097=CARTESIAN_POINT('',(-114.058605613054,106.462650786896,3.51));
#17098=CARTESIAN_POINT('Origin',(-135.822111415649,99.6729866930024,1.51));
#17099=CARTESIAN_POINT('',(-135.822111415649,99.6729866930024,1.51));
#17100=CARTESIAN_POINT('',(-118.473379891079,99.6729866930024,1.51));
#17101=CARTESIAN_POINT('',(-135.822111415649,99.6729866930024,3.51));
#17102=CARTESIAN_POINT('',(-135.822111415649,99.6729866930024,1.51));
#17103=CARTESIAN_POINT('',(-118.473379891079,99.6729866930024,3.51));
#17104=CARTESIAN_POINT('Origin',(-140.82190306052,99.6728875150065,1.51));
#17105=CARTESIAN_POINT('',(-140.82190306052,99.6728875150065,1.51));
#17106=CARTESIAN_POINT('',(-135.822111415649,99.6729866930024,1.51));
#17107=CARTESIAN_POINT('',(-140.82190306052,99.6728875150065,3.51));
#17108=CARTESIAN_POINT('',(-140.82190306052,99.6728875150065,1.51));
#17109=CARTESIAN_POINT('',(-135.822111415649,99.6729866930024,3.51));
#17110=CARTESIAN_POINT('Origin',(-144.821821964782,99.669145894378,1.51));
#17111=CARTESIAN_POINT('',(-144.821821964782,99.669145894378,1.51));
#17112=CARTESIAN_POINT('',(-140.82190306052,99.6728875150065,1.51));
#17113=CARTESIAN_POINT('',(-144.821821964782,99.669145894378,3.51));
#17114=CARTESIAN_POINT('',(-144.821821964782,99.669145894378,1.51));
#17115=CARTESIAN_POINT('',(-140.82190306052,99.6728875150065,3.51));
#17116=CARTESIAN_POINT('Origin',(-144.821821964782,95.6691458209431,1.51));
#17117=CARTESIAN_POINT('',(-144.821821964782,95.6691458209431,1.51));
#17118=CARTESIAN_POINT('',(-144.821821964782,99.669145894378,1.51));
#17119=CARTESIAN_POINT('',(-144.821821964782,95.6691458209431,3.51));
#17120=CARTESIAN_POINT('',(-144.821821964782,95.6691458209431,1.51));
#17121=CARTESIAN_POINT('',(-144.821821964782,99.669145894378,3.51));
#17122=CARTESIAN_POINT('Origin',(-144.721820822123,-11.2354553359419,1.51));
#17123=CARTESIAN_POINT('',(-144.721820822123,-11.2354553359419,1.51));
#17124=CARTESIAN_POINT('',(-144.721820822123,-11.2354553359419,1.51));
#17125=CARTESIAN_POINT('',(-144.721820822123,-11.2354553359419,3.51));
#17126=CARTESIAN_POINT('',(-144.721820822123,-11.2354553359419,1.51));
#17127=CARTESIAN_POINT('',(-144.721820822123,-11.2354553359419,3.51));
#17128=CARTESIAN_POINT('Origin',(-144.721820822123,-15.2317136410916,1.51));
#17129=CARTESIAN_POINT('',(-144.721820822123,-15.2317136410916,1.51));
#17130=CARTESIAN_POINT('',(-144.721820822123,-15.2317136410916,1.51));
#17131=CARTESIAN_POINT('',(-144.721820822123,-15.2317136410916,3.51));
#17132=CARTESIAN_POINT('',(-144.721820822123,-15.2317136410916,1.51));
#17133=CARTESIAN_POINT('',(-144.721820822123,-15.2317136410916,3.51));
#17134=CARTESIAN_POINT('Origin',(-104.863402394208,-15.2317136410916,1.51));
#17135=CARTESIAN_POINT('',(-104.863402394208,-15.2317136410916,1.51));
#17136=CARTESIAN_POINT('',(-140.721822572158,-15.2317136410916,1.51));
#17137=CARTESIAN_POINT('',(-104.863402394208,-15.2317136410916,3.51));
#17138=CARTESIAN_POINT('',(-104.863402394208,-15.2317136410916,1.51));
#17139=CARTESIAN_POINT('',(-140.721822572158,-15.2317136410916,3.51));
#17140=CARTESIAN_POINT('Origin',(-104.863402394208,-6.08917258246052,1.51));
#17141=CARTESIAN_POINT('',(-104.863402394208,-6.08917258246052,1.51));
#17142=CARTESIAN_POINT('',(-104.863402394208,-15.2317136410916,1.51));
#17143=CARTESIAN_POINT('',(-104.863402394208,-6.08917258246052,3.51));
#17144=CARTESIAN_POINT('',(-104.863402394208,-6.08917258246052,1.51));
#17145=CARTESIAN_POINT('',(-104.863402394208,-15.2317136410916,3.51));
#17146=CARTESIAN_POINT('Origin',(-15.8382168399904,-6.24514618572377,1.51));
#17147=CARTESIAN_POINT('',(-15.8382168399904,-6.24514618572377,1.51));
#17148=CARTESIAN_POINT('',(-104.863402394208,-6.08917258246052,1.51));
#17149=CARTESIAN_POINT('',(-15.8382168399904,-6.24514618572377,3.51));
#17150=CARTESIAN_POINT('',(-15.8382168399904,-6.24514618572377,1.51));
#17151=CARTESIAN_POINT('',(-104.863402394208,-6.08917258246052,3.51));
#17152=CARTESIAN_POINT('Origin',(-15.8382168399903,-12.7818229682286,1.51));
#17153=CARTESIAN_POINT('',(-15.8382168399903,-12.7818229682286,1.51));
#17154=CARTESIAN_POINT('',(-15.8382168399904,-6.24514618572377,1.51));
#17155=CARTESIAN_POINT('',(-15.8382168399903,-12.7818229682286,3.51));
#17156=CARTESIAN_POINT('',(-15.8382168399903,-12.7818229682286,1.51));
#17157=CARTESIAN_POINT('',(-15.8382168399904,-6.24514618572377,3.51));
#17158=CARTESIAN_POINT('Origin',(29.7399170004296,-12.7818229682286,1.51));
#17159=CARTESIAN_POINT('',(29.7399170004296,-12.7818229682286,1.51));
#17160=CARTESIAN_POINT('',(19.2002405051519,-12.7818229682286,1.51));
#17161=CARTESIAN_POINT('',(29.7399170004296,-12.7818229682286,3.51));
#17162=CARTESIAN_POINT('',(29.7399170004296,-12.7818229682286,1.51));
#17163=CARTESIAN_POINT('',(19.2002405051519,-12.7818229682286,3.51));
#17164=CARTESIAN_POINT('Origin',(29.7399170004296,103.36280608986,1.51));
#17165=CARTESIAN_POINT('',(29.7399170004296,103.36280608986,1.51));
#17166=CARTESIAN_POINT('',(29.7399170004296,103.36280608986,3.51));
#17167=CARTESIAN_POINT('Origin',(-57.5409524821761,53.6200725486504,3.51));
#17168=CARTESIAN_POINT('Origin',(-57.5409524821761,53.6200725486504,1.51));
#17169=UNCERTAINTY_MEASURE_WITH_UNIT(LENGTH_MEASURE(0.01),#17173,
'DISTANCE_ACCURACY_VALUE',
'Maximum model space distance between geometric entities at asserted c
onnectivities');
#17170=UNCERTAINTY_MEASURE_WITH_UNIT(LENGTH_MEASURE(0.01),#17173,
'DISTANCE_ACCURACY_VALUE',
'Maximum model space distance between geometric entities at asserted c
onnectivities');
#17171=(
GEOMETRIC_REPRESENTATION_CONTEXT(3)
GLOBAL_UNCERTAINTY_ASSIGNED_CONTEXT((#17169))
GLOBAL_UNIT_ASSIGNED_CONTEXT((#17173,#17174,#17175))
REPRESENTATION_CONTEXT('','3D')
);
#17172=(
GEOMETRIC_REPRESENTATION_CONTEXT(3)
GLOBAL_UNCERTAINTY_ASSIGNED_CONTEXT((#17170))
GLOBAL_UNIT_ASSIGNED_CONTEXT((#17173,#17174,#17175))
REPRESENTATION_CONTEXT('','3D')
);
#17173=(
LENGTH_UNIT()
NAMED_UNIT(*)
SI_UNIT(.MILLI.,.METRE.)
);
#17174=(
NAMED_UNIT(*)
PLANE_ANGLE_UNIT()
SI_UNIT($,.RADIAN.)
);
#17175=(
NAMED_UNIT(*)
SI_UNIT($,.STERADIAN.)
SOLID_ANGLE_UNIT()
);
#17176=SHAPE_DEFINITION_REPRESENTATION(#17177,#17178);
#17177=PRODUCT_DEFINITION_SHAPE('',$,#17180);
#17178=SHAPE_REPRESENTATION('',(#10825),#17171);
#17179=PRODUCT_DEFINITION_CONTEXT('part definition',#17184,'design');
#17180=PRODUCT_DEFINITION('splitkbd 1','splitkbd v5',#17181,#17179);
#17181=PRODUCT_DEFINITION_FORMATION('',$,#17186);
#17182=PRODUCT_RELATED_PRODUCT_CATEGORY('splitkbd v5','splitkbd v5',(#17186));
#17183=APPLICATION_PROTOCOL_DEFINITION('international standard',
'automotive_design',2009,#17184);
#17184=APPLICATION_CONTEXT(
'Core Data for Automotive Mechanical Design Process');
#17185=PRODUCT_CONTEXT('part definition',#17184,'mechanical');
#17186=PRODUCT('splitkbd 1','splitkbd v5','KiCad electronic assembly',(#17185));
#17187=PRESENTATION_STYLE_ASSIGNMENT((#17188));
#17188=SURFACE_STYLE_USAGE(.BOTH.,#17189);
#17189=SURFACE_SIDE_STYLE('',(#17190));
#17190=SURFACE_STYLE_FILL_AREA(#17191);
#17191=FILL_AREA_STYLE('Steel - Satin',(#17192));
#17192=FILL_AREA_STYLE_COLOUR('Steel - Satin',#17193);
#17193=COLOUR_RGB('Steel - Satin',0.627450980392157,0.627450980392157,0.627450980392157);
ENDSEC;
END-ISO-10303-21;
